{"capital_utilization":{"average_cash_percent":0.7482187092631867,"average_exposure_percent":0.2517812907368133,"average_leverage":0.2517812907368133,"average_position_value":213.12282655023486,"max_exposure_percent":0.4094340140373104},"closed_trades":21,"equity_curve":[],"final_equity":547.5631881091913,"max_drawdown":0.05357212048110798,"open_trades":0,"profit_factor":1.780959677521456,"sharpe":0.6625534472963205,"signal_diagnostics":{"buy_signals":21,"duplicate_buy_skips":0,"flat_sell_skips":0,"hold_signals":511,"risk_blocked_signals":0,"sell_signals":5,"stop_loss_exits":16,"take_profit_exits":0},"starting_equity":500,"total_return":0.09512637621838249,"trade_analysis":{"average_loss":-5.0752927752667265,"average_trade_duration_days":23.190476190476186,"average_win":12.051855712488006,"expectancy":2.264913719485302,"largest_loss":-11.391868586328568,"largest_win":24.26671072331028,"max_trade_duration_days":61.0,"median_trade_duration_days":17.0,"profit_factor":1.780959677521456,"time_in_market_percent":0.6056900036275068,"total_trades":21,"win_rate":0.42857142857142855}}