{"capital_utilization":{"average_cash_percent":0.7067290363301009,"average_exposure_percent":0.29327096366989913,"average_leverage":0.29327096366989913,"average_position_value":209.94105871980332,"max_exposure_percent":0.4052939639844932},"closed_trades":46,"equity_curve":[],"final_equity":528.4942335092273,"max_drawdown":0.04490936498754143,"open_trades":0,"profit_factor":1.3585038386758432,"sharpe":0.5530698019483321,"signal_diagnostics":{"buy_signals":46,"duplicate_buy_skips":0,"flat_sell_skips":0,"hold_signals":461,"risk_blocked_signals":0,"sell_signals":3,"stop_loss_exits":40,"take_profit_exits":2},"starting_equity":500,"total_return":0.056988467018454614,"trade_analysis":{"average_loss":-3.3117071603371246,"average_trade_duration_days":11.434782608695652,"average_win":4.9079638798781025,"expectancy":0.6194398588962456,"largest_loss":-6.944107994989395,"largest_win":13.359932928693956,"max_trade_duration_days":37.0,"median_trade_duration_days":9.5,"profit_factor":1.3585038386758432,"time_in_market_percent":0.6541949525833032,"total_trades":46,"win_rate":0.4782608695652174}}