{"capital_utilization":{"average_cash_percent":0.8686307199062513,"average_exposure_percent":0.1313692800937487,"average_leverage":0.1313692800937487,"average_position_value":207.01502489109245,"max_exposure_percent":0.40412737559764117},"closed_trades":9,"equity_curve":[],"final_equity":537.6021184681696,"max_drawdown":0.035945767676100505,"open_trades":0,"profit_factor":3.4925186493553415,"sharpe":1.2115840426700348,"signal_diagnostics":{"buy_signals":9,"duplicate_buy_skips":0,"flat_sell_skips":0,"hold_signals":423,"risk_blocked_signals":0,"sell_signals":3,"stop_loss_exits":3,"take_profit_exits":2},"starting_equity":500,"total_return":0.07520423693633926,"trade_analysis":{"average_loss":-3.771498207033966,"average_trade_duration_days":21.555555555555557,"average_win":10.537622259261088,"expectancy":4.178013163129953,"largest_loss":-5.233190497871721,"largest_win":20.118840429656895,"max_trade_duration_days":38.0,"median_trade_duration_days":21.0,"profit_factor":3.4925186493553415,"time_in_market_percent":0.3040553777835826,"total_trades":9,"win_rate":0.5555555555555556}}