{"capital_utilization":{"average_cash_percent":0.8421410160463767,"average_exposure_percent":0.15785898395362336,"average_leverage":0.15785898395362336,"average_position_value":193.49081859371435,"max_exposure_percent":0.40487528317065286},"closed_trades":18,"equity_curve":[],"final_equity":497.31199336500316,"max_drawdown":0.05366099387010036,"open_trades":0,"profit_factor":0.9264982448550587,"sharpe":-0.08948394041853644,"signal_diagnostics":{"buy_signals":18,"duplicate_buy_skips":0,"flat_sell_skips":0,"hold_signals":405,"risk_blocked_signals":0,"sell_signals":1,"stop_loss_exits":16,"take_profit_exits":0},"starting_equity":500,"total_return":-0.005376013269993707,"trade_analysis":{"average_loss":-3.0475537961601655,"average_trade_duration_days":12.88888888888889,"average_win":5.647106486487529,"expectancy":-0.14933370194426743,"largest_loss":-5.845386745751388,"largest_win":11.466402470489369,"max_trade_duration_days":45.0,"median_trade_duration_days":7.5,"profit_factor":0.9264982448550587,"time_in_market_percent":0.3636126167308823,"total_trades":18,"win_rate":0.3333333333333333}}