{"capital_utilization":{"average_cash_percent":0.835261163817757,"average_exposure_percent":0.16473883618224308,"average_leverage":0.16473883618224308,"average_position_value":185.47093091074686,"max_exposure_percent":0.4100729091461703},"closed_trades":23,"equity_curve":[],"final_equity":467.428565944289,"max_drawdown":0.11502243632181094,"open_trades":0,"profit_factor":0.6189872671527785,"sharpe":-0.5155131236628728,"signal_diagnostics":{"buy_signals":23,"duplicate_buy_skips":0,"flat_sell_skips":0,"hold_signals":394,"risk_blocked_signals":0,"sell_signals":12,"stop_loss_exits":11,"take_profit_exits":0},"starting_equity":500,"total_return":-0.065142868111422,"trade_analysis":{"average_loss":-7.771497391918943,"average_trade_duration_days":10.001811594202898,"average_win":4.409586437949781,"expectancy":-1.416149306770043,"largest_loss":-11.689688259976412,"largest_win":9.772326466712071,"max_trade_duration_days":22.0,"median_trade_duration_days":8.0,"profit_factor":0.6189872671527785,"time_in_market_percent":0.36054332919741394,"total_trades":23,"win_rate":0.5217391304347826}}