{"capital_utilization":{"average_cash_percent":0.9539470779799086,"average_exposure_percent":0.046052922020091425,"average_leverage":0.046052922020091425,"average_position_value":203.4586397280172,"max_exposure_percent":0.40446306403229726},"closed_trades":9,"equity_curve":[],"final_equity":540.4810528339535,"max_drawdown":0.020925282579327263,"open_trades":0,"profit_factor":4.9027829360927555,"sharpe":1.2835145916844708,"signal_diagnostics":{"buy_signals":9,"duplicate_buy_skips":0,"flat_sell_skips":0,"hold_signals":535,"risk_blocked_signals":0,"sell_signals":4,"stop_loss_exits":4,"take_profit_exits":1},"starting_equity":500,"total_return":0.08096210566790707,"trade_analysis":{"average_loss":-3.4574519000776465,"average_trade_duration_days":8.666666666666666,"average_win":8.47556808903108,"expectancy":4.4978947593281715,"largest_loss":-5.386755117904885,"largest_win":14.542644858283895,"max_trade_duration_days":14.0,"median_trade_duration_days":8.0,"profit_factor":4.9027829360927555,"time_in_market_percent":0.09700989791159248,"total_trades":9,"win_rate":0.6666666666666666}}