{"capital_utilization":{"average_cash_percent":0.9167308864617024,"average_exposure_percent":0.08326911353829762,"average_leverage":0.08326911353829762,"average_position_value":194.08599710516842,"max_exposure_percent":0.41460329538980956},"closed_trades":10,"equity_curve":[],"final_equity":486.09995665383656,"max_drawdown":0.10447779149088857,"open_trades":0,"profit_factor":0.8266765310811575,"sharpe":-0.1444134035512666,"signal_diagnostics":{"buy_signals":10,"duplicate_buy_skips":0,"flat_sell_skips":0,"hold_signals":421,"risk_blocked_signals":0,"sell_signals":2,"stop_loss_exits":6,"take_profit_exits":1},"starting_equity":500,"total_return":-0.02780008669232692,"trade_analysis":{"average_loss":-11.456731684461912,"average_trade_duration_days":12.3,"average_win":22.09902614835664,"expectancy":-1.390004334616347,"largest_loss":-17.624604120879045,"largest_win":42.50758015237661,"max_trade_duration_days":24.0,"median_trade_duration_days":11.5,"profit_factor":0.8266765310811575,"time_in_market_percent":0.19277737869783845,"total_trades":10,"win_rate":0.3}}