{"capital_utilization":{"average_cash_percent":0.8429364260306114,"average_exposure_percent":0.15706357396938866,"average_leverage":0.15706357396938866,"average_position_value":194.7237258105248,"max_exposure_percent":0.40380450989598904},"closed_trades":20,"equity_curve":[],"final_equity":499.2048070139266,"max_drawdown":0.04390458944817078,"open_trades":0,"profit_factor":0.9775980885121753,"sharpe":-0.01771016758864395,"signal_diagnostics":{"buy_signals":20,"duplicate_buy_skips":0,"flat_sell_skips":0,"hold_signals":401,"risk_blocked_signals":0,"sell_signals":2,"stop_loss_exits":16,"take_profit_exits":1},"starting_equity":500,"total_return":-0.0015903859721467795,"trade_analysis":{"average_loss":-2.730512138201191,"average_trade_duration_days":11.35,"average_win":4.957352115791728,"expectancy":-0.03975964930366986,"largest_loss":-4.423539005720337,"largest_win":11.500325025782962,"max_trade_duration_days":45.0,"median_trade_duration_days":7.5,"profit_factor":0.9775980885121753,"time_in_market_percent":0.35577613792202706,"total_trades":20,"win_rate":0.35}}