{"capital_utilization":{"average_cash_percent":0.731701543783825,"average_exposure_percent":0.26829845621617504,"average_leverage":0.26829845621617504,"average_position_value":215.03991426809762,"max_exposure_percent":0.4041545314442286},"closed_trades":43,"equity_curve":[],"final_equity":561.6797986708765,"max_drawdown":0.035248360969185266,"open_trades":0,"profit_factor":2.121719012534031,"sharpe":1.0811741191301878,"signal_diagnostics":{"buy_signals":43,"duplicate_buy_skips":0,"flat_sell_skips":0,"hold_signals":467,"risk_blocked_signals":0,"sell_signals":8,"stop_loss_exits":35,"take_profit_exits":0},"starting_equity":500,"total_return":0.12335959734175295,"trade_analysis":{"average_loss":-2.6184215808258235,"average_trade_duration_days":11.347868217054263,"average_win":5.303029630373582,"expectancy":1.4344139225785228,"largest_loss":-5.261304904885103,"largest_win":13.76648396208439,"max_trade_duration_days":38.0,"median_trade_duration_days":9.0,"profit_factor":2.121719012534031,"time_in_market_percent":0.606881898740737,"total_trades":43,"win_rate":0.5116279069767442}}