{"capital_utilization":{"average_cash_percent":0.8664232080689809,"average_exposure_percent":0.13357679193101915,"average_leverage":0.13357679193101915,"average_position_value":186.26023845845097,"max_exposure_percent":0.41332233001891044},"closed_trades":21,"equity_curve":[],"final_equity":468.123616615423,"max_drawdown":0.1189252928183483,"open_trades":0,"profit_factor":0.6343668485350406,"sharpe":-0.4765228066149128,"signal_diagnostics":{"buy_signals":21,"duplicate_buy_skips":0,"flat_sell_skips":0,"hold_signals":398,"risk_blocked_signals":0,"sell_signals":7,"stop_loss_exits":14,"take_profit_exits":0},"starting_equity":500,"total_return":-0.06375276676915409,"trade_analysis":{"average_loss":-7.265110593514276,"average_trade_duration_days":8.859126984126984,"average_win":6.1449937486215855,"expectancy":-1.5179230183131918,"largest_loss":-15.406296933793252,"largest_win":14.62149702757092,"max_trade_duration_days":17.0,"median_trade_duration_days":8.0,"profit_factor":0.6343668485350406,"time_in_market_percent":0.291582315679488,"total_trades":21,"win_rate":0.42857142857142855}}