{"capital_utilization":{"average_cash_percent":0.9102561010378658,"average_exposure_percent":0.08974389896213418,"average_leverage":0.08974389896213418,"average_position_value":205.15644982728787,"max_exposure_percent":0.4070601373536874},"closed_trades":14,"equity_curve":[],"final_equity":527.512185266578,"max_drawdown":0.03110737555494685,"open_trades":0,"profit_factor":1.7862214189723293,"sharpe":0.5757590307674635,"signal_diagnostics":{"buy_signals":14,"duplicate_buy_skips":0,"flat_sell_skips":0,"hold_signals":524,"risk_blocked_signals":0,"sell_signals":9,"stop_loss_exits":5,"take_profit_exits":0},"starting_equity":500,"total_return":0.0550243705331559,"trade_analysis":{"average_loss":-6.998584521530627,"average_trade_duration_days":11.214285714285714,"average_win":6.945011986025676,"expectancy":1.965156090469853,"largest_loss":-9.114404062089973,"largest_win":17.11636743848964,"max_trade_duration_days":23.0,"median_trade_duration_days":9.0,"profit_factor":1.7862214189723293,"time_in_market_percent":0.19526351246307716,"total_trades":14,"win_rate":0.6428571428571429}}