{"capital_utilization":{"average_cash_percent":0.9423492001365207,"average_exposure_percent":0.05765079986347937,"average_leverage":0.05765079986347937,"average_position_value":205.9610213722394,"max_exposure_percent":0.40789713373519976},"closed_trades":11,"equity_curve":[],"final_equity":527.3787396398903,"max_drawdown":0.037437359355355276,"open_trades":0,"profit_factor":2.0788915589960077,"sharpe":0.8187608307782618,"signal_diagnostics":{"buy_signals":11,"duplicate_buy_skips":0,"flat_sell_skips":0,"hold_signals":531,"risk_blocked_signals":0,"sell_signals":5,"stop_loss_exits":6,"take_profit_exits":0},"starting_equity":500,"total_return":0.054757479279780696,"trade_analysis":{"average_loss":-6.344182464771618,"average_trade_duration_days":8.636363636363637,"average_win":7.536495642710973,"expectancy":2.488976330899122,"largest_loss":-10.014777642877023,"largest_win":12.977036126646386,"max_trade_duration_days":14.0,"median_trade_duration_days":9.0,"profit_factor":2.0788915589960077,"time_in_market_percent":0.11815308078976007,"total_trades":11,"win_rate":0.6363636363636364}}