{"capital_utilization":{"average_cash_percent":0.8362053938159466,"average_exposure_percent":0.16379460618405342,"average_leverage":0.16379460618405342,"average_position_value":201.231662198558,"max_exposure_percent":0.41123262353443507},"closed_trades":16,"equity_curve":[],"final_equity":533.7705485212681,"max_drawdown":0.059850942904998816,"open_trades":0,"profit_factor":1.4362892498539206,"sharpe":0.49440848596969716,"signal_diagnostics":{"buy_signals":16,"duplicate_buy_skips":0,"flat_sell_skips":0,"hold_signals":408,"risk_blocked_signals":0,"sell_signals":8,"stop_loss_exits":8,"take_profit_exits":0},"starting_equity":500,"total_return":0.0675410970425363,"trade_analysis":{"average_loss":-9.675504419537967,"average_trade_duration_days":15.3125,"average_win":13.89682298469648,"expectancy":2.1106592825792556,"largest_loss":-13.6554548020938,"largest_win":24.774750545355335,"max_trade_duration_days":28.0,"median_trade_duration_days":14.020833333333332,"profit_factor":1.4362892498539206,"time_in_market_percent":0.38398746163390585,"total_trades":16,"win_rate":0.5}}