{"capital_utilization":{"average_cash_percent":0.7996801398313104,"average_exposure_percent":0.20031986016868966,"average_leverage":0.20031986016868966,"average_position_value":205.89161936177922,"max_exposure_percent":0.4065138444752198},"closed_trades":17,"equity_curve":[],"final_equity":541.5896849186292,"max_drawdown":0.043106269817913094,"open_trades":0,"profit_factor":2.2979220881066102,"sharpe":0.7023300476133365,"signal_diagnostics":{"buy_signals":17,"duplicate_buy_skips":0,"flat_sell_skips":0,"hold_signals":518,"risk_blocked_signals":0,"sell_signals":5,"stop_loss_exits":12,"take_profit_exits":0},"starting_equity":500,"total_return":0.08317936983725849,"trade_analysis":{"average_loss":-4.577611872274543,"average_trade_duration_days":22.29656862745098,"average_win":7.363296802455109,"expectancy":2.4464520540370174,"largest_loss":-8.060701759385557,"largest_win":16.597216130635914,"max_trade_duration_days":52.041666666666664,"median_trade_duration_days":22.0,"profit_factor":2.2979220881066102,"time_in_market_percent":0.4714204280458103,"total_trades":17,"win_rate":0.5882352941176471}}