{"capital_utilization":{"average_cash_percent":0.7497581132457898,"average_exposure_percent":0.2502418867542102,"average_leverage":0.2502418867542102,"average_position_value":215.62389374753346,"max_exposure_percent":0.4054884965790764},"closed_trades":38,"equity_curve":[],"final_equity":551.063088294046,"max_drawdown":0.06194538590680931,"open_trades":0,"profit_factor":1.6153864236559377,"sharpe":0.8530225716045349,"signal_diagnostics":{"buy_signals":38,"duplicate_buy_skips":0,"flat_sell_skips":0,"hold_signals":476,"risk_blocked_signals":0,"sell_signals":9,"stop_loss_exits":29,"take_profit_exits":0},"starting_equity":500,"total_return":0.10212617658809209,"trade_analysis":{"average_loss":-4.148863732700365,"average_trade_duration_days":12.080043859649123,"average_win":7.4466868304474065,"expectancy":1.343765481422264,"largest_loss":-7.1147841524119215,"largest_win":25.63992485048172,"max_trade_duration_days":45.0,"median_trade_duration_days":7.979166666666666,"profit_factor":1.6153864236559377,"time_in_market_percent":0.5709177592371871,"total_trades":38,"win_rate":0.47368421052631576}}