{"capital_utilization":{"average_cash_percent":0.9323833758536977,"average_exposure_percent":0.06761662414630232,"average_leverage":0.06761662414630232,"average_position_value":194.44678600605326,"max_exposure_percent":0.4189727856361628},"closed_trades":10,"equity_curve":[],"final_equity":513.365593854374,"max_drawdown":0.12080658379680909,"open_trades":0,"profit_factor":1.1169968281284288,"sharpe":0.16788075380161424,"signal_diagnostics":{"buy_signals":10,"duplicate_buy_skips":0,"flat_sell_skips":0,"hold_signals":534,"risk_blocked_signals":0,"sell_signals":0,"stop_loss_exits":7,"take_profit_exits":2},"starting_equity":500,"total_return":0.02673118770874794,"trade_analysis":{"average_loss":-16.31984884691844,"average_trade_duration_days":11.904166666666667,"average_win":42.534845260934354,"expectancy":1.3365593854373965,"largest_loss":-21.82700691317343,"largest_win":66.02954056622997,"max_trade_duration_days":41.0,"median_trade_duration_days":8.0,"profit_factor":1.1169968281284288,"time_in_market_percent":0.14805410167383531,"total_trades":10,"win_rate":0.3}}