{"capital_utilization":{"average_cash_percent":0.8387648350236201,"average_exposure_percent":0.16123516497637996,"average_leverage":0.16123516497637996,"average_position_value":198.27220400849242,"max_exposure_percent":0.42470852171454104},"closed_trades":21,"equity_curve":[],"final_equity":580.8792646523906,"max_drawdown":0.1667097417556055,"open_trades":0,"profit_factor":1.4107629904712768,"sharpe":0.5327745964628107,"signal_diagnostics":{"buy_signals":21,"duplicate_buy_skips":0,"flat_sell_skips":0,"hold_signals":510,"risk_blocked_signals":0,"sell_signals":6,"stop_loss_exits":12,"take_profit_exits":3},"starting_equity":500,"total_return":0.16175852930478118,"trade_analysis":{"average_loss":-16.408339790543625,"average_trade_duration_days":14.285714285714286,"average_win":30.86437134876822,"expectancy":3.8513935548757408,"largest_loss":-28.653574683918734,"largest_win":47.76624682908798,"max_trade_duration_days":27.0,"median_trade_duration_days":13.0,"profit_factor":1.4107629904712768,"time_in_market_percent":0.3731149919676634,"total_trades":21,"win_rate":0.42857142857142855}}