{"capital_utilization":{"average_cash_percent":0.9129281228402988,"average_exposure_percent":0.08707187715970123,"average_leverage":0.08707187715970123,"average_position_value":205.2797223574311,"max_exposure_percent":0.4079308764801643},"closed_trades":17,"equity_curve":[],"final_equity":547.4328093369937,"max_drawdown":0.03048495722841233,"open_trades":0,"profit_factor":1.919020745910986,"sharpe":0.9935144102858915,"signal_diagnostics":{"buy_signals":17,"duplicate_buy_skips":0,"flat_sell_skips":0,"hold_signals":519,"risk_blocked_signals":0,"sell_signals":7,"stop_loss_exits":8,"take_profit_exits":2},"starting_equity":500,"total_return":0.09486561867398735,"trade_analysis":{"average_loss":-6.4515422459228,"average_trade_duration_days":8.823529411764707,"average_win":11.005016367152898,"expectancy":2.7901652551172758,"largest_loss":-9.591452693832187,"largest_win":16.782029309606333,"max_trade_duration_days":20.958333333333332,"median_trade_duration_days":7.0,"profit_factor":1.919020745910986,"time_in_market_percent":0.1865574959838317,"total_trades":17,"win_rate":0.5294117647058824}}