{"capital_utilization":{"average_cash_percent":0.8693669474499387,"average_exposure_percent":0.13063305255006127,"average_leverage":0.13063305255006127,"average_position_value":201.90029610294596,"max_exposure_percent":0.4037842486939074},"closed_trades":12,"equity_curve":[],"final_equity":516.1901130454885,"max_drawdown":0.02304704795088292,"open_trades":0,"profit_factor":1.9585493639986842,"sharpe":0.734304112785762,"signal_diagnostics":{"buy_signals":12,"duplicate_buy_skips":0,"flat_sell_skips":0,"hold_signals":417,"risk_blocked_signals":0,"sell_signals":0,"stop_loss_exits":11,"take_profit_exits":0},"starting_equity":500,"total_return":0.032380226090976905,"trade_analysis":{"average_loss":-2.412889079143787,"average_trade_duration_days":16.333333333333332,"average_win":6.616067319899008,"expectancy":1.3491760871240441,"largest_loss":-4.596514717504676,"largest_win":11.910704866406459,"max_trade_duration_days":45.0,"median_trade_duration_days":9.5,"profit_factor":1.9585493639986842,"time_in_market_percent":0.30718996930712467,"total_trades":12,"win_rate":0.4166666666666667}}