{"capital_utilization":{"average_cash_percent":0.9218508928767543,"average_exposure_percent":0.07814910712324577,"average_leverage":0.07814910712324577,"average_position_value":199.93874207077633,"max_exposure_percent":0.40674549810973193},"closed_trades":11,"equity_curve":[],"final_equity":514.5115667466439,"max_drawdown":0.05802808079466615,"open_trades":0,"profit_factor":1.4229912221259606,"sharpe":0.34513476098461054,"signal_diagnostics":{"buy_signals":11,"duplicate_buy_skips":0,"flat_sell_skips":0,"hold_signals":418,"risk_blocked_signals":0,"sell_signals":2,"stop_loss_exits":5,"take_profit_exits":4},"starting_equity":500,"total_return":0.029023133493287778,"trade_analysis":{"average_loss":-6.861403257357668,"average_trade_duration_days":10.0,"average_win":8.13643050557203,"expectancy":1.3192333406039851,"largest_loss":-8.162255106265823,"largest_win":13.11997223995707,"max_trade_duration_days":19.0,"median_trade_duration_days":8.0,"profit_factor":1.4229912221259606,"time_in_market_percent":0.17240253379481488,"total_trades":11,"win_rate":0.5454545454545454}}