{"capital_utilization":{"average_cash_percent":0.7991212765109276,"average_exposure_percent":0.20087872348907243,"average_leverage":0.20087872348907243,"average_position_value":209.77611947601702,"max_exposure_percent":0.405811133602432},"closed_trades":29,"equity_curve":[],"final_equity":552.8932480464127,"max_drawdown":0.03534029367958702,"open_trades":0,"profit_factor":2.0610652256844784,"sharpe":0.9511087494464582,"signal_diagnostics":{"buy_signals":29,"duplicate_buy_skips":0,"flat_sell_skips":0,"hold_signals":495,"risk_blocked_signals":0,"sell_signals":2,"stop_loss_exits":26,"take_profit_exits":1},"starting_equity":500,"total_return":0.10578649609282542,"trade_analysis":{"average_loss":-3.115574728941145,"average_trade_duration_days":12.758620689655173,"average_win":7.903264900728539,"expectancy":1.8239051050487134,"largest_loss":-7.301068360456049,"largest_win":21.84070199753431,"max_trade_duration_days":30.0,"median_trade_duration_days":9.0,"profit_factor":2.0610652256844784,"time_in_market_percent":0.46017515676011816,"total_trades":29,"win_rate":0.4482758620689655}}