{"capital_utilization":{"average_cash_percent":0.9190189177226453,"average_exposure_percent":0.08098108227735465,"average_leverage":0.08098108227735465,"average_position_value":209.8050994320001,"max_exposure_percent":0.4059669841027009},"closed_trades":23,"equity_curve":[],"final_equity":538.1163689352627,"max_drawdown":0.05765094462959158,"open_trades":0,"profit_factor":1.6984745813390483,"sharpe":0.7512720658015984,"signal_diagnostics":{"buy_signals":23,"duplicate_buy_skips":0,"flat_sell_skips":0,"hold_signals":506,"risk_blocked_signals":0,"sell_signals":5,"stop_loss_exits":10,"take_profit_exits":8},"starting_equity":500,"total_return":0.07623273787052542,"trade_analysis":{"average_loss":-5.457087480862895,"average_trade_duration_days":5.521739130434782,"average_win":7.129787980299359,"expectancy":1.6572334319679443,"largest_loss":-7.488307386121417,"largest_win":13.776801474080923,"max_trade_duration_days":21.0,"median_trade_duration_days":3.0,"profit_factor":1.6984745813390483,"time_in_market_percent":0.15795201326631084,"total_trades":23,"win_rate":0.5652173913043478}}