{"capital_utilization":{"average_cash_percent":0.9056369961254009,"average_exposure_percent":0.094363003874599,"average_leverage":0.094363003874599,"average_position_value":196.273590858331,"max_exposure_percent":0.4095118580981245},"closed_trades":9,"equity_curve":[],"final_equity":497.3250705131989,"max_drawdown":0.07054638964277193,"open_trades":0,"profit_factor":0.9411955491304002,"sharpe":-0.023257967819341262,"signal_diagnostics":{"buy_signals":9,"duplicate_buy_skips":0,"flat_sell_skips":0,"hold_signals":422,"risk_blocked_signals":0,"sell_signals":4,"stop_loss_exits":5,"take_profit_exits":0},"starting_equity":500,"total_return":-0.005349858973602184,"trade_analysis":{"average_loss":-9.097710963181383,"average_trade_duration_days":15.439814814814813,"average_win":10.703406332276455,"expectancy":-0.297214387422344,"largest_loss":-11.214785514950078,"largest_win":12.55924935589084,"max_trade_duration_days":25.0,"median_trade_duration_days":15.0,"profit_factor":0.9411955491304002,"time_in_market_percent":0.21778880689610133,"total_trades":9,"win_rate":0.4444444444444444}}