{"capital_utilization":{"average_cash_percent":0.9242530272258256,"average_exposure_percent":0.07574697277417444,"average_leverage":0.07574697277417444,"average_position_value":199.4779083390827,"max_exposure_percent":0.40444876199720897},"closed_trades":17,"equity_curve":[],"final_equity":520.5961335770908,"max_drawdown":0.051438882991956966,"open_trades":0,"profit_factor":1.6803868771223218,"sharpe":0.7159622239841936,"signal_diagnostics":{"buy_signals":17,"duplicate_buy_skips":0,"flat_sell_skips":0,"hold_signals":519,"risk_blocked_signals":0,"sell_signals":3,"stop_loss_exits":11,"take_profit_exits":3},"starting_equity":500,"total_return":0.04119226715418156,"trade_analysis":{"average_loss":-2.751928120152304,"average_trade_duration_days":7.23529411764706,"average_win":8.477890483127693,"expectancy":1.2115372692406357,"largest_loss":-5.4002881012398385,"largest_win":15.553642383533864,"max_trade_duration_days":21.0,"median_trade_duration_days":5.0,"profit_factor":1.6803868771223218,"time_in_market_percent":0.152977146706742,"total_trades":17,"win_rate":0.35294117647058826}}