{"capital_utilization":{"average_cash_percent":0.8565308676074028,"average_exposure_percent":0.1434691323925972,"average_leverage":0.1434691323925972,"average_position_value":215.63494497684312,"max_exposure_percent":0.4059661210017721},"closed_trades":26,"equity_curve":[],"final_equity":580.2731068799088,"max_drawdown":0.05829455106362251,"open_trades":0,"profit_factor":2.151841640476473,"sharpe":1.1982854318406249,"signal_diagnostics":{"buy_signals":26,"duplicate_buy_skips":0,"flat_sell_skips":0,"hold_signals":501,"risk_blocked_signals":0,"sell_signals":8,"stop_loss_exits":13,"take_profit_exits":4},"starting_equity":500,"total_return":0.1605462137598177,"trade_analysis":{"average_loss":-5.360853574301497,"average_trade_duration_days":9.580128205128204,"average_win":11.535707949679097,"expectancy":3.0874271876888,"largest_loss":-7.8533141210245585,"largest_win":24.551719826677616,"max_trade_duration_days":23.0,"median_trade_duration_days":8.5,"profit_factor":2.151841640476473,"time_in_market_percent":0.30978908638648495,"total_trades":26,"win_rate":0.5}}