{"capital_utilization":{"average_cash_percent":0.9395788275609656,"average_exposure_percent":0.060421172439034436,"average_leverage":0.060421172439034436,"average_position_value":190.24738821599718,"max_exposure_percent":0.4118597302461745},"closed_trades":10,"equity_curve":[],"final_equity":453.39199850765743,"max_drawdown":0.1174491952220732,"open_trades":0,"profit_factor":0.32262446860455807,"sharpe":-0.7648887584812534,"signal_diagnostics":{"buy_signals":10,"duplicate_buy_skips":0,"flat_sell_skips":0,"hold_signals":420,"risk_blocked_signals":0,"sell_signals":1,"stop_loss_exits":9,"take_profit_exits":0},"starting_equity":500,"total_return":-0.09321600298468513,"trade_analysis":{"average_loss":-7.645193238400692,"average_trade_duration_days":8.5,"average_win":22.198737653263652,"expectancy":-4.660800149234257,"largest_loss":-14.174215156239756,"largest_win":22.198737653263652,"max_trade_duration_days":23.0,"median_trade_duration_days":5.5,"profit_factor":0.32262446860455807,"time_in_market_percent":0.13322013975053876,"total_trades":10,"win_rate":0.1}}