{"capital_utilization":{"average_cash_percent":0.7456834490271406,"average_exposure_percent":0.25431655097285943,"average_leverage":0.25431655097285943,"average_position_value":209.92017176606095,"max_exposure_percent":0.406343369554735},"closed_trades":22,"equity_curve":[],"final_equity":541.5630851629281,"max_drawdown":0.06093370565774031,"open_trades":0,"profit_factor":1.7057776702916507,"sharpe":0.5981375898207372,"signal_diagnostics":{"buy_signals":22,"duplicate_buy_skips":0,"flat_sell_skips":0,"hold_signals":509,"risk_blocked_signals":0,"sell_signals":4,"stop_loss_exits":18,"take_profit_exits":0},"starting_equity":500,"total_return":0.08312617032585634,"trade_analysis":{"average_loss":-4.529982360914233,"average_trade_duration_days":22.454545454545453,"average_win":11.161428428312576,"expectancy":1.8892311437694618,"largest_loss":-7.969761394575897,"largest_win":23.912693054900977,"max_trade_duration_days":61.0,"median_trade_duration_days":16.5,"profit_factor":1.7057776702916507,"time_in_market_percent":0.6143960201067523,"total_trades":22,"win_rate":0.4090909090909091}}