{"capital_utilization":{"average_cash_percent":0.7088606441199523,"average_exposure_percent":0.2911393558800477,"average_leverage":0.2911393558800477,"average_position_value":209.0394835347099,"max_exposure_percent":0.4052787244743555},"closed_trades":48,"equity_curve":[],"final_equity":529.0986586150893,"max_drawdown":0.044887142335761,"open_trades":0,"profit_factor":1.3860945245687375,"sharpe":0.5708475347076737,"signal_diagnostics":{"buy_signals":48,"duplicate_buy_skips":0,"flat_sell_skips":0,"hold_signals":457,"risk_blocked_signals":0,"sell_signals":8,"stop_loss_exits":37,"take_profit_exits":2},"starting_equity":500,"total_return":0.058197317230178625,"trade_analysis":{"average_loss":-3.0146667992862275,"average_trade_duration_days":10.770833333333334,"average_win":4.54197080857587,"expectancy":0.6062220544810271,"largest_loss":-6.9483898471346475,"largest_win":13.303003521003843,"max_trade_duration_days":37.0,"median_trade_duration_days":8.5,"profit_factor":1.3860945245687375,"time_in_market_percent":0.6430015028242733,"total_trades":48,"win_rate":0.4791666666666667}}