{"capital_utilization":{"average_cash_percent":0.859808669081334,"average_exposure_percent":0.14019133091866604,"average_leverage":0.14019133091866604,"average_position_value":205.0550859821319,"max_exposure_percent":0.40748434019912994},"closed_trades":9,"equity_curve":[],"final_equity":536.2916816058242,"max_drawdown":0.035010465039554385,"open_trades":0,"profit_factor":2.6171148591062283,"sharpe":1.1272612187997555,"signal_diagnostics":{"buy_signals":9,"duplicate_buy_skips":0,"flat_sell_skips":0,"hold_signals":423,"risk_blocked_signals":0,"sell_signals":1,"stop_loss_exits":4,"take_profit_exits":3},"starting_equity":500,"total_return":0.07258336321164838,"trade_analysis":{"average_loss":-5.610560282941578,"average_trade_duration_days":24.0,"average_win":11.74678454751812,"expectancy":4.03240906731381,"largest_loss":-9.05404502610555,"largest_win":19.46223081403943,"max_trade_duration_days":43.0,"median_trade_duration_days":21.0,"profit_factor":2.6171148591062283,"time_in_market_percent":0.3385358845425456,"total_trades":9,"win_rate":0.5555555555555556}}