{"capital_utilization":{"average_cash_percent":0.8619924592144979,"average_exposure_percent":0.1380075407855022,"average_leverage":0.1380075407855022,"average_position_value":176.78958816339187,"max_exposure_percent":0.42326097722828965},"closed_trades":16,"equity_curve":[],"final_equity":388.16390152108613,"max_drawdown":0.25834312427179157,"open_trades":0,"profit_factor":0.25789622563312464,"sharpe":-1.0016958507136295,"signal_diagnostics":{"buy_signals":16,"duplicate_buy_skips":0,"flat_sell_skips":0,"hold_signals":408,"risk_blocked_signals":0,"sell_signals":2,"stop_loss_exits":14,"take_profit_exits":0},"starting_equity":500,"total_return":-0.2236721969578277,"trade_analysis":{"average_loss":-13.700129812992143,"average_trade_duration_days":12.1875,"average_win":7.773065892799943,"expectancy":-6.989756154932115,"largest_loss":-23.655712484923015,"largest_win":18.596839514683673,"max_trade_duration_days":26.0,"median_trade_duration_days":10.0,"profit_factor":0.25789622563312464,"time_in_market_percent":0.30562267354535366,"total_trades":16,"win_rate":0.3125}}