{"capital_utilization":{"average_cash_percent":0.8032908676674181,"average_exposure_percent":0.19670913233258194,"average_leverage":0.19670913233258194,"average_position_value":203.2624017830605,"max_exposure_percent":0.4052107191216743},"closed_trades":28,"equity_curve":[],"final_equity":534.7775194793353,"max_drawdown":0.04243280575896225,"open_trades":0,"profit_factor":1.5820870269659872,"sharpe":0.6103280309299242,"signal_diagnostics":{"buy_signals":28,"duplicate_buy_skips":0,"flat_sell_skips":0,"hold_signals":496,"risk_blocked_signals":0,"sell_signals":2,"stop_loss_exits":26,"take_profit_exits":0},"starting_equity":500,"total_return":0.06955503895867055,"trade_analysis":{"average_loss":-3.983083613299331,"average_trade_duration_days":12.930059523809524,"average_win":7.271059513755786,"expectancy":1.2420542671191157,"largest_loss":-6.615831726569091,"largest_win":19.05482916733925,"max_trade_duration_days":30.0,"median_trade_duration_days":10.0,"profit_factor":1.5820870269659872,"time_in_market_percent":0.45027724516764267,"total_trades":28,"win_rate":0.4642857142857143}}