{"capital_utilization":{"average_cash_percent":0.8114546167115163,"average_exposure_percent":0.18854538328848366,"average_leverage":0.18854538328848366,"average_position_value":172.85462745131454,"max_exposure_percent":0.42470044816844915},"closed_trades":30,"equity_curve":[],"final_equity":478.6712040877738,"max_drawdown":0.2398885285103935,"open_trades":0,"profit_factor":0.9183429406401621,"sharpe":-0.05646642003589591,"signal_diagnostics":{"buy_signals":30,"duplicate_buy_skips":0,"flat_sell_skips":0,"hold_signals":493,"risk_blocked_signals":0,"sell_signals":13,"stop_loss_exits":14,"take_profit_exits":3},"starting_equity":500,"total_return":-0.04265759182445239,"trade_analysis":{"average_loss":-17.413310479572544,"average_trade_duration_days":11.168055555555556,"average_win":15.991390752090801,"expectancy":-0.7109598637408733,"largest_loss":-26.259899760283094,"largest_win":34.60716905495913,"max_trade_duration_days":28.958333333333332,"median_trade_duration_days":10.0,"profit_factor":0.9183429406401621,"time_in_market_percent":0.416696895890553,"total_trades":30,"win_rate":0.5}}