{"capital_utilization":{"average_cash_percent":0.9602596616514943,"average_exposure_percent":0.03974033834850569,"average_leverage":0.03974033834850569,"average_position_value":206.4403296872557,"max_exposure_percent":0.4059317686334084},"closed_trades":9,"equity_curve":[],"final_equity":514.8347964605734,"max_drawdown":0.03072501392722877,"open_trades":0,"profit_factor":2.0211144624067403,"sharpe":0.5919049482789366,"signal_diagnostics":{"buy_signals":9,"duplicate_buy_skips":0,"flat_sell_skips":0,"hold_signals":534,"risk_blocked_signals":0,"sell_signals":2,"stop_loss_exits":6,"take_profit_exits":1},"starting_equity":500,"total_return":0.029669592921146792,"trade_analysis":{"average_loss":-2.9056089217673327,"average_trade_duration_days":6.888888888888889,"average_win":7.340710267352515,"expectancy":1.6483107178414884,"largest_loss":-7.488010903760853,"largest_win":11.121898604527413,"max_trade_duration_days":18.0,"median_trade_duration_days":4.0,"profit_factor":2.0211144624067403,"time_in_market_percent":0.0771104316733171,"total_trades":9,"win_rate":0.4444444444444444}}