{"capital_utilization":{"average_cash_percent":0.8516793356445332,"average_exposure_percent":0.14832066435546679,"average_leverage":0.14832066435546679,"average_position_value":206.71187268765684,"max_exposure_percent":0.4063594503767504},"closed_trades":14,"equity_curve":[],"final_equity":531.887035043729,"max_drawdown":0.05824757584707618,"open_trades":0,"profit_factor":1.814692225266836,"sharpe":0.670352999343372,"signal_diagnostics":{"buy_signals":14,"duplicate_buy_skips":0,"flat_sell_skips":0,"hold_signals":413,"risk_blocked_signals":0,"sell_signals":2,"stop_loss_exits":9,"take_profit_exits":2},"starting_equity":500,"total_return":0.06377407008745806,"trade_analysis":{"average_loss":-4.348886344885923,"average_trade_duration_days":15.931547619047619,"average_win":14.205402429540467,"expectancy":2.2776453602663596,"largest_loss":-7.950968280782505,"largest_win":29.69765715999234,"max_trade_duration_days":49.0,"median_trade_duration_days":10.0,"profit_factor":1.814692225266836,"time_in_market_percent":0.34957225886501664,"total_trades":14,"win_rate":0.35714285714285715}}