{"capital_utilization":{"average_cash_percent":0.8975579710340725,"average_exposure_percent":0.10244202896592748,"average_leverage":0.10244202896592748,"average_position_value":201.19916796502827,"max_exposure_percent":0.40624098654921476},"closed_trades":21,"equity_curve":[],"final_equity":535.6134910016506,"max_drawdown":0.02852235266669218,"open_trades":0,"profit_factor":2.1565809300662044,"sharpe":1.059914644854053,"signal_diagnostics":{"buy_signals":21,"duplicate_buy_skips":0,"flat_sell_skips":0,"hold_signals":511,"risk_blocked_signals":0,"sell_signals":6,"stop_loss_exits":12,"take_profit_exits":3},"starting_equity":500,"total_return":0.07122698200330113,"trade_analysis":{"average_loss":-2.5660036748438655,"average_trade_duration_days":8.380952380952381,"average_win":7.378392788864109,"expectancy":1.6958805238881238,"largest_loss":-7.551440746283723,"largest_win":14.24059013291095,"max_trade_duration_days":18.0,"median_trade_duration_days":7.0,"profit_factor":2.1565809300662044,"time_in_market_percent":0.2188941286210292,"total_trades":21,"win_rate":0.42857142857142855}}