{"capital_utilization":{"average_cash_percent":0.8673322175062356,"average_exposure_percent":0.13266778249376446,"average_leverage":0.13266778249376446,"average_position_value":199.05436454999537,"max_exposure_percent":0.4037842486939074},"closed_trades":13,"equity_curve":[],"final_equity":510.12811234584433,"max_drawdown":0.02965215584002057,"open_trades":0,"profit_factor":1.4021481162811011,"sharpe":0.4662450280102265,"signal_diagnostics":{"buy_signals":13,"duplicate_buy_skips":0,"flat_sell_skips":0,"hold_signals":415,"risk_blocked_signals":0,"sell_signals":3,"stop_loss_exits":7,"take_profit_exits":2},"starting_equity":500,"total_return":0.02025622469168864,"trade_analysis":{"average_loss":-3.1481287415644545,"average_trade_duration_days":15.0,"average_win":7.062628455671989,"expectancy":0.7790855650649462,"largest_loss":-4.532217282212408,"largest_win":14.693893888437163,"max_trade_duration_days":36.0,"median_trade_duration_days":11.0,"profit_factor":1.4021481162811011,"time_in_market_percent":0.30562267354535366,"total_trades":13,"win_rate":0.38461538461538464}}