{"capital_utilization":{"average_cash_percent":0.7283516847150704,"average_exposure_percent":0.27164831528492966,"average_leverage":0.27164831528492966,"average_position_value":209.30437422495186,"max_exposure_percent":0.4042731110854007},"closed_trades":26,"equity_curve":[],"final_equity":532.2152739121244,"max_drawdown":0.05769517118863996,"open_trades":0,"profit_factor":1.7216739136820272,"sharpe":0.6416967093829884,"signal_diagnostics":{"buy_signals":26,"duplicate_buy_skips":0,"flat_sell_skips":0,"hold_signals":500,"risk_blocked_signals":0,"sell_signals":5,"stop_loss_exits":18,"take_profit_exits":3},"starting_equity":500,"total_return":0.06443054782424884,"trade_analysis":{"average_loss":-2.9759769429898544,"average_trade_duration_days":19.807692307692307,"average_win":6.986811641542934,"expectancy":1.239048996620171,"largest_loss":-5.372950930663622,"largest_win":21.69190649546284,"max_trade_duration_days":78.0,"median_trade_duration_days":15.0,"profit_factor":1.7216739136820272,"time_in_market_percent":0.6405140695444889,"total_trades":26,"win_rate":0.4230769230769231}}