{"capital_utilization":{"average_cash_percent":0.7295288091335889,"average_exposure_percent":0.27047119086641114,"average_leverage":0.27047119086641114,"average_position_value":214.59091146518838,"max_exposure_percent":0.4058435856913263},"closed_trades":38,"equity_curve":[],"final_equity":554.2959317928435,"max_drawdown":0.04064835180229987,"open_trades":0,"profit_factor":1.8744645664022328,"sharpe":0.9570694102154325,"signal_diagnostics":{"buy_signals":38,"duplicate_buy_skips":0,"flat_sell_skips":0,"hold_signals":477,"risk_blocked_signals":0,"sell_signals":2,"stop_loss_exits":36,"take_profit_exits":0},"starting_equity":500,"total_return":0.10859186358568684,"trade_analysis":{"average_loss":-3.1045244072170144,"average_trade_duration_days":13.209429824561402,"average_win":6.4659122187324325,"expectancy":1.4288403103379863,"largest_loss":-7.379457690692827,"largest_win":13.64912982066386,"max_trade_duration_days":42.0,"median_trade_duration_days":10.5,"profit_factor":1.8744645664022328,"time_in_market_percent":0.6242939316992279,"total_trades":38,"win_rate":0.47368421052631576}}