{"capital_utilization":{"average_cash_percent":0.9055179042269659,"average_exposure_percent":0.09448209577303414,"average_leverage":0.09448209577303414,"average_position_value":199.1830413558193,"max_exposure_percent":0.4089967602385921},"closed_trades":9,"equity_curve":[],"final_equity":521.4368730019061,"max_drawdown":0.05725392068476704,"open_trades":0,"profit_factor":1.8019583588952028,"sharpe":0.4406094338364782,"signal_diagnostics":{"buy_signals":9,"duplicate_buy_skips":0,"flat_sell_skips":0,"hold_signals":422,"risk_blocked_signals":0,"sell_signals":5,"stop_loss_exits":3,"take_profit_exits":1},"starting_equity":500,"total_return":0.04287374600381222,"trade_analysis":{"average_loss":-8.910218659997113,"average_trade_duration_days":15.555555555555555,"average_win":8.027921496982906,"expectancy":2.381874777989566,"largest_loss":-10.869503173407814,"largest_win":14.609074316815938,"max_trade_duration_days":21.0,"median_trade_duration_days":16.0,"profit_factor":1.8019583588952028,"time_in_market_percent":0.2194214066479462,"total_trades":9,"win_rate":0.6666666666666666}}