{"capital_utilization":{"average_cash_percent":0.7581715170162628,"average_exposure_percent":0.2418284829837371,"average_leverage":0.2418284829837371,"average_position_value":215.53258924125,"max_exposure_percent":0.40405622533677915},"closed_trades":23,"equity_curve":[],"final_equity":550.3694922530266,"max_drawdown":0.038934341524666974,"open_trades":0,"profit_factor":2.1004191252667193,"sharpe":0.961830898325215,"signal_diagnostics":{"buy_signals":23,"duplicate_buy_skips":0,"flat_sell_skips":0,"hold_signals":507,"risk_blocked_signals":0,"sell_signals":2,"stop_loss_exits":16,"take_profit_exits":5},"starting_equity":500,"total_return":0.10073898450605312,"trade_analysis":{"average_loss":-3.5210005335165087,"average_trade_duration_days":20.128623188405797,"average_win":9.614249918874117,"expectancy":2.189977924044633,"largest_loss":-5.5439406451918325,"largest_win":19.5980958638628,"max_trade_duration_days":53.958333333333336,"median_trade_duration_days":19.0,"profit_factor":2.1004191252667193,"time_in_market_percent":0.5757889827434316,"total_trades":23,"win_rate":0.43478260869565216}}