{"capital_utilization":{"average_cash_percent":0.8893982965568531,"average_exposure_percent":0.11060170344314693,"average_leverage":0.11060170344314693,"average_position_value":197.57669510616506,"max_exposure_percent":0.4089967602385921},"closed_trades":9,"equity_curve":[],"final_equity":523.699832810527,"max_drawdown":0.05725392068476694,"open_trades":0,"profit_factor":1.7335467140426954,"sharpe":0.4575353484889607,"signal_diagnostics":{"buy_signals":9,"duplicate_buy_skips":0,"flat_sell_skips":0,"hold_signals":422,"risk_blocked_signals":0,"sell_signals":3,"stop_loss_exits":4,"take_profit_exits":2},"starting_equity":500,"total_return":0.04739966562105402,"trade_analysis":{"average_loss":-8.077138223383695,"average_trade_duration_days":18.11111111111111,"average_win":11.201677140812368,"expectancy":2.6333147567252277,"largest_loss":-10.869503173407814,"largest_win":14.672475563892672,"max_trade_duration_days":32.0,"median_trade_duration_days":16.0,"profit_factor":1.7335467140426954,"time_in_market_percent":0.2554692091686802,"total_trades":9,"win_rate":0.5555555555555556}}