{"capital_utilization":{"average_cash_percent":0.8803593455635723,"average_exposure_percent":0.11964065443642771,"average_leverage":0.11964065443642771,"average_position_value":207.53900849372,"max_exposure_percent":0.40469785218642884},"closed_trades":28,"equity_curve":[],"final_equity":542.830115543263,"max_drawdown":0.018279957793266136,"open_trades":0,"profit_factor":2.076257788169267,"sharpe":1.2725680721199604,"signal_diagnostics":{"buy_signals":28,"duplicate_buy_skips":0,"flat_sell_skips":0,"hold_signals":498,"risk_blocked_signals":0,"sell_signals":1,"stop_loss_exits":10,"take_profit_exits":16},"starting_equity":500,"total_return":0.08566023108652598,"trade_analysis":{"average_loss":-3.617764173574549,"average_trade_duration_days":7.178571428571429,"average_win":4.860324791328413,"expectancy":1.5296469836879638,"largest_loss":-5.6737082859226895,"largest_win":8.163157918474699,"max_trade_duration_days":22.0,"median_trade_duration_days":5.5,"profit_factor":2.076257788169267,"time_in_market_percent":0.24998704461833446,"total_trades":28,"win_rate":0.6071428571428571}}