{"capital_utilization":{"average_cash_percent":0.8877312326167048,"average_exposure_percent":0.11226876738329514,"average_leverage":0.11226876738329514,"average_position_value":183.87573698594275,"max_exposure_percent":0.4189619961274653},"closed_trades":16,"equity_curve":[],"final_equity":472.3927628938134,"max_drawdown":0.1978545104595209,"open_trades":0,"profit_factor":0.8206796254453519,"sharpe":-0.1526603947688144,"signal_diagnostics":{"buy_signals":16,"duplicate_buy_skips":0,"flat_sell_skips":0,"hold_signals":522,"risk_blocked_signals":0,"sell_signals":1,"stop_loss_exits":12,"take_profit_exits":2},"starting_equity":500,"total_return":-0.05521447421237313,"trade_analysis":{"average_loss":-12.82956885348853,"average_trade_duration_days":12.440104166666666,"average_win":31.586897283918958,"expectancy":-1.72545231913666,"largest_loss":-20.260565197069955,"largest_win":60.77055404410542,"max_trade_duration_days":43.0,"median_trade_duration_days":8.5,"profit_factor":0.8206796254453519,"time_in_market_percent":0.2475514328652122,"total_trades":16,"win_rate":0.25}}