{"capital_utilization":{"average_cash_percent":0.71687484432848,"average_exposure_percent":0.28312515567151997,"average_leverage":0.28312515567151997,"average_position_value":209.67906917384232,"max_exposure_percent":0.40348324037659594},"closed_trades":23,"equity_curve":[],"final_equity":531.5342412311813,"max_drawdown":0.03840442105436844,"open_trades":0,"profit_factor":2.1699259500859016,"sharpe":0.8482172448162306,"signal_diagnostics":{"buy_signals":23,"duplicate_buy_skips":0,"flat_sell_skips":0,"hold_signals":507,"risk_blocked_signals":0,"sell_signals":3,"stop_loss_exits":17,"take_profit_exits":2},"starting_equity":500,"total_return":0.06306848246236263,"trade_analysis":{"average_loss":-2.695404886853391,"average_trade_duration_days":23.391304347826086,"average_win":4.499099238439636,"expectancy":1.371053966573103,"largest_loss":-4.344976552201399,"largest_win":15.272909492035305,"max_trade_duration_days":55.958333333333336,"median_trade_duration_days":21.0,"profit_factor":2.1699259500859016,"time_in_market_percent":0.6691195522620097,"total_trades":23,"win_rate":0.5652173913043478}}