{"capital_utilization":{"average_cash_percent":0.8609528115655058,"average_exposure_percent":0.13904718843449412,"average_leverage":0.13904718843449412,"average_position_value":200.0176948629726,"max_exposure_percent":0.4070218982003456},"closed_trades":13,"equity_curve":[],"final_equity":513.2942280955449,"max_drawdown":0.04892997475065672,"open_trades":0,"profit_factor":1.3041605373199205,"sharpe":0.31993758336461936,"signal_diagnostics":{"buy_signals":13,"duplicate_buy_skips":0,"flat_sell_skips":0,"hold_signals":415,"risk_blocked_signals":0,"sell_signals":0,"stop_loss_exits":10,"take_profit_exits":2},"starting_equity":500,"total_return":0.02658845619108985,"trade_analysis":{"average_loss":-4.856436893740996,"average_trade_duration_days":15.849358974358974,"average_win":14.250540034803473,"expectancy":1.0226329304265325,"largest_loss":-8.414118205454132,"largest_win":28.37923543600941,"max_trade_duration_days":49.0,"median_trade_duration_days":7.0,"profit_factor":1.3041605373199205,"time_in_market_percent":0.3229282309149089,"total_trades":13,"win_rate":0.3076923076923077}}