{"capital_utilization":{"average_cash_percent":0.8952394126064402,"average_exposure_percent":0.10476058739355974,"average_leverage":0.10476058739355974,"average_position_value":209.1530745980512,"max_exposure_percent":0.406153009712472},"closed_trades":30,"equity_curve":[],"final_equity":541.7304588464582,"max_drawdown":0.06661496508347718,"open_trades":0,"profit_factor":1.6120279224495788,"sharpe":0.849016838095096,"signal_diagnostics":{"buy_signals":30,"duplicate_buy_skips":0,"flat_sell_skips":0,"hold_signals":492,"risk_blocked_signals":0,"sell_signals":1,"stop_loss_exits":14,"take_profit_exits":15},"starting_equity":500,"total_return":0.08346091769291641,"trade_analysis":{"average_loss":-5.244916413345266,"average_trade_duration_days":5.568055555555556,"average_win":6.465551307055686,"expectancy":1.39101529488194,"largest_loss":-7.748813158620994,"largest_win":12.018984577923488,"max_trade_duration_days":18.0,"median_trade_duration_days":4.5,"profit_factor":1.6120279224495788,"time_in_market_percent":0.20775250038866147,"total_trades":30,"win_rate":0.5666666666666667}}