{"capital_utilization":{"average_cash_percent":0.7601158555696869,"average_exposure_percent":0.2398841444303131,"average_leverage":0.2398841444303131,"average_position_value":211.24190591069848,"max_exposure_percent":0.4094340140373104},"closed_trades":39,"equity_curve":[],"final_equity":548.4028284245469,"max_drawdown":0.049439377575671954,"open_trades":0,"profit_factor":1.6050469487837036,"sharpe":0.7489873918839753,"signal_diagnostics":{"buy_signals":39,"duplicate_buy_skips":0,"flat_sell_skips":0,"hold_signals":475,"risk_blocked_signals":0,"sell_signals":9,"stop_loss_exits":27,"take_profit_exits":3},"starting_equity":500,"total_return":0.09680565684909381,"trade_analysis":{"average_loss":-4.705792182189451,"average_trade_duration_days":11.05128205128205,"average_win":5.836422523716706,"expectancy":1.2410981647319705,"largest_loss":-11.391868586328568,"largest_win":27.30807085767964,"max_trade_duration_days":38.0,"median_trade_duration_days":9.0,"profit_factor":1.6050469487837036,"time_in_market_percent":0.536041871793543,"total_trades":39,"win_rate":0.5641025641025641}}