{"capital_utilization":{"average_cash_percent":0.8650186500686079,"average_exposure_percent":0.1349813499313921,"average_leverage":0.1349813499313921,"average_position_value":198.94529819349756,"max_exposure_percent":0.4037842486939074},"closed_trades":13,"equity_curve":[],"final_equity":513.9663034723474,"max_drawdown":0.025324041350731033,"open_trades":0,"profit_factor":1.6681997313227779,"sharpe":0.6366841329877727,"signal_diagnostics":{"buy_signals":13,"duplicate_buy_skips":0,"flat_sell_skips":0,"hold_signals":415,"risk_blocked_signals":0,"sell_signals":1,"stop_loss_exits":11,"take_profit_exits":0},"starting_equity":500,"total_return":0.027932606944694793,"trade_analysis":{"average_loss":-2.090139043411387,"average_trade_duration_days":15.538461538461538,"average_win":11.62256463548708,"expectancy":1.0743310363344134,"largest_loss":-4.532217282212408,"largest_win":17.381317862130718,"max_trade_duration_days":52.0,"median_trade_duration_days":8.0,"profit_factor":1.6681997313227779,"time_in_market_percent":0.31659374387775097,"total_trades":13,"win_rate":0.23076923076923078}}