{"capital_utilization":{"average_cash_percent":0.8260833400040672,"average_exposure_percent":0.1739166599959328,"average_leverage":0.1739166599959328,"average_position_value":193.8028309095067,"max_exposure_percent":0.40940187180989945},"closed_trades":33,"equity_curve":[],"final_equity":516.9535136848099,"max_drawdown":0.10349337343765672,"open_trades":0,"profit_factor":1.15156790202568,"sharpe":0.27407512336299394,"signal_diagnostics":{"buy_signals":33,"duplicate_buy_skips":0,"flat_sell_skips":0,"hold_signals":375,"risk_blocked_signals":0,"sell_signals":3,"stop_loss_exits":18,"take_profit_exits":11},"starting_equity":500,"total_return":0.03390702736961981,"trade_analysis":{"average_loss":-6.214124882580662,"average_trade_duration_days":6.847222222222222,"average_win":8.587184104750785,"expectancy":0.5137428389336325,"largest_loss":-10.594602922369111,"largest_win":16.785843451822785,"max_trade_duration_days":22.0,"median_trade_duration_days":6.0,"profit_factor":1.15156790202568,"time_in_market_percent":0.35414353817018224,"total_trades":33,"win_rate":0.45454545454545453}}