{"capital_utilization":{"average_cash_percent":0.8941971877429193,"average_exposure_percent":0.10580281225708064,"average_leverage":0.10580281225708064,"average_position_value":211.43739066681144,"max_exposure_percent":0.4048106508601011},"closed_trades":22,"equity_curve":[],"final_equity":542.6611817238609,"max_drawdown":0.06340149352227598,"open_trades":0,"profit_factor":2.066902156533186,"sharpe":1.1454539655425833,"signal_diagnostics":{"buy_signals":22,"duplicate_buy_skips":0,"flat_sell_skips":0,"hold_signals":509,"risk_blocked_signals":0,"sell_signals":3,"stop_loss_exits":13,"take_profit_exits":5},"starting_equity":500,"total_return":0.08532236344772182,"trade_analysis":{"average_loss":-3.0758484677145126,"average_trade_duration_days":8.274621212121213,"average_win":9.183023533794389,"expectancy":1.9391446238118561,"largest_loss":-6.143094798548663,"largest_win":15.950234367653607,"max_trade_duration_days":20.0,"median_trade_duration_days":7.5,"profit_factor":2.066902156533186,"time_in_market_percent":0.22640824998704465,"total_trades":22,"win_rate":0.4090909090909091}}