{"capital_utilization":{"average_cash_percent":0.8641322960262581,"average_exposure_percent":0.13586770397374187,"average_leverage":0.13586770397374187,"average_position_value":199.00225853572167,"max_exposure_percent":0.4078830389423942},"closed_trades":25,"equity_curve":[],"final_equity":496.6862848543078,"max_drawdown":0.05478734308556701,"open_trades":0,"profit_factor":0.9505475654608041,"sharpe":-0.04093462499526047,"signal_diagnostics":{"buy_signals":25,"duplicate_buy_skips":0,"flat_sell_skips":0,"hold_signals":502,"risk_blocked_signals":0,"sell_signals":6,"stop_loss_exits":19,"take_profit_exits":0},"starting_equity":500,"total_return":-0.006627430291384351,"trade_analysis":{"average_loss":-4.786294975840035,"average_trade_duration_days":9.598333333333334,"average_win":5.790401319642576,"expectancy":-0.13254860582768635,"largest_loss":-9.324553687828619,"largest_win":13.81152614640187,"max_trade_duration_days":21.0,"median_trade_duration_days":7.0,"profit_factor":0.9505475654608041,"time_in_market_percent":0.29844017204746853,"total_trades":25,"win_rate":0.44}}