{"capital_utilization":{"average_cash_percent":0.8061333415463324,"average_exposure_percent":0.19386665845366757,"average_leverage":0.19386665845366757,"average_position_value":202.44998579027342,"max_exposure_percent":0.4104551236028539},"closed_trades":29,"equity_curve":[],"final_equity":546.4229761123449,"max_drawdown":0.0722865351443609,"open_trades":0,"profit_factor":1.459843798285327,"sharpe":0.6748533452243007,"signal_diagnostics":{"buy_signals":29,"duplicate_buy_skips":0,"flat_sell_skips":0,"hold_signals":383,"risk_blocked_signals":0,"sell_signals":2,"stop_loss_exits":13,"take_profit_exits":13},"starting_equity":500,"total_return":0.09284595222468983,"trade_analysis":{"average_loss":-7.765676466234111,"average_trade_duration_days":9.068965517241379,"average_win":9.211048135836771,"expectancy":1.600792279736032,"largest_loss":-12.190929801146913,"largest_win":14.619634315449343,"max_trade_duration_days":22.0,"median_trade_duration_days":8.0,"profit_factor":1.459843798285327,"time_in_market_percent":0.41219878534578464,"total_trades":29,"win_rate":0.5517241379310345}}