{"capital_utilization":{"average_cash_percent":0.8212672289026618,"average_exposure_percent":0.17873277109733823,"average_leverage":0.17873277109733823,"average_position_value":214.7046621682458,"max_exposure_percent":0.4149129361273439},"closed_trades":33,"equity_curve":[],"final_equity":551.4889509102474,"max_drawdown":0.2116258728000562,"open_trades":0,"profit_factor":1.223756605694606,"sharpe":0.38387171070088233,"signal_diagnostics":{"buy_signals":33,"duplicate_buy_skips":0,"flat_sell_skips":0,"hold_signals":487,"risk_blocked_signals":0,"sell_signals":6,"stop_loss_exits":26,"take_profit_exits":0},"starting_equity":500,"total_return":0.1029779018204946,"trade_analysis":{"average_loss":-9.587975952413881,"average_trade_duration_days":9.517676767676768,"average_win":31.288930418686718,"expectancy":1.5602712397044662,"largest_loss":-20.318082818590497,"largest_win":85.49077070493229,"max_trade_duration_days":33.0,"median_trade_duration_days":7.0,"profit_factor":1.223756605694606,"time_in_market_percent":0.39063066797947876,"total_trades":33,"win_rate":0.2727272727272727}}