{"capital_utilization":{"average_cash_percent":0.9452055645163265,"average_exposure_percent":0.05479443548367343,"average_leverage":0.05479443548367343,"average_position_value":207.72786897073766,"max_exposure_percent":0.4024364591391046},"closed_trades":9,"equity_curve":[],"final_equity":543.9319821698315,"max_drawdown":0.010622713818518951,"open_trades":0,"profit_factor":15.441861822966258,"sharpe":1.7914404507394368,"signal_diagnostics":{"buy_signals":9,"duplicate_buy_skips":0,"flat_sell_skips":0,"hold_signals":535,"risk_blocked_signals":0,"sell_signals":0,"stop_loss_exits":1,"take_profit_exits":8},"starting_equity":500,"total_return":0.08786396433966304,"trade_analysis":{"average_loss":-3.041988817533785,"average_trade_duration_days":11.217592592592593,"average_win":5.871746373420653,"expectancy":4.881331352203493,"largest_loss":-3.041988817533785,"largest_win":8.3255939699962,"max_trade_duration_days":22.0,"median_trade_duration_days":10.958333333333334,"profit_factor":15.441861822966258,"time_in_market_percent":0.12556355910245118,"total_trades":9,"win_rate":0.8888888888888888}}