{"capital_utilization":{"average_cash_percent":0.8231572067105515,"average_exposure_percent":0.17684279328944852,"average_leverage":0.17684279328944852,"average_position_value":207.08489458160338,"max_exposure_percent":0.4141229635613717},"closed_trades":17,"equity_curve":[],"final_equity":560.6439886169794,"max_drawdown":0.2003925925146633,"open_trades":0,"profit_factor":1.3880524250540538,"sharpe":0.42264434909956133,"signal_diagnostics":{"buy_signals":17,"duplicate_buy_skips":0,"flat_sell_skips":0,"hold_signals":519,"risk_blocked_signals":0,"sell_signals":1,"stop_loss_exits":15,"take_profit_exits":0},"starting_equity":500,"total_return":0.12128797723395879,"trade_analysis":{"average_loss":-13.023152006787917,"average_trade_duration_days":20.357843137254903,"average_win":43.38436253968688,"expectancy":3.5672934480576126,"largest_loss":-19.029518797799902,"largest_win":130.29498662965995,"max_trade_duration_days":50.0,"median_trade_duration_days":14.0,"profit_factor":1.3880524250540538,"time_in_market_percent":0.4304296004560295,"total_trades":17,"win_rate":0.29411764705882354}}