{"capital_utilization":{"average_cash_percent":0.8933221849686975,"average_exposure_percent":0.10667781503130244,"average_leverage":0.10667781503130244,"average_position_value":203.95090954290285,"max_exposure_percent":0.40839308812917086},"closed_trades":21,"equity_curve":[],"final_equity":539.26601862348,"max_drawdown":0.03552145888962854,"open_trades":0,"profit_factor":1.703738089310683,"sharpe":0.7694840360820216,"signal_diagnostics":{"buy_signals":21,"duplicate_buy_skips":0,"flat_sell_skips":0,"hold_signals":511,"risk_blocked_signals":0,"sell_signals":7,"stop_loss_exits":13,"take_profit_exits":1},"starting_equity":500,"total_return":0.07853203724696001,"trade_analysis":{"average_loss":-5.579635267708963,"average_trade_duration_days":8.80952380952381,"average_win":8.642033754597245,"expectancy":1.8698104106419071,"largest_loss":-10.146487903599505,"largest_win":14.812344941477866,"max_trade_duration_days":21.0,"median_trade_duration_days":8.0,"profit_factor":1.703738089310683,"time_in_market_percent":0.2300875783800591,"total_trades":21,"win_rate":0.5238095238095238}}