{"capital_utilization":{"average_cash_percent":0.8340214384858714,"average_exposure_percent":0.1659785615141286,"average_leverage":0.1659785615141286,"average_position_value":208.5632156120364,"max_exposure_percent":0.40753130196648},"closed_trades":19,"equity_curve":[],"final_equity":526.6667692989005,"max_drawdown":0.06471138865541778,"open_trades":0,"profit_factor":1.4415646891973963,"sharpe":0.5480574405582168,"signal_diagnostics":{"buy_signals":19,"duplicate_buy_skips":0,"flat_sell_skips":0,"hold_signals":403,"risk_blocked_signals":0,"sell_signals":8,"stop_loss_exits":7,"take_profit_exits":3},"starting_equity":500,"total_return":0.05333353859780088,"trade_analysis":{"average_loss":-4.645502677756609,"average_trade_duration_days":12.791666666666666,"average_win":14.509717351622735,"expectancy":1.4035141736263423,"largest_loss":-9.702964412928157,"largest_win":30.01862061533279,"max_trade_duration_days":49.0,"median_trade_duration_days":7.0,"profit_factor":1.4415646891973963,"time_in_market_percent":0.38091817410043755,"total_trades":19,"win_rate":0.3157894736842105}}