{"capital_utilization":{"average_cash_percent":0.9045196069302244,"average_exposure_percent":0.09548039306977563,"average_leverage":0.09548039306977563,"average_position_value":206.02695107187327,"max_exposure_percent":0.40477367617878235},"closed_trades":29,"equity_curve":[],"final_equity":535.0730546690455,"max_drawdown":0.04312954898592428,"open_trades":0,"profit_factor":1.7460967732676773,"sharpe":0.8395485405290284,"signal_diagnostics":{"buy_signals":29,"duplicate_buy_skips":0,"flat_sell_skips":0,"hold_signals":494,"risk_blocked_signals":0,"sell_signals":7,"stop_loss_exits":12,"take_profit_exits":10},"starting_equity":500,"total_return":0.07014610933809107,"trade_analysis":{"average_loss":-3.9173933737214983,"average_trade_duration_days":5.275862068965517,"average_win":4.828339714923733,"expectancy":1.2094156782429477,"largest_loss":-5.9412966707285335,"largest_win":11.572160135074189,"max_trade_duration_days":20.0,"median_trade_duration_days":5.0,"profit_factor":1.7460967732676773,"time_in_market_percent":0.19028864590350833,"total_trades":29,"win_rate":0.5862068965517241}}