{"capital_utilization":{"average_cash_percent":0.8721073224220103,"average_exposure_percent":0.12789267757798975,"average_leverage":0.12789267757798975,"average_position_value":197.92230574829998,"max_exposure_percent":0.40594401210744024},"closed_trades":27,"equity_curve":[],"final_equity":483.5762984339218,"max_drawdown":0.054889884418632136,"open_trades":0,"profit_factor":0.7760559985624113,"sharpe":-0.3225553051722913,"signal_diagnostics":{"buy_signals":27,"duplicate_buy_skips":0,"flat_sell_skips":0,"hold_signals":498,"risk_blocked_signals":0,"sell_signals":0,"stop_loss_exits":20,"take_profit_exits":7},"starting_equity":500,"total_return":-0.032847403132156394,"trade_analysis":{"average_loss":-4.3140253184745,"average_trade_duration_days":8.072530864197532,"average_win":5.691472884798829,"expectancy":-0.6082852431880817,"largest_loss":-6.981541593718329,"largest_win":11.00924932839719,"max_trade_duration_days":21.0,"median_trade_duration_days":6.0,"profit_factor":0.7760559985624113,"time_in_market_percent":0.2710784059698399,"total_trades":27,"win_rate":0.37037037037037035}}