{"capital_utilization":{"average_cash_percent":0.8630565663871481,"average_exposure_percent":0.13694343361285186,"average_leverage":0.13694343361285186,"average_position_value":204.2435241138815,"max_exposure_percent":0.40748434019912994},"closed_trades":14,"equity_curve":[],"final_equity":526.7155789546207,"max_drawdown":0.03453083451475701,"open_trades":0,"profit_factor":2.140360638876753,"sharpe":0.8749349700272342,"signal_diagnostics":{"buy_signals":14,"duplicate_buy_skips":0,"flat_sell_skips":0,"hold_signals":413,"risk_blocked_signals":0,"sell_signals":2,"stop_loss_exits":9,"take_profit_exits":2},"starting_equity":500,"total_return":0.05343115790924147,"trade_analysis":{"average_loss":-2.9284133943950583,"average_trade_duration_days":14.357142857142858,"average_win":8.35714768496353,"expectancy":1.9082556396157653,"largest_loss":-9.05404502610555,"largest_win":14.142193115145426,"max_trade_duration_days":32.0,"median_trade_duration_days":11.5,"profit_factor":2.140360638876753,"time_in_market_percent":0.3150264481159799,"total_trades":14,"win_rate":0.42857142857142855}}