{"capital_utilization":{"average_cash_percent":0.8809647396074414,"average_exposure_percent":0.11903526039255868,"average_leverage":0.11903526039255868,"average_position_value":202.7637653660211,"max_exposure_percent":0.40317388638788293},"closed_trades":13,"equity_curve":[],"final_equity":520.5630795438425,"max_drawdown":0.02530769635404607,"open_trades":0,"profit_factor":2.365219492637165,"sharpe":1.053909041961216,"signal_diagnostics":{"buy_signals":13,"duplicate_buy_skips":0,"flat_sell_skips":0,"hold_signals":415,"risk_blocked_signals":0,"sell_signals":1,"stop_loss_exits":9,"take_profit_exits":2},"starting_equity":500,"total_return":0.04112615908768502,"trade_analysis":{"average_loss":-1.8827631431010086,"average_trade_duration_days":13.384615384615385,"average_win":7.125036937730114,"expectancy":1.581775349526346,"largest_loss":-3.8582372254980553,"largest_win":14.994466033013964,"max_trade_duration_days":36.0,"median_trade_duration_days":8.0,"profit_factor":2.365219492637165,"time_in_market_percent":0.2727094625481617,"total_trades":13,"win_rate":0.38461538461538464}}