{"capital_utilization":{"average_cash_percent":0.832893869301327,"average_exposure_percent":0.167106130698673,"average_leverage":0.167106130698673,"average_position_value":204.4567895860691,"max_exposure_percent":0.41899918236367983},"closed_trades":19,"equity_curve":[],"final_equity":508.36777832457534,"max_drawdown":0.21235545345773862,"open_trades":0,"profit_factor":1.0459379437185388,"sharpe":0.12519033799710758,"signal_diagnostics":{"buy_signals":19,"duplicate_buy_skips":0,"flat_sell_skips":0,"hold_signals":515,"risk_blocked_signals":0,"sell_signals":6,"stop_loss_exits":12,"take_profit_exits":0},"starting_equity":500,"total_return":0.016735556649150718,"trade_analysis":{"average_loss":-14.011843013269221,"average_trade_duration_days":16.899122807017545,"average_win":31.753622916179197,"expectancy":0.44040938550396425,"largest_loss":-25.00635724329492,"largest_win":128.5393610351914,"max_trade_duration_days":50.0,"median_trade_duration_days":11.041666666666666,"profit_factor":1.0459379437185388,"time_in_market_percent":0.3993366844587242,"total_trades":19,"win_rate":0.3157894736842105}}