{"capital_utilization":{"average_cash_percent":0.845520788999491,"average_exposure_percent":0.154479211000509,"average_leverage":0.154479211000509,"average_position_value":201.1961111725277,"max_exposure_percent":0.4070218982003456},"closed_trades":20,"equity_curve":[],"final_equity":503.82366226190203,"max_drawdown":0.06443070101650794,"open_trades":0,"profit_factor":1.0628471011352563,"sharpe":0.10893239497348883,"signal_diagnostics":{"buy_signals":20,"duplicate_buy_skips":0,"flat_sell_skips":0,"hold_signals":401,"risk_blocked_signals":0,"sell_signals":8,"stop_loss_exits":9,"take_profit_exits":2},"starting_equity":500,"total_return":0.007647324523804011,"trade_analysis":{"average_loss":-4.680054624431259,"average_trade_duration_days":11.002083333333333,"average_win":9.23776748278691,"expectancy":0.19118311309510044,"largest_loss":-8.414118205454132,"largest_win":28.728461798263528,"max_trade_duration_days":49.0,"median_trade_duration_days":5.0,"profit_factor":1.0628471011352563,"time_in_market_percent":0.3448703715797035,"total_trades":20,"win_rate":0.35}}