{"capital_utilization":{"average_cash_percent":0.7313265518415624,"average_exposure_percent":0.26867344815843763,"average_leverage":0.26867344815843763,"average_position_value":219.64265636475437,"max_exposure_percent":0.4041454319289675},"closed_trades":26,"equity_curve":[],"final_equity":588.0619194543881,"max_drawdown":0.035982925257161215,"open_trades":0,"profit_factor":4.432210191139554,"sharpe":1.4199175767031427,"signal_diagnostics":{"buy_signals":26,"duplicate_buy_skips":0,"flat_sell_skips":0,"hold_signals":502,"risk_blocked_signals":0,"sell_signals":9,"stop_loss_exits":13,"take_profit_exits":3},"starting_equity":500,"total_return":0.17612383890877625,"trade_analysis":{"average_loss":-2.8508328954951194,"average_trade_duration_days":19.498397435897434,"average_win":6.6893773831673045,"expectancy":3.386996902091851,"largest_loss":-5.349536501509533,"largest_win":20.57488426983514,"max_trade_duration_days":43.0,"median_trade_duration_days":19.0,"profit_factor":4.432210191139554,"time_in_market_percent":0.6305125148986889,"total_trades":26,"win_rate":0.6538461538461539}}