{"capital_utilization":{"average_cash_percent":0.9009852327895306,"average_exposure_percent":0.09901476721046938,"average_leverage":0.09901476721046938,"average_position_value":214.46654809174302,"max_exposure_percent":0.4073055802016701},"closed_trades":14,"equity_curve":[],"final_equity":565.8701249219916,"max_drawdown":0.033713079913188365,"open_trades":0,"profit_factor":2.742902830878579,"sharpe":1.273080927779011,"signal_diagnostics":{"buy_signals":14,"duplicate_buy_skips":0,"flat_sell_skips":0,"hold_signals":526,"risk_blocked_signals":0,"sell_signals":7,"stop_loss_exits":5,"take_profit_exits":1},"starting_equity":500,"total_return":0.13174024984398325,"trade_analysis":{"average_loss":-6.29889054006023,"average_trade_duration_days":12.639880952380953,"average_win":12.957933520294128,"expectancy":4.7050089229994025,"largest_loss":-8.838576586855124,"largest_win":22.78291438480474,"max_trade_duration_days":21.0,"median_trade_duration_days":14.479166666666668,"profit_factor":2.742902830878579,"time_in_market_percent":0.22008602373425923,"total_trades":14,"win_rate":0.5714285714285714}}