{"capital_utilization":{"average_cash_percent":0.7803188721089082,"average_exposure_percent":0.21968112789109184,"average_leverage":0.21968112789109184,"average_position_value":212.5698624933041,"max_exposure_percent":0.40551411661513864},"closed_trades":22,"equity_curve":[],"final_equity":544.87873660874,"max_drawdown":0.056218167147696785,"open_trades":0,"profit_factor":1.8162819272001585,"sharpe":0.7698399687888067,"signal_diagnostics":{"buy_signals":22,"duplicate_buy_skips":0,"flat_sell_skips":0,"hold_signals":508,"risk_blocked_signals":0,"sell_signals":6,"stop_loss_exits":16,"take_profit_exits":0},"starting_equity":500,"total_return":0.08975747321748018,"trade_analysis":{"average_loss":-4.22918895216225,"average_trade_duration_days":19.047348484848484,"average_win":11.09535477631659,"expectancy":2.039942573124548,"largest_loss":-6.950188224640378,"largest_win":42.67936828482194,"max_trade_duration_days":84.0,"median_trade_duration_days":10.5,"profit_factor":1.8162819272001585,"time_in_market_percent":0.5211690936414987,"total_trades":22,"win_rate":0.4090909090909091}}