{"capital_utilization":{"average_cash_percent":0.7161745494938195,"average_exposure_percent":0.28382545050618047,"average_leverage":0.28382545050618047,"average_position_value":209.66547051786875,"max_exposure_percent":0.4045661885849092},"closed_trades":22,"equity_curve":[],"final_equity":528.9087846645189,"max_drawdown":0.03577756867858584,"open_trades":0,"profit_factor":1.9877649097648782,"sharpe":0.7943696134611615,"signal_diagnostics":{"buy_signals":22,"duplicate_buy_skips":0,"flat_sell_skips":0,"hold_signals":509,"risk_blocked_signals":0,"sell_signals":3,"stop_loss_exits":16,"take_profit_exits":2},"starting_equity":500,"total_return":0.0578175693290377,"trade_analysis":{"average_loss":-2.926686742840474,"average_trade_duration_days":24.5,"average_win":4.8479710077436335,"expectancy":1.3140356665690387,"largest_loss":-5.794108278934545,"largest_win":16.30234582620571,"max_trade_duration_days":62.0,"median_trade_duration_days":22.020833333333336,"profit_factor":1.9877649097648782,"time_in_market_percent":0.6703632689019019,"total_trades":22,"win_rate":0.5454545454545454}}