{"capital_utilization":{"average_cash_percent":0.7316111593064516,"average_exposure_percent":0.26838884069354835,"average_leverage":0.26838884069354835,"average_position_value":207.67583717204016,"max_exposure_percent":0.40336071568962495},"closed_trades":18,"equity_curve":[],"final_equity":551.2426025255079,"max_drawdown":0.028669683051445946,"open_trades":0,"profit_factor":4.316462761756155,"sharpe":1.232472072597181,"signal_diagnostics":{"buy_signals":18,"duplicate_buy_skips":0,"flat_sell_skips":0,"hold_signals":517,"risk_blocked_signals":0,"sell_signals":0,"stop_loss_exits":15,"take_profit_exits":3},"starting_equity":500,"total_return":0.10248520505101588,"trade_analysis":{"average_loss":-2.20728297443085,"average_trade_duration_days":28.831018518518515,"average_win":6.063053031502171,"expectancy":2.8468112514171073,"largest_loss":-4.017389702352152,"largest_win":14.323301037610358,"max_trade_duration_days":66.0,"median_trade_duration_days":27.0,"profit_factor":4.316462761756155,"time_in_market_percent":0.6454371145773954,"total_trades":18,"win_rate":0.6111111111111112}}