{"capital_utilization":{"average_cash_percent":0.8443265594027571,"average_exposure_percent":0.1556734405972429,"average_leverage":0.1556734405972429,"average_position_value":197.7295776005657,"max_exposure_percent":0.4093734500907265},"closed_trades":19,"equity_curve":[],"final_equity":509.62668977994383,"max_drawdown":0.0535810003268335,"open_trades":0,"profit_factor":1.1801526685495989,"sharpe":0.23511179613882183,"signal_diagnostics":{"buy_signals":19,"duplicate_buy_skips":0,"flat_sell_skips":0,"hold_signals":403,"risk_blocked_signals":0,"sell_signals":1,"stop_loss_exits":16,"take_profit_exits":1},"starting_equity":500,"total_return":0.019253379559887707,"trade_analysis":{"average_loss":-5.937365271261877,"average_trade_duration_days":11.844298245614034,"average_win":6.306297722130076,"expectancy":0.5066678831549397,"largest_loss":-11.160076066606807,"largest_win":26.245459343635346,"max_trade_duration_days":34.0,"median_trade_duration_days":10.0,"profit_factor":1.1801526685495989,"time_in_market_percent":0.35270685038855876,"total_trades":19,"win_rate":0.5263157894736842}}