{"capital_utilization":{"average_cash_percent":0.8527757454079676,"average_exposure_percent":0.14722425459203242,"average_leverage":0.14722425459203242,"average_position_value":194.6012135706871,"max_exposure_percent":0.406876461136885},"closed_trades":21,"equity_curve":[],"final_equity":491.0681762247191,"max_drawdown":0.11184976091215715,"open_trades":0,"profit_factor":0.8736304403678418,"sharpe":-0.11016789938162712,"signal_diagnostics":{"buy_signals":21,"duplicate_buy_skips":0,"flat_sell_skips":0,"hold_signals":399,"risk_blocked_signals":0,"sell_signals":2,"stop_loss_exits":17,"take_profit_exits":1},"starting_equity":500,"total_return":-0.0178636475505618,"trade_analysis":{"average_loss":-5.048584598831773,"average_trade_duration_days":9.285714285714286,"average_win":8.821194372623411,"expectancy":-0.42532494168004414,"largest_loss":-7.991955663458135,"largest_win":15.836058278689825,"max_trade_duration_days":20.0,"median_trade_duration_days":11.0,"profit_factor":0.8736304403678418,"time_in_market_percent":0.30562267354535366,"total_trades":21,"win_rate":0.3333333333333333}}