{"capital_utilization":{"average_cash_percent":0.9213238988287886,"average_exposure_percent":0.07867610117121136,"average_leverage":0.07867610117121136,"average_position_value":201.74169078911052,"max_exposure_percent":0.40790863346037914},"closed_trades":13,"equity_curve":[],"final_equity":515.0246323741152,"max_drawdown":0.038862891863755536,"open_trades":0,"profit_factor":1.3003243396000297,"sharpe":0.35490061753738,"signal_diagnostics":{"buy_signals":13,"duplicate_buy_skips":0,"flat_sell_skips":0,"hold_signals":414,"risk_blocked_signals":0,"sell_signals":5,"stop_loss_exits":7,"take_profit_exits":1},"starting_equity":500,"total_return":0.030049264748230442,"trade_analysis":{"average_loss":-7.146860145613096,"average_trade_duration_days":8.46474358974359,"average_win":10.84210889890114,"expectancy":1.1557409518550132,"largest_loss":-9.770221110778046,"largest_win":14.713245062214941,"max_trade_duration_days":19.0,"median_trade_duration_days":8.0,"profit_factor":1.3003243396000297,"time_in_market_percent":0.17246783778488867,"total_trades":13,"win_rate":0.46153846153846156}}