{"capital_utilization":{"average_cash_percent":0.9097477038136165,"average_exposure_percent":0.09025229618638357,"average_leverage":0.09025229618638357,"average_position_value":209.77859600615784,"max_exposure_percent":0.40481065086010104},"closed_trades":22,"equity_curve":[],"final_equity":534.2135245542395,"max_drawdown":0.06340149352227574,"open_trades":0,"profit_factor":1.862413979091807,"sharpe":0.947032051682559,"signal_diagnostics":{"buy_signals":22,"duplicate_buy_skips":0,"flat_sell_skips":0,"hold_signals":508,"risk_blocked_signals":0,"sell_signals":6,"stop_loss_exits":13,"take_profit_exits":3},"starting_equity":500,"total_return":0.06842704910847908,"trade_analysis":{"average_loss":-3.0516777845679806,"average_trade_duration_days":6.592803030303031,"average_win":8.209481750402578,"expectancy":1.5551602070108848,"largest_loss":-6.096605259384645,"largest_win":14.38231552022911,"max_trade_duration_days":18.0,"median_trade_duration_days":5.520833333333334,"profit_factor":1.862413979091807,"time_in_market_percent":0.18039073431103284,"total_trades":22,"win_rate":0.4090909090909091}}