{"capital_utilization":{"average_cash_percent":0.8865059316078437,"average_exposure_percent":0.11349406839215623,"average_leverage":0.11349406839215623,"average_position_value":210.6694824838082,"max_exposure_percent":0.40567794480041136},"closed_trades":17,"equity_curve":[],"final_equity":580.5808867279497,"max_drawdown":0.026746844591893686,"open_trades":0,"profit_factor":3.1250245343735066,"sharpe":1.7591603087628847,"signal_diagnostics":{"buy_signals":17,"duplicate_buy_skips":0,"flat_sell_skips":0,"hold_signals":519,"risk_blocked_signals":0,"sell_signals":7,"stop_loss_exits":7,"take_profit_exits":3},"starting_equity":500,"total_return":0.16116177345589944,"trade_analysis":{"average_loss":-5.417139925042686,"average_trade_duration_days":11.588235294117647,"average_win":11.850086620324856,"expectancy":4.7400521604676324,"largest_loss":-6.867969777374319,"largest_win":19.42017637158201,"max_trade_duration_days":20.0,"median_trade_duration_days":14.0,"profit_factor":3.1250245343735066,"time_in_market_percent":0.24501217805876563,"total_trades":17,"win_rate":0.5882352941176471}}