{"capital_utilization":{"average_cash_percent":0.8730924903194882,"average_exposure_percent":0.12690750968051182,"average_leverage":0.12690750968051182,"average_position_value":189.5975566928299,"max_exposure_percent":0.42178220645280123},"closed_trades":25,"equity_curve":[],"final_equity":559.0911460113517,"max_drawdown":0.1754197498176867,"open_trades":0,"profit_factor":1.3258711720786533,"sharpe":0.4445043148620027,"signal_diagnostics":{"buy_signals":25,"duplicate_buy_skips":0,"flat_sell_skips":0,"hold_signals":503,"risk_blocked_signals":0,"sell_signals":8,"stop_loss_exits":14,"take_profit_exits":3},"starting_equity":500,"total_return":0.11818229202270336,"trade_analysis":{"average_loss":-15.111070231226542,"average_trade_duration_days":9.038333333333334,"average_win":18.494152983543863,"expectancy":2.3636458404540703,"largest_loss":-23.35478864573655,"largest_win":40.269655779988575,"max_trade_duration_days":20.0,"median_trade_duration_days":8.0,"profit_factor":1.3258711720786533,"time_in_market_percent":0.2810281390889776,"total_trades":25,"win_rate":0.52}}