{"capital_utilization":{"average_cash_percent":0.7845266604873993,"average_exposure_percent":0.21547333951260073,"average_leverage":0.21547333951260073,"average_position_value":212.58190460456208,"max_exposure_percent":0.4054994512007749},"closed_trades":31,"equity_curve":[],"final_equity":548.6035621214418,"max_drawdown":0.050367101969556724,"open_trades":0,"profit_factor":1.8445332920560493,"sharpe":0.8801404229030454,"signal_diagnostics":{"buy_signals":31,"duplicate_buy_skips":0,"flat_sell_skips":0,"hold_signals":490,"risk_blocked_signals":0,"sell_signals":4,"stop_loss_exits":26,"take_profit_exits":1},"starting_equity":500,"total_return":0.09720712424288358,"trade_analysis":{"average_loss":-3.8367196476935845,"average_trade_duration_days":12.646505376344084,"average_win":6.63464730230285,"expectancy":1.5678568426271544,"largest_loss":-6.979109593483458,"largest_win":20.63609608489911,"max_trade_duration_days":45.0,"median_trade_duration_days":9.0,"profit_factor":1.8445332920560493,"time_in_market_percent":0.48758874436440897,"total_trades":31,"win_rate":0.5161290322580645}}