{"capital_utilization":{"average_cash_percent":0.8807766439174233,"average_exposure_percent":0.11922335608257671,"average_leverage":0.11922335608257671,"average_position_value":213.4079603356097,"max_exposure_percent":0.40567794480041136},"closed_trades":19,"equity_curve":[],"final_equity":591.2421387789888,"max_drawdown":0.026746844591893686,"open_trades":0,"profit_factor":3.64829524737156,"sharpe":1.924108480394261,"signal_diagnostics":{"buy_signals":19,"duplicate_buy_skips":0,"flat_sell_skips":0,"hold_signals":515,"risk_blocked_signals":0,"sell_signals":8,"stop_loss_exits":9,"take_profit_exits":2},"starting_equity":500,"total_return":0.18248427755797758,"trade_analysis":{"average_loss":-4.92187994034204,"average_trade_duration_days":10.945175438596491,"average_win":10.474608196781917,"expectancy":4.80221783047309,"largest_loss":-6.867969777374319,"largest_win":19.74652077443724,"max_trade_duration_days":20.0,"median_trade_duration_days":12.0,"profit_factor":3.64829524737156,"time_in_market_percent":0.2586412395709178,"total_trades":19,"win_rate":0.631578947368421}}