{"capital_utilization":{"average_cash_percent":0.7461726131121413,"average_exposure_percent":0.2538273868878586,"average_leverage":0.2538273868878586,"average_position_value":211.85914637715658,"max_exposure_percent":0.4094340140373104},"closed_trades":26,"equity_curve":[],"final_equity":540.1570958036428,"max_drawdown":0.05374854059172383,"open_trades":0,"profit_factor":1.4445817292816885,"sharpe":0.5797714842660607,"signal_diagnostics":{"buy_signals":26,"duplicate_buy_skips":0,"flat_sell_skips":0,"hold_signals":501,"risk_blocked_signals":0,"sell_signals":5,"stop_loss_exits":16,"take_profit_exits":5},"starting_equity":500,"total_return":0.08031419160728559,"trade_analysis":{"average_loss":-5.313268518508894,"average_trade_duration_days":18.46153846153846,"average_win":14.498073402032674,"expectancy":1.5445036847554958,"largest_loss":-11.391868586328568,"largest_win":29.3933015235765,"max_trade_duration_days":49.0,"median_trade_duration_days":17.5,"profit_factor":1.4445817292816885,"time_in_market_percent":0.5969839871482614,"total_trades":26,"win_rate":0.34615384615384615}}