{"capital_utilization":{"average_cash_percent":0.8496736115958515,"average_exposure_percent":0.15032638840414847,"average_leverage":0.15032638840414847,"average_position_value":211.90888395602005,"max_exposure_percent":0.4097715415824939},"closed_trades":29,"equity_curve":[],"final_equity":550.5938796236308,"max_drawdown":0.057593055733561764,"open_trades":0,"profit_factor":1.621213484424357,"sharpe":0.7720228437395711,"signal_diagnostics":{"buy_signals":29,"duplicate_buy_skips":0,"flat_sell_skips":0,"hold_signals":496,"risk_blocked_signals":0,"sell_signals":16,"stop_loss_exits":12,"take_profit_exits":0},"starting_equity":500,"total_return":0.10118775924726142,"trade_analysis":{"average_loss":-6.2648944231012385,"average_trade_duration_days":8.897988505747126,"average_win":8.252344195246678,"expectancy":1.7446165387458878,"largest_loss":-11.7943335855226,"largest_win":18.008927474536904,"max_trade_duration_days":20.041666666666668,"median_trade_duration_days":8.0,"profit_factor":1.621213484424357,"time_in_market_percent":0.32093071461885264,"total_trades":29,"win_rate":0.5517241379310345}}