{"capital_utilization":{"average_cash_percent":0.8650890111819954,"average_exposure_percent":0.1349109888180046,"average_leverage":0.1349109888180046,"average_position_value":202.4299775373477,"max_exposure_percent":0.4056225808061604},"closed_trades":14,"equity_curve":[],"final_equity":522.7756103576855,"max_drawdown":0.032177836521155675,"open_trades":0,"profit_factor":1.8719666412983313,"sharpe":0.7767797052156993,"signal_diagnostics":{"buy_signals":14,"duplicate_buy_skips":0,"flat_sell_skips":0,"hold_signals":413,"risk_blocked_signals":0,"sell_signals":2,"stop_loss_exits":11,"take_profit_exits":0},"starting_equity":500,"total_return":0.04555122071537099,"trade_analysis":{"average_loss":-3.7314026344882905,"average_trade_duration_days":14.0,"average_win":6.985061257014791,"expectancy":1.6268293112632504,"largest_loss":-6.8006614957891385,"largest_win":13.354124588286567,"max_trade_duration_days":32.0,"median_trade_duration_days":10.5,"profit_factor":1.8719666412983313,"time_in_market_percent":0.30718996930712467,"total_trades":14,"win_rate":0.5}}