{"capital_utilization":{"average_cash_percent":0.808829275469077,"average_exposure_percent":0.191170724530923,"average_leverage":0.191170724530923,"average_position_value":196.07490369317185,"max_exposure_percent":0.4097822981357219},"closed_trades":33,"equity_curve":[],"final_equity":504.90319226516243,"max_drawdown":0.06859447895679885,"open_trades":0,"profit_factor":1.0405367760749984,"sharpe":0.11199558412221565,"signal_diagnostics":{"buy_signals":33,"duplicate_buy_skips":0,"flat_sell_skips":0,"hold_signals":375,"risk_blocked_signals":0,"sell_signals":3,"stop_loss_exits":19,"take_profit_exits":10},"starting_equity":500,"total_return":0.009806384530324896,"trade_analysis":{"average_loss":-6.366138992419417,"average_trade_duration_days":7.546717171717171,"average_win":8.98998808008081,"expectancy":0.1485815837928006,"largest_loss":-11.508061041632883,"largest_win":14.395796030562465,"max_trade_duration_days":15.0,"median_trade_duration_days":7.0,"profit_factor":1.0405367760749984,"time_in_market_percent":0.3903219486710638,"total_trades":33,"win_rate":0.42424242424242425}}