{"capital_utilization":{"average_cash_percent":0.9185914831148867,"average_exposure_percent":0.08140851688511327,"average_leverage":0.08140851688511327,"average_position_value":201.7974204328026,"max_exposure_percent":0.4079308764801643},"closed_trades":17,"equity_curve":[],"final_equity":532.8801933593998,"max_drawdown":0.030484957228412497,"open_trades":0,"profit_factor":1.6461768241871098,"sharpe":0.7210434910290517,"signal_diagnostics":{"buy_signals":17,"duplicate_buy_skips":0,"flat_sell_skips":0,"hold_signals":519,"risk_blocked_signals":0,"sell_signals":8,"stop_loss_exits":8,"take_profit_exits":1},"starting_equity":500,"total_return":0.06576038671879947,"trade_analysis":{"average_loss":-6.360525503364158,"average_trade_duration_days":8.176470588235293,"average_win":9.30715526514589,"expectancy":1.9341290211411628,"largest_loss":-9.591452693832187,"largest_win":14.452748492998714,"max_trade_duration_days":19.0,"median_trade_duration_days":7.0,"profit_factor":1.6461768241871098,"time_in_market_percent":0.17287661294501735,"total_trades":17,"win_rate":0.5294117647058824}}