{"capital_utilization":{"average_cash_percent":0.800206780639301,"average_exposure_percent":0.199793219360699,"average_leverage":0.199793219360699,"average_position_value":213.95652817325225,"max_exposure_percent":0.4056500983070611},"closed_trades":13,"equity_curve":[],"final_equity":564.1683095894128,"max_drawdown":0.05299073194008249,"open_trades":0,"profit_factor":2.861043259412894,"sharpe":1.0535590785103464,"signal_diagnostics":{"buy_signals":13,"duplicate_buy_skips":0,"flat_sell_skips":0,"hold_signals":528,"risk_blocked_signals":0,"sell_signals":2,"stop_loss_exits":10,"take_profit_exits":0},"starting_equity":500,"total_return":0.12833661917882577,"trade_analysis":{"average_loss":-5.74662529245882,"average_trade_duration_days":30.0,"average_win":14.092580192023677,"expectancy":4.936023814570216,"largest_loss":-7.354755667863236,"largest_win":45.06709242879144,"max_trade_duration_days":119.0,"median_trade_duration_days":23.0,"profit_factor":2.861043259412894,"time_in_market_percent":0.4850494895579624,"total_trades":13,"win_rate":0.5384615384615384}}