{"capital_utilization":{"average_cash_percent":0.9682901481010283,"average_exposure_percent":0.03170985189897169,"average_leverage":0.03170985189897169,"average_position_value":193.36953578138653,"max_exposure_percent":0.41128131281724445},"closed_trades":6,"equity_curve":[],"final_equity":487.3597106694924,"max_drawdown":0.08088067177328562,"open_trades":0,"profit_factor":0.6097292008192395,"sharpe":-0.3711108281228276,"signal_diagnostics":{"buy_signals":6,"duplicate_buy_skips":0,"flat_sell_skips":0,"hold_signals":428,"risk_blocked_signals":0,"sell_signals":0,"stop_loss_exits":5,"take_profit_exits":1},"starting_equity":500,"total_return":-0.025280578661015185,"trade_analysis":{"average_loss":-8.097127274857307,"average_trade_duration_days":7.006944444444444,"average_win":9.874109884460825,"expectancy":-2.106714888417929,"largest_loss":-13.21972194319786,"largest_win":13.919581261912354,"max_trade_duration_days":11.041666666666666,"median_trade_duration_days":6.5,"profit_factor":0.6097292008192395,"time_in_market_percent":0.06589172598445765,"total_trades":6,"win_rate":0.3333333333333333}}