{"capital_utilization":{"average_cash_percent":0.7998875309061533,"average_exposure_percent":0.2001124690938467,"average_leverage":0.2001124690938467,"average_position_value":205.51245579176663,"max_exposure_percent":0.4051952812200722},"closed_trades":29,"equity_curve":[],"final_equity":543.627996175974,"max_drawdown":0.0356460738010703,"open_trades":0,"profit_factor":1.7106222434467633,"sharpe":0.741882452096967,"signal_diagnostics":{"buy_signals":29,"duplicate_buy_skips":0,"flat_sell_skips":0,"hold_signals":494,"risk_blocked_signals":0,"sell_signals":3,"stop_loss_exits":26,"take_profit_exits":0},"starting_equity":500,"total_return":0.08725599235194803,"trade_analysis":{"average_loss":-3.8371297635895734,"average_trade_duration_days":12.62212643678161,"average_win":8.078620953339009,"expectancy":1.5044136612404813,"largest_loss":-6.648062798780097,"largest_win":21.726284098976382,"max_trade_duration_days":30.0,"median_trade_duration_days":9.0,"profit_factor":1.7106222434467633,"time_in_market_percent":0.45525211172721153,"total_trades":29,"win_rate":0.4482758620689655}}