{"capital_utilization":{"average_cash_percent":0.6948467070159068,"average_exposure_percent":0.3051532929840932,"average_leverage":0.3051532929840932,"average_position_value":204.8969858928122,"max_exposure_percent":0.40403466591081877},"closed_trades":41,"equity_curve":[],"final_equity":517.6252327996797,"max_drawdown":0.03598965170722371,"open_trades":0,"profit_factor":1.3321681325058725,"sharpe":0.46778892243295006,"signal_diagnostics":{"buy_signals":41,"duplicate_buy_skips":0,"flat_sell_skips":0,"hold_signals":471,"risk_blocked_signals":0,"sell_signals":0,"stop_loss_exits":38,"take_profit_exits":2},"starting_equity":500,"total_return":0.03525046559935929,"trade_analysis":{"average_loss":-2.4118717813058868,"average_trade_duration_days":13.512195121951219,"average_win":3.7203374730741707,"expectancy":0.42988372682145687,"largest_loss":-5.028707425720596,"largest_win":14.74575875808087,"max_trade_duration_days":41.0,"median_trade_duration_days":12.0,"profit_factor":1.3321681325058725,"time_in_market_percent":0.689019018500285,"total_trades":41,"win_rate":0.4634146341463415}}