{"capital_utilization":{"average_cash_percent":0.9503244198266485,"average_exposure_percent":0.049675580173351476,"average_leverage":0.049675580173351476,"average_position_value":210.0761402040538,"max_exposure_percent":0.40716197307859275},"closed_trades":11,"equity_curve":[],"final_equity":535.5114063195772,"max_drawdown":0.03897272260810278,"open_trades":0,"profit_factor":2.3143746370350153,"sharpe":0.9137490883428759,"signal_diagnostics":{"buy_signals":11,"duplicate_buy_skips":0,"flat_sell_skips":0,"hold_signals":530,"risk_blocked_signals":0,"sell_signals":3,"stop_loss_exits":7,"take_profit_exits":1},"starting_equity":500,"total_return":0.07102281263915433,"trade_analysis":{"average_loss":-5.403544061027268,"average_trade_duration_days":7.363636363636363,"average_win":10.421521104118915,"expectancy":3.228309665416103,"largest_loss":-9.200033460253998,"largest_win":18.35353278514564,"max_trade_duration_days":18.0,"median_trade_duration_days":7.0,"profit_factor":2.3143746370350153,"time_in_market_percent":0.10074104783126911,"total_trades":11,"win_rate":0.5454545454545454}}