{"capital_utilization":{"average_cash_percent":0.9275808698272638,"average_exposure_percent":0.07241913017273614,"average_leverage":0.07241913017273614,"average_position_value":203.8714917048019,"max_exposure_percent":0.4079086334603791},"closed_trades":13,"equity_curve":[],"final_equity":515.8307811493396,"max_drawdown":0.03422324687480991,"open_trades":0,"profit_factor":1.3130826858060023,"sharpe":0.3936783731197224,"signal_diagnostics":{"buy_signals":13,"duplicate_buy_skips":0,"flat_sell_skips":0,"hold_signals":414,"risk_blocked_signals":0,"sell_signals":2,"stop_loss_exits":7,"take_profit_exits":4},"starting_equity":500,"total_return":0.03166156229867911,"trade_analysis":{"average_loss":-7.223459701609626,"average_trade_duration_days":7.461538461538462,"average_win":11.065833176767823,"expectancy":1.217752396103042,"largest_loss":-9.873066312093378,"largest_win":14.967512795529029,"max_trade_duration_days":20.0,"median_trade_duration_days":7.0,"profit_factor":1.3130826858060023,"time_in_market_percent":0.1520276888917913,"total_trades":13,"win_rate":0.46153846153846156}}