{"capital_utilization":{"average_cash_percent":0.8649395096153727,"average_exposure_percent":0.13506049038462734,"average_leverage":0.13506049038462734,"average_position_value":187.30315743203164,"max_exposure_percent":0.42178220645280123},"closed_trades":34,"equity_curve":[],"final_equity":510.8757967091427,"max_drawdown":0.1754197498176868,"open_trades":0,"profit_factor":1.04519258050012,"sharpe":0.14124437924021266,"signal_diagnostics":{"buy_signals":34,"duplicate_buy_skips":0,"flat_sell_skips":0,"hold_signals":485,"risk_blocked_signals":0,"sell_signals":7,"stop_loss_exits":17,"take_profit_exits":10},"starting_equity":500,"total_return":0.021751593418285475,"trade_analysis":{"average_loss":-14.156145555683132,"average_trade_duration_days":6.556372549019608,"average_win":14.79589830327976,"expectancy":0.31987637379831474,"largest_loss":-23.465003804114737,"largest_win":28.00370859655915,"max_trade_duration_days":20.0,"median_trade_duration_days":5.5,"profit_factor":1.04519258050012,"time_in_market_percent":0.2772451676426388,"total_trades":34,"win_rate":0.5}}