{"capital_utilization":{"average_cash_percent":0.747213919313269,"average_exposure_percent":0.252786080686731,"average_leverage":0.252786080686731,"average_position_value":215.00380616662179,"max_exposure_percent":0.4052063080803723},"closed_trades":16,"equity_curve":[],"final_equity":550.2623263038266,"max_drawdown":0.04169302607121317,"open_trades":0,"profit_factor":2.5339841687949973,"sharpe":0.8726018160588409,"signal_diagnostics":{"buy_signals":16,"duplicate_buy_skips":0,"flat_sell_skips":0,"hold_signals":521,"risk_blocked_signals":0,"sell_signals":2,"stop_loss_exits":14,"take_profit_exits":0},"starting_equity":500,"total_return":0.10052465260765331,"trade_analysis":{"average_loss":-4.680838613059819,"average_trade_duration_days":31.184895833333332,"average_win":9.22535517724949,"expectancy":3.1413953939891672,"largest_loss":-6.986400671834311,"largest_win":31.60301096159558,"max_trade_duration_days":96.0,"median_trade_duration_days":23.0,"profit_factor":2.5339841687949973,"time_in_market_percent":0.6205627817795513,"total_trades":16,"win_rate":0.5625}}