{"capital_utilization":{"average_cash_percent":0.871812371900614,"average_exposure_percent":0.12818762809938597,"average_leverage":0.12818762809938597,"average_position_value":199.58540575633114,"max_exposure_percent":0.40494408603460846},"closed_trades":12,"equity_curve":[],"final_equity":511.1854141154732,"max_drawdown":0.02877982387315542,"open_trades":0,"profit_factor":1.5651441319369983,"sharpe":0.5325995321819695,"signal_diagnostics":{"buy_signals":12,"duplicate_buy_skips":0,"flat_sell_skips":0,"hold_signals":417,"risk_blocked_signals":0,"sell_signals":0,"stop_loss_exits":10,"take_profit_exits":1},"starting_equity":500,"total_return":0.02237082823094627,"trade_analysis":{"average_loss":-2.474018016681832,"average_trade_duration_days":15.833333333333334,"average_win":7.7443895622319605,"expectancy":0.932117842956099,"largest_loss":-5.974292661057205,"largest_win":14.712658940979274,"max_trade_duration_days":36.0,"median_trade_duration_days":12.0,"profit_factor":1.5651441319369983,"time_in_market_percent":0.2977861947364984,"total_trades":12,"win_rate":0.3333333333333333}}