{"capital_utilization":{"average_cash_percent":0.9104617077294632,"average_exposure_percent":0.08953829227053679,"average_leverage":0.08953829227053679,"average_position_value":209.26769108467815,"max_exposure_percent":0.40794131902050135},"closed_trades":22,"equity_curve":[],"final_equity":536.8406826181675,"max_drawdown":0.07224839023089348,"open_trades":0,"profit_factor":1.669781045656523,"sharpe":0.7713047406265374,"signal_diagnostics":{"buy_signals":22,"duplicate_buy_skips":0,"flat_sell_skips":0,"hold_signals":508,"risk_blocked_signals":0,"sell_signals":11,"stop_loss_exits":10,"take_profit_exits":1},"starting_equity":500,"total_return":0.07368136523633506,"trade_analysis":{"average_loss":-6.111563183732698,"average_trade_duration_days":6.636363636363637,"average_win":7.064980867058603,"expectancy":1.6745764826439802,"largest_loss":-10.080960516411777,"largest_win":14.424368472949574,"max_trade_duration_days":18.0,"median_trade_duration_days":6.0,"profit_factor":1.669781045656523,"time_in_market_percent":0.18158262942426284,"total_trades":22,"win_rate":0.5909090909090909}}