{"capital_utilization":{"average_cash_percent":0.7072108618836301,"average_exposure_percent":0.29278913811636986,"average_leverage":0.29278913811636986,"average_position_value":205.25442344578946,"max_exposure_percent":0.4034752801615635},"closed_trades":40,"equity_curve":[],"final_equity":519.1906708798768,"max_drawdown":0.03292246847120027,"open_trades":0,"profit_factor":1.3994572118788287,"sharpe":0.5357724270242368,"signal_diagnostics":{"buy_signals":40,"duplicate_buy_skips":0,"flat_sell_skips":0,"hold_signals":473,"risk_blocked_signals":0,"sell_signals":3,"stop_loss_exits":35,"take_profit_exits":1},"starting_equity":500,"total_return":0.03838134175975361,"trade_analysis":{"average_loss":-2.2877080280316298,"average_trade_duration_days":13.35,"average_win":3.5385547088705844,"expectancy":0.4797667719969221,"largest_loss":-4.2650662523037575,"largest_win":9.895032476006786,"max_trade_duration_days":50.0,"median_trade_duration_days":10.5,"profit_factor":1.3994572118788287,"time_in_market_percent":0.6641446857024408,"total_trades":40,"win_rate":0.475}}