{"capital_utilization":{"average_cash_percent":0.8084028215464539,"average_exposure_percent":0.19159717845354607,"average_leverage":0.19159717845354607,"average_position_value":205.96524789310345,"max_exposure_percent":0.420037120755441},"closed_trades":23,"equity_curve":[],"final_equity":515.6613961408822,"max_drawdown":0.23711825651058727,"open_trades":0,"profit_factor":1.0796238772234465,"sharpe":0.16823344376511107,"signal_diagnostics":{"buy_signals":23,"duplicate_buy_skips":0,"flat_sell_skips":0,"hold_signals":507,"risk_blocked_signals":0,"sell_signals":9,"stop_loss_exits":13,"take_profit_exits":0},"starting_equity":500,"total_return":0.03132279228176427,"trade_analysis":{"average_loss":-11.570129823459464,"average_trade_duration_days":15.829710144927535,"average_win":35.392267189948825,"expectancy":0.6809302669948754,"largest_loss":-25.478723994262037,"largest_win":130.94503798700075,"max_trade_duration_days":56.0,"median_trade_duration_days":11.0,"profit_factor":1.0796238772234465,"time_in_market_percent":0.45281649997408924,"total_trades":23,"win_rate":0.2608695652173913}}