{"capital_utilization":{"average_cash_percent":0.7851254887430535,"average_exposure_percent":0.21487451125694645,"average_leverage":0.21487451125694645,"average_position_value":174.76681443179388,"max_exposure_percent":0.4227873428438571},"closed_trades":17,"equity_curve":[],"final_equity":349.2106729302677,"max_drawdown":0.3083160799080145,"open_trades":0,"profit_factor":0.3353110497596073,"sharpe":-2.31196506396425,"signal_diagnostics":{"buy_signals":17,"duplicate_buy_skips":0,"flat_sell_skips":0,"hold_signals":157,"risk_blocked_signals":0,"sell_signals":4,"stop_loss_exits":13,"take_profit_exits":0},"starting_equity":500,"total_return":-0.3015786541394646,"trade_analysis":{"average_loss":-17.45053682804422,"average_trade_duration_days":7.470588235294118,"average_win":19.016912923710635,"expectancy":-8.869960415866606,"largest_loss":-23.855348905451862,"largest_win":24.872527412040476,"max_trade_duration_days":22.0,"median_trade_duration_days":7.0,"profit_factor":0.3353110497596073,"time_in_market_percent":0.45676607223138016,"total_trades":17,"win_rate":0.23529411764705882}}