{"capital_utilization":{"average_cash_percent":0.7560534518218334,"average_exposure_percent":0.2439465481781667,"average_leverage":0.2439465481781667,"average_position_value":201.4077815866402,"max_exposure_percent":0.40379283834007096},"closed_trades":20,"equity_curve":[],"final_equity":523.2923613838839,"max_drawdown":0.029627772491340052,"open_trades":0,"profit_factor":1.7874645777981617,"sharpe":0.6455531480417322,"signal_diagnostics":{"buy_signals":20,"duplicate_buy_skips":0,"flat_sell_skips":0,"hold_signals":513,"risk_blocked_signals":0,"sell_signals":5,"stop_loss_exits":15,"take_profit_exits":0},"starting_equity":500,"total_return":0.04658472276776782,"trade_analysis":{"average_loss":-2.957893223465612,"average_trade_duration_days":23.497916666666665,"average_win":5.287129361854005,"expectancy":1.164618069194196,"largest_loss":-4.565783389435911,"largest_win":13.786124603807345,"max_trade_duration_days":59.0,"median_trade_duration_days":18.0,"profit_factor":1.7874645777981617,"time_in_market_percent":0.5844949992226771,"total_trades":20,"win_rate":0.5}}