{"capital_utilization":{"average_cash_percent":0.9258130444571038,"average_exposure_percent":0.07418695554289619,"average_leverage":0.07418695554289619,"average_position_value":205.569949890885,"max_exposure_percent":0.40790863346037903},"closed_trades":13,"equity_curve":[],"final_equity":523.7755677830753,"max_drawdown":0.029493581459739404,"open_trades":0,"profit_factor":1.4661515519217136,"sharpe":0.5659164661649795,"signal_diagnostics":{"buy_signals":13,"duplicate_buy_skips":0,"flat_sell_skips":0,"hold_signals":414,"risk_blocked_signals":0,"sell_signals":1,"stop_loss_exits":7,"take_profit_exits":5},"starting_equity":500,"total_return":0.04755113556615065,"trade_analysis":{"average_loss":-7.286277755151383,"average_trade_duration_days":7.769230769230769,"average_win":12.463252011522505,"expectancy":1.828889829467334,"largest_loss":-10.02513053186625,"largest_win":15.521257032895317,"max_trade_duration_days":24.0,"median_trade_duration_days":7.0,"profit_factor":1.4661515519217136,"time_in_market_percent":0.15829687193887548,"total_trades":13,"win_rate":0.46153846153846156}}