{"capital_utilization":{"average_cash_percent":0.7108907889136314,"average_exposure_percent":0.28910921108636856,"average_leverage":0.28910921108636856,"average_position_value":204.80312343908818,"max_exposure_percent":0.4054225378177314},"closed_trades":38,"equity_curve":[],"final_equity":509.37277349225064,"max_drawdown":0.04348010186322107,"open_trades":0,"profit_factor":1.1843744272380432,"sharpe":0.2707854984303325,"signal_diagnostics":{"buy_signals":38,"duplicate_buy_skips":0,"flat_sell_skips":0,"hold_signals":477,"risk_blocked_signals":0,"sell_signals":0,"stop_loss_exits":37,"take_profit_exits":0},"starting_equity":500,"total_return":0.01874554698450126,"trade_analysis":{"average_loss":-2.4207399797033053,"average_trade_duration_days":13.894736842105264,"average_win":3.541665474471767,"expectancy":0.2466519340065955,"largest_loss":-6.70673444711059,"largest_win":15.01566028490264,"max_trade_duration_days":57.0,"median_trade_duration_days":12.0,"profit_factor":1.1843744272380432,"time_in_market_percent":0.6566823858630876,"total_trades":38,"win_rate":0.4473684210526316}}