{"capital_utilization":{"average_cash_percent":0.9183162836294168,"average_exposure_percent":0.08168371637058328,"average_leverage":0.08168371637058328,"average_position_value":198.5018716503201,"max_exposure_percent":0.41275583677588035},"closed_trades":9,"equity_curve":[],"final_equity":509.72854640418785,"max_drawdown":0.08487317148416272,"open_trades":0,"profit_factor":1.2308390172665742,"sharpe":0.17129593510077587,"signal_diagnostics":{"buy_signals":9,"duplicate_buy_skips":0,"flat_sell_skips":0,"hold_signals":422,"risk_blocked_signals":0,"sell_signals":1,"stop_loss_exits":8,"take_profit_exits":0},"starting_equity":500,"total_return":0.01945709280837571,"trade_analysis":{"average_loss":-7.024048273544427,"average_trade_duration_days":13.444444444444445,"average_win":17.2909453484848,"expectancy":1.0809496004653154,"largest_loss":-15.4483510251304,"largest_win":25.31224699833568,"max_trade_duration_days":27.0,"median_trade_duration_days":14.0,"profit_factor":1.2308390172665742,"time_in_market_percent":0.18964278717429636,"total_trades":9,"win_rate":0.3333333333333333}}