{"capital_utilization":{"average_cash_percent":0.8480447984176334,"average_exposure_percent":0.1519552015823666,"average_leverage":0.1519552015823666,"average_position_value":201.92367059685736,"max_exposure_percent":0.40706790201578164},"closed_trades":8,"equity_curve":[],"final_equity":529.8556333002912,"max_drawdown":0.035133645607201655,"open_trades":0,"profit_factor":2.270961528825318,"sharpe":0.8295372925826553,"signal_diagnostics":{"buy_signals":8,"duplicate_buy_skips":0,"flat_sell_skips":0,"hold_signals":425,"risk_blocked_signals":0,"sell_signals":2,"stop_loss_exits":5,"take_profit_exits":0},"starting_equity":500,"total_return":0.05971126660058235,"trade_analysis":{"average_loss":-5.872646933673348,"average_trade_duration_days":29.375,"average_win":13.336555258746142,"expectancy":3.7319541625363963,"largest_loss":-8.551798003927882,"largest_win":26.5563474289811,"max_trade_duration_days":70.0,"median_trade_duration_days":21.0,"profit_factor":2.270961528825318,"time_in_market_percent":0.3683145040161954,"total_trades":8,"win_rate":0.5}}