{"capital_utilization":{"average_cash_percent":0.8632713762957583,"average_exposure_percent":0.1367286237042417,"average_leverage":0.1367286237042417,"average_position_value":198.11727653824994,"max_exposure_percent":0.4037842486939074},"closed_trades":10,"equity_curve":[],"final_equity":511.63118592399445,"max_drawdown":0.027492394768796315,"open_trades":0,"profit_factor":1.5845975942076846,"sharpe":0.5278037808576499,"signal_diagnostics":{"buy_signals":10,"duplicate_buy_skips":0,"flat_sell_skips":0,"hold_signals":421,"risk_blocked_signals":0,"sell_signals":3,"stop_loss_exits":6,"take_profit_exits":0},"starting_equity":500,"total_return":0.02326237184798896,"trade_analysis":{"average_loss":-3.3160091771498563,"average_trade_duration_days":20.7,"average_win":7.881810246723399,"expectancy":1.1631185923994458,"largest_loss":-4.532217282212408,"largest_win":17.312033550128398,"max_trade_duration_days":52.0,"median_trade_duration_days":16.0,"profit_factor":1.5845975942076846,"time_in_market_percent":0.32443022268660615,"total_trades":10,"win_rate":0.4}}