{"capital_utilization":{"average_cash_percent":0.8857144878563458,"average_exposure_percent":0.11428551214365422,"average_leverage":0.11428551214365422,"average_position_value":212.12259232308168,"max_exposure_percent":0.4058763211854441},"closed_trades":15,"equity_curve":[],"final_equity":584.3438655203706,"max_drawdown":0.021075341187189348,"open_trades":0,"profit_factor":3.696331276816315,"sharpe":1.7871749426598087,"signal_diagnostics":{"buy_signals":15,"duplicate_buy_skips":0,"flat_sell_skips":0,"hold_signals":523,"risk_blocked_signals":0,"sell_signals":7,"stop_loss_exits":5,"take_profit_exits":3},"starting_equity":500,"total_return":0.1686877310407413,"trade_analysis":{"average_loss":-6.256194574129587,"average_trade_duration_days":13.466666666666667,"average_win":11.56248383910186,"expectancy":5.62292436802471,"largest_loss":-7.61971182032685,"largest_win":19.43820149201235,"max_trade_duration_days":24.0,"median_trade_duration_days":14.0,"profit_factor":3.696331276816315,"time_in_market_percent":0.2512307612582267,"total_trades":15,"win_rate":0.6666666666666666}}