{"capital_utilization":{"average_cash_percent":0.8655010328805299,"average_exposure_percent":0.1344989671194701,"average_leverage":0.1344989671194701,"average_position_value":199.98962754776693,"max_exposure_percent":0.4093734500907265},"closed_trades":10,"equity_curve":[],"final_equity":520.3556596039965,"max_drawdown":0.04574624699270814,"open_trades":0,"profit_factor":1.6542047182605228,"sharpe":0.46331870471279596,"signal_diagnostics":{"buy_signals":10,"duplicate_buy_skips":0,"flat_sell_skips":0,"hold_signals":421,"risk_blocked_signals":0,"sell_signals":2,"stop_loss_exits":7,"take_profit_exits":0},"starting_equity":500,"total_return":0.04071131920799309,"trade_analysis":{"average_loss":-6.223024394602517,"average_trade_duration_days":21.004166666666666,"average_win":10.294156315401818,"expectancy":2.0355659603996505,"largest_loss":-11.160076066606807,"largest_win":23.415351520690823,"max_trade_duration_days":61.0,"median_trade_duration_days":8.0,"profit_factor":1.6542047182605228,"time_in_market_percent":0.3291974139619931,"total_trades":10,"win_rate":0.5}}