{"capital_utilization":{"average_cash_percent":0.820134414473201,"average_exposure_percent":0.17986558552679896,"average_leverage":0.17986558552679896,"average_position_value":167.52597937497868,"max_exposure_percent":0.4217964382698154},"closed_trades":40,"equity_curve":[],"final_equity":447.49256214575325,"max_drawdown":0.26889568267848857,"open_trades":0,"profit_factor":0.8148949257125111,"sharpe":-0.2916251550673355,"signal_diagnostics":{"buy_signals":40,"duplicate_buy_skips":0,"flat_sell_skips":0,"hold_signals":473,"risk_blocked_signals":0,"sell_signals":10,"stop_loss_exits":21,"take_profit_exits":9},"starting_equity":500,"total_return":-0.10501487570849344,"trade_analysis":{"average_loss":-13.507756030784046,"average_trade_duration_days":7.673958333333334,"average_win":12.166075725906225,"expectancy":-1.312685946356169,"largest_loss":-21.422456218180358,"largest_win":24.68027504370178,"max_trade_duration_days":19.0,"median_trade_duration_days":6.5,"profit_factor":0.8148949257125111,"time_in_market_percent":0.38176918692024675,"total_trades":40,"win_rate":0.475}}