{"capital_utilization":{"average_cash_percent":0.8760420953163569,"average_exposure_percent":0.12395790468364307,"average_leverage":0.12395790468364307,"average_position_value":212.33273397236397,"max_exposure_percent":0.4088506161579358},"closed_trades":28,"equity_curve":[],"final_equity":545.3318526800625,"max_drawdown":0.06702362505488345,"open_trades":0,"profit_factor":1.9059436898129196,"sharpe":1.0959606496071344,"signal_diagnostics":{"buy_signals":28,"duplicate_buy_skips":0,"flat_sell_skips":0,"hold_signals":497,"risk_blocked_signals":0,"sell_signals":7,"stop_loss_exits":15,"take_profit_exits":5},"starting_equity":500,"total_return":0.09066370536012514,"trade_analysis":{"average_loss":-3.335884499210157,"average_trade_duration_days":7.287202380952381,"average_win":7.336163089862688,"expectancy":1.6189947385736634,"largest_loss":-8.361203470715777,"largest_win":15.963376693233982,"max_trade_duration_days":18.0,"median_trade_duration_days":6.020833333333334,"profit_factor":1.9059436898129196,"time_in_market_percent":0.2537700160646733,"total_trades":28,"win_rate":0.4642857142857143}}