{"capital_utilization":{"average_cash_percent":0.8760906073386547,"average_exposure_percent":0.12390939266134529,"average_leverage":0.12390939266134529,"average_position_value":212.2728916682565,"max_exposure_percent":0.4089466638227793},"closed_trades":29,"equity_curve":[],"final_equity":542.2467256830255,"max_drawdown":0.07686226316781085,"open_trades":0,"profit_factor":1.746640831530587,"sharpe":1.0154892865679557,"signal_diagnostics":{"buy_signals":29,"duplicate_buy_skips":0,"flat_sell_skips":0,"hold_signals":495,"risk_blocked_signals":0,"sell_signals":7,"stop_loss_exits":16,"take_profit_exits":5},"starting_equity":500,"total_return":0.08449345136605091,"trade_analysis":{"average_loss":-3.536399623064179,"average_trade_duration_days":7.001436781609196,"average_win":7.602239973234797,"expectancy":1.4567836442422575,"largest_loss":-11.545654228458249,"largest_win":16.00063876195461,"max_trade_duration_days":18.0,"median_trade_duration_days":6.0,"profit_factor":1.746640831530587,"time_in_market_percent":0.2525262994247811,"total_trades":29,"win_rate":0.4482758620689655}}