{"capital_utilization":{"average_cash_percent":0.7922608898441305,"average_exposure_percent":0.20773911015586957,"average_leverage":0.20773911015586957,"average_position_value":181.8824998448255,"max_exposure_percent":0.41227289729972566},"closed_trades":28,"equity_curve":[],"final_equity":469.0046709131785,"max_drawdown":0.15488856636817808,"open_trades":0,"profit_factor":0.6781859695249339,"sharpe":-0.4462432141850337,"signal_diagnostics":{"buy_signals":28,"duplicate_buy_skips":0,"flat_sell_skips":0,"hold_signals":384,"risk_blocked_signals":0,"sell_signals":5,"stop_loss_exits":22,"take_profit_exits":1},"starting_equity":500,"total_return":-0.06199065817364302,"trade_analysis":{"average_loss":-6.420960793425901,"average_trade_duration_days":10.285714285714288,"average_win":5.024544831889769,"expectancy":-1.1069760388150542,"largest_loss":-14.023694536027632,"largest_win":12.901314402963756,"max_trade_duration_days":24.0,"median_trade_duration_days":7.5,"profit_factor":0.6781859695249339,"time_in_market_percent":0.45138117939006084,"total_trades":28,"win_rate":0.4642857142857143}}