{"capital_utilization":{"average_cash_percent":0.8117839886233236,"average_exposure_percent":0.18821601137667646,"average_leverage":0.18821601137667646,"average_position_value":171.31357076872808,"max_exposure_percent":0.42179643826981533},"closed_trades":40,"equity_curve":[],"final_equity":463.96263727280456,"max_drawdown":0.24928074102857925,"open_trades":0,"profit_factor":0.8737350706886219,"sharpe":-0.16872737380342218,"signal_diagnostics":{"buy_signals":40,"duplicate_buy_skips":0,"flat_sell_skips":0,"hold_signals":473,"risk_blocked_signals":0,"sell_signals":0,"stop_loss_exits":26,"take_profit_exits":14},"starting_equity":500,"total_return":-0.07207472545439086,"trade_analysis":{"average_loss":-11.416428274655669,"average_trade_duration_days":7.973958333333334,"average_win":16.62488960927975,"expectancy":-0.9009340681798857,"largest_loss":-22.04865431628646,"largest_win":28.068076986975345,"max_trade_duration_days":21.0,"median_trade_duration_days":6.5,"profit_factor":0.8737350706886219,"time_in_market_percent":0.39669378659895327,"total_trades":40,"win_rate":0.375}}