{"capital_utilization":{"average_cash_percent":0.8561606655033852,"average_exposure_percent":0.1438393344966148,"average_leverage":0.1438393344966148,"average_position_value":205.14123513560267,"max_exposure_percent":0.40624098654921476},"closed_trades":20,"equity_curve":[],"final_equity":552.199640977223,"max_drawdown":0.025227637848776085,"open_trades":0,"profit_factor":2.582378148803192,"sharpe":1.3215320687994552,"signal_diagnostics":{"buy_signals":20,"duplicate_buy_skips":0,"flat_sell_skips":0,"hold_signals":514,"risk_blocked_signals":0,"sell_signals":6,"stop_loss_exits":9,"take_profit_exits":4},"starting_equity":500,"total_return":0.10439928195444592,"trade_analysis":{"average_loss":-3.6653439084501045,"average_trade_duration_days":13.102083333333331,"average_win":7.74433965029763,"expectancy":2.6099820488611494,"largest_loss":-7.551440746283723,"largest_win":16.117687739437336,"max_trade_duration_days":27.0,"median_trade_duration_days":12.5,"profit_factor":2.582378148803192,"time_in_market_percent":0.3259055811784215,"total_trades":20,"win_rate":0.55}}