{"capital_utilization":{"average_cash_percent":0.7193625770603989,"average_exposure_percent":0.2806374229396011,"average_leverage":0.2806374229396011,"average_position_value":203.48240227914405,"max_exposure_percent":0.40345770021748484},"closed_trades":38,"equity_curve":[],"final_equity":508.1582751941715,"max_drawdown":0.04158619475867574,"open_trades":0,"profit_factor":1.1676797854537835,"sharpe":0.24530297274876164,"signal_diagnostics":{"buy_signals":38,"duplicate_buy_skips":0,"flat_sell_skips":0,"hold_signals":477,"risk_blocked_signals":0,"sell_signals":2,"stop_loss_exits":35,"take_profit_exits":0},"starting_equity":500,"total_return":0.0163165503883429,"trade_analysis":{"average_loss":-2.2115408225302673,"average_trade_duration_days":13.552631578947368,"average_win":3.550760830614836,"expectancy":0.2146914524781971,"largest_loss":-4.197041170249327,"largest_win":11.12321679029537,"max_trade_duration_days":50.0,"median_trade_duration_days":10.5,"profit_factor":1.1676797854537835,"time_in_market_percent":0.6405140695444889,"total_trades":38,"win_rate":0.42105263157894735}}