{"capital_utilization":{"average_cash_percent":0.846465110777631,"average_exposure_percent":0.15353488922236905,"average_leverage":0.15353488922236905,"average_position_value":204.67437006129234,"max_exposure_percent":0.4097715415824939},"closed_trades":36,"equity_curve":[],"final_equity":519.3467160539021,"max_drawdown":0.06458131847778292,"open_trades":0,"profit_factor":1.1918515928305808,"sharpe":0.3385524838402259,"signal_diagnostics":{"buy_signals":36,"duplicate_buy_skips":0,"flat_sell_skips":0,"hold_signals":482,"risk_blocked_signals":0,"sell_signals":1,"stop_loss_exits":21,"take_profit_exits":13},"starting_equity":500,"total_return":0.03869343210780429,"trade_analysis":{"average_loss":-4.583731473341729,"average_trade_duration_days":7.112268518518519,"average_win":8.584914890530007,"expectancy":0.5374087792750578,"largest_loss":-11.7943335855226,"largest_win":14.783686293154894,"max_trade_duration_days":18.0,"median_trade_duration_days":6.020833333333334,"profit_factor":1.1918515928305808,"time_in_market_percent":0.3184432813390683,"total_trades":36,"win_rate":0.3888888888888889}}