{"capital_utilization":{"average_cash_percent":0.9295761398006944,"average_exposure_percent":0.07042386019930559,"average_leverage":0.07042386019930559,"average_position_value":204.03019527112966,"max_exposure_percent":0.40789713373519976},"closed_trades":11,"equity_curve":[],"final_equity":520.0519130575492,"max_drawdown":0.034547714189921835,"open_trades":0,"profit_factor":1.7943251525406771,"sharpe":0.5181302868582381,"signal_diagnostics":{"buy_signals":11,"duplicate_buy_skips":0,"flat_sell_skips":0,"hold_signals":531,"risk_blocked_signals":0,"sell_signals":2,"stop_loss_exits":9,"take_profit_exits":0},"starting_equity":500,"total_return":0.04010382611509833,"trade_analysis":{"average_loss":-6.310990213961025,"average_trade_duration_days":10.909090909090908,"average_win":6.470839130484764,"expectancy":1.8229011870499319,"largest_loss":-9.98816948810976,"largest_win":17.710265042044806,"max_trade_duration_days":21.0,"median_trade_duration_days":10.0,"profit_factor":1.7943251525406771,"time_in_market_percent":0.14924599678706535,"total_trades":11,"win_rate":0.6363636363636364}}