{"capital_utilization":{"average_cash_percent":0.8602341059099263,"average_exposure_percent":0.1397658940900737,"average_leverage":0.1397658940900737,"average_position_value":201.26045021761882,"max_exposure_percent":0.4037842486939074},"closed_trades":16,"equity_curve":[],"final_equity":513.7389906175575,"max_drawdown":0.026452264535962864,"open_trades":0,"profit_factor":1.6111299481529693,"sharpe":0.6142650903481952,"signal_diagnostics":{"buy_signals":16,"duplicate_buy_skips":0,"flat_sell_skips":0,"hold_signals":409,"risk_blocked_signals":0,"sell_signals":3,"stop_loss_exits":11,"take_profit_exits":1},"starting_equity":500,"total_return":0.027477981235115134,"trade_analysis":{"average_loss":-2.2481291677950246,"average_trade_duration_days":12.625,"average_win":6.036713715917959,"expectancy":0.8586869135973441,"largest_loss":-4.596514717504676,"largest_win":11.833057098286165,"max_trade_duration_days":45.0,"median_trade_duration_days":9.0,"profit_factor":1.6111299481529693,"time_in_market_percent":0.31659374387775097,"total_trades":16,"win_rate":0.375}}