{"capital_utilization":{"average_cash_percent":0.935205532842682,"average_exposure_percent":0.0647944671573179,"average_leverage":0.0647944671573179,"average_position_value":206.1507253940558,"max_exposure_percent":0.40243645913910453},"closed_trades":9,"equity_curve":[],"final_equity":550.65803619375,"max_drawdown":0.013372984932261682,"open_trades":0,"profit_factor":10.476801332156048,"sharpe":1.7765791208221593,"signal_diagnostics":{"buy_signals":9,"duplicate_buy_skips":0,"flat_sell_skips":0,"hold_signals":535,"risk_blocked_signals":0,"sell_signals":6,"stop_loss_exits":2,"take_profit_exits":1},"starting_equity":500,"total_return":0.10131607238750018,"trade_analysis":{"average_loss":-2.6727391668463376,"average_trade_duration_days":12.773148148148147,"average_win":8.000502075348958,"expectancy":5.628670688194449,"largest_loss":-3.0091219363273556,"largest_win":15.136851816744276,"max_trade_duration_days":21.0,"median_trade_duration_days":13.0,"profit_factor":10.476801332156048,"time_in_market_percent":0.14297559206094212,"total_trades":9,"win_rate":0.7777777777777778}}