{"capital_utilization":{"average_cash_percent":0.9278236158729216,"average_exposure_percent":0.07217638412707833,"average_leverage":0.07217638412707833,"average_position_value":206.7197603774329,"max_exposure_percent":0.41125111963731736},"closed_trades":17,"equity_curve":[],"final_equity":521.9695351706405,"max_drawdown":0.033999844682661914,"open_trades":0,"profit_factor":1.4161440113738832,"sharpe":0.48063993852683423,"signal_diagnostics":{"buy_signals":17,"duplicate_buy_skips":0,"flat_sell_skips":0,"hold_signals":519,"risk_blocked_signals":0,"sell_signals":1,"stop_loss_exits":7,"take_profit_exits":8},"starting_equity":500,"total_return":0.04393907034128097,"trade_analysis":{"average_loss":-7.541872377342563,"average_trade_duration_days":6.938725490196079,"average_win":7.476264181203848,"expectancy":1.2923255982729729,"largest_loss":-14.486743254472215,"largest_win":13.597223392708424,"max_trade_duration_days":19.0,"median_trade_duration_days":6.0,"profit_factor":1.4161440113738832,"time_in_market_percent":0.14670674198061875,"total_trades":17,"win_rate":0.5882352941176471}}