{"capital_utilization":{"average_cash_percent":0.9227053973066666,"average_exposure_percent":0.07729460269333344,"average_leverage":0.07729460269333344,"average_position_value":200.55056435294057,"max_exposure_percent":0.407916569753242},"closed_trades":15,"equity_curve":[],"final_equity":487.7087479843128,"max_drawdown":0.05035451501329166,"open_trades":0,"profit_factor":0.7204279073489802,"sharpe":-0.30905673493371794,"signal_diagnostics":{"buy_signals":15,"duplicate_buy_skips":0,"flat_sell_skips":0,"hold_signals":522,"risk_blocked_signals":0,"sell_signals":2,"stop_loss_exits":13,"take_profit_exits":0},"starting_equity":500,"total_return":-0.024582504031374408,"trade_analysis":{"average_loss":-4.39645169842826,"average_trade_duration_days":8.933333333333334,"average_win":6.334652993719082,"expectancy":-0.8194168010458124,"largest_loss":-9.629347202102933,"largest_win":12.497494515235687,"max_trade_duration_days":25.0,"median_trade_duration_days":8.0,"profit_factor":0.7204279073489802,"time_in_market_percent":0.16665802974555632,"total_trades":15,"win_rate":0.3333333333333333}}