{"capital_utilization":{"average_cash_percent":0.8341271527789748,"average_exposure_percent":0.16587284722102524,"average_leverage":0.16587284722102524,"average_position_value":190.0024497656889,"max_exposure_percent":0.409153449959333},"closed_trades":25,"equity_curve":[],"final_equity":510.0124086077502,"max_drawdown":0.10220618144749832,"open_trades":0,"profit_factor":1.1260380520089366,"sharpe":0.1972885466322026,"signal_diagnostics":{"buy_signals":25,"duplicate_buy_skips":0,"flat_sell_skips":0,"hold_signals":390,"risk_blocked_signals":0,"sell_signals":7,"stop_loss_exits":17,"take_profit_exits":1},"starting_equity":500,"total_return":0.020024817215500423,"trade_analysis":{"average_loss":-6.110736124869967,"average_trade_duration_days":8.958333333333334,"average_win":7.454331519254983,"expectancy":0.4004963443100087,"largest_loss":-10.453897151503025,"largest_win":14.29363312037108,"max_trade_duration_days":19.0,"median_trade_duration_days":8.0,"profit_factor":1.1260380520089366,"time_in_market_percent":0.3510089466466401,"total_trades":25,"win_rate":0.48}}