{"capital_utilization":{"average_cash_percent":0.8267938044881532,"average_exposure_percent":0.1732061955118468,"average_leverage":0.1732061955118468,"average_position_value":201.7462012758913,"max_exposure_percent":0.40755146665997105},"closed_trades":22,"equity_curve":[],"final_equity":519.6620527966245,"max_drawdown":0.05836814937983852,"open_trades":0,"profit_factor":1.360327454555959,"sharpe":0.42446430686494036,"signal_diagnostics":{"buy_signals":22,"duplicate_buy_skips":0,"flat_sell_skips":0,"hold_signals":397,"risk_blocked_signals":0,"sell_signals":2,"stop_loss_exits":19,"take_profit_exits":0},"starting_equity":500,"total_return":0.03932410559324895,"trade_analysis":{"average_loss":-4.9606526578731325,"average_trade_duration_days":11.047348484848484,"average_win":6.74811200302081,"expectancy":0.893729672573839,"largest_loss":-9.153850069386012,"largest_win":25.361335104365125,"max_trade_duration_days":35.041666666666664,"median_trade_duration_days":7.0,"profit_factor":1.360327454555959,"time_in_market_percent":0.38091817410043755,"total_trades":22,"win_rate":0.5}}