{"capital_utilization":{"average_cash_percent":0.837276332994721,"average_exposure_percent":0.16272366700527902,"average_leverage":0.16272366700527902,"average_position_value":197.8996758699518,"max_exposure_percent":0.4112296315567618},"closed_trades":15,"equity_curve":[],"final_equity":528.9830999274368,"max_drawdown":0.06081336642541295,"open_trades":0,"profit_factor":1.3708198279782815,"sharpe":0.43270092290636714,"signal_diagnostics":{"buy_signals":15,"duplicate_buy_skips":0,"flat_sell_skips":0,"hold_signals":410,"risk_blocked_signals":0,"sell_signals":6,"stop_loss_exits":8,"take_profit_exits":1},"starting_equity":500,"total_return":0.0579661998548735,"trade_analysis":{"average_loss":-9.769940056014974,"average_trade_duration_days":16.4,"average_win":15.306088625079507,"expectancy":1.9322066618291167,"largest_loss":-13.514989936491318,"largest_win":24.182781875529482,"max_trade_duration_days":32.0,"median_trade_duration_days":15.0,"profit_factor":1.3708198279782815,"time_in_market_percent":0.3855547573956769,"total_trades":15,"win_rate":0.4666666666666667}}