{"capital_utilization":{"average_cash_percent":0.886046646010057,"average_exposure_percent":0.11395335398994298,"average_leverage":0.11395335398994298,"average_position_value":205.0729790889101,"max_exposure_percent":0.4073230327189231},"closed_trades":16,"equity_curve":[],"final_equity":515.4800763939899,"max_drawdown":0.06466103631685227,"open_trades":0,"profit_factor":1.3241478555532948,"sharpe":0.29707094208485013,"signal_diagnostics":{"buy_signals":16,"duplicate_buy_skips":0,"flat_sell_skips":0,"hold_signals":408,"risk_blocked_signals":0,"sell_signals":3,"stop_loss_exits":13,"take_profit_exits":0},"starting_equity":500,"total_return":0.0309601527879797,"trade_analysis":{"average_loss":-5.3062466980852925,"average_trade_duration_days":9.5,"average_win":9.03375666810822,"expectancy":0.9675047746243683,"largest_loss":-9.079273792822423,"largest_win":20.20995509931655,"max_trade_duration_days":20.0,"median_trade_duration_days":10.0,"profit_factor":1.3241478555532948,"time_in_market_percent":0.23822895578919873,"total_trades":16,"win_rate":0.4375}}