{"capital_utilization":{"average_cash_percent":0.7843996132967792,"average_exposure_percent":0.2156003867032208,"average_leverage":0.2156003867032208,"average_position_value":208.42121660588458,"max_exposure_percent":0.40654295992212164},"closed_trades":20,"equity_curve":[],"final_equity":546.25083388656,"max_drawdown":0.06598179819961657,"open_trades":0,"profit_factor":1.8305527617969777,"sharpe":0.7537084752513664,"signal_diagnostics":{"buy_signals":20,"duplicate_buy_skips":0,"flat_sell_skips":0,"hold_signals":514,"risk_blocked_signals":0,"sell_signals":4,"stop_loss_exits":12,"take_profit_exits":3},"starting_equity":500,"total_return":0.09250166777312008,"trade_analysis":{"average_loss":-5.06243727769619,"average_trade_duration_days":20.29791666666667,"average_win":11.326404882357563,"expectancy":2.312541694327999,"largest_loss":-8.279832670022904,"largest_win":24.463773648398348,"max_trade_duration_days":56.0,"median_trade_duration_days":13.5,"profit_factor":1.8305527617969777,"time_in_market_percent":0.5048971342695756,"total_trades":20,"win_rate":0.45}}