{"capital_utilization":{"average_cash_percent":0.9466351558086165,"average_exposure_percent":0.05336484419138352,"average_leverage":0.05336484419138352,"average_position_value":206.97911722495812,"max_exposure_percent":0.4024364591391046},"closed_trades":9,"equity_curve":[],"final_equity":541.023133061515,"max_drawdown":0.010622713818518925,"open_trades":0,"profit_factor":14.537658248361529,"sharpe":1.6912836497769754,"signal_diagnostics":{"buy_signals":9,"duplicate_buy_skips":0,"flat_sell_skips":0,"hold_signals":535,"risk_blocked_signals":0,"sell_signals":2,"stop_loss_exits":1,"take_profit_exits":6},"starting_equity":500,"total_return":0.0820462661230299,"trade_analysis":{"average_loss":-3.030297582410907,"average_trade_duration_days":10.773148148148149,"average_win":5.50667883049074,"expectancy":4.55812589572389,"largest_loss":-3.030297582410907,"largest_win":8.281070210795246,"max_trade_duration_days":21.0,"median_trade_duration_days":10.958333333333334,"profit_factor":14.537658248361529,"time_in_market_percent":0.12058869254288233,"total_trades":9,"win_rate":0.8888888888888888}}