{"capital_utilization":{"average_cash_percent":0.9311179443800133,"average_exposure_percent":0.06888205561998674,"average_leverage":0.06888205561998674,"average_position_value":200.6269485477814,"max_exposure_percent":0.4135321730362888},"closed_trades":10,"equity_curve":[],"final_equity":604.6369999795932,"max_drawdown":0.08035781310182592,"open_trades":0,"profit_factor":2.710990756851604,"sharpe":0.8630887561396023,"signal_diagnostics":{"buy_signals":10,"duplicate_buy_skips":0,"flat_sell_skips":0,"hold_signals":534,"risk_blocked_signals":0,"sell_signals":0,"stop_loss_exits":9,"take_profit_exits":0},"starting_equity":500,"total_return":0.20927399995918639,"trade_analysis":{"average_loss":-10.19263250065086,"average_trade_duration_days":12.604166666666668,"average_win":41.44819874587459,"expectancy":10.46369999795932,"largest_loss":-16.08772320427841,"largest_win":83.55518433549,"max_trade_duration_days":33.0,"median_trade_duration_days":10.0,"profit_factor":2.710990756851604,"time_in_market_percent":0.1567601181530808,"total_trades":10,"win_rate":0.4}}