{"capital_utilization":{"average_cash_percent":0.7082536328811684,"average_exposure_percent":0.29174636711883156,"average_leverage":0.29174636711883156,"average_position_value":212.08434688991758,"max_exposure_percent":0.4041020721593048},"closed_trades":24,"equity_curve":[],"final_equity":534.5388869405268,"max_drawdown":0.04585286883678929,"open_trades":0,"profit_factor":1.9275278135859364,"sharpe":0.8989622809663144,"signal_diagnostics":{"buy_signals":24,"duplicate_buy_skips":0,"flat_sell_skips":0,"hold_signals":505,"risk_blocked_signals":0,"sell_signals":0,"stop_loss_exits":19,"take_profit_exits":4},"starting_equity":500,"total_return":0.06907777388105374,"trade_analysis":{"average_loss":-2.8644288807814178,"average_trade_duration_days":22.916666666666668,"average_win":6.525132944607748,"expectancy":1.439120289188617,"largest_loss":-5.236535808867554,"largest_win":16.410280656599536,"max_trade_duration_days":62.0,"median_trade_duration_days":21.5,"profit_factor":1.9275278135859364,"time_in_market_percent":0.6840441519407162,"total_trades":24,"win_rate":0.4583333333333333}}