{"capital_utilization":{"average_cash_percent":0.8967462124311578,"average_exposure_percent":0.1032537875688422,"average_leverage":0.1032537875688422,"average_position_value":200.76662963973922,"max_exposure_percent":0.4073587152005777},"closed_trades":15,"equity_curve":[],"final_equity":523.741855227535,"max_drawdown":0.03624494735481535,"open_trades":0,"profit_factor":2.091004782568981,"sharpe":0.6062950727193172,"signal_diagnostics":{"buy_signals":15,"duplicate_buy_skips":0,"flat_sell_skips":0,"hold_signals":410,"risk_blocked_signals":0,"sell_signals":4,"stop_loss_exits":10,"take_profit_exits":1},"starting_equity":500,"total_return":0.04748371045507005,"trade_analysis":{"average_loss":-3.1087797763334892,"average_trade_duration_days":9.530555555555555,"average_win":5.687914207733671,"expectancy":1.5827903485023296,"largest_loss":-8.783138935300448,"largest_win":11.384251933151768,"max_trade_duration_days":21.0,"median_trade_duration_days":8.0,"profit_factor":2.091004782568981,"time_in_market_percent":0.22405798994318551,"total_trades":15,"win_rate":0.5333333333333333}}