{"capital_utilization":{"average_cash_percent":0.9539391943463197,"average_exposure_percent":0.046060805653680356,"average_leverage":0.046060805653680356,"average_position_value":202.73419123686398,"max_exposure_percent":0.40567794480041136},"closed_trades":9,"equity_curve":[],"final_equity":534.674170025523,"max_drawdown":0.023857310460030406,"open_trades":0,"profit_factor":3.1771501408099967,"sharpe":1.0631222942583014,"signal_diagnostics":{"buy_signals":9,"duplicate_buy_skips":0,"flat_sell_skips":0,"hold_signals":535,"risk_blocked_signals":0,"sell_signals":4,"stop_loss_exits":4,"take_profit_exits":1},"starting_equity":500,"total_return":0.06934834005104618,"trade_analysis":{"average_loss":-5.308800922142293,"average_trade_duration_days":8.666666666666666,"average_win":8.433428798658314,"expectancy":3.8526855583914448,"largest_loss":-6.867969777374319,"largest_win":14.499094106308617,"max_trade_duration_days":14.0,"median_trade_duration_days":8.0,"profit_factor":3.1771501408099967,"time_in_market_percent":0.09700989791159248,"total_trades":9,"win_rate":0.6666666666666666}}