{"capital_utilization":{"average_cash_percent":0.75859057169619,"average_exposure_percent":0.2414094283038099,"average_leverage":0.2414094283038099,"average_position_value":213.89961840006254,"max_exposure_percent":0.4070697501018377},"closed_trades":35,"equity_curve":[],"final_equity":543.1379399941026,"max_drawdown":0.06443070101650782,"open_trades":0,"profit_factor":1.4480852082135764,"sharpe":0.6390513510221989,"signal_diagnostics":{"buy_signals":35,"duplicate_buy_skips":0,"flat_sell_skips":0,"hold_signals":483,"risk_blocked_signals":0,"sell_signals":13,"stop_loss_exits":17,"take_profit_exits":5},"starting_equity":500,"total_return":0.08627587998820507,"trade_analysis":{"average_loss":-4.375987911082264,"average_trade_duration_days":12.514285714285712,"average_win":10.723821079839414,"expectancy":1.2325125712600742,"largest_loss":-8.554029165956385,"largest_win":30.082315039543737,"max_trade_duration_days":49.0,"median_trade_duration_days":8.0,"profit_factor":1.4480852082135764,"time_in_market_percent":0.5447478882727884,"total_trades":35,"win_rate":0.37142857142857144}}