{"capital_utilization":{"average_cash_percent":0.9165377972031278,"average_exposure_percent":0.08346220279687223,"average_leverage":0.08346220279687223,"average_position_value":204.6969406737894,"max_exposure_percent":0.4079308764801643},"closed_trades":18,"equity_curve":[],"final_equity":539.0532685536386,"max_drawdown":0.034773063411583094,"open_trades":0,"profit_factor":1.7436960771149976,"sharpe":0.8591968237804988,"signal_diagnostics":{"buy_signals":18,"duplicate_buy_skips":0,"flat_sell_skips":0,"hold_signals":517,"risk_blocked_signals":0,"sell_signals":6,"stop_loss_exits":11,"take_profit_exits":1},"starting_equity":500,"total_return":0.07810653710727733,"trade_analysis":{"average_loss":-5.834711510579109,"average_trade_duration_days":7.888888888888889,"average_win":10.173963572094515,"expectancy":2.1696260307577035,"largest_loss":-9.591452693832187,"largest_win":16.782029309606333,"max_trade_duration_days":16.0,"median_trade_duration_days":7.0,"profit_factor":1.7436960771149976,"time_in_market_percent":0.176607762864694,"total_trades":18,"win_rate":0.5}}