{"capital_utilization":{"average_cash_percent":0.7587106473388884,"average_exposure_percent":0.24128935266111165,"average_leverage":0.24128935266111165,"average_position_value":214.28644596945637,"max_exposure_percent":0.40731240929181317},"closed_trades":25,"equity_curve":[],"final_equity":542.4147249438738,"max_drawdown":0.08811061111506381,"open_trades":0,"profit_factor":1.5373096538192519,"sharpe":0.6577744967344825,"signal_diagnostics":{"buy_signals":25,"duplicate_buy_skips":0,"flat_sell_skips":0,"hold_signals":502,"risk_blocked_signals":0,"sell_signals":4,"stop_loss_exits":16,"take_profit_exits":5},"starting_equity":500,"total_return":0.08482944988774754,"trade_analysis":{"average_loss":-4.933691941228114,"average_trade_duration_days":18.281666666666666,"average_win":13.48375511150262,"expectancy":1.6965889977549502,"largest_loss":-9.260832868318062,"largest_win":27.306948176376494,"max_trade_duration_days":70.0,"median_trade_duration_days":15.0,"profit_factor":1.5373096538192519,"time_in_market_percent":0.5684303259574027,"total_trades":25,"win_rate":0.36}}