{"capital_utilization":{"average_cash_percent":0.7517835354632416,"average_exposure_percent":0.24821646453675839,"average_leverage":0.24821646453675839,"average_position_value":201.77221394560928,"max_exposure_percent":0.4044592577689118},"closed_trades":34,"equity_curve":[],"final_equity":512.1555673083845,"max_drawdown":0.022169638441976888,"open_trades":0,"profit_factor":1.2831425051777179,"sharpe":0.3615920394295113,"signal_diagnostics":{"buy_signals":34,"duplicate_buy_skips":0,"flat_sell_skips":0,"hold_signals":485,"risk_blocked_signals":0,"sell_signals":2,"stop_loss_exits":32,"take_profit_exits":0},"starting_equity":500,"total_return":0.024311134616769037,"trade_analysis":{"average_loss":-2.0443293674017253,"average_trade_duration_days":13.587009803921568,"average_win":4.237421847986217,"expectancy":0.35751668554072263,"largest_loss":-5.390812592985542,"largest_win":11.08351640445619,"max_trade_duration_days":50.0,"median_trade_duration_days":9.0,"profit_factor":1.2831425051777179,"time_in_market_percent":0.5745452661035394,"total_trades":34,"win_rate":0.38235294117647056}}