{"capital_utilization":{"average_cash_percent":0.9169258526867474,"average_exposure_percent":0.08307414731325255,"average_leverage":0.08307414731325255,"average_position_value":200.76555529224646,"max_exposure_percent":0.4079395420783002},"closed_trades":14,"equity_curve":[],"final_equity":516.8428680397162,"max_drawdown":0.061380500634410105,"open_trades":0,"profit_factor":1.3737619738510145,"sharpe":0.4051485490154549,"signal_diagnostics":{"buy_signals":14,"duplicate_buy_skips":0,"flat_sell_skips":0,"hold_signals":412,"risk_blocked_signals":0,"sell_signals":3,"stop_loss_exits":10,"take_profit_exits":1},"starting_equity":500,"total_return":0.03368573607943248,"trade_analysis":{"average_loss":-5.632885772921753,"average_trade_duration_days":8.360119047619047,"average_win":10.317659037181713,"expectancy":1.2030620028368746,"largest_loss":-9.614250287090126,"largest_win":15.793228972882844,"max_trade_duration_days":16.0,"median_trade_duration_days":8.0,"profit_factor":1.3737619738510145,"time_in_market_percent":0.183438908117286,"total_trades":14,"win_rate":0.42857142857142855}}