{"capital_utilization":{"average_cash_percent":0.7897430145896283,"average_exposure_percent":0.21025698541037174,"average_leverage":0.21025698541037174,"average_position_value":214.84925487983304,"max_exposure_percent":0.40651542011182684},"closed_trades":21,"equity_curve":[],"final_equity":566.345792450666,"max_drawdown":0.0631056539783806,"open_trades":0,"profit_factor":2.381324785792459,"sharpe":1.0553561885867702,"signal_diagnostics":{"buy_signals":21,"duplicate_buy_skips":0,"flat_sell_skips":0,"hold_signals":512,"risk_blocked_signals":0,"sell_signals":6,"stop_loss_exits":11,"take_profit_exits":3},"starting_equity":500,"total_return":0.13269158490133193,"trade_analysis":{"average_loss":-4.803055236035866,"average_trade_duration_days":18.761904761904763,"average_win":10.39784952827496,"expectancy":3.1593234500317107,"largest_loss":-8.581080438651421,"largest_win":26.884020520655998,"max_trade_duration_days":51.0,"median_trade_duration_days":12.0,"profit_factor":2.381324785792459,"time_in_market_percent":0.49002435611753126,"total_trades":21,"win_rate":0.5238095238095238}}