{"capital_utilization":{"average_cash_percent":0.8319475088517634,"average_exposure_percent":0.16805249114823667,"average_leverage":0.16805249114823667,"average_position_value":202.6902915426845,"max_exposure_percent":0.40706790201578164},"closed_trades":12,"equity_curve":[],"final_equity":527.5392547507304,"max_drawdown":0.04658428221460145,"open_trades":0,"profit_factor":1.7577480348428332,"sharpe":0.7223542741741354,"signal_diagnostics":{"buy_signals":12,"duplicate_buy_skips":0,"flat_sell_skips":0,"hold_signals":417,"risk_blocked_signals":0,"sell_signals":2,"stop_loss_exits":6,"take_profit_exits":3},"starting_equity":500,"total_return":0.05507850950146076,"trade_analysis":{"average_loss":-5.19193593279372,"average_trade_duration_days":20.916666666666668,"average_win":12.776561256057274,"expectancy":2.294937895894194,"largest_loss":-8.551798003927882,"largest_win":19.738729215106886,"max_trade_duration_days":44.0,"median_trade_duration_days":19.5,"profit_factor":1.7577480348428332,"time_in_market_percent":0.39339123620453215,"total_trades":12,"win_rate":0.4166666666666667}}