{"capital_utilization":{"average_cash_percent":0.849061033985666,"average_exposure_percent":0.15093896601433401,"average_leverage":0.15093896601433401,"average_position_value":201.53262086223498,"max_exposure_percent":0.405952966839568},"closed_trades":42,"equity_curve":[],"final_equity":504.53948619572213,"max_drawdown":0.05953288414637417,"open_trades":0,"profit_factor":1.0489420025497906,"sharpe":0.1105261397360167,"signal_diagnostics":{"buy_signals":42,"duplicate_buy_skips":0,"flat_sell_skips":0,"hold_signals":469,"risk_blocked_signals":0,"sell_signals":16,"stop_loss_exits":20,"take_profit_exits":5},"starting_equity":500,"total_return":0.009078972391444173,"trade_analysis":{"average_loss":-4.216016322867382,"average_trade_duration_days":5.6190476190476195,"average_win":4.864592264940229,"expectancy":0.10808300466005136,"largest_loss":-7.0706201455876245,"largest_win":11.145049327529815,"max_trade_duration_days":17.0,"median_trade_duration_days":5.0,"profit_factor":1.0489420025497906,"time_in_market_percent":0.2935171270145619,"total_trades":42,"win_rate":0.47619047619047616}}