{"capital_utilization":{"average_cash_percent":0.7743700801811663,"average_exposure_percent":0.22562991981883376,"average_leverage":0.22562991981883376,"average_position_value":217.04136504596067,"max_exposure_percent":0.4073318257746647},"closed_trades":28,"equity_curve":[],"final_equity":557.7108262592192,"max_drawdown":0.07615635613972678,"open_trades":0,"profit_factor":1.781570214475034,"sharpe":0.9555966952004293,"signal_diagnostics":{"buy_signals":28,"duplicate_buy_skips":0,"flat_sell_skips":0,"hold_signals":496,"risk_blocked_signals":0,"sell_signals":0,"stop_loss_exits":28,"take_profit_exits":0},"starting_equity":500,"total_return":0.11542165251843839,"trade_analysis":{"average_loss":-5.274256617401053,"average_trade_duration_days":15.144345238095239,"average_win":9.396458493059564,"expectancy":2.0611009378292544,"largest_loss":-9.505301990184652,"largest_win":25.63992485048172,"max_trade_duration_days":47.0,"median_trade_duration_days":11.5,"profit_factor":1.781570214475034,"time_in_market_percent":0.5273876768409598,"total_trades":28,"win_rate":0.5}}