{"capital_utilization":{"average_cash_percent":0.8802498976803181,"average_exposure_percent":0.11975010231968186,"average_leverage":0.11975010231968186,"average_position_value":218.95590629766312,"max_exposure_percent":0.40596662016268054},"closed_trades":21,"equity_curve":[],"final_equity":576.3241303822527,"max_drawdown":0.05762292871913775,"open_trades":0,"profit_factor":2.3336264536478786,"sharpe":1.2007204703646852,"signal_diagnostics":{"buy_signals":21,"duplicate_buy_skips":0,"flat_sell_skips":0,"hold_signals":511,"risk_blocked_signals":0,"sell_signals":7,"stop_loss_exits":10,"take_profit_exits":3},"starting_equity":500,"total_return":0.15264826076450544,"trade_analysis":{"average_loss":-5.72305162165033,"average_trade_duration_days":9.761904761904763,"average_win":12.14133150897782,"expectancy":3.6344823991548907,"largest_loss":-7.90046775255486,"largest_win":24.697636242082798,"max_trade_duration_days":21.0,"median_trade_duration_days":9.0,"profit_factor":2.3336264536478786,"time_in_market_percent":0.2549619111779033,"total_trades":21,"win_rate":0.5238095238095238}}