{"capital_utilization":{"average_cash_percent":0.758400023621203,"average_exposure_percent":0.24159997637879707,"average_leverage":0.24159997637879707,"average_position_value":213.29664112687792,"max_exposure_percent":0.4052237376944744},"closed_trades":32,"equity_curve":[],"final_equity":533.5956646988616,"max_drawdown":0.039513701192547664,"open_trades":0,"profit_factor":1.673230551128609,"sharpe":0.6856523351450753,"signal_diagnostics":{"buy_signals":32,"duplicate_buy_skips":0,"flat_sell_skips":0,"hold_signals":489,"risk_blocked_signals":0,"sell_signals":1,"stop_loss_exits":31,"take_profit_exits":0},"starting_equity":500,"total_return":0.0671913293977231,"trade_analysis":{"average_loss":-2.9354217024291698,"average_trade_duration_days":14.217447916666666,"average_win":5.5665222426771646,"expectancy":1.049864521839425,"largest_loss":-6.773833911084879,"largest_win":13.498705144088618,"max_trade_duration_days":35.0,"median_trade_duration_days":12.0,"profit_factor":1.673230551128609,"time_in_market_percent":0.5658392496242939,"total_trades":32,"win_rate":0.46875}}