{"capital_utilization":{"average_cash_percent":0.8268593843976197,"average_exposure_percent":0.17314061560238028,"average_leverage":0.17314061560238028,"average_position_value":201.94976214686696,"max_exposure_percent":0.4232816353623317},"closed_trades":17,"equity_curve":[],"final_equity":678.5720869608904,"max_drawdown":0.1841102368984401,"open_trades":0,"profit_factor":2.4098331520166316,"sharpe":0.9849917046662253,"signal_diagnostics":{"buy_signals":17,"duplicate_buy_skips":0,"flat_sell_skips":0,"hold_signals":519,"risk_blocked_signals":0,"sell_signals":5,"stop_loss_exits":8,"take_profit_exits":4},"starting_equity":500,"total_return":0.35714417392178066,"trade_analysis":{"average_loss":-18.094551189110568,"average_trade_duration_days":19.529411764705884,"average_win":30.52339452846643,"expectancy":10.504240409464137,"largest_loss":-24.374796870662916,"largest_win":52.07094645256138,"max_trade_duration_days":45.0,"median_trade_duration_days":18.958333333333332,"profit_factor":2.4098331520166316,"time_in_market_percent":0.41291392444421415,"total_trades":17,"win_rate":0.5882352941176471}}