{"capital_utilization":{"average_cash_percent":0.7097093696830286,"average_exposure_percent":0.29029063031697144,"average_leverage":0.29029063031697144,"average_position_value":210.7624320049269,"max_exposure_percent":0.4054349226537048},"closed_trades":22,"equity_curve":[],"final_equity":531.4888264887052,"max_drawdown":0.04297480844813046,"open_trades":0,"profit_factor":2.0581267760414454,"sharpe":0.8082430470399082,"signal_diagnostics":{"buy_signals":22,"duplicate_buy_skips":0,"flat_sell_skips":0,"hold_signals":509,"risk_blocked_signals":0,"sell_signals":3,"stop_loss_exits":16,"take_profit_exits":2},"starting_equity":500,"total_return":0.06297765297741043,"trade_analysis":{"average_loss":-2.9759030015767927,"average_trade_duration_days":25.227272727272727,"average_win":5.103988042039421,"expectancy":1.4313102949411418,"largest_loss":-6.923770144154453,"largest_win":14.87195902496936,"max_trade_duration_days":78.0,"median_trade_duration_days":22.020833333333336,"profit_factor":2.0581267760414454,"time_in_market_percent":0.6902627351401772,"total_trades":22,"win_rate":0.5454545454545454}}