{"capital_utilization":{"average_cash_percent":0.8075262583446835,"average_exposure_percent":0.19247374165531647,"average_leverage":0.19247374165531647,"average_position_value":189.9779267754597,"max_exposure_percent":0.40679894113779763},"closed_trades":34,"equity_curve":[],"final_equity":473.3997002392653,"max_drawdown":0.08964050371160943,"open_trades":0,"profit_factor":0.6799913404058807,"sharpe":-0.5330402289330838,"signal_diagnostics":{"buy_signals":34,"duplicate_buy_skips":0,"flat_sell_skips":0,"hold_signals":372,"risk_blocked_signals":0,"sell_signals":8,"stop_loss_exits":25,"take_profit_exits":1},"starting_equity":500,"total_return":-0.05320059952146938,"trade_analysis":{"average_loss":-3.9582708249018954,"average_trade_duration_days":7.557598039215687,"average_win":4.347952889400396,"expectancy":-0.7823617576686668,"largest_loss":-8.000767043524212,"largest_win":10.300937812924653,"max_trade_duration_days":21.0,"median_trade_duration_days":5.5,"profit_factor":0.6799913404058807,"time_in_market_percent":0.40272970678508463,"total_trades":34,"win_rate":0.38235294117647056}}