{"capital_utilization":{"average_cash_percent":0.9094095181485757,"average_exposure_percent":0.0905904818514243,"average_leverage":0.0905904818514243,"average_position_value":197.6279604396198,"max_exposure_percent":0.40710055678916734},"closed_trades":14,"equity_curve":[],"final_equity":512.7189289174135,"max_drawdown":0.07172595994796906,"open_trades":0,"profit_factor":1.2941086599847382,"sharpe":0.2973649305052756,"signal_diagnostics":{"buy_signals":14,"duplicate_buy_skips":0,"flat_sell_skips":0,"hold_signals":412,"risk_blocked_signals":0,"sell_signals":3,"stop_loss_exits":10,"take_profit_exits":1},"starting_equity":500,"total_return":0.025437857834826882,"trade_analysis":{"average_loss":-5.405709967054961,"average_trade_duration_days":8.857142857142858,"average_win":9.327434775642187,"expectancy":0.9084949226723881,"largest_loss":-8.468675592844221,"largest_win":18.230808534517816,"max_trade_duration_days":13.0,"median_trade_duration_days":8.5,"profit_factor":1.2941086599847382,"time_in_market_percent":0.19434467445960948,"total_trades":14,"win_rate":0.42857142857142855}}