{"capital_utilization":{"average_cash_percent":0.8490951913009993,"average_exposure_percent":0.1509048086990007,"average_leverage":0.1509048086990007,"average_position_value":168.53797376245265,"max_exposure_percent":0.42181386262950293},"closed_trades":35,"equity_curve":[],"final_equity":454.86787015851905,"max_drawdown":0.25691041798316644,"open_trades":0,"profit_factor":0.8381214369626315,"sharpe":-0.2333166143376145,"signal_diagnostics":{"buy_signals":35,"duplicate_buy_skips":0,"flat_sell_skips":0,"hold_signals":483,"risk_blocked_signals":0,"sell_signals":14,"stop_loss_exits":20,"take_profit_exits":1},"starting_equity":500,"total_return":-0.09026425968296192,"trade_analysis":{"average_loss":-13.940119369314678,"average_trade_duration_days":7.285714285714286,"average_win":15.578017169654174,"expectancy":-1.2894894240423127,"largest_loss":-22.320870436057124,"largest_win":32.88831623629213,"max_trade_duration_days":19.0,"median_trade_duration_days":6.958333333333333,"profit_factor":0.8381214369626315,"time_in_market_percent":0.3171477431725139,"total_trades":35,"win_rate":0.42857142857142855}}