{"capital_utilization":{"average_cash_percent":0.8093754397975996,"average_exposure_percent":0.1906245602024004,"average_leverage":0.1906245602024004,"average_position_value":212.5798950897391,"max_exposure_percent":0.4056515052098758},"closed_trades":17,"equity_curve":[],"final_equity":557.5078834971408,"max_drawdown":0.045743469197275295,"open_trades":0,"profit_factor":2.435934534803437,"sharpe":1.0031314500032071,"signal_diagnostics":{"buy_signals":17,"duplicate_buy_skips":0,"flat_sell_skips":0,"hold_signals":520,"risk_blocked_signals":0,"sell_signals":3,"stop_loss_exits":10,"take_profit_exits":3},"starting_equity":500,"total_return":0.11501576699428173,"trade_analysis":{"average_loss":-5.721299773103906,"average_trade_duration_days":21.176470588235293,"average_win":9.755698190886813,"expectancy":3.3828166763023995,"largest_loss":-7.302692507450617,"largest_win":26.055048228461192,"max_trade_duration_days":65.0,"median_trade_duration_days":12.0,"profit_factor":2.435934534803437,"time_in_market_percent":0.44773799036119605,"total_trades":17,"win_rate":0.5882352941176471}}