{"capital_utilization":{"average_cash_percent":0.8113874117888629,"average_exposure_percent":0.18861258821113708,"average_leverage":0.18861258821113708,"average_position_value":212.2447161412312,"max_exposure_percent":0.41121496094567694},"closed_trades":33,"equity_curve":[],"final_equity":578.7082511244093,"max_drawdown":0.07729729861157893,"open_trades":0,"profit_factor":1.6750865546971168,"sharpe":0.999836625955841,"signal_diagnostics":{"buy_signals":33,"duplicate_buy_skips":0,"flat_sell_skips":0,"hold_signals":487,"risk_blocked_signals":0,"sell_signals":8,"stop_loss_exits":18,"take_profit_exits":6},"starting_equity":500,"total_return":0.15741650224881876,"trade_analysis":{"average_loss":-6.858227426914905,"average_trade_duration_days":10.030303030303031,"average_win":12.20613233637267,"expectancy":2.385098518921495,"largest_loss":-14.812157021602967,"largest_win":21.632855502377552,"max_trade_duration_days":26.958333333333332,"median_trade_duration_days":10.0,"profit_factor":1.6750865546971168,"time_in_market_percent":0.41167020780432195,"total_trades":33,"win_rate":0.48484848484848486}}