{"capital_utilization":{"average_cash_percent":0.9211211536646823,"average_exposure_percent":0.07887884633531773,"average_leverage":0.07887884633531773,"average_position_value":200.4310584484532,"max_exposure_percent":0.4066673962837236},"closed_trades":13,"equity_curve":[],"final_equity":516.7542863778526,"max_drawdown":0.07094433409576417,"open_trades":0,"profit_factor":1.5280338771272066,"sharpe":0.39908638925676515,"signal_diagnostics":{"buy_signals":13,"duplicate_buy_skips":0,"flat_sell_skips":0,"hold_signals":414,"risk_blocked_signals":0,"sell_signals":5,"stop_loss_exits":8,"take_profit_exits":0},"starting_equity":500,"total_return":0.03350857275570518,"trade_analysis":{"average_loss":-5.288261196738975,"average_trade_duration_days":7.6923076923076925,"average_win":6.926264794040928,"expectancy":1.288791259834819,"largest_loss":-8.132200286275912,"largest_win":11.424956202142601,"max_trade_duration_days":13.0,"median_trade_duration_days":9.0,"profit_factor":1.5280338771272066,"time_in_market_percent":0.15672957617710442,"total_trades":13,"win_rate":0.5384615384615384}}