{"capital_utilization":{"average_cash_percent":0.8761197175591812,"average_exposure_percent":0.12388028244081888,"average_leverage":0.12388028244081888,"average_position_value":204.47125881445433,"max_exposure_percent":0.40624098654921476},"closed_trades":23,"equity_curve":[],"final_equity":548.6538973634438,"max_drawdown":0.021429975601539353,"open_trades":0,"profit_factor":2.34027863797514,"sharpe":1.2909812851174325,"signal_diagnostics":{"buy_signals":23,"duplicate_buy_skips":0,"flat_sell_skips":0,"hold_signals":508,"risk_blocked_signals":0,"sell_signals":12,"stop_loss_exits":8,"take_profit_exits":2},"starting_equity":500,"total_return":0.09730779472688744,"trade_analysis":{"average_loss":-4.537666271857187,"average_trade_duration_days":9.349637681159418,"average_win":5.663681835886757,"expectancy":2.115386841888862,"largest_loss":-7.551440746283723,"largest_win":14.546797598771585,"max_trade_duration_days":18.958333333333332,"median_trade_duration_days":9.0,"profit_factor":2.34027863797514,"time_in_market_percent":0.26745089910348757,"total_trades":23,"win_rate":0.6521739130434783}}