{"capital_utilization":{"average_cash_percent":0.868724020905118,"average_exposure_percent":0.13127597909488195,"average_leverage":0.13127597909488195,"average_position_value":210.643867592373,"max_exposure_percent":0.40687287921512455},"closed_trades":38,"equity_curve":[],"final_equity":541.478053367852,"max_drawdown":0.0540968310180336,"open_trades":0,"profit_factor":1.4930580805373954,"sharpe":0.7359839986463144,"signal_diagnostics":{"buy_signals":38,"duplicate_buy_skips":0,"flat_sell_skips":0,"hold_signals":478,"risk_blocked_signals":0,"sell_signals":14,"stop_loss_exits":15,"take_profit_exits":8},"starting_equity":500,"total_return":0.08295610673570408,"trade_analysis":{"average_loss":-4.948474811663762,"average_trade_duration_days":5.291666666666666,"average_win":5.981053579339804,"expectancy":1.09152772020663,"largest_loss":-8.641485924499674,"largest_win":15.952047265696143,"max_trade_duration_days":15.0,"median_trade_duration_days":5.0,"profit_factor":1.4930580805373954,"time_in_market_percent":0.2500906876716588,"total_trades":38,"win_rate":0.5526315789473685}}