{"capital_utilization":{"average_cash_percent":0.8300855785772145,"average_exposure_percent":0.16991442142278543,"average_leverage":0.16991442142278543,"average_position_value":191.46637747361171,"max_exposure_percent":0.4076413884486524},"closed_trades":29,"equity_curve":[],"final_equity":487.4092736344079,"max_drawdown":0.07587371255392107,"open_trades":0,"profit_factor":0.8288483436916652,"sharpe":-0.23583808005038323,"signal_diagnostics":{"buy_signals":29,"duplicate_buy_skips":0,"flat_sell_skips":0,"hold_signals":382,"risk_blocked_signals":0,"sell_signals":12,"stop_loss_exits":16,"take_profit_exits":1},"starting_equity":500,"total_return":-0.025181452731184217,"trade_analysis":{"average_loss":-4.597795982948866,"average_trade_duration_days":8.136494252873563,"average_win":4.69030841242998,"expectancy":-0.43416297812386573,"largest_loss":-8.847078721659036,"largest_win":10.592045560249693,"max_trade_duration_days":22.0,"median_trade_duration_days":6.0,"profit_factor":0.8288483436916652,"time_in_market_percent":0.36981649578789266,"total_trades":29,"win_rate":0.4482758620689655}}