{"capital_utilization":{"average_cash_percent":0.9304850195726282,"average_exposure_percent":0.06951498042737184,"average_leverage":0.06951498042737184,"average_position_value":200.26306313563833,"max_exposure_percent":0.4135321730362888},"closed_trades":13,"equity_curve":[],"final_equity":578.1469952974604,"max_drawdown":0.08726774608676124,"open_trades":0,"profit_factor":1.970963195272973,"sharpe":0.7189410214536892,"signal_diagnostics":{"buy_signals":13,"duplicate_buy_skips":0,"flat_sell_skips":0,"hold_signals":528,"risk_blocked_signals":0,"sell_signals":1,"stop_loss_exits":9,"take_profit_exits":2},"starting_equity":500,"total_return":0.15629399059492077,"trade_analysis":{"average_loss":-10.060499161800157,"average_trade_duration_days":9.310897435897436,"average_win":31.726197718372326,"expectancy":6.011307330573876,"largest_loss":-16.38672254838315,"largest_win":71.15623395205473,"max_trade_duration_days":27.0,"median_trade_duration_days":7.041666666666667,"profit_factor":1.970963195272973,"time_in_market_percent":0.15054153495361974,"total_trades":13,"win_rate":0.38461538461538464}}