{"capital_utilization":{"average_cash_percent":0.7306917238786137,"average_exposure_percent":0.26930827612138636,"average_leverage":0.26930827612138636,"average_position_value":215.84600672397866,"max_exposure_percent":0.4039720677335347},"closed_trades":44,"equity_curve":[],"final_equity":561.2453786388604,"max_drawdown":0.03300652570473683,"open_trades":0,"profit_factor":2.009506027337297,"sharpe":1.062696520664755,"signal_diagnostics":{"buy_signals":44,"duplicate_buy_skips":0,"flat_sell_skips":0,"hold_signals":465,"risk_blocked_signals":0,"sell_signals":8,"stop_loss_exits":33,"take_profit_exits":3},"starting_equity":500,"total_return":0.12249075727772074,"trade_analysis":{"average_loss":-2.5278608621586223,"average_trade_duration_days":11.135416666666666,"average_win":6.095701966533368,"expectancy":1.3919404236104642,"largest_loss":-5.311729736432809,"largest_win":14.510514970070965,"max_trade_duration_days":38.0,"median_trade_duration_days":9.0,"profit_factor":2.009506027337297,"time_in_market_percent":0.6093693320205213,"total_trades":44,"win_rate":0.45454545454545453}}