{"capital_utilization":{"average_cash_percent":0.804657203663758,"average_exposure_percent":0.19534279633624194,"average_leverage":0.19534279633624194,"average_position_value":205.05685257649617,"max_exposure_percent":0.40653980067765194},"closed_trades":18,"equity_curve":[],"final_equity":535.5096996784438,"max_drawdown":0.04322405928853758,"open_trades":0,"profit_factor":1.9370081683819695,"sharpe":0.6160723573472308,"signal_diagnostics":{"buy_signals":18,"duplicate_buy_skips":0,"flat_sell_skips":0,"hold_signals":516,"risk_blocked_signals":0,"sell_signals":6,"stop_loss_exits":12,"take_profit_exits":0},"starting_equity":500,"total_return":0.0710193993568875,"trade_analysis":{"average_loss":-4.7371118092494955,"average_trade_duration_days":20.502314814814817,"average_win":7.340659415243971,"expectancy":1.9727610932468744,"largest_loss":-8.040194696267701,"largest_win":16.52291406865136,"max_trade_duration_days":51.0,"median_trade_duration_days":20.5,"profit_factor":1.9370081683819695,"time_in_market_percent":0.4589832616468882,"total_trades":18,"win_rate":0.5555555555555556}}