{"capital_utilization":{"average_cash_percent":0.9133367145651446,"average_exposure_percent":0.08666328543485532,"average_leverage":0.08666328543485532,"average_position_value":191.01052458788564,"max_exposure_percent":0.41211544814192347},"closed_trades":10,"equity_curve":[],"final_equity":466.6746193327765,"max_drawdown":0.1066976674108844,"open_trades":0,"profit_factor":0.5361093352895441,"sharpe":-0.3774448576065516,"signal_diagnostics":{"buy_signals":10,"duplicate_buy_skips":0,"flat_sell_skips":0,"hold_signals":421,"risk_blocked_signals":0,"sell_signals":1,"stop_loss_exits":8,"take_profit_exits":0},"starting_equity":500,"total_return":-0.06665076133444703,"trade_analysis":{"average_loss":-10.262695563657685,"average_trade_duration_days":12.5,"average_win":12.837829426126774,"expectancy":-3.332538066722347,"largest_loss":-13.733644171425235,"largest_win":16.10152044016001,"max_trade_duration_days":24.0,"median_trade_duration_days":13.5,"profit_factor":0.5361093352895441,"time_in_market_percent":0.19591197022138054,"total_trades":10,"win_rate":0.3}}