{"capital_utilization":{"average_cash_percent":0.922740453457576,"average_exposure_percent":0.07725954654242395,"average_leverage":0.07725954654242395,"average_position_value":199.039338102162,"max_exposure_percent":0.4060383739389099},"closed_trades":16,"equity_curve":[],"final_equity":480.2540938739027,"max_drawdown":0.06122220621682237,"open_trades":0,"profit_factor":0.6186652504739474,"sharpe":-0.47245626822475306,"signal_diagnostics":{"buy_signals":16,"duplicate_buy_skips":0,"flat_sell_skips":0,"hold_signals":520,"risk_blocked_signals":0,"sell_signals":2,"stop_loss_exits":14,"take_profit_exits":0},"starting_equity":500,"total_return":-0.03949181225219456,"trade_analysis":{"average_loss":-5.178103005466663,"average_trade_duration_days":8.1875,"average_win":5.339187321428221,"expectancy":-1.2341191328810812,"largest_loss":-7.279209945703321,"largest_win":12.466901262519215,"max_trade_duration_days":21.0,"median_trade_duration_days":7.5,"profit_factor":0.6186652504739474,"time_in_market_percent":0.16292687982587967,"total_trades":16,"win_rate":0.375}}