{"capital_utilization":{"average_cash_percent":0.8906758679402493,"average_exposure_percent":0.10932413205975065,"average_leverage":0.10932413205975065,"average_position_value":213.36344538122893,"max_exposure_percent":0.4063867157186291},"closed_trades":18,"equity_curve":[],"final_equity":561.5824146229063,"max_drawdown":0.048158946896792273,"open_trades":0,"profit_factor":2.684386818144521,"sharpe":1.2375843549684535,"signal_diagnostics":{"buy_signals":18,"duplicate_buy_skips":0,"flat_sell_skips":0,"hold_signals":517,"risk_blocked_signals":0,"sell_signals":4,"stop_loss_exits":8,"take_profit_exits":5},"starting_equity":500,"total_return":0.12316482924581251,"trade_analysis":{"average_loss":-4.57009146886046,"average_trade_duration_days":10.780092592592593,"average_win":9.814314637379,"expectancy":3.4212452568281284,"largest_loss":-8.2600086974616,"largest_win":19.180772667575788,"max_trade_duration_days":21.0,"median_trade_duration_days":12.5,"profit_factor":2.684386818144521,"time_in_market_percent":0.2413328496657512,"total_trades":18,"win_rate":0.5555555555555556}}