{"capital_utilization":{"average_cash_percent":0.8457639930435435,"average_exposure_percent":0.15423600695645648,"average_leverage":0.15423600695645648,"average_position_value":210.38242654120285,"max_exposure_percent":0.40840438923995726},"closed_trades":30,"equity_curve":[],"final_equity":561.315511460484,"max_drawdown":0.04585066189517171,"open_trades":0,"profit_factor":1.8080448488309535,"sharpe":0.9015003799287574,"signal_diagnostics":{"buy_signals":30,"duplicate_buy_skips":0,"flat_sell_skips":0,"hold_signals":493,"risk_blocked_signals":0,"sell_signals":11,"stop_loss_exits":17,"take_profit_exits":2},"starting_equity":500,"total_return":0.12263102292096795,"trade_analysis":{"average_loss":-5.05875480791219,"average_trade_duration_days":9.034722222222223,"average_win":9.146455571944454,"expectancy":2.043850382016133,"largest_loss":-10.418221575963415,"largest_win":17.446964508990924,"max_trade_duration_days":21.0,"median_trade_duration_days":8.0,"profit_factor":1.8080448488309535,"time_in_market_percent":0.33709903093745147,"total_trades":30,"win_rate":0.5}}