{"capital_utilization":{"average_cash_percent":0.7707152565302245,"average_exposure_percent":0.22928474346977543,"average_leverage":0.22928474346977543,"average_position_value":211.63717436992334,"max_exposure_percent":0.40733232784924833},"closed_trades":21,"equity_curve":[],"final_equity":548.6023960499793,"max_drawdown":0.07444623206219297,"open_trades":0,"profit_factor":1.7709535935855099,"sharpe":0.783627966472577,"signal_diagnostics":{"buy_signals":21,"duplicate_buy_skips":0,"flat_sell_skips":0,"hold_signals":511,"risk_blocked_signals":0,"sell_signals":1,"stop_loss_exits":15,"take_profit_exits":4},"starting_equity":500,"total_return":0.0972047920999588,"trade_analysis":{"average_loss":-5.253493471630576,"average_trade_duration_days":21.001984126984127,"average_win":12.404924189949579,"expectancy":2.3143998119037765,"largest_loss":-9.143782628705065,"largest_win":31.44615466817099,"max_trade_duration_days":67.0,"median_trade_duration_days":19.0,"profit_factor":1.7709535935855099,"time_in_market_percent":0.5485308597191274,"total_trades":21,"win_rate":0.42857142857142855}}