{"capital_utilization":{"average_cash_percent":0.9136272425234602,"average_exposure_percent":0.08637275747653982,"average_leverage":0.08637275747653982,"average_position_value":212.65092288060762,"max_exposure_percent":0.4112511196373173},"closed_trades":17,"equity_curve":[],"final_equity":546.8821748930816,"max_drawdown":0.031997288991881645,"open_trades":0,"profit_factor":1.8578042118242948,"sharpe":0.8602192619691315,"signal_diagnostics":{"buy_signals":17,"duplicate_buy_skips":0,"flat_sell_skips":0,"hold_signals":519,"risk_blocked_signals":0,"sell_signals":6,"stop_loss_exits":7,"take_profit_exits":3},"starting_equity":500,"total_return":0.0937643497861631,"trade_analysis":{"average_loss":-7.80767156868001,"average_trade_duration_days":8.588235294117647,"average_win":10.153587587384164,"expectancy":2.7577749937106817,"largest_loss":-15.178168694334685,"largest_win":22.100041494973368,"max_trade_duration_days":20.958333333333332,"median_trade_duration_days":7.0,"profit_factor":1.8578042118242948,"time_in_market_percent":0.18158262942426284,"total_trades":17,"win_rate":0.5882352941176471}}