{"capital_utilization":{"average_cash_percent":0.9120310842378795,"average_exposure_percent":0.08796891576212047,"average_leverage":0.08796891576212047,"average_position_value":204.19694701585703,"max_exposure_percent":0.4073587152005777},"closed_trades":15,"equity_curve":[],"final_equity":532.0314889339779,"max_drawdown":0.03624494735481535,"open_trades":0,"profit_factor":2.4599402348795034,"sharpe":0.877597693047249,"signal_diagnostics":{"buy_signals":15,"duplicate_buy_skips":0,"flat_sell_skips":0,"hold_signals":410,"risk_blocked_signals":0,"sell_signals":2,"stop_loss_exits":7,"take_profit_exits":6},"starting_equity":500,"total_return":0.06406297786795578,"trade_analysis":{"average_loss":-3.1343248725150423,"average_trade_duration_days":8.130555555555555,"average_win":6.746470380197908,"expectancy":2.1354325955985316,"largest_loss":-8.783138935300448,"largest_win":10.476824544771782,"max_trade_duration_days":20.0,"median_trade_duration_days":6.0,"profit_factor":2.4599402348795034,"time_in_market_percent":0.1911447789459936,"total_trades":15,"win_rate":0.5333333333333333}}