{"capital_utilization":{"average_cash_percent":0.8652102844641621,"average_exposure_percent":0.13478971553583782,"average_leverage":0.13478971553583782,"average_position_value":207.4948088331193,"max_exposure_percent":0.4070697501018377},"closed_trades":10,"equity_curve":[],"final_equity":538.4215897872476,"max_drawdown":0.05613183673845507,"open_trades":0,"profit_factor":2.4293213331878416,"sharpe":0.8238657132784472,"signal_diagnostics":{"buy_signals":10,"duplicate_buy_skips":0,"flat_sell_skips":0,"hold_signals":421,"risk_blocked_signals":0,"sell_signals":2,"stop_loss_exits":7,"take_profit_exits":0},"starting_equity":500,"total_return":0.07684317957449527,"trade_analysis":{"average_loss":-5.376200423952986,"average_trade_duration_days":20.604166666666664,"average_win":13.060518381402508,"expectancy":3.8421589787247603,"largest_loss":-8.554029165956385,"largest_win":24.484485656577945,"max_trade_duration_days":61.0,"median_trade_duration_days":8.0,"profit_factor":2.4293213331878416,"time_in_market_percent":0.3229282309149089,"total_trades":10,"win_rate":0.5}}