{"capital_utilization":{"average_cash_percent":0.8702210208603952,"average_exposure_percent":0.12977897913960476,"average_leverage":0.12977897913960476,"average_position_value":213.6512057785478,"max_exposure_percent":0.4080292913921732},"closed_trades":28,"equity_curve":[],"final_equity":598.8285346875928,"max_drawdown":0.03489173803840415,"open_trades":0,"profit_factor":3.198211547069427,"sharpe":1.788138398344543,"signal_diagnostics":{"buy_signals":28,"duplicate_buy_skips":0,"flat_sell_skips":0,"hold_signals":497,"risk_blocked_signals":0,"sell_signals":15,"stop_loss_exits":12,"take_profit_exits":1},"starting_equity":500,"total_return":0.19765706937518557,"trade_analysis":{"average_loss":-4.495860956573869,"average_trade_duration_days":7.751488095238095,"average_win":7.988174680740637,"expectancy":3.5295905245568853,"largest_loss":-9.88637261488574,"largest_win":19.369401614468917,"max_trade_duration_days":19.0,"median_trade_duration_days":7.0,"profit_factor":3.198211547069427,"time_in_market_percent":0.26993833238327203,"total_trades":28,"win_rate":0.6428571428571429}}