{"capital_utilization":{"average_cash_percent":0.7255289395482498,"average_exposure_percent":0.2744710604517502,"average_leverage":0.2744710604517502,"average_position_value":210.83711762042373,"max_exposure_percent":0.40440385097030085},"closed_trades":27,"equity_curve":[],"final_equity":531.8228253344323,"max_drawdown":0.06237480930295082,"open_trades":0,"profit_factor":1.565760766042825,"sharpe":0.6263225258041868,"signal_diagnostics":{"buy_signals":27,"duplicate_buy_skips":0,"flat_sell_skips":0,"hold_signals":498,"risk_blocked_signals":0,"sell_signals":1,"stop_loss_exits":22,"take_profit_exits":4},"starting_equity":500,"total_return":0.06364565066886452,"trade_analysis":{"average_loss":-3.5154904736739336,"average_trade_duration_days":19.14814814814815,"average_win":8.006424810292295,"expectancy":1.1786231605345296,"largest_loss":-5.518428290972983,"largest_win":20.102987456734684,"max_trade_duration_days":65.0,"median_trade_duration_days":14.0,"profit_factor":1.565760766042825,"time_in_market_percent":0.6430015028242733,"total_trades":27,"win_rate":0.4074074074074074}}