{"capital_utilization":{"average_cash_percent":0.8337755119171594,"average_exposure_percent":0.16622448808284065,"average_leverage":0.16622448808284065,"average_position_value":214.88530254884463,"max_exposure_percent":0.41033186867205784},"closed_trades":28,"equity_curve":[],"final_equity":578.8463844672783,"max_drawdown":0.06451166855532445,"open_trades":0,"profit_factor":2.094347442035499,"sharpe":1.1000923483690517,"signal_diagnostics":{"buy_signals":28,"duplicate_buy_skips":0,"flat_sell_skips":0,"hold_signals":384,"risk_blocked_signals":0,"sell_signals":20,"stop_loss_exits":8,"take_profit_exits":0},"starting_equity":500,"total_return":0.15769276893455664,"trade_analysis":{"average_loss":-8.005418616374815,"average_trade_duration_days":8.000000000000002,"average_win":7.941850106034294,"expectancy":2.815942302402796,"largest_loss":-13.001822017161023,"largest_win":21.45797095888699,"max_trade_duration_days":20.0,"median_trade_duration_days":7.0,"profit_factor":2.094347442035499,"time_in_market_percent":0.351074250636714,"total_trades":28,"win_rate":0.6785714285714286}}