{"capital_utilization":{"average_cash_percent":0.8765199163083776,"average_exposure_percent":0.12348008369162247,"average_leverage":0.12348008369162247,"average_position_value":205.28637411494668,"max_exposure_percent":0.40612855447261725},"closed_trades":29,"equity_curve":[],"final_equity":549.103846198434,"max_drawdown":0.04214560819581745,"open_trades":0,"profit_factor":1.7813286957753585,"sharpe":0.9920234628377489,"signal_diagnostics":{"buy_signals":29,"duplicate_buy_skips":0,"flat_sell_skips":0,"hold_signals":495,"risk_blocked_signals":0,"sell_signals":0,"stop_loss_exits":12,"take_profit_exits":17},"starting_equity":500,"total_return":0.098207692396868,"trade_analysis":{"average_loss":-5.237216046624411,"average_trade_duration_days":7.070402298850574,"average_win":6.585319926936876,"expectancy":1.693236075808067,"largest_loss":-7.921463047199406,"largest_win":11.697747857288302,"max_trade_duration_days":21.0,"median_trade_duration_days":6.0,"profit_factor":1.7813286957753585,"time_in_market_percent":0.25501373270456545,"total_trades":29,"win_rate":0.5862068965517241}}