{"capital_utilization":{"average_cash_percent":0.8493189605000784,"average_exposure_percent":0.15068103949992162,"average_leverage":0.15068103949992162,"average_position_value":172.0958138257398,"max_exposure_percent":0.42181386262950304},"closed_trades":36,"equity_curve":[],"final_equity":480.8162977657872,"max_drawdown":0.2396397336152338,"open_trades":0,"profit_factor":0.9287981556973072,"sharpe":-0.05625191173465275,"signal_diagnostics":{"buy_signals":36,"duplicate_buy_skips":0,"flat_sell_skips":0,"hold_signals":481,"risk_blocked_signals":0,"sell_signals":13,"stop_loss_exits":21,"take_profit_exits":2},"starting_equity":500,"total_return":-0.03836740446842557,"trade_analysis":{"average_loss":-12.82985910192301,"average_trade_duration_days":7.0,"average_win":16.68288926041136,"expectancy":-0.5328806176170219,"largest_loss":-22.733280249178392,"largest_win":34.751107253348366,"max_trade_duration_days":14.0,"median_trade_duration_days":6.479166666666666,"profit_factor":0.9287981556973072,"time_in_market_percent":0.3134165932528372,"total_trades":36,"win_rate":0.4166666666666667}}