{"capital_utilization":{"average_cash_percent":0.8253962190867337,"average_exposure_percent":0.17460378091326637,"average_leverage":0.17460378091326637,"average_position_value":170.60573512128803,"max_exposure_percent":0.42467632536418426},"closed_trades":33,"equity_curve":[],"final_equity":470.5860986198327,"max_drawdown":0.24146412719010538,"open_trades":0,"profit_factor":0.8842791355893018,"sharpe":-0.11866974557274992,"signal_diagnostics":{"buy_signals":33,"duplicate_buy_skips":0,"flat_sell_skips":0,"hold_signals":487,"risk_blocked_signals":0,"sell_signals":17,"stop_loss_exits":14,"take_profit_exits":2},"starting_equity":500,"total_return":-0.05882780276033461,"trade_analysis":{"average_loss":-18.155697042408246,"average_trade_duration_days":9.121212121212121,"average_win":11.829781958607795,"expectancy":-0.8913303448535549,"largest_loss":-25.598672632530555,"largest_win":34.014946704503906,"max_trade_duration_days":20.0,"median_trade_duration_days":8.0,"profit_factor":0.8842791355893018,"time_in_market_percent":0.3743587086075556,"total_trades":33,"win_rate":0.5757575757575758}}