{"capital_utilization":{"average_cash_percent":0.8836302271238423,"average_exposure_percent":0.11636977287615763,"average_leverage":0.11636977287615763,"average_position_value":204.47457899498443,"max_exposure_percent":0.4102163748467321},"closed_trades":11,"equity_curve":[],"final_equity":553.6758522572271,"max_drawdown":0.039485894746351294,"open_trades":0,"profit_factor":2.1973768806829628,"sharpe":0.8806513814081374,"signal_diagnostics":{"buy_signals":11,"duplicate_buy_skips":0,"flat_sell_skips":0,"hold_signals":418,"risk_blocked_signals":0,"sell_signals":5,"stop_loss_exits":5,"take_profit_exits":1},"starting_equity":500,"total_return":0.1073517045144543,"trade_analysis":{"average_loss":-8.965573517105394,"average_trade_duration_days":16.276515151515152,"average_win":16.417286640459025,"expectancy":4.879622932475197,"largest_loss":-12.912643720240848,"largest_win":25.31084885425564,"max_trade_duration_days":28.0,"median_trade_duration_days":14.0,"profit_factor":2.1973768806829628,"time_in_market_percent":0.2806112453470907,"total_trades":11,"win_rate":0.5454545454545454}}