{"capital_utilization":{"average_cash_percent":0.7148898057489508,"average_exposure_percent":0.2851101942510493,"average_leverage":0.2851101942510493,"average_position_value":212.78659573952623,"max_exposure_percent":0.40457713594933065},"closed_trades":20,"equity_curve":[],"final_equity":537.5520262102823,"max_drawdown":0.031997116325444074,"open_trades":0,"profit_factor":2.4139573871439857,"sharpe":1.0034314697197306,"signal_diagnostics":{"buy_signals":20,"duplicate_buy_skips":0,"flat_sell_skips":0,"hold_signals":513,"risk_blocked_signals":0,"sell_signals":0,"stop_loss_exits":16,"take_profit_exits":3},"starting_equity":500,"total_return":0.07510405242056462,"trade_analysis":{"average_loss":-2.9509003557213633,"average_trade_duration_days":27.15,"average_win":5.828193582888599,"expectancy":1.877601310514116,"largest_loss":-5.890327981444466,"largest_win":16.575671250103994,"max_trade_duration_days":66.0,"median_trade_duration_days":24.520833333333336,"profit_factor":2.4139573871439857,"time_in_market_percent":0.6753381354614707,"total_trades":20,"win_rate":0.55}}