{"capital_utilization":{"average_cash_percent":0.920986728330902,"average_exposure_percent":0.07901327166909795,"average_leverage":0.07901327166909795,"average_position_value":198.93603724854503,"max_exposure_percent":0.4071005567891673},"closed_trades":14,"equity_curve":[],"final_equity":510.18289337945424,"max_drawdown":0.05774706976461854,"open_trades":0,"profit_factor":1.2227206400552395,"sharpe":0.2570039741927852,"signal_diagnostics":{"buy_signals":14,"duplicate_buy_skips":0,"flat_sell_skips":0,"hold_signals":412,"risk_blocked_signals":0,"sell_signals":2,"stop_loss_exits":8,"take_profit_exits":4},"starting_equity":500,"total_return":0.020365786758908433,"trade_analysis":{"average_loss":-5.715059332247278,"average_trade_duration_days":7.571428571428571,"average_win":9.317228006238748,"expectancy":0.7273495271038762,"largest_loss":-8.468580967524616,"largest_win":14.620081482017612,"max_trade_duration_days":11.0,"median_trade_duration_days":7.0,"profit_factor":1.2227206400552395,"time_in_market_percent":0.1661333507477307,"total_trades":14,"win_rate":0.42857142857142855}}