{"capital_utilization":{"average_cash_percent":0.8263744235797432,"average_exposure_percent":0.17362557642025672,"average_leverage":0.17362557642025672,"average_position_value":202.1677474319452,"max_exposure_percent":0.40755146665997105},"closed_trades":23,"equity_curve":[],"final_equity":522.5899973433568,"max_drawdown":0.05836814937983852,"open_trades":0,"profit_factor":1.4139300315039376,"sharpe":0.48655872896768676,"signal_diagnostics":{"buy_signals":23,"duplicate_buy_skips":0,"flat_sell_skips":0,"hold_signals":395,"risk_blocked_signals":0,"sell_signals":2,"stop_loss_exits":19,"take_profit_exits":1},"starting_equity":500,"total_return":0.04517999468671352,"trade_analysis":{"average_loss":-4.961312216612662,"average_trade_duration_days":10.523550724637682,"average_win":6.43036931050801,"expectancy":0.9821737975372534,"largest_loss":-9.153850069386012,"largest_win":26.91383013866351,"max_trade_duration_days":33.0,"median_trade_duration_days":7.0,"profit_factor":1.4139300315039376,"time_in_market_percent":0.3793508783386665,"total_trades":23,"win_rate":0.5217391304347826}}