{"capital_utilization":{"average_cash_percent":0.7659362531424881,"average_exposure_percent":0.23406374685751186,"average_leverage":0.23406374685751186,"average_position_value":214.29482826568037,"max_exposure_percent":0.4054770935427869},"closed_trades":31,"equity_curve":[],"final_equity":547.1872393726569,"max_drawdown":0.08336952221734455,"open_trades":0,"profit_factor":1.6267500509732031,"sharpe":0.7565262689760842,"signal_diagnostics":{"buy_signals":31,"duplicate_buy_skips":0,"flat_sell_skips":0,"hold_signals":490,"risk_blocked_signals":0,"sell_signals":9,"stop_loss_exits":17,"take_profit_exits":5},"starting_equity":500,"total_return":0.0943744787453138,"trade_analysis":{"average_loss":-3.764438415233125,"average_trade_duration_days":13.904569892473118,"average_win":11.134182516119946,"expectancy":1.5221690120211901,"largest_loss":-6.973972556687215,"largest_win":27.522398597286205,"max_trade_duration_days":70.0,"median_trade_duration_days":9.0,"profit_factor":1.6267500509732031,"time_in_market_percent":0.5360936933202053,"total_trades":31,"win_rate":0.3548387096774194}}