{"capital_utilization":{"average_cash_percent":0.7233031677171302,"average_exposure_percent":0.2766968322828698,"average_leverage":0.2766968322828698,"average_position_value":209.7517132792127,"max_exposure_percent":0.4056912728018243},"closed_trades":21,"equity_curve":[],"final_equity":526.6751339958668,"max_drawdown":0.06388097421811047,"open_trades":0,"profit_factor":1.6008739052398033,"sharpe":0.5113809308142033,"signal_diagnostics":{"buy_signals":21,"duplicate_buy_skips":0,"flat_sell_skips":0,"hold_signals":510,"risk_blocked_signals":0,"sell_signals":1,"stop_loss_exits":20,"take_profit_exits":0},"starting_equity":500,"total_return":0.05335026799173348,"trade_analysis":{"average_loss":-4.035808778340333,"average_trade_duration_days":25.333333333333332,"average_win":7.106903055761045,"expectancy":1.2702444759936564,"largest_loss":-7.193188665331134,"largest_win":15.981399058879592,"max_trade_duration_days":78.0,"median_trade_duration_days":19.0,"profit_factor":1.6008739052398033,"time_in_market_percent":0.6616572524226564,"total_trades":21,"win_rate":0.47619047619047616}}