{"capital_utilization":{"average_cash_percent":0.849309477201433,"average_exposure_percent":0.15069052279856698,"average_leverage":0.15069052279856698,"average_position_value":188.02751693576744,"max_exposure_percent":0.40972972921712825},"closed_trades":21,"equity_curve":[],"final_equity":488.76781104703355,"max_drawdown":0.10382306917543638,"open_trades":0,"profit_factor":0.8676549382671419,"sharpe":-0.1578858460172484,"signal_diagnostics":{"buy_signals":21,"duplicate_buy_skips":0,"flat_sell_skips":0,"hold_signals":398,"risk_blocked_signals":0,"sell_signals":7,"stop_loss_exits":13,"take_profit_exits":1},"starting_equity":500,"total_return":-0.02246437790593292,"trade_analysis":{"average_loss":-6.528498483665443,"average_trade_duration_days":9.761904761904763,"average_win":9.204786416835537,"expectancy":-0.5348661406174503,"largest_loss":-11.01500947575415,"largest_win":13.704550554423609,"max_trade_duration_days":22.0,"median_trade_duration_days":10.0,"profit_factor":0.8676549382671419,"time_in_market_percent":0.3212956311630641,"total_trades":21,"win_rate":0.38095238095238093}}