{"capital_utilization":{"average_cash_percent":0.8229913569478683,"average_exposure_percent":0.17700864305213168,"average_leverage":0.17700864305213168,"average_position_value":219.88380385979883,"max_exposure_percent":0.4112523218503655},"closed_trades":24,"equity_curve":[],"final_equity":590.7608168495284,"max_drawdown":0.05293193251296024,"open_trades":0,"profit_factor":2.118942903786859,"sharpe":1.1516975641577436,"signal_diagnostics":{"buy_signals":24,"duplicate_buy_skips":0,"flat_sell_skips":0,"hold_signals":505,"risk_blocked_signals":0,"sell_signals":11,"stop_loss_exits":11,"take_profit_exits":2},"starting_equity":500,"total_return":0.18152163369905683,"trade_analysis":{"average_loss":-8.111300097830275,"average_trade_duration_days":13.625,"average_win":12.27670127341651,"expectancy":3.781700702063683,"largest_loss":-14.249173322243546,"largest_win":20.695543146778682,"max_trade_duration_days":27.958333333333332,"median_trade_duration_days":13.020833333333332,"profit_factor":2.118942903786859,"time_in_market_percent":0.4066953412447531,"total_trades":24,"win_rate":0.5833333333333334}}