{"capital_utilization":{"average_cash_percent":0.8663100486831696,"average_exposure_percent":0.13368995131683034,"average_leverage":0.13368995131683034,"average_position_value":196.8365426353522,"max_exposure_percent":0.4093734500907265},"closed_trades":16,"equity_curve":[],"final_equity":508.38967306683753,"max_drawdown":0.04852239938782918,"open_trades":0,"profit_factor":1.1911097217814357,"sharpe":0.21849550283286562,"signal_diagnostics":{"buy_signals":16,"duplicate_buy_skips":0,"flat_sell_skips":0,"hold_signals":409,"risk_blocked_signals":0,"sell_signals":3,"stop_loss_exits":12,"take_profit_exits":0},"starting_equity":500,"total_return":0.016779346133675155,"trade_analysis":{"average_loss":-7.316628539034096,"average_trade_duration_days":12.252604166666666,"average_win":5.2289444301042085,"expectancy":0.524354566677344,"largest_loss":-11.160076066606807,"largest_win":20.073711708673244,"max_trade_duration_days":34.0,"median_trade_duration_days":8.0,"profit_factor":1.1911097217814357,"time_in_market_percent":0.3072552732971985,"total_trades":16,"win_rate":0.625}}