{"capital_utilization":{"average_cash_percent":0.8360292272825376,"average_exposure_percent":0.1639707727174624,"average_leverage":0.1639707727174624,"average_position_value":185.4008856121625,"max_exposure_percent":0.4112573168120687},"closed_trades":24,"equity_curve":[],"final_equity":473.51901715309015,"max_drawdown":0.12717657303137933,"open_trades":0,"profit_factor":0.7309070842913789,"sharpe":-0.3461625828649449,"signal_diagnostics":{"buy_signals":24,"duplicate_buy_skips":0,"flat_sell_skips":0,"hold_signals":392,"risk_blocked_signals":0,"sell_signals":4,"stop_loss_exits":19,"take_profit_exits":1},"starting_equity":500,"total_return":-0.052961965693819724,"trade_analysis":{"average_loss":-6.560554936244625,"average_trade_duration_days":9.37673611111111,"average_win":7.991926799639952,"expectancy":-1.1033742852879096,"largest_loss":-12.624700498135576,"largest_win":15.71048290148808,"max_trade_duration_days":23.0,"median_trade_duration_days":8.0,"profit_factor":0.7309070842913789,"time_in_market_percent":0.35270685038855876,"total_trades":24,"win_rate":0.375}}