{"capital_utilization":{"average_cash_percent":0.8948064629379519,"average_exposure_percent":0.1051935370620481,"average_leverage":0.1051935370620481,"average_position_value":202.4082589417037,"max_exposure_percent":0.4057882901297951},"closed_trades":12,"equity_curve":[],"final_equity":526.391625970643,"max_drawdown":0.03550187552548347,"open_trades":0,"profit_factor":2.2279149280258412,"sharpe":0.6736331376754238,"signal_diagnostics":{"buy_signals":12,"duplicate_buy_skips":0,"flat_sell_skips":0,"hold_signals":416,"risk_blocked_signals":0,"sell_signals":6,"stop_loss_exits":5,"take_profit_exits":1},"starting_equity":500,"total_return":0.05278325194128586,"trade_analysis":{"average_loss":-4.298608212716104,"average_trade_duration_days":12.746527777777777,"average_win":6.840666719174777,"expectancy":2.199302164220244,"largest_loss":-7.00206634355947,"largest_win":11.451389454017,"max_trade_duration_days":20.0,"median_trade_duration_days":12.5,"profit_factor":2.2279149280258412,"time_in_market_percent":0.23973094756089597,"total_trades":12,"win_rate":0.5833333333333334}}