{"capital_utilization":{"average_cash_percent":0.8668683744255934,"average_exposure_percent":0.13313162557440658,"average_leverage":0.13313162557440658,"average_position_value":203.31734046133764,"max_exposure_percent":0.40624098654921476},"closed_trades":22,"equity_curve":[],"final_equity":547.3361058227716,"max_drawdown":0.021429975601539353,"open_trades":0,"profit_factor":2.2907479009330123,"sharpe":1.24103779838708,"signal_diagnostics":{"buy_signals":22,"duplicate_buy_skips":0,"flat_sell_skips":0,"hold_signals":510,"risk_blocked_signals":0,"sell_signals":9,"stop_loss_exits":9,"take_profit_exits":3},"starting_equity":500,"total_return":0.09467221164554318,"trade_analysis":{"average_loss":-4.074821512271635,"average_trade_duration_days":10.820075757575756,"average_win":6.462269187170491,"expectancy":2.1516411737623473,"largest_loss":-7.551440746283723,"largest_win":15.982383848245746,"max_trade_duration_days":20.0,"median_trade_duration_days":10.020833333333332,"profit_factor":2.2907479009330123,"time_in_market_percent":0.2960563818210084,"total_trades":22,"win_rate":0.5909090909090909}}