{"capital_utilization":{"average_cash_percent":0.893001983695194,"average_exposure_percent":0.106998016304806,"average_leverage":0.106998016304806,"average_position_value":205.26939774497384,"max_exposure_percent":0.4061560292555797},"closed_trades":33,"equity_curve":[],"final_equity":546.935038153654,"max_drawdown":0.025461370504256238,"open_trades":0,"profit_factor":1.8078347853752852,"sharpe":1.0856885705749801,"signal_diagnostics":{"buy_signals":33,"duplicate_buy_skips":0,"flat_sell_skips":0,"hold_signals":487,"risk_blocked_signals":0,"sell_signals":13,"stop_loss_exits":11,"take_profit_exits":9},"starting_equity":500,"total_return":0.09387007630730793,"trade_analysis":{"average_loss":-4.84164986489677,"average_trade_duration_days":5.090909090909091,"average_win":5.00165888249596,"expectancy":1.4222738834440585,"largest_loss":-7.942094181909284,"largest_win":11.709930454128628,"max_trade_duration_days":18.0,"median_trade_duration_days":4.0,"profit_factor":1.8078347853752852,"time_in_market_percent":0.2089443955018915,"total_trades":33,"win_rate":0.6363636363636364}}