{"capital_utilization":{"average_cash_percent":0.7846398674668517,"average_exposure_percent":0.21536013253314834,"average_leverage":0.21536013253314834,"average_position_value":213.2507377272823,"max_exposure_percent":0.40551427347828617},"closed_trades":30,"equity_curve":[],"final_equity":550.643571247497,"max_drawdown":0.05040548831569075,"open_trades":0,"profit_factor":1.904235195120641,"sharpe":0.9126544356154519,"signal_diagnostics":{"buy_signals":30,"duplicate_buy_skips":0,"flat_sell_skips":0,"hold_signals":492,"risk_blocked_signals":0,"sell_signals":4,"stop_loss_exits":26,"take_profit_exits":0},"starting_equity":500,"total_return":0.10128714249499393,"trade_analysis":{"average_loss":-4.000505582805984,"average_trade_duration_days":13.101388888888888,"average_win":6.6656655879237965,"expectancy":1.6881190415832317,"largest_loss":-7.0157911418103724,"largest_win":20.63609608489911,"max_trade_duration_days":45.0,"median_trade_duration_days":9.0,"profit_factor":1.904235195120641,"time_in_market_percent":0.48883246100430117,"total_trades":30,"win_rate":0.5333333333333333}}