{"capital_utilization":{"average_cash_percent":0.9271093079580012,"average_exposure_percent":0.07289069204199887,"average_leverage":0.07289069204199887,"average_position_value":204.4675860493835,"max_exposure_percent":0.4112306943282751},"closed_trades":19,"equity_curve":[],"final_equity":511.3292629288446,"max_drawdown":0.041635663135089394,"open_trades":0,"profit_factor":1.1855700430594727,"sharpe":0.25849981629068985,"signal_diagnostics":{"buy_signals":19,"duplicate_buy_skips":0,"flat_sell_skips":0,"hold_signals":515,"risk_blocked_signals":0,"sell_signals":1,"stop_loss_exits":10,"take_profit_exits":7},"starting_equity":500,"total_return":0.022658525857689238,"trade_analysis":{"average_loss":-6.783460149817476,"average_trade_duration_days":6.155701754385966,"average_win":7.238040427720189,"expectancy":0.5962769962549801,"largest_loss":-14.187823770560035,"largest_win":13.444286734252797,"max_trade_duration_days":20.0,"median_trade_duration_days":6.0,"profit_factor":1.1855700430594727,"time_in_market_percent":0.14546302534072655,"total_trades":19,"win_rate":0.5263157894736842}}