{"capital_utilization":{"average_cash_percent":0.78939185480097,"average_exposure_percent":0.21060814519903007,"average_leverage":0.21060814519903007,"average_position_value":173.2235914433011,"max_exposure_percent":0.42219083459089957},"closed_trades":13,"equity_curve":[],"final_equity":359.64398334195374,"max_drawdown":0.30501281242894235,"open_trades":0,"profit_factor":0.18472863362268668,"sharpe":-2.098382528675377,"signal_diagnostics":{"buy_signals":13,"duplicate_buy_skips":0,"flat_sell_skips":0,"hold_signals":168,"risk_blocked_signals":0,"sell_signals":2,"stop_loss_exits":10,"take_profit_exits":0},"starting_equity":500,"total_return":-0.2807120333160925,"trade_analysis":{"average_loss":-15.650786234161643,"average_trade_duration_days":10.233974358974361,"average_win":15.90131595886589,"expectancy":-10.796616666003558,"largest_loss":-25.163149068479154,"largest_win":23.9533027917945,"max_trade_duration_days":27.041666666666668,"median_trade_duration_days":7.0,"profit_factor":0.18472863362268668,"time_in_market_percent":0.47507811337598577,"total_trades":13,"win_rate":0.15384615384615385}}