{"capital_utilization":{"average_cash_percent":0.8813734323474248,"average_exposure_percent":0.11862656765257522,"average_leverage":0.11862656765257522,"average_position_value":202.68500183960384,"max_exposure_percent":0.4031630000891867},"closed_trades":11,"equity_curve":[],"final_equity":523.7646215279441,"max_drawdown":0.025269061196154612,"open_trades":0,"profit_factor":2.994496341330307,"sharpe":1.17977486668461,"signal_diagnostics":{"buy_signals":11,"duplicate_buy_skips":0,"flat_sell_skips":0,"hold_signals":419,"risk_blocked_signals":0,"sell_signals":1,"stop_loss_exits":9,"take_profit_exits":0},"starting_equity":500,"total_return":0.04752924305588824,"trade_analysis":{"average_loss":-1.7021570118795226,"average_trade_duration_days":16.0,"average_win":8.919930152775176,"expectancy":2.1604201389040045,"largest_loss":-3.858386193394689,"largest_win":17.70794478115182,"max_trade_duration_days":52.0,"median_trade_duration_days":8.0,"profit_factor":2.994496341330307,"time_in_market_percent":0.2758440540717038,"total_trades":11,"win_rate":0.36363636363636365}}