{"capital_utilization":{"average_cash_percent":0.8456785112655053,"average_exposure_percent":0.1543214887344947,"average_leverage":0.1543214887344947,"average_position_value":211.69679412220498,"max_exposure_percent":0.4097715415824939},"closed_trades":31,"equity_curve":[],"final_equity":558.679322378372,"max_drawdown":0.05565297236041367,"open_trades":0,"profit_factor":1.7106570302579558,"sharpe":0.9395059191032424,"signal_diagnostics":{"buy_signals":31,"duplicate_buy_skips":0,"flat_sell_skips":0,"hold_signals":492,"risk_blocked_signals":0,"sell_signals":5,"stop_loss_exits":12,"take_profit_exits":13},"starting_equity":500,"total_return":0.11735864475674407,"trade_analysis":{"average_loss":-5.897894471489742,"average_trade_duration_days":8.420698924731182,"average_win":8.308814410542848,"expectancy":1.8928813670442595,"largest_loss":-11.7943335855226,"largest_win":14.783686293154894,"max_trade_duration_days":34.0,"median_trade_duration_days":7.0,"profit_factor":1.7106570302579558,"time_in_market_percent":0.3246618645385293,"total_trades":31,"win_rate":0.5483870967741935}}