{"capital_utilization":{"average_cash_percent":0.8446782751361519,"average_exposure_percent":0.15532172486384815,"average_leverage":0.15532172486384815,"average_position_value":214.8811036324142,"max_exposure_percent":0.4189991823636798},"closed_trades":19,"equity_curve":[],"final_equity":536.875964586792,"max_drawdown":0.214378898817939,"open_trades":0,"profit_factor":1.1973592496405105,"sharpe":0.29052407308576755,"signal_diagnostics":{"buy_signals":19,"duplicate_buy_skips":0,"flat_sell_skips":0,"hold_signals":515,"risk_blocked_signals":0,"sell_signals":6,"stop_loss_exits":12,"take_profit_exits":0},"starting_equity":500,"total_return":0.07375192917358397,"trade_analysis":{"average_loss":-14.372838697397473,"average_trade_duration_days":15.688596491228072,"average_win":37.28714460882652,"expectancy":1.9408402414101011,"largest_loss":-26.476678829297185,"largest_win":136.09720703979713,"max_trade_duration_days":43.0,"median_trade_duration_days":11.041666666666666,"profit_factor":1.1973592496405105,"time_in_market_percent":0.3707312017412034,"total_trades":19,"win_rate":0.3157894736842105}}