{"capital_utilization":{"average_cash_percent":0.804028183786269,"average_exposure_percent":0.19597181621373108,"average_leverage":0.19597181621373108,"average_position_value":206.823299291035,"max_exposure_percent":0.40583068554349644},"closed_trades":16,"equity_curve":[],"final_equity":543.270721883026,"max_drawdown":0.04377979924157337,"open_trades":0,"profit_factor":2.4245498640583865,"sharpe":0.7303189920670576,"signal_diagnostics":{"buy_signals":16,"duplicate_buy_skips":0,"flat_sell_skips":0,"hold_signals":520,"risk_blocked_signals":0,"sell_signals":1,"stop_loss_exits":15,"take_profit_exits":0},"starting_equity":500,"total_return":0.0865414437660521,"trade_analysis":{"average_loss":-5.0625023121049235,"average_trade_duration_days":23.377604166666668,"average_win":7.364573575565555,"expectancy":2.704420117689126,"largest_loss":-7.346657953489841,"largest_win":16.71667469198385,"max_trade_duration_days":52.041666666666664,"median_trade_duration_days":25.0,"profit_factor":2.4245498640583865,"time_in_market_percent":0.46520184484634924,"total_trades":16,"win_rate":0.625}}