{"capital_utilization":{"average_cash_percent":0.8267287106360837,"average_exposure_percent":0.17327128936391628,"average_leverage":0.17327128936391628,"average_position_value":164.75766690324915,"max_exposure_percent":0.42181386262950304},"closed_trades":36,"equity_curve":[],"final_equity":439.0708380725326,"max_drawdown":0.28958708626382534,"open_trades":0,"profit_factor":0.7746993402054404,"sharpe":-0.3277458540522832,"signal_diagnostics":{"buy_signals":36,"duplicate_buy_skips":0,"flat_sell_skips":0,"hold_signals":481,"risk_blocked_signals":0,"sell_signals":7,"stop_loss_exits":26,"take_profit_exits":3},"starting_equity":500,"total_return":-0.12185832385493489,"trade_analysis":{"average_loss":-11.758039231940062,"average_trade_duration_days":8.194444444444445,"average_win":16.115826185165687,"expectancy":-1.6924767202074287,"largest_loss":-22.227342772210505,"largest_win":31.733944661561015,"max_trade_duration_days":18.0,"median_trade_duration_days":6.479166666666666,"profit_factor":0.7746993402054404,"time_in_market_percent":0.36689640876820234,"total_trades":36,"win_rate":0.3611111111111111}}