{"capital_utilization":{"average_cash_percent":0.8061453510712844,"average_exposure_percent":0.19385464892871565,"average_leverage":0.19385464892871565,"average_position_value":204.82273786977171,"max_exposure_percent":0.40789514633164314},"closed_trades":33,"equity_curve":[],"final_equity":529.534118021972,"max_drawdown":0.04532051996527117,"open_trades":0,"profit_factor":1.4049303982043406,"sharpe":0.49274070970352113,"signal_diagnostics":{"buy_signals":33,"duplicate_buy_skips":0,"flat_sell_skips":0,"hold_signals":487,"risk_blocked_signals":0,"sell_signals":5,"stop_loss_exits":25,"take_profit_exits":2},"starting_equity":500,"total_return":0.059068236043943845,"trade_analysis":{"average_loss":-4.052015708946606,"average_trade_duration_days":10.392676767676768,"average_win":6.831360052200719,"expectancy":0.894973273393088,"largest_loss":-9.623571640063826,"largest_win":14.149433658342673,"max_trade_duration_days":21.0,"median_trade_duration_days":9.0,"profit_factor":1.4049303982043406,"time_in_market_percent":0.42654298595636636,"total_trades":33,"win_rate":0.45454545454545453}}