{"capital_utilization":{"average_cash_percent":0.8845263723793493,"average_exposure_percent":0.11547362762065069,"average_leverage":0.11547362762065069,"average_position_value":190.8797844114971,"max_exposure_percent":0.4073356447216809},"closed_trades":25,"equity_curve":[],"final_equity":461.7898531582364,"max_drawdown":0.10145945204126912,"open_trades":0,"profit_factor":0.48083410953519284,"sharpe":-0.9706610167803218,"signal_diagnostics":{"buy_signals":25,"duplicate_buy_skips":0,"flat_sell_skips":0,"hold_signals":390,"risk_blocked_signals":0,"sell_signals":3,"stop_loss_exits":19,"take_profit_exits":3},"starting_equity":500,"total_return":-0.07642029368352721,"trade_analysis":{"average_loss":-3.8736373036609324,"average_trade_duration_days":5.718333333333333,"average_win":5.898160321299014,"expectancy":-1.5284058736705453,"largest_loss":-8.62673595064911,"largest_win":10.301474330140769,"max_trade_duration_days":21.0,"median_trade_duration_days":5.0,"profit_factor":0.48083410953519284,"time_in_market_percent":0.22405798994318551,"total_trades":25,"win_rate":0.24}}