{"capital_utilization":{"average_cash_percent":0.8072514937256636,"average_exposure_percent":0.19274850627433635,"average_leverage":0.19274850627433635,"average_position_value":212.57926018344727,"max_exposure_percent":0.4058704336804916},"closed_trades":19,"equity_curve":[],"final_equity":554.6830126300003,"max_drawdown":0.04558506476697016,"open_trades":0,"profit_factor":2.2038303704301883,"sharpe":0.9605808260581938,"signal_diagnostics":{"buy_signals":19,"duplicate_buy_skips":0,"flat_sell_skips":0,"hold_signals":516,"risk_blocked_signals":0,"sell_signals":2,"stop_loss_exits":13,"take_profit_exits":3},"starting_equity":500,"total_return":0.10936602526000061,"trade_analysis":{"average_loss":-5.047131590517226,"average_trade_duration_days":19.0,"average_win":10.010719694465534,"expectancy":2.878053296315806,"largest_loss":-7.61523024284672,"largest_win":26.055048228461192,"max_trade_duration_days":65.0,"median_trade_duration_days":10.0,"profit_factor":2.2038303704301883,"time_in_market_percent":0.44898170700108825,"total_trades":19,"win_rate":0.5263157894736842}}