{"capital_utilization":{"average_cash_percent":0.7073458000575616,"average_exposure_percent":0.29265419994243835,"average_leverage":0.29265419994243835,"average_position_value":205.44505918509807,"max_exposure_percent":0.4034651294589997},"closed_trades":39,"equity_curve":[],"final_equity":519.9914473707654,"max_drawdown":0.03293445580100797,"open_trades":0,"profit_factor":1.4154977296646922,"sharpe":0.5560677035838526,"signal_diagnostics":{"buy_signals":39,"duplicate_buy_skips":0,"flat_sell_skips":0,"hold_signals":475,"risk_blocked_signals":0,"sell_signals":3,"stop_loss_exits":35,"take_profit_exits":0},"starting_equity":500,"total_return":0.03998289474153083,"trade_analysis":{"average_loss":-2.2911645873261657,"average_trade_duration_days":13.76923076923077,"average_win":3.783661316923051,"expectancy":0.5126012146350113,"largest_loss":-4.278517564590906,"largest_win":11.12321679029537,"max_trade_duration_days":50.0,"median_trade_duration_days":11.0,"profit_factor":1.4154977296646922,"time_in_market_percent":0.6678758356221175,"total_trades":39,"win_rate":0.46153846153846156}}