{"capital_utilization":{"average_cash_percent":0.7394319402297536,"average_exposure_percent":0.2605680597702465,"average_leverage":0.2605680597702465,"average_position_value":214.87500027956528,"max_exposure_percent":0.4073326825006813},"closed_trades":22,"equity_curve":[],"final_equity":553.3301795389278,"max_drawdown":0.07475261036292075,"open_trades":0,"profit_factor":1.8119323927537971,"sharpe":0.8064883159066222,"signal_diagnostics":{"buy_signals":22,"duplicate_buy_skips":0,"flat_sell_skips":0,"hold_signals":509,"risk_blocked_signals":0,"sell_signals":4,"stop_loss_exits":17,"take_profit_exits":0},"starting_equity":500,"total_return":0.10666035907785565,"trade_analysis":{"average_loss":-5.052540752907736,"average_trade_duration_days":22.956439393939394,"average_win":13.223689925192044,"expectancy":2.424099069951265,"largest_loss":-9.381430629984754,"largest_win":43.08578411927074,"max_trade_duration_days":84.0,"median_trade_duration_days":14.5,"profit_factor":1.8119323927537971,"time_in_market_percent":0.6281287246722289,"total_trades":22,"win_rate":0.4090909090909091}}