{"capital_utilization":{"average_cash_percent":0.7521523088283492,"average_exposure_percent":0.24784769117165087,"average_leverage":0.24784769117165087,"average_position_value":209.22498504676093,"max_exposure_percent":0.4094340140373104},"closed_trades":36,"equity_curve":[],"final_equity":541.2327051081803,"max_drawdown":0.05358100032683344,"open_trades":0,"profit_factor":1.5031626988976567,"sharpe":0.6323189609518007,"signal_diagnostics":{"buy_signals":36,"duplicate_buy_skips":0,"flat_sell_skips":0,"hold_signals":481,"risk_blocked_signals":0,"sell_signals":2,"stop_loss_exits":31,"take_profit_exits":3},"starting_equity":500,"total_return":0.08246541021636067,"trade_analysis":{"average_loss":-4.820415438130483,"average_trade_duration_days":12.583333333333332,"average_win":6.483145660863079,"expectancy":1.1453529196716747,"largest_loss":-11.391868586328568,"largest_win":26.95620786394571,"max_trade_duration_days":38.0,"median_trade_duration_days":10.5,"profit_factor":1.5031626988976567,"time_in_market_percent":0.5634036378711716,"total_trades":36,"win_rate":0.5277777777777778}}