{"capital_utilization":{"average_cash_percent":0.8488797122942667,"average_exposure_percent":0.15112028770573327,"average_leverage":0.15112028770573327,"average_position_value":204.45635393993766,"max_exposure_percent":0.4097715415824939},"closed_trades":35,"equity_curve":[],"final_equity":520.1786583413655,"max_drawdown":0.05602120352241148,"open_trades":0,"profit_factor":1.2113197911631701,"sharpe":0.33082762950734806,"signal_diagnostics":{"buy_signals":35,"duplicate_buy_skips":0,"flat_sell_skips":0,"hold_signals":484,"risk_blocked_signals":0,"sell_signals":14,"stop_loss_exits":20,"take_profit_exits":0},"starting_equity":500,"total_return":0.040357316682730904,"trade_analysis":{"average_loss":-5.025722596543281,"average_trade_duration_days":7.1726190476190474,"average_win":7.229211729730487,"expectancy":0.5765330954675836,"largest_loss":-11.7943335855226,"largest_win":18.008927474536904,"max_trade_duration_days":20.0,"median_trade_duration_days":6.0,"profit_factor":1.2113197911631701,"time_in_market_percent":0.3122246981396072,"total_trades":35,"win_rate":0.45714285714285713}}