{"capital_utilization":{"average_cash_percent":0.8212126906921935,"average_exposure_percent":0.17878730930780656,"average_leverage":0.17878730930780656,"average_position_value":187.74106058580904,"max_exposure_percent":0.409153449959333},"closed_trades":31,"equity_curve":[],"final_equity":489.43024976498293,"max_drawdown":0.114680180937066,"open_trades":0,"profit_factor":0.8864136993238464,"sharpe":-0.13389223798714983,"signal_diagnostics":{"buy_signals":31,"duplicate_buy_skips":0,"flat_sell_skips":0,"hold_signals":378,"risk_blocked_signals":0,"sell_signals":8,"stop_loss_exits":22,"take_profit_exits":1},"starting_equity":500,"total_return":-0.0211395004700341,"trade_analysis":{"average_loss":-5.47381163153829,"average_trade_duration_days":7.580645161290323,"average_win":5.891789107223845,"expectancy":-0.3409596850005515,"largest_loss":-10.453897151503025,"largest_win":13.462564416927226,"max_trade_duration_days":19.0,"median_trade_duration_days":7.0,"profit_factor":0.8864136993238464,"time_in_market_percent":0.3683145040161954,"total_trades":31,"win_rate":0.45161290322580644}}