{"capital_utilization":{"average_cash_percent":0.8365326070485397,"average_exposure_percent":0.16346739295146032,"average_leverage":0.16346739295146032,"average_position_value":203.81687257253225,"max_exposure_percent":0.40531301947691245},"closed_trades":18,"equity_curve":[],"final_equity":532.8361243843357,"max_drawdown":0.035284196877946504,"open_trades":0,"profit_factor":2.141718679788185,"sharpe":0.9064591093661173,"signal_diagnostics":{"buy_signals":18,"duplicate_buy_skips":0,"flat_sell_skips":0,"hold_signals":405,"risk_blocked_signals":0,"sell_signals":5,"stop_loss_exits":12,"take_profit_exits":0},"starting_equity":500,"total_return":0.06567224876867139,"trade_analysis":{"average_loss":-2.876025851694704,"average_trade_duration_days":13.055555555555555,"average_win":7.6995478626603395,"expectancy":1.824229132463093,"largest_loss":-6.423976229155885,"largest_win":13.569231185617497,"max_trade_duration_days":38.0,"median_trade_duration_days":9.5,"profit_factor":2.141718679788185,"time_in_market_percent":0.3683145040161954,"total_trades":18,"win_rate":0.4444444444444444}}