{"capital_utilization":{"average_cash_percent":0.7245841584729,"average_exposure_percent":0.2754158415270999,"average_leverage":0.2754158415270999,"average_position_value":204.94280852830855,"max_exposure_percent":0.4056830645913077},"closed_trades":42,"equity_curve":[],"final_equity":501.12026909945405,"max_drawdown":0.06771205802465513,"open_trades":0,"profit_factor":1.0134371969106941,"sharpe":0.046338305493222195,"signal_diagnostics":{"buy_signals":42,"duplicate_buy_skips":0,"flat_sell_skips":0,"hold_signals":468,"risk_blocked_signals":0,"sell_signals":2,"stop_loss_exits":38,"take_profit_exits":2},"starting_equity":500,"total_return":0.0022405381989081263,"trade_analysis":{"average_loss":-3.6248149427216654,"average_trade_duration_days":11.904761904761905,"average_win":4.446895409581704,"expectancy":0.026673073796525504,"largest_loss":-7.000312571612059,"largest_win":13.309134395568995,"max_trade_duration_days":37.0,"median_trade_duration_days":11.0,"profit_factor":1.0134371969106941,"time_in_market_percent":0.6218583199461056,"total_trades":42,"win_rate":0.4523809523809524}}