{"capital_utilization":{"average_cash_percent":0.7052233452009222,"average_exposure_percent":0.29477665479907783,"average_leverage":0.29477665479907783,"average_position_value":206.19391642359204,"max_exposure_percent":0.4034708869515484},"closed_trades":37,"equity_curve":[],"final_equity":526.3127597054425,"max_drawdown":0.026679633616137084,"open_trades":0,"profit_factor":1.6122054996589146,"sharpe":0.714459545027999,"signal_diagnostics":{"buy_signals":37,"duplicate_buy_skips":0,"flat_sell_skips":0,"hold_signals":479,"risk_blocked_signals":0,"sell_signals":0,"stop_loss_exits":36,"take_profit_exits":0},"starting_equity":500,"total_return":0.05262551941088511,"trade_analysis":{"average_loss":-2.387792962412354,"average_trade_duration_days":14.72972972972973,"average_win":3.64700173836131,"expectancy":0.7111556677146623,"largest_loss":-4.318661961340349,"largest_win":11.10390802707141,"max_trade_duration_days":50.0,"median_trade_duration_days":12.0,"profit_factor":1.6122054996589146,"time_in_market_percent":0.6778255687412551,"total_trades":37,"win_rate":0.5135135135135135}}