{"capital_utilization":{"average_cash_percent":0.836569714403465,"average_exposure_percent":0.16343028559653508,"average_leverage":0.16343028559653508,"average_position_value":204.800616766006,"max_exposure_percent":0.40531301947691245},"closed_trades":13,"equity_curve":[],"final_equity":541.9259585419477,"max_drawdown":0.03599542600794849,"open_trades":0,"profit_factor":2.753050817385811,"sharpe":1.100679138780817,"signal_diagnostics":{"buy_signals":13,"duplicate_buy_skips":0,"flat_sell_skips":0,"hold_signals":415,"risk_blocked_signals":0,"sell_signals":5,"stop_loss_exits":5,"take_profit_exits":2},"starting_equity":500,"total_return":0.08385191708389539,"trade_analysis":{"average_loss":-3.9859995430203483,"average_trade_duration_days":18.384615384615383,"average_win":9.405993685724264,"expectancy":3.2250737339959796,"largest_loss":-6.423976229155885,"largest_win":20.289593714681416,"max_trade_duration_days":38.0,"median_trade_duration_days":20.0,"profit_factor":2.753050817385811,"time_in_market_percent":0.3745836870632796,"total_trades":13,"win_rate":0.5384615384615384}}