{"capital_utilization":{"average_cash_percent":0.7770249980621404,"average_exposure_percent":0.22297500193785963,"average_leverage":0.22297500193785963,"average_position_value":214.95117379810145,"max_exposure_percent":0.40548399802133583},"closed_trades":29,"equity_curve":[],"final_equity":559.7513167015395,"max_drawdown":0.07700731595616292,"open_trades":0,"profit_factor":1.848929612237065,"sharpe":0.9740236957473046,"signal_diagnostics":{"buy_signals":29,"duplicate_buy_skips":0,"flat_sell_skips":0,"hold_signals":494,"risk_blocked_signals":0,"sell_signals":8,"stop_loss_exits":16,"take_profit_exits":5},"starting_equity":500,"total_return":0.1195026334030791,"trade_analysis":{"average_loss":-3.91023890164759,"average_trade_duration_days":14.242816091954024,"average_win":11.830510630108744,"expectancy":2.0603902310875712,"largest_loss":-6.9993936378594555,"largest_win":33.500273438589545,"max_trade_duration_days":63.0,"median_trade_duration_days":9.0,"profit_factor":1.848929612237065,"time_in_market_percent":0.5137067938021455,"total_trades":29,"win_rate":0.3793103448275862}}