{"capital_utilization":{"average_cash_percent":0.8881722471152135,"average_exposure_percent":0.11182775288478648,"average_leverage":0.11182775288478648,"average_position_value":190.23073185166677,"max_exposure_percent":0.41355086324382057},"closed_trades":18,"equity_curve":[],"final_equity":561.5855582668495,"max_drawdown":0.1545113092392422,"open_trades":0,"profit_factor":1.5328552132091964,"sharpe":0.4970459436422646,"signal_diagnostics":{"buy_signals":18,"duplicate_buy_skips":0,"flat_sell_skips":0,"hold_signals":518,"risk_blocked_signals":0,"sell_signals":0,"stop_loss_exits":17,"take_profit_exits":0},"starting_equity":500,"total_return":0.12317111653369905,"trade_analysis":{"average_loss":-8.890502557683783,"average_trade_duration_days":11.05787037037037,"average_win":35.43241830334773,"expectancy":3.4214199037138613,"largest_loss":-14.939939911971043,"largest_win":77.59164116717928,"max_trade_duration_days":33.0,"median_trade_duration_days":8.5,"profit_factor":1.5328552132091964,"time_in_market_percent":0.2475514328652122,"total_trades":18,"win_rate":0.2777777777777778}}