{"capital_utilization":{"average_cash_percent":0.7423361315743429,"average_exposure_percent":0.25766386842565714,"average_leverage":0.25766386842565714,"average_position_value":218.2159499132867,"max_exposure_percent":0.40730210911172315},"closed_trades":32,"equity_curve":[],"final_equity":563.0559527725025,"max_drawdown":0.06509879590494305,"open_trades":0,"profit_factor":1.8258717923226635,"sharpe":0.988483704697966,"signal_diagnostics":{"buy_signals":32,"duplicate_buy_skips":0,"flat_sell_skips":0,"hold_signals":489,"risk_blocked_signals":0,"sell_signals":1,"stop_loss_exits":30,"take_profit_exits":0},"starting_equity":500,"total_return":0.12611190554500484,"trade_analysis":{"average_loss":-4.771923541785867,"average_trade_duration_days":15.157552083333334,"average_win":8.712920590067274,"expectancy":1.9704985241407016,"largest_loss":-9.611811744008653,"largest_win":25.63992485048172,"max_trade_duration_days":45.0,"median_trade_duration_days":11.5,"profit_factor":1.8258717923226635,"time_in_market_percent":0.6032543918743847,"total_trades":32,"win_rate":0.5}}