{"capital_utilization":{"average_cash_percent":0.8073655397635707,"average_exposure_percent":0.1926344602364293,"average_leverage":0.1926344602364293,"average_position_value":202.18405286619594,"max_exposure_percent":0.4182923088258024},"closed_trades":33,"equity_curve":[],"final_equity":635.04786303073,"max_drawdown":0.16635699022023254,"open_trades":0,"profit_factor":1.5765430919751744,"sharpe":0.8155763924977202,"signal_diagnostics":{"buy_signals":33,"duplicate_buy_skips":0,"flat_sell_skips":0,"hold_signals":486,"risk_blocked_signals":0,"sell_signals":2,"stop_loss_exits":16,"take_profit_exits":15},"starting_equity":500,"total_return":0.27009572606146004,"trade_analysis":{"average_loss":-14.639827546115258,"average_trade_duration_days":10.483585858585858,"average_win":21.7226531628573,"expectancy":4.0923594857796965,"largest_loss":-21.090703773202033,"largest_win":34.201683601356315,"max_trade_duration_days":30.0,"median_trade_duration_days":9.0,"profit_factor":1.5765430919751744,"time_in_market_percent":0.4302741358760429,"total_trades":33,"win_rate":0.5151515151515151}}