{"capital_utilization":{"average_cash_percent":0.8576747474970509,"average_exposure_percent":0.14232525250294914,"average_leverage":0.14232525250294914,"average_position_value":203.57429508354497,"max_exposure_percent":0.4037232413097399},"closed_trades":13,"equity_curve":[],"final_equity":520.9310156908765,"max_drawdown":0.025656446703244382,"open_trades":0,"profit_factor":2.2816905098079405,"sharpe":0.9042148008612695,"signal_diagnostics":{"buy_signals":13,"duplicate_buy_skips":0,"flat_sell_skips":0,"hold_signals":415,"risk_blocked_signals":0,"sell_signals":1,"stop_loss_exits":11,"take_profit_exits":0},"starting_equity":500,"total_return":0.04186203138175304,"trade_analysis":{"average_loss":-2.041348470116723,"average_trade_duration_days":16.307692307692307,"average_win":7.452360690362056,"expectancy":1.6100781300674225,"largest_loss":-4.6169629590198635,"largest_win":12.004011682546246,"max_trade_duration_days":45.0,"median_trade_duration_days":10.0,"profit_factor":2.2816905098079405,"time_in_market_percent":0.3322667014954614,"total_trades":13,"win_rate":0.38461538461538464}}