{"capital_utilization":{"average_cash_percent":0.9426259106846591,"average_exposure_percent":0.057374089315340895,"average_leverage":0.057374089315340895,"average_position_value":209.83666079143273,"max_exposure_percent":0.4071619730785927},"closed_trades":10,"equity_curve":[],"final_equity":550.7153248287,"max_drawdown":0.051546674509815725,"open_trades":0,"profit_factor":2.662699567168557,"sharpe":0.8785260478903556,"signal_diagnostics":{"buy_signals":10,"duplicate_buy_skips":0,"flat_sell_skips":0,"hold_signals":532,"risk_blocked_signals":0,"sell_signals":4,"stop_loss_exits":5,"take_profit_exits":1},"starting_equity":500,"total_return":0.10143064965740001,"trade_analysis":{"average_loss":-6.1003594191179165,"average_trade_duration_days":10.195833333333335,"average_win":16.243424384857907,"expectancy":5.071532482869996,"largest_loss":-9.07966145735172,"largest_win":27.654743616709315,"max_trade_duration_days":20.0,"median_trade_duration_days":9.0,"profit_factor":2.662699567168557,"time_in_market_percent":0.12680727574234338,"total_trades":10,"win_rate":0.5}}