{"capital_utilization":{"average_cash_percent":0.8012800720689037,"average_exposure_percent":0.19871992793109633,"average_leverage":0.19871992793109633,"average_position_value":207.50944950751082,"max_exposure_percent":0.4058306855434964},"closed_trades":19,"equity_curve":[],"final_equity":543.7652218523899,"max_drawdown":0.046624191211024214,"open_trades":0,"profit_factor":2.0013561413948455,"sharpe":0.7376587311100458,"signal_diagnostics":{"buy_signals":19,"duplicate_buy_skips":0,"flat_sell_skips":0,"hold_signals":514,"risk_blocked_signals":0,"sell_signals":2,"stop_loss_exits":15,"take_profit_exits":2},"starting_equity":500,"total_return":0.08753044370477991,"trade_analysis":{"average_loss":-4.85621671153846,"average_trade_duration_days":19.68640350877193,"average_win":8.747117225623601,"expectancy":2.30343272907315,"largest_loss":-7.3331030936177095,"largest_win":23.99253812791012,"max_trade_duration_days":52.041666666666664,"median_trade_duration_days":16.0,"profit_factor":2.0013561413948455,"time_in_market_percent":0.46520184484634924,"total_trades":19,"win_rate":0.5263157894736842}}