{"capital_utilization":{"average_cash_percent":0.918829504843159,"average_exposure_percent":0.08117049515684109,"average_leverage":0.08117049515684109,"average_position_value":192.67601798737692,"max_exposure_percent":0.41211832183257646},"closed_trades":8,"equity_curve":[],"final_equity":480.96343233325877,"max_drawdown":0.09989118532656835,"open_trades":0,"profit_factor":0.6717416693251343,"sharpe":-0.19742917408729585,"signal_diagnostics":{"buy_signals":8,"duplicate_buy_skips":0,"flat_sell_skips":0,"hold_signals":425,"risk_blocked_signals":0,"sell_signals":0,"stop_loss_exits":7,"take_profit_exits":0},"starting_equity":500,"total_return":-0.038073135333482444,"trade_analysis":{"average_loss":-11.598528285697435,"average_trade_duration_days":14.75,"average_win":12.985357920581974,"expectancy":-2.379570958342656,"largest_loss":-13.849259825226529,"largest_win":16.230147256935677,"max_trade_duration_days":24.0,"median_trade_duration_days":16.5,"profit_factor":0.6717416693251343,"time_in_market_percent":0.18494089988898324,"total_trades":8,"win_rate":0.375}}