{"capital_utilization":{"average_cash_percent":0.863234480010974,"average_exposure_percent":0.13676551998902595,"average_leverage":0.13676551998902595,"average_position_value":203.82111586611575,"max_exposure_percent":0.40748434019912994},"closed_trades":12,"equity_curve":[],"final_equity":526.7230598485119,"max_drawdown":0.0345236330717191,"open_trades":0,"profit_factor":2.253293180278796,"sharpe":0.8724020380937225,"signal_diagnostics":{"buy_signals":12,"duplicate_buy_skips":0,"flat_sell_skips":0,"hold_signals":417,"risk_blocked_signals":0,"sell_signals":2,"stop_loss_exits":9,"take_profit_exits":0},"starting_equity":500,"total_return":0.05344611969702373,"trade_analysis":{"average_loss":-3.553712234430695,"average_trade_duration_days":16.916666666666668,"average_win":8.007555542516007,"expectancy":2.226921654042656,"largest_loss":-9.05404502610555,"largest_win":13.403932596863763,"max_trade_duration_days":32.0,"median_trade_duration_days":13.5,"profit_factor":2.253293180278796,"time_in_market_percent":0.31816103963952197,"total_trades":12,"win_rate":0.5}}