{"capital_utilization":{"average_cash_percent":0.8799181166534373,"average_exposure_percent":0.12008188334656272,"average_leverage":0.12008188334656272,"average_position_value":174.94190255188303,"max_exposure_percent":0.42219083459089957},"closed_trades":20,"equity_curve":[],"final_equity":425.41904936322703,"max_drawdown":0.2725620553951462,"open_trades":0,"profit_factor":0.625628072626101,"sharpe":-0.609391539625098,"signal_diagnostics":{"buy_signals":20,"duplicate_buy_skips":0,"flat_sell_skips":0,"hold_signals":400,"risk_blocked_signals":0,"sell_signals":4,"stop_loss_exits":12,"take_profit_exits":4},"starting_equity":500,"total_return":-0.1491619012735459,"trade_analysis":{"average_loss":-16.60134952780221,"average_trade_duration_days":8.297916666666666,"average_win":15.57940546210669,"expectancy":-3.729047531838649,"largest_loss":-25.163149068479154,"largest_win":23.801618412826347,"max_trade_duration_days":21.0,"median_trade_duration_days":7.5,"profit_factor":0.625628072626101,"time_in_market_percent":0.2601057924639195,"total_trades":20,"win_rate":0.4}}