{"capital_utilization":{"average_cash_percent":0.8034250166156146,"average_exposure_percent":0.19657498338438537,"average_leverage":0.19657498338438537,"average_position_value":201.3717377383963,"max_exposure_percent":0.4182927300341842},"closed_trades":29,"equity_curve":[],"final_equity":648.5842915274776,"max_drawdown":0.173188557183061,"open_trades":0,"profit_factor":1.7255531243488533,"sharpe":0.8214143121206346,"signal_diagnostics":{"buy_signals":29,"duplicate_buy_skips":0,"flat_sell_skips":0,"hold_signals":494,"risk_blocked_signals":0,"sell_signals":11,"stop_loss_exits":16,"take_profit_exits":2},"starting_equity":500,"total_return":0.2971685830549553,"trade_analysis":{"average_loss":-13.65250744947857,"average_trade_duration_days":12.484195402298852,"average_win":25.240850233546865,"expectancy":5.123596259568194,"largest_loss":-21.26748830869212,"largest_win":37.92566111562755,"max_trade_duration_days":32.0,"median_trade_duration_days":12.0,"profit_factor":1.7255531243488533,"time_in_market_percent":0.45027724516764267,"total_trades":29,"win_rate":0.4827586206896552}}