{"capital_utilization":{"average_cash_percent":0.8356828949078052,"average_exposure_percent":0.16431710509219483,"average_leverage":0.16431710509219483,"average_position_value":203.853221466773,"max_exposure_percent":0.4084991535590539},"closed_trades":34,"equity_curve":[],"final_equity":540.9612121358199,"max_drawdown":0.06416767448495529,"open_trades":0,"profit_factor":1.4104126590840378,"sharpe":0.610810970950918,"signal_diagnostics":{"buy_signals":34,"duplicate_buy_skips":0,"flat_sell_skips":0,"hold_signals":372,"risk_blocked_signals":0,"sell_signals":18,"stop_loss_exits":16,"take_profit_exits":0},"starting_equity":500,"total_return":0.08192242427163987,"trade_analysis":{"average_loss":-6.653662881198236,"average_trade_duration_days":5.883578431372549,"average_win":7.408745018620709,"expectancy":1.204741533406468,"largest_loss":-10.249058348134344,"largest_win":20.45351934966321,"max_trade_duration_days":17.0,"median_trade_duration_days":4.0,"profit_factor":1.4104126590840378,"time_in_market_percent":0.31352445634428266,"total_trades":34,"win_rate":0.5588235294117647}}