{"capital_utilization":{"average_cash_percent":0.8692479111763655,"average_exposure_percent":0.13075208882363454,"average_leverage":0.13075208882363454,"average_position_value":207.43184094648197,"max_exposure_percent":0.40469785218642884},"closed_trades":19,"equity_curve":[],"final_equity":557.2623975799831,"max_drawdown":0.023587212242321087,"open_trades":0,"profit_factor":2.9015639305011236,"sharpe":1.508987623865955,"signal_diagnostics":{"buy_signals":19,"duplicate_buy_skips":0,"flat_sell_skips":0,"hold_signals":516,"risk_blocked_signals":0,"sell_signals":4,"stop_loss_exits":9,"take_profit_exits":5},"starting_equity":500,"total_return":0.11452479515996639,"trade_analysis":{"average_loss":-3.3459241195858223,"average_trade_duration_days":12.578947368421051,"average_win":8.737571465625555,"expectancy":3.013810398946481,"largest_loss":-5.6737082859226895,"largest_win":16.271014961293137,"max_trade_duration_days":27.0,"median_trade_duration_days":12.0,"profit_factor":2.9015639305011236,"time_in_market_percent":0.29724827693423844,"total_trades":19,"win_rate":0.5263157894736842}}