{"capital_utilization":{"average_cash_percent":0.8779531135456343,"average_exposure_percent":0.12204688645436565,"average_leverage":0.12204688645436565,"average_position_value":216.73691332887614,"max_exposure_percent":0.4135508632438205},"closed_trades":20,"equity_curve":[],"final_equity":640.7617713350058,"max_drawdown":0.07828360397722922,"open_trades":0,"profit_factor":2.1050960983741067,"sharpe":0.9851280427109907,"signal_diagnostics":{"buy_signals":20,"duplicate_buy_skips":0,"flat_sell_skips":0,"hold_signals":514,"risk_blocked_signals":0,"sell_signals":0,"stop_loss_exits":16,"take_profit_exits":3},"starting_equity":500,"total_return":0.2815235426700118,"trade_analysis":{"average_loss":-11.579558271580039,"average_trade_duration_days":10.952083333333333,"average_win":29.792990258042924,"expectancy":7.038088566750294,"largest_loss":-18.183227947784136,"largest_win":78.86994556000177,"max_trade_duration_days":27.0,"median_trade_duration_days":8.0,"profit_factor":2.1050960983741067,"time_in_market_percent":0.27242576566305643,"total_trades":20,"win_rate":0.45}}