{"capital_utilization":{"average_cash_percent":0.9450844019212046,"average_exposure_percent":0.054915598078795404,"average_leverage":0.054915598078795404,"average_position_value":191.9896361065875,"max_exposure_percent":0.4118597302461745},"closed_trades":8,"equity_curve":[],"final_equity":467.2920345355258,"max_drawdown":0.10553504622981025,"open_trades":0,"profit_factor":0.40620257796510406,"sharpe":-0.538687596812204,"signal_diagnostics":{"buy_signals":8,"duplicate_buy_skips":0,"flat_sell_skips":0,"hold_signals":424,"risk_blocked_signals":0,"sell_signals":0,"stop_loss_exits":8,"take_profit_exits":0},"starting_equity":500,"total_return":-0.06541593092894848,"trade_analysis":{"average_loss":-7.868957192357592,"average_trade_duration_days":9.75,"average_win":22.374734882028907,"expectancy":-4.08849568305928,"largest_loss":-14.174215156239756,"largest_win":22.374734882028907,"max_trade_duration_days":23.0,"median_trade_duration_days":6.0,"profit_factor":0.40620257796510406,"time_in_market_percent":0.12224906941814145,"total_trades":8,"win_rate":0.125}}