{"capital_utilization":{"average_cash_percent":0.8663682231033791,"average_exposure_percent":0.13363177689662092,"average_leverage":0.13363177689662092,"average_position_value":184.37714492542452,"max_exposure_percent":0.4112573168120687},"closed_trades":24,"equity_curve":[],"final_equity":453.2413510060436,"max_drawdown":0.13178169054595862,"open_trades":0,"profit_factor":0.5231549051499278,"sharpe":-0.7482740466512314,"signal_diagnostics":{"buy_signals":24,"duplicate_buy_skips":0,"flat_sell_skips":0,"hold_signals":392,"risk_blocked_signals":0,"sell_signals":7,"stop_loss_exits":17,"take_profit_exits":0},"starting_equity":500,"total_return":-0.09351729798791275,"trade_analysis":{"average_loss":-6.5372241424521125,"average_trade_duration_days":7.418402777777778,"average_win":5.699968126980589,"expectancy":-1.94827704141485,"largest_loss":-12.624700498135576,"largest_win":14.566985668320271,"max_trade_duration_days":17.0,"median_trade_duration_days":7.0,"profit_factor":0.5231549051499278,"time_in_market_percent":0.27904394958531964,"total_trades":24,"win_rate":0.375}}