{"capital_utilization":{"average_cash_percent":0.7505671056556169,"average_exposure_percent":0.24943289434438315,"average_leverage":0.24943289434438315,"average_position_value":214.50716197273601,"max_exposure_percent":0.40731765863891917},"closed_trades":29,"equity_curve":[],"final_equity":544.5537512508085,"max_drawdown":0.0811882445246396,"open_trades":0,"profit_factor":1.5541485880466614,"sharpe":0.7032402483093463,"signal_diagnostics":{"buy_signals":29,"duplicate_buy_skips":0,"flat_sell_skips":0,"hold_signals":494,"risk_blocked_signals":0,"sell_signals":14,"stop_loss_exits":15,"take_profit_exits":0},"starting_equity":500,"total_return":0.08910750250161703,"trade_analysis":{"average_loss":-4.231598396062132,"average_trade_duration_days":16.311781609195403,"average_win":12.495412077598914,"expectancy":1.5363362500278825,"largest_loss":-9.357344472056313,"largest_win":43.06338489350318,"max_trade_duration_days":84.0,"median_trade_duration_days":7.0,"profit_factor":1.5541485880466614,"time_in_market_percent":0.5883297921956782,"total_trades":29,"win_rate":0.3448275862068966}}