{"capital_utilization":{"average_cash_percent":0.7233777884444783,"average_exposure_percent":0.2766222115555217,"average_leverage":0.2766222115555217,"average_position_value":211.23299787779393,"max_exposure_percent":0.40568431552656115},"closed_trades":25,"equity_curve":[],"final_equity":533.8162657201193,"max_drawdown":0.0635541621570994,"open_trades":0,"profit_factor":1.6051381438907377,"sharpe":0.6448570824811115,"signal_diagnostics":{"buy_signals":25,"duplicate_buy_skips":0,"flat_sell_skips":0,"hold_signals":502,"risk_blocked_signals":0,"sell_signals":1,"stop_loss_exits":20,"take_profit_exits":4},"starting_equity":500,"total_return":0.06763253144023862,"trade_analysis":{"average_loss":-3.9915638698743536,"average_trade_duration_days":21.0,"average_win":8.154378172578209,"expectancy":1.3526506288047742,"largest_loss":-7.226927273920892,"largest_win":21.664979630156324,"max_trade_duration_days":77.0,"median_trade_duration_days":16.0,"profit_factor":1.6051381438907377,"time_in_market_percent":0.652951235943411,"total_trades":25,"win_rate":0.44}}