{"capital_utilization":{"average_cash_percent":0.709622638559743,"average_exposure_percent":0.29037736144025705,"average_leverage":0.29037736144025705,"average_position_value":211.13314355514288,"max_exposure_percent":0.4034142817300199},"closed_trades":22,"equity_curve":[],"final_equity":543.181162833399,"max_drawdown":0.023032914032334418,"open_trades":0,"profit_factor":2.9146435163258615,"sharpe":1.1233984280885905,"signal_diagnostics":{"buy_signals":22,"duplicate_buy_skips":0,"flat_sell_skips":0,"hold_signals":509,"risk_blocked_signals":0,"sell_signals":4,"stop_loss_exits":17,"take_profit_exits":0},"starting_equity":500,"total_return":0.08636232566679802,"trade_analysis":{"average_loss":-2.8191385540702485,"average_trade_duration_days":25.136363636363637,"average_win":4.695305090425779,"expectancy":1.9627801287908602,"largest_loss":-4.283614919933306,"largest_win":12.38631108951023,"max_trade_duration_days":59.0,"median_trade_duration_days":23.520833333333336,"profit_factor":2.9146435163258615,"time_in_market_percent":0.6877753018603928,"total_trades":22,"win_rate":0.6363636363636364}}