{"capital_utilization":{"average_cash_percent":0.8461609970629613,"average_exposure_percent":0.15383900293703873,"average_leverage":0.15383900293703873,"average_position_value":202.81468146860553,"max_exposure_percent":0.40556659272380025},"closed_trades":36,"equity_curve":[],"final_equity":529.0334976939356,"max_drawdown":0.05915089770886426,"open_trades":0,"profit_factor":1.3612191254618893,"sharpe":0.4988074260374446,"signal_diagnostics":{"buy_signals":36,"duplicate_buy_skips":0,"flat_sell_skips":0,"hold_signals":481,"risk_blocked_signals":0,"sell_signals":21,"stop_loss_exits":14,"take_profit_exits":0},"starting_equity":500,"total_return":0.05806699538787119,"trade_analysis":{"average_loss":-5.023525826742053,"average_trade_duration_days":7.027777777777779,"average_win":5.470495546090425,"expectancy":0.8064860470537675,"largest_loss":-6.609640263874763,"largest_win":17.514045010290303,"max_trade_duration_days":23.0,"median_trade_duration_days":6.0,"profit_factor":1.3612191254618893,"time_in_market_percent":0.3146603098927295,"total_trades":36,"win_rate":0.5555555555555556}}