{"capital_utilization":{"average_cash_percent":0.7434804170667391,"average_exposure_percent":0.25651958293326094,"average_leverage":0.25651958293326094,"average_position_value":206.71152222701483,"max_exposure_percent":0.4050260010598911},"closed_trades":18,"equity_curve":[],"final_equity":547.269562483057,"max_drawdown":0.027219782184479527,"open_trades":0,"profit_factor":2.8762558248234456,"sharpe":1.238422834662755,"signal_diagnostics":{"buy_signals":18,"duplicate_buy_skips":0,"flat_sell_skips":0,"hold_signals":517,"risk_blocked_signals":0,"sell_signals":0,"stop_loss_exits":14,"take_profit_exits":4},"starting_equity":500,"total_return":0.09453912496611405,"trade_analysis":{"average_loss":-3.149194919055419,"average_trade_duration_days":27.386574074074073,"average_win":7.246312183550039,"expectancy":2.62608680461428,"largest_loss":-6.074207550967966,"largest_win":14.78509846607206,"max_trade_duration_days":55.958333333333336,"median_trade_duration_days":25.5,"profit_factor":2.8762558248234456,"time_in_market_percent":0.613100481940198,"total_trades":18,"win_rate":0.5555555555555556}}