{"capital_utilization":{"average_cash_percent":0.8038308846979498,"average_exposure_percent":0.1961691153020501,"average_leverage":0.1961691153020501,"average_position_value":204.89806484999139,"max_exposure_percent":0.40586148047379145},"closed_trades":18,"equity_curve":[],"final_equity":530.711400091851,"max_drawdown":0.04378857415160195,"open_trades":0,"profit_factor":1.8406882518053622,"sharpe":0.5366192047268279,"signal_diagnostics":{"buy_signals":18,"duplicate_buy_skips":0,"flat_sell_skips":0,"hold_signals":516,"risk_blocked_signals":0,"sell_signals":2,"stop_loss_exits":16,"take_profit_exits":0},"starting_equity":500,"total_return":0.06142280018370205,"trade_analysis":{"average_loss":-4.059028754898661,"average_trade_duration_days":20.55787037037037,"average_win":7.4714065428821135,"expectancy":1.706188893991727,"largest_loss":-7.279629254318163,"largest_win":16.533487973917513,"max_trade_duration_days":50.0,"median_trade_duration_days":21.0,"profit_factor":1.8406882518053622,"time_in_market_percent":0.4602269782867804,"total_trades":18,"win_rate":0.5}}