{"capital_utilization":{"average_cash_percent":0.9827905079661581,"average_exposure_percent":0.01720949203384197,"average_leverage":0.01720949203384197,"average_position_value":197.10496505012802,"max_exposure_percent":0.4118597302461745},"closed_trades":3,"equity_curve":[],"final_equity":481.5985908150929,"max_drawdown":0.06923907147696938,"open_trades":0,"profit_factor":0.0,"sharpe":-0.5382757530769677,"signal_diagnostics":{"buy_signals":3,"duplicate_buy_skips":0,"flat_sell_skips":0,"hold_signals":434,"risk_blocked_signals":0,"sell_signals":0,"stop_loss_exits":3,"take_profit_exits":0},"starting_equity":500,"total_return":-0.03680281836981414,"trade_analysis":{"average_loss":-6.1338030616356995,"average_trade_duration_days":8.0,"average_win":0,"expectancy":-6.1338030616356995,"largest_loss":-14.174215156239756,"largest_win":0,"max_trade_duration_days":14.0,"median_trade_duration_days":6.0,"profit_factor":0.0,"time_in_market_percent":0.03761509828250506,"total_trades":3,"win_rate":0.0}}