{"capital_utilization":{"average_cash_percent":0.7467447774212258,"average_exposure_percent":0.2532552225787742,"average_leverage":0.2532552225787742,"average_position_value":219.6183156418956,"max_exposure_percent":0.40547871537386715},"closed_trades":20,"equity_curve":[],"final_equity":584.3461464668827,"max_drawdown":0.03917748336851523,"open_trades":0,"profit_factor":6.153713090779747,"sharpe":1.4425666348945707,"signal_diagnostics":{"buy_signals":20,"duplicate_buy_skips":0,"flat_sell_skips":0,"hold_signals":514,"risk_blocked_signals":0,"sell_signals":8,"stop_loss_exits":11,"take_profit_exits":0},"starting_equity":500,"total_return":0.16869229293376553,"trade_analysis":{"average_loss":-2.7276821255268744,"average_trade_duration_days":24.247916666666665,"average_win":7.193731372860279,"expectancy":4.217307323344134,"largest_loss":-7.0623463308404455,"largest_win":28.757960952968652,"max_trade_duration_days":71.0,"median_trade_duration_days":20.5,"profit_factor":6.153713090779747,"time_in_market_percent":0.6031507488210602,"total_trades":20,"win_rate":0.7}}