{"capital_utilization":{"average_cash_percent":0.7845159270393532,"average_exposure_percent":0.21548407296064678,"average_leverage":0.21548407296064678,"average_position_value":211.28859058728398,"max_exposure_percent":0.4073176586389193},"closed_trades":31,"equity_curve":[],"final_equity":540.6442938313157,"max_drawdown":0.06414459729482612,"open_trades":0,"profit_factor":1.627119080405026,"sharpe":0.725190098263761,"signal_diagnostics":{"buy_signals":31,"duplicate_buy_skips":0,"flat_sell_skips":0,"hold_signals":490,"risk_blocked_signals":0,"sell_signals":4,"stop_loss_exits":26,"take_profit_exits":1},"starting_equity":500,"total_return":0.08128858766263147,"trade_analysis":{"average_loss":-4.320741743345409,"average_trade_duration_days":12.646505376344084,"average_win":6.590963748843554,"expectancy":1.3111062526230863,"largest_loss":-9.197414459587408,"largest_win":20.63609608489911,"max_trade_duration_days":45.0,"median_trade_duration_days":9.0,"profit_factor":1.627119080405026,"time_in_market_percent":0.48758874436440897,"total_trades":31,"win_rate":0.5161290322580645}}