{"capital_utilization":{"average_cash_percent":0.9453816247113364,"average_exposure_percent":0.05461837528866363,"average_leverage":0.05461837528866363,"average_position_value":210.88901038786636,"max_exposure_percent":0.40716197307859253},"closed_trades":11,"equity_curve":[],"final_equity":540.0988314525192,"max_drawdown":0.0389727226081026,"open_trades":0,"profit_factor":2.477204786653273,"sharpe":1.0173756481383922,"signal_diagnostics":{"buy_signals":11,"duplicate_buy_skips":0,"flat_sell_skips":0,"hold_signals":530,"risk_blocked_signals":0,"sell_signals":3,"stop_loss_exits":7,"take_profit_exits":1},"starting_equity":500,"total_return":0.08019766290503849,"trade_analysis":{"average_loss":-5.429014557063064,"average_trade_duration_days":8.363636363636363,"average_win":11.207317372972433,"expectancy":3.645348313865388,"largest_loss":-9.255407307318142,"largest_win":21.60072154531159,"max_trade_duration_days":18.0,"median_trade_duration_days":8.0,"profit_factor":2.477204786653273,"time_in_market_percent":0.11442193087008344,"total_trades":11,"win_rate":0.5454545454545454}}