{"capital_utilization":{"average_cash_percent":0.9038487239569163,"average_exposure_percent":0.09615127604308374,"average_leverage":0.09615127604308374,"average_position_value":209.3184285398467,"max_exposure_percent":0.4061363241278544},"closed_trades":32,"equity_curve":[],"final_equity":537.5569762885397,"max_drawdown":0.06658552872017902,"open_trades":0,"profit_factor":1.5597028282551508,"sharpe":0.786730737665245,"signal_diagnostics":{"buy_signals":32,"duplicate_buy_skips":0,"flat_sell_skips":0,"hold_signals":488,"risk_blocked_signals":0,"sell_signals":9,"stop_loss_exits":14,"take_profit_exits":9},"starting_equity":500,"total_return":0.07511395257707942,"trade_analysis":{"average_loss":-5.16166442297217,"average_trade_duration_days":4.563802083333333,"average_win":5.508348094061994,"expectancy":1.1736555090168643,"largest_loss":-7.79857544927112,"largest_win":11.520598925250289,"max_trade_duration_days":18.0,"median_trade_duration_days":3.0,"profit_factor":1.5597028282551508,"time_in_market_percent":0.181634450950925,"total_trades":32,"win_rate":0.59375}}