{"capital_utilization":{"average_cash_percent":0.9263060264124495,"average_exposure_percent":0.07369397358755048,"average_leverage":0.07369397358755048,"average_position_value":199.19239067684782,"max_exposure_percent":0.40603837393890985},"closed_trades":16,"equity_curve":[],"final_equity":481.7889791575508,"max_drawdown":0.06122220621682238,"open_trades":0,"profit_factor":0.6486297146918706,"sharpe":-0.44125865377623663,"signal_diagnostics":{"buy_signals":16,"duplicate_buy_skips":0,"flat_sell_skips":0,"hold_signals":520,"risk_blocked_signals":0,"sell_signals":0,"stop_loss_exits":13,"take_profit_exits":3},"starting_equity":500,"total_return":-0.036422041684898376,"trade_analysis":{"average_loss":-5.182857402548803,"average_trade_duration_days":7.875,"average_win":5.602925530506465,"expectancy":-1.1381888026530764,"largest_loss":-7.302474197616555,"largest_win":11.29912541279003,"max_trade_duration_days":21.0,"median_trade_duration_days":6.5,"profit_factor":0.6486297146918706,"time_in_market_percent":0.1567082966264186,"total_trades":16,"win_rate":0.375}}