{"capital_utilization":{"average_cash_percent":0.8365943493263686,"average_exposure_percent":0.16340565067363147,"average_leverage":0.16340565067363147,"average_position_value":171.14357640652844,"max_exposure_percent":0.4227873428438571},"closed_trades":28,"equity_curve":[],"final_equity":395.3580614515667,"max_drawdown":0.24890476246824686,"open_trades":0,"profit_factor":0.6147969595227052,"sharpe":-0.8045990900422668,"signal_diagnostics":{"buy_signals":28,"duplicate_buy_skips":0,"flat_sell_skips":0,"hold_signals":384,"risk_blocked_signals":0,"sell_signals":9,"stop_loss_exits":18,"take_profit_exits":1},"starting_equity":500,"total_return":-0.20928387709686658,"trade_analysis":{"average_loss":-15.97964580518585,"average_trade_duration_days":8.035714285714286,"average_win":15.182912739975107,"expectancy":-3.7372120910154747,"largest_loss":-23.764442488260997,"largest_win":27.16950362413864,"max_trade_duration_days":22.0,"median_trade_duration_days":7.0,"profit_factor":0.6147969595227052,"time_in_market_percent":0.352641546398485,"total_trades":28,"win_rate":0.39285714285714285}}