{"capital_utilization":{"average_cash_percent":0.9182310712902658,"average_exposure_percent":0.08176892870973419,"average_leverage":0.08176892870973419,"average_position_value":206.14351136897812,"max_exposure_percent":0.40481102260712815},"closed_trades":22,"equity_curve":[],"final_equity":530.268427609008,"max_drawdown":0.05240770452978547,"open_trades":0,"profit_factor":1.8130830934751627,"sharpe":0.7659682785884139,"signal_diagnostics":{"buy_signals":22,"duplicate_buy_skips":0,"flat_sell_skips":0,"hold_signals":508,"risk_blocked_signals":0,"sell_signals":4,"stop_loss_exits":9,"take_profit_exits":9},"starting_equity":500,"total_return":0.060536855218015884,"trade_analysis":{"average_loss":-4.136303718785711,"average_trade_duration_days":6.001893939393939,"average_win":5.191935467544566,"expectancy":1.3758376185912704,"largest_loss":-5.897821147069174,"largest_win":11.453367069366605,"max_trade_duration_days":21.0,"median_trade_duration_days":5.5,"profit_factor":1.8130830934751627,"time_in_market_percent":0.16422241799243406,"total_trades":22,"win_rate":0.5909090909090909}}