{"capital_utilization":{"average_cash_percent":0.9698609242459406,"average_exposure_percent":0.030139075754059358,"average_leverage":0.030139075754059358,"average_position_value":195.70958724167323,"max_exposure_percent":0.410989953510917},"closed_trades":3,"equity_curve":[],"final_equity":481.6857665698406,"max_drawdown":0.06136859381108079,"open_trades":0,"profit_factor":0.19590350361230238,"sharpe":-0.6117079795754753,"signal_diagnostics":{"buy_signals":3,"duplicate_buy_skips":0,"flat_sell_skips":0,"hold_signals":434,"risk_blocked_signals":0,"sell_signals":1,"stop_loss_exits":2,"take_profit_exits":0},"starting_equity":500,"total_return":-0.03662846686031873,"trade_analysis":{"average_loss":-11.388081848654835,"average_trade_duration_days":14.986111111111109,"average_win":4.461930267150295,"expectancy":-6.104744476719792,"largest_loss":-13.000142045839006,"largest_win":4.461930267150295,"max_trade_duration_days":18.958333333333332,"median_trade_duration_days":14.0,"profit_factor":0.19590350361230238,"time_in_market_percent":0.0704630052896232,"total_trades":3,"win_rate":0.3333333333333333}}