{"capital_utilization":{"average_cash_percent":0.9084196567870475,"average_exposure_percent":0.09158034321295255,"average_leverage":0.09158034321295255,"average_position_value":209.44483368348142,"max_exposure_percent":0.4079025016778959},"closed_trades":20,"equity_curve":[],"final_equity":544.5203968912575,"max_drawdown":0.07199520045633682,"open_trades":0,"profit_factor":1.793964266296018,"sharpe":0.7420070497973806,"signal_diagnostics":{"buy_signals":20,"duplicate_buy_skips":0,"flat_sell_skips":0,"hold_signals":512,"risk_blocked_signals":0,"sell_signals":11,"stop_loss_exits":8,"take_profit_exits":1},"starting_equity":500,"total_return":0.08904079378251506,"trade_analysis":{"average_loss":-7.00919405021729,"average_trade_duration_days":7.75,"average_win":8.38282910774965,"expectancy":2.2260198445628743,"largest_loss":-9.875808574378443,"largest_win":20.608861948527675,"max_trade_duration_days":21.0,"median_trade_duration_days":6.0,"profit_factor":1.793964266296018,"time_in_market_percent":0.19277607918329276,"total_trades":20,"win_rate":0.6}}