{"capital_utilization":{"average_cash_percent":0.890074710481825,"average_exposure_percent":0.10992528951817503,"average_leverage":0.10992528951817503,"average_position_value":201.9021447248351,"max_exposure_percent":0.40802929139217325},"closed_trades":25,"equity_curve":[],"final_equity":528.8037879956019,"max_drawdown":0.035712333592769846,"open_trades":0,"profit_factor":1.611256387121407,"sharpe":0.6449594114876002,"signal_diagnostics":{"buy_signals":25,"duplicate_buy_skips":0,"flat_sell_skips":0,"hold_signals":503,"risk_blocked_signals":0,"sell_signals":18,"stop_loss_exits":7,"take_profit_exits":0},"starting_equity":500,"total_return":0.05760757599120381,"trade_analysis":{"average_loss":-5.890283644161093,"average_trade_duration_days":7.523333333333333,"average_win":4.46623865581709,"expectancy":1.1521515198240724,"largest_loss":-9.715548142031118,"largest_win":10.658085666953967,"max_trade_duration_days":18.0,"median_trade_duration_days":6.0,"profit_factor":1.611256387121407,"time_in_market_percent":0.23392237135306007,"total_trades":25,"win_rate":0.68}}