{"capital_utilization":{"average_cash_percent":0.822543314285161,"average_exposure_percent":0.1774566857148389,"average_leverage":0.1774566857148389,"average_position_value":202.57950917933846,"max_exposure_percent":0.40789514633164314},"closed_trades":33,"equity_curve":[],"final_equity":523.9890197009396,"max_drawdown":0.04532011331886946,"open_trades":0,"profit_factor":1.3075308990804895,"sharpe":0.41460356159587075,"signal_diagnostics":{"buy_signals":33,"duplicate_buy_skips":0,"flat_sell_skips":0,"hold_signals":487,"risk_blocked_signals":0,"sell_signals":9,"stop_loss_exits":22,"take_profit_exits":1},"starting_equity":500,"total_return":0.04797803940187917,"trade_analysis":{"average_loss":-4.588543168042097,"average_trade_duration_days":9.453282828282829,"average_win":6.3746408473534535,"expectancy":0.7269399909375646,"largest_loss":-9.518663116813807,"largest_win":13.926312077677489,"max_trade_duration_days":21.0,"median_trade_duration_days":7.0,"profit_factor":1.3075308990804895,"time_in_market_percent":0.3879877701197078,"total_trades":33,"win_rate":0.48484848484848486}}