{"capital_utilization":{"average_cash_percent":0.839005433953773,"average_exposure_percent":0.16099456604622697,"average_leverage":0.16099456604622697,"average_position_value":202.11686862439424,"max_exposure_percent":0.4070697501018377},"closed_trades":21,"equity_curve":[],"final_equity":521.835264076968,"max_drawdown":0.05833606639120374,"open_trades":0,"profit_factor":1.4219233151168669,"sharpe":0.48989410160728436,"signal_diagnostics":{"buy_signals":21,"duplicate_buy_skips":0,"flat_sell_skips":0,"hold_signals":399,"risk_blocked_signals":0,"sell_signals":2,"stop_loss_exits":17,"take_profit_exits":1},"starting_equity":500,"total_return":0.04367052815393602,"trade_analysis":{"average_loss":-5.1751736144090295,"average_trade_duration_days":10.76388888888889,"average_win":6.689727292823477,"expectancy":1.0397744798556172,"largest_loss":-8.554029165956385,"largest_win":26.877716718416686,"max_trade_duration_days":33.0,"median_trade_duration_days":7.0,"profit_factor":1.4219233151168669,"time_in_market_percent":0.3542741461503298,"total_trades":21,"win_rate":0.5238095238095238}}