{"capital_utilization":{"average_cash_percent":0.9293757544118632,"average_exposure_percent":0.07062424558813682,"average_leverage":0.07062424558813682,"average_position_value":203.05128846889056,"max_exposure_percent":0.40793954207830013},"closed_trades":14,"equity_curve":[],"final_equity":513.253375155509,"max_drawdown":0.044115188421288934,"open_trades":0,"profit_factor":1.2905207799147231,"sharpe":0.35563085468863065,"signal_diagnostics":{"buy_signals":14,"duplicate_buy_skips":0,"flat_sell_skips":0,"hold_signals":412,"risk_blocked_signals":0,"sell_signals":1,"stop_loss_exits":9,"take_profit_exits":4},"starting_equity":500,"total_return":0.026506750311018124,"trade_analysis":{"average_loss":-5.702421337726387,"average_trade_duration_days":6.714285714285714,"average_win":9.812124309553354,"expectancy":0.9466696539649301,"largest_loss":-9.778623004675346,"largest_win":14.967512795529029,"max_trade_duration_days":12.0,"median_trade_duration_days":7.0,"profit_factor":1.2905207799147231,"time_in_market_percent":0.14732580160647815,"total_trades":14,"win_rate":0.42857142857142855}}