{"capital_utilization":{"average_cash_percent":0.7729776113434179,"average_exposure_percent":0.2270223886565821,"average_leverage":0.2270223886565821,"average_position_value":212.4625213332276,"max_exposure_percent":0.40551448361722303},"closed_trades":22,"equity_curve":[],"final_equity":556.2541799326459,"max_drawdown":0.06118096533495749,"open_trades":0,"profit_factor":2.0046736714196802,"sharpe":0.91825211516846,"signal_diagnostics":{"buy_signals":22,"duplicate_buy_skips":0,"flat_sell_skips":0,"hold_signals":509,"risk_blocked_signals":0,"sell_signals":0,"stop_loss_exits":17,"take_profit_exits":4},"starting_equity":500,"total_return":0.11250835986529184,"trade_analysis":{"average_loss":-4.307114571927421,"average_trade_duration_days":19.865530303030305,"average_win":12.471852151966925,"expectancy":2.5570081787566297,"largest_loss":-6.913354958993454,"largest_win":31.763043714414597,"max_trade_duration_days":67.0,"median_trade_duration_days":18.5,"profit_factor":2.0046736714196802,"time_in_market_percent":0.5435559931595585,"total_trades":22,"win_rate":0.4090909090909091}}