{"capital_utilization":{"average_cash_percent":0.7349003065301257,"average_exposure_percent":0.2650996934698743,"average_leverage":0.2650996934698743,"average_position_value":219.30622515761868,"max_exposure_percent":0.4054961481720905},"closed_trades":26,"equity_curve":[],"final_equity":585.6991292303187,"max_drawdown":0.03919408651571537,"open_trades":0,"profit_factor":4.067416164508029,"sharpe":1.4279072806157462,"signal_diagnostics":{"buy_signals":26,"duplicate_buy_skips":0,"flat_sell_skips":0,"hold_signals":502,"risk_blocked_signals":0,"sell_signals":10,"stop_loss_exits":12,"take_profit_exits":3},"starting_equity":500,"total_return":0.1713982584606375,"trade_analysis":{"average_loss":-3.1042822230033567,"average_trade_duration_days":19.229166666666664,"average_win":6.684568778667585,"expectancy":3.296120355012259,"largest_loss":-7.126330867547595,"largest_win":20.540307587692865,"max_trade_duration_days":43.0,"median_trade_duration_days":17.0,"profit_factor":4.067416164508029,"time_in_market_percent":0.6218064984194435,"total_trades":26,"win_rate":0.6538461538461539}}