{"capital_utilization":{"average_cash_percent":0.7417745846102721,"average_exposure_percent":0.25822541538972793,"average_leverage":0.25822541538972793,"average_position_value":202.15133079841965,"max_exposure_percent":0.40378424869390744},"closed_trades":37,"equity_curve":[],"final_equity":519.1452105163573,"max_drawdown":0.02636177632596492,"open_trades":0,"profit_factor":1.4048113143799819,"sharpe":0.5420911552297647,"signal_diagnostics":{"buy_signals":37,"duplicate_buy_skips":0,"flat_sell_skips":0,"hold_signals":479,"risk_blocked_signals":0,"sell_signals":4,"stop_loss_exits":31,"take_profit_exits":2},"starting_equity":500,"total_return":0.03829042103271463,"trade_analysis":{"average_loss":-2.0562677663984084,"average_trade_duration_days":12.782657657657657,"average_win":4.745669224537197,"expectancy":0.5174381220637128,"largest_loss":-4.569756446983562,"largest_win":10.991507434092748,"max_trade_duration_days":50.0,"median_trade_duration_days":9.0,"profit_factor":1.4048113143799819,"time_in_market_percent":0.5882261491423537,"total_trades":37,"win_rate":0.3783783783783784}}