{"capital_utilization":{"average_cash_percent":0.8703749840891817,"average_exposure_percent":0.12962501591081838,"average_leverage":0.12962501591081838,"average_position_value":212.9174677776977,"max_exposure_percent":0.40714063009690377},"closed_trades":20,"equity_curve":[],"final_equity":577.5439272339478,"max_drawdown":0.06498764807584309,"open_trades":0,"profit_factor":2.6189273404935016,"sharpe":1.2290875695335546,"signal_diagnostics":{"buy_signals":20,"duplicate_buy_skips":0,"flat_sell_skips":0,"hold_signals":400,"risk_blocked_signals":0,"sell_signals":12,"stop_loss_exits":7,"take_profit_exits":1},"starting_equity":500,"total_return":0.15508785446789553,"trade_analysis":{"average_loss":-6.842619562646415,"average_trade_duration_days":8.797916666666667,"average_win":9.649404936344052,"expectancy":3.877196361697389,"largest_loss":-9.103169778120876,"largest_win":18.232035121110904,"max_trade_duration_days":18.0,"median_trade_duration_days":8.5,"profit_factor":2.6189273404935016,"time_in_market_percent":0.27577875008163,"total_trades":20,"win_rate":0.65}}