{"capital_utilization":{"average_cash_percent":0.8395598742566488,"average_exposure_percent":0.16044012574335118,"average_leverage":0.16044012574335118,"average_position_value":193.98555707711802,"max_exposure_percent":0.4048752831706528},"closed_trades":13,"equity_curve":[],"final_equity":498.4046580643271,"max_drawdown":0.0505418353774769,"open_trades":0,"profit_factor":0.9430647343835578,"sharpe":-0.04142559895600268,"signal_diagnostics":{"buy_signals":13,"duplicate_buy_skips":0,"flat_sell_skips":0,"hold_signals":415,"risk_blocked_signals":0,"sell_signals":4,"stop_loss_exits":8,"take_profit_exits":0},"starting_equity":500,"total_return":-0.0031906838713458008,"trade_analysis":{"average_loss":-3.5025346733697993,"average_trade_duration_days":18.46153846153846,"average_win":5.284987090257106,"expectancy":-0.12271861043637436,"largest_loss":-5.84848472906096,"largest_win":11.484928249290325,"max_trade_duration_days":47.0,"median_trade_duration_days":11.0,"profit_factor":0.9430647343835578,"time_in_market_percent":0.3761509828250506,"total_trades":13,"win_rate":0.38461538461538464}}