{"capital_utilization":{"average_cash_percent":0.7351092399600481,"average_exposure_percent":0.264890760039952,"average_leverage":0.264890760039952,"average_position_value":207.12864126967958,"max_exposure_percent":0.40415073828299386},"closed_trades":15,"equity_curve":[],"final_equity":548.2993695044867,"max_drawdown":0.02378814205978919,"open_trades":0,"profit_factor":3.5933269563225565,"sharpe":1.2143046170356453,"signal_diagnostics":{"buy_signals":15,"duplicate_buy_skips":0,"flat_sell_skips":0,"hold_signals":523,"risk_blocked_signals":0,"sell_signals":0,"stop_loss_exits":15,"take_profit_exits":0},"starting_equity":500,"total_return":0.09659873900897331,"trade_analysis":{"average_loss":-3.7248962678409976,"average_trade_duration_days":34.663888888888884,"average_win":6.692385084369171,"expectancy":3.2199579669657807,"largest_loss":-5.111893113712617,"largest_win":19.211551750488002,"max_trade_duration_days":91.0,"median_trade_duration_days":36.0,"profit_factor":3.5933269563225565,"time_in_market_percent":0.6466808312172876,"total_trades":15,"win_rate":0.6666666666666666}}