{"capital_utilization":{"average_cash_percent":0.7281393684880544,"average_exposure_percent":0.2718606315119456,"average_leverage":0.2718606315119456,"average_position_value":203.1132236977195,"max_exposure_percent":0.4056656281139662},"closed_trades":43,"equity_curve":[],"final_equity":496.1409456330568,"max_drawdown":0.06770559094637119,"open_trades":0,"profit_factor":0.9532440609462416,"sharpe":-0.05737636016830169,"signal_diagnostics":{"buy_signals":43,"duplicate_buy_skips":0,"flat_sell_skips":0,"hold_signals":466,"risk_blocked_signals":0,"sell_signals":5,"stop_loss_exits":36,"take_profit_exits":2},"starting_equity":500,"total_return":-0.007718108733886453,"trade_analysis":{"average_loss":-3.3014452880573497,"average_trade_duration_days":11.395348837209303,"average_win":4.370948768582809,"expectancy":-0.08974545039402781,"largest_loss":-6.933137786686674,"largest_win":13.323612669218091,"max_trade_duration_days":37.0,"median_trade_duration_days":9.0,"profit_factor":0.9532440609462416,"time_in_market_percent":0.6094211535471835,"total_trades":43,"win_rate":0.4186046511627907}}