{"capital_utilization":{"average_cash_percent":0.7338996189822438,"average_exposure_percent":0.2661003810177562,"average_leverage":0.2661003810177562,"average_position_value":205.42533662527694,"max_exposure_percent":0.4024577665310343},"closed_trades":19,"equity_curve":[],"final_equity":543.9739628904563,"max_drawdown":0.024017935352984087,"open_trades":0,"profit_factor":4.271949250204629,"sharpe":1.0774318851079858,"signal_diagnostics":{"buy_signals":19,"duplicate_buy_skips":0,"flat_sell_skips":0,"hold_signals":515,"risk_blocked_signals":0,"sell_signals":5,"stop_loss_exits":14,"take_profit_exits":0},"starting_equity":500,"total_return":0.0879479257809126,"trade_analysis":{"average_loss":-1.9199548092757648,"average_trade_duration_days":27.103070175438592,"average_win":4.784470546282218,"expectancy":2.314419099497699,"largest_loss":-3.133884228155978,"largest_win":9.880633456464246,"max_trade_duration_days":55.958333333333336,"median_trade_duration_days":25.0,"profit_factor":4.271949250204629,"time_in_market_percent":0.6404622480178266,"total_trades":19,"win_rate":0.631578947368421}}