{"capital_utilization":{"average_cash_percent":0.8839232223574336,"average_exposure_percent":0.11607677764256642,"average_leverage":0.11607677764256642,"average_position_value":193.4458238469739,"max_exposure_percent":0.40995130976844224},"closed_trades":18,"equity_curve":[],"final_equity":492.6644687053756,"max_drawdown":0.0662816823140064,"open_trades":0,"profit_factor":0.8997436030678189,"sharpe":-0.1014727065329599,"signal_diagnostics":{"buy_signals":18,"duplicate_buy_skips":0,"flat_sell_skips":0,"hold_signals":404,"risk_blocked_signals":0,"sell_signals":7,"stop_loss_exits":10,"take_profit_exits":1},"starting_equity":500,"total_return":-0.014671062589248773,"trade_analysis":{"average_loss":-7.316771317431753,"average_trade_duration_days":8.780092592592592,"average_win":8.229022734961646,"expectancy":-0.4075295163680206,"largest_loss":-11.644408341727056,"largest_win":14.070158342941635,"max_trade_duration_days":19.0,"median_trade_duration_days":7.5,"profit_factor":0.8997436030678189,"time_in_market_percent":0.2476980343498988,"total_trades":18,"win_rate":0.4444444444444444}}