{"capital_utilization":{"average_cash_percent":0.9581127041884079,"average_exposure_percent":0.04188729581159216,"average_leverage":0.04188729581159216,"average_position_value":203.65913487558166,"max_exposure_percent":0.40593176863340835},"closed_trades":9,"equity_curve":[],"final_equity":518.7424705791951,"max_drawdown":0.04067132294288089,"open_trades":0,"profit_factor":2.0368123559345657,"sharpe":0.5894534014663645,"signal_diagnostics":{"buy_signals":9,"duplicate_buy_skips":0,"flat_sell_skips":0,"hold_signals":534,"risk_blocked_signals":0,"sell_signals":0,"stop_loss_exits":4,"take_profit_exits":5},"starting_equity":500,"total_return":0.037484941158390184,"trade_analysis":{"average_loss":-4.519253284337291,"average_trade_duration_days":8.106481481481483,"average_win":7.363896743308848,"expectancy":2.0824967310216755,"largest_loss":-7.317818327449821,"largest_win":13.084165411996334,"max_trade_duration_days":20.0,"median_trade_duration_days":5.0,"profit_factor":2.0368123559345657,"time_in_market_percent":0.09073949318546926,"total_trades":9,"win_rate":0.5555555555555556}}