{"capital_utilization":{"average_cash_percent":0.8609030696545862,"average_exposure_percent":0.13909693034541382,"average_leverage":0.13909693034541382,"average_position_value":199.86813379864054,"max_exposure_percent":0.40494408603460846},"closed_trades":9,"equity_curve":[],"final_equity":514.178379481298,"max_drawdown":0.02644531952103142,"open_trades":0,"profit_factor":1.715270556897431,"sharpe":0.6543012003964587,"signal_diagnostics":{"buy_signals":9,"duplicate_buy_skips":0,"flat_sell_skips":0,"hold_signals":423,"risk_blocked_signals":0,"sell_signals":0,"stop_loss_exits":6,"take_profit_exits":2},"starting_equity":500,"total_return":0.02835675896259593,"trade_analysis":{"average_loss":-3.9644801102392186,"average_trade_duration_days":23.22222222222222,"average_win":8.500195008123516,"expectancy":1.575375497921996,"largest_loss":-5.974292661057205,"largest_win":14.802174448856013,"max_trade_duration_days":48.0,"median_trade_duration_days":21.0,"profit_factor":1.715270556897431,"time_in_market_percent":0.32756481421014827,"total_trades":9,"win_rate":0.4444444444444444}}