{"capital_utilization":{"average_cash_percent":0.8995499782162127,"average_exposure_percent":0.10045002178378724,"average_leverage":0.10045002178378724,"average_position_value":207.93440100550563,"max_exposure_percent":0.40636662505882687},"closed_trades":23,"equity_curve":[],"final_equity":536.1829880999738,"max_drawdown":0.048002794368865793,"open_trades":0,"profit_factor":1.856576367890125,"sharpe":0.750853351324733,"signal_diagnostics":{"buy_signals":23,"duplicate_buy_skips":0,"flat_sell_skips":0,"hold_signals":506,"risk_blocked_signals":0,"sell_signals":13,"stop_loss_exits":9,"take_profit_exits":1},"starting_equity":500,"total_return":0.07236597619994778,"trade_analysis":{"average_loss":-4.693489292742086,"average_trade_duration_days":7.264492753623188,"average_win":5.601742266760903,"expectancy":1.5731733956510374,"largest_loss":-8.045755742366232,"largest_win":16.97388754756124,"max_trade_duration_days":21.0,"median_trade_duration_days":6.0,"profit_factor":1.856576367890125,"time_in_market_percent":0.2078043219153236,"total_trades":23,"win_rate":0.6086956521739131}}