{"capital_utilization":{"average_cash_percent":0.9201583655496817,"average_exposure_percent":0.07984163445031829,"average_leverage":0.07984163445031829,"average_position_value":201.26815994244043,"max_exposure_percent":0.40651127310058793},"closed_trades":13,"equity_curve":[],"final_equity":521.2116417320302,"max_drawdown":0.03727224267235978,"open_trades":0,"profit_factor":1.5637871735353526,"sharpe":0.5041643025743576,"signal_diagnostics":{"buy_signals":13,"duplicate_buy_skips":0,"flat_sell_skips":0,"hold_signals":414,"risk_blocked_signals":0,"sell_signals":0,"stop_loss_exits":7,"take_profit_exits":6},"starting_equity":500,"total_return":0.042423283464060324,"trade_analysis":{"average_loss":-6.270581857753721,"average_trade_duration_days":7.846153846153846,"average_win":8.40501898265036,"expectancy":1.6316647486177067,"largest_loss":-8.011235747021205,"largest_win":12.469564408544086,"max_trade_duration_days":19.0,"median_trade_duration_days":7.0,"profit_factor":1.5637871735353526,"time_in_market_percent":0.15986416770064651,"total_trades":13,"win_rate":0.5384615384615384}}