{"capital_utilization":{"average_cash_percent":0.7083276252134427,"average_exposure_percent":0.2916723747865573,"average_leverage":0.2916723747865573,"average_position_value":214.5213148146495,"max_exposure_percent":0.4054351220716225},"closed_trades":20,"equity_curve":[],"final_equity":542.3934959628684,"max_drawdown":0.03916877501523157,"open_trades":0,"profit_factor":2.656534634026969,"sharpe":1.0551865879901494,"signal_diagnostics":{"buy_signals":20,"duplicate_buy_skips":0,"flat_sell_skips":0,"hold_signals":513,"risk_blocked_signals":0,"sell_signals":0,"stop_loss_exits":16,"take_profit_exits":3},"starting_equity":500,"total_return":0.08478699192573691,"trade_analysis":{"average_loss":-2.8435194432777746,"average_trade_duration_days":27.95,"average_win":6.180470086578949,"expectancy":2.1196747981434236,"largest_loss":-7.060425340862745,"largest_win":14.87195902496936,"max_trade_duration_days":78.0,"median_trade_duration_days":28.0,"profit_factor":2.656534634026969,"time_in_market_percent":0.6952376016997461,"total_trades":20,"win_rate":0.55}}