{"capital_utilization":{"average_cash_percent":0.7450116216179115,"average_exposure_percent":0.2549883783820886,"average_leverage":0.2549883783820886,"average_position_value":206.82211351491526,"max_exposure_percent":0.40275869973853773},"closed_trades":16,"equity_curve":[],"final_equity":541.395960885342,"max_drawdown":0.02432253546831113,"open_trades":0,"profit_factor":3.468934541256505,"sharpe":1.0400365642657405,"signal_diagnostics":{"buy_signals":16,"duplicate_buy_skips":0,"flat_sell_skips":0,"hold_signals":521,"risk_blocked_signals":0,"sell_signals":0,"stop_loss_exits":16,"take_profit_exits":0},"starting_equity":500,"total_return":0.08279192177068406,"trade_analysis":{"average_loss":-2.3952472611511055,"average_trade_duration_days":31.309895833333332,"average_win":6.462521301488864,"expectancy":2.587247555333877,"largest_loss":-3.395318413540993,"largest_win":19.30695209111007,"max_trade_duration_days":91.0,"median_trade_duration_days":28.0,"profit_factor":3.468934541256505,"time_in_market_percent":0.6230502150593357,"total_trades":16,"win_rate":0.5625}}