{"capital_utilization":{"average_cash_percent":0.8107569067643484,"average_exposure_percent":0.18924309323565158,"average_leverage":0.18924309323565158,"average_position_value":209.43362951665446,"max_exposure_percent":0.4057836901511548},"closed_trades":27,"equity_curve":[],"final_equity":556.7443724543016,"max_drawdown":0.035317446717287766,"open_trades":0,"profit_factor":2.104838229046678,"sharpe":0.9770958165031558,"signal_diagnostics":{"buy_signals":27,"duplicate_buy_skips":0,"flat_sell_skips":0,"hold_signals":498,"risk_blocked_signals":0,"sell_signals":3,"stop_loss_exits":22,"take_profit_exits":2},"starting_equity":500,"total_return":0.11348874490860306,"trade_analysis":{"average_loss":-3.668563735813941,"average_trade_duration_days":12.853395061728396,"average_win":8.315712673515135,"expectancy":2.1016434242333917,"largest_loss":-6.99808680040013,"largest_win":24.820286946514628,"max_trade_duration_days":27.0,"median_trade_duration_days":11.0,"profit_factor":2.104838229046678,"time_in_market_percent":0.4316214955692595,"total_trades":27,"win_rate":0.48148148148148145}}