{"capital_utilization":{"average_cash_percent":0.9257383241318222,"average_exposure_percent":0.07426167586817774,"average_leverage":0.07426167586817774,"average_position_value":201.42059125948552,"max_exposure_percent":0.40975218018746606},"closed_trades":13,"equity_curve":[],"final_equity":525.5301500080277,"max_drawdown":0.031128301569602907,"open_trades":0,"profit_factor":1.737858004566886,"sharpe":0.6377461431314525,"signal_diagnostics":{"buy_signals":13,"duplicate_buy_skips":0,"flat_sell_skips":0,"hold_signals":528,"risk_blocked_signals":0,"sell_signals":8,"stop_loss_exits":4,"take_profit_exits":0},"starting_equity":500,"total_return":0.05106030001605544,"trade_analysis":{"average_loss":-6.920071300985232,"average_trade_duration_days":9.612179487179487,"average_win":7.516313314119232,"expectancy":1.9638576929252076,"largest_loss":-11.771265147526917,"largest_win":14.695408524680227,"max_trade_duration_days":18.0,"median_trade_duration_days":9.0,"profit_factor":1.737858004566886,"time_in_market_percent":0.15541275845986424,"total_trades":13,"win_rate":0.6153846153846154}}