{"capital_utilization":{"average_cash_percent":0.8865728096180963,"average_exposure_percent":0.11342719038190373,"average_leverage":0.11342719038190373,"average_position_value":192.53681357142725,"max_exposure_percent":0.4133251680052067},"closed_trades":18,"equity_curve":[],"final_equity":497.8753682237186,"max_drawdown":0.07138373629917066,"open_trades":0,"profit_factor":0.9690484731246893,"sharpe":-0.007067002594829401,"signal_diagnostics":{"buy_signals":18,"duplicate_buy_skips":0,"flat_sell_skips":0,"hold_signals":404,"risk_blocked_signals":0,"sell_signals":6,"stop_loss_exits":11,"take_profit_exits":1},"starting_equity":500,"total_return":-0.004249263552562721,"trade_analysis":{"average_loss":-7.627093755846469,"average_trade_duration_days":8.891203703703702,"average_win":7.391023558481873,"expectancy":-0.11803509868229817,"largest_loss":-15.495083853035682,"largest_win":14.218978048825663,"max_trade_duration_days":14.0,"median_trade_duration_days":7.5,"profit_factor":0.9690484731246893,"time_in_market_percent":0.25083262587344085,"total_trades":18,"win_rate":0.5}}