{"capital_utilization":{"average_cash_percent":0.7723672306269089,"average_exposure_percent":0.22763276937309102,"average_leverage":0.22763276937309102,"average_position_value":215.47461764252222,"max_exposure_percent":0.4054754554165535},"closed_trades":20,"equity_curve":[],"final_equity":554.8234355051707,"max_drawdown":0.07039340689367961,"open_trades":0,"profit_factor":1.945217562165559,"sharpe":0.881970554834251,"signal_diagnostics":{"buy_signals":20,"duplicate_buy_skips":0,"flat_sell_skips":0,"hold_signals":512,"risk_blocked_signals":0,"sell_signals":2,"stop_loss_exits":18,"take_profit_exits":0},"starting_equity":500,"total_return":0.10964687101034132,"trade_analysis":{"average_loss":-4.833405353751426,"average_trade_duration_days":21.952083333333334,"average_win":14.103037468773467,"expectancy":2.741171775258531,"largest_loss":-7.039067270010085,"largest_win":46.47802798222547,"max_trade_duration_days":86.0,"median_trade_duration_days":13.0,"profit_factor":1.945217562165559,"time_in_market_percent":0.546043426439343,"total_trades":20,"win_rate":0.4}}