{"capital_utilization":{"average_cash_percent":0.7645862340874912,"average_exposure_percent":0.23541376591250884,"average_leverage":0.23541376591250884,"average_position_value":214.1810325980239,"max_exposure_percent":0.4054839980213358},"closed_trades":32,"equity_curve":[],"final_equity":542.0805720199669,"max_drawdown":0.06838945157314134,"open_trades":0,"profit_factor":1.5423107571135564,"sharpe":0.7231521499809584,"signal_diagnostics":{"buy_signals":32,"duplicate_buy_skips":0,"flat_sell_skips":0,"hold_signals":488,"risk_blocked_signals":0,"sell_signals":1,"stop_loss_exits":31,"take_profit_exits":0},"starting_equity":500,"total_return":0.08416114403993369,"trade_analysis":{"average_loss":-4.56440838285287,"average_trade_duration_days":13.688802083333334,"average_win":7.978367635231042,"expectancy":1.3150178756239643,"largest_loss":-7.061317734064846,"largest_win":25.63992485048172,"max_trade_duration_days":41.0,"median_trade_duration_days":10.5,"profit_factor":1.5423107571135564,"time_in_market_percent":0.5447997097994507,"total_trades":32,"win_rate":0.46875}}