{"capital_utilization":{"average_cash_percent":0.8185749449197601,"average_exposure_percent":0.18142505508023984,"average_leverage":0.18142505508023984,"average_position_value":211.50386869060114,"max_exposure_percent":0.4182056936713094},"closed_trades":29,"equity_curve":[],"final_equity":547.7257780009712,"max_drawdown":0.21905847599159822,"open_trades":0,"profit_factor":1.1988191048959207,"sharpe":0.35491323136839914,"signal_diagnostics":{"buy_signals":29,"duplicate_buy_skips":0,"flat_sell_skips":0,"hold_signals":495,"risk_blocked_signals":0,"sell_signals":3,"stop_loss_exits":25,"take_profit_exits":0},"starting_equity":500,"total_return":0.09545155600194244,"trade_analysis":{"average_loss":-12.634012480830927,"average_trade_duration_days":11.17528735632184,"average_win":28.777201513675884,"expectancy":1.6457164827921111,"largest_loss":-22.246171417016402,"largest_win":84.58744052377278,"max_trade_duration_days":33.0,"median_trade_duration_days":9.0,"profit_factor":1.1988191048959207,"time_in_market_percent":0.4030678343784009,"total_trades":29,"win_rate":0.3448275862068966}}