{"capital_utilization":{"average_cash_percent":0.8114720013396103,"average_exposure_percent":0.18852799866038975,"average_leverage":0.18852799866038975,"average_position_value":191.41811078622723,"max_exposure_percent":0.4112445841343072},"closed_trades":27,"equity_curve":[],"final_equity":508.58273558761687,"max_drawdown":0.12459770263052848,"open_trades":0,"profit_factor":1.071362551787133,"sharpe":0.15499929859840048,"signal_diagnostics":{"buy_signals":27,"duplicate_buy_skips":0,"flat_sell_skips":0,"hold_signals":387,"risk_blocked_signals":0,"sell_signals":9,"stop_loss_exits":16,"take_profit_exits":1},"starting_equity":500,"total_return":0.017165471175233815,"trade_analysis":{"average_loss":-7.074674134096874,"average_trade_duration_days":9.814814814814815,"average_win":12.885219586726368,"expectancy":0.31787909583766083,"largest_loss":-12.214536395025815,"largest_win":22.881827331998338,"max_trade_duration_days":28.0,"median_trade_duration_days":9.0,"profit_factor":1.071362551787133,"time_in_market_percent":0.41533337686932675,"total_trades":27,"win_rate":0.37037037037037035}}