{"capital_utilization":{"average_cash_percent":0.8034408466082816,"average_exposure_percent":0.19655915339171837,"average_leverage":0.19655915339171837,"average_position_value":207.9470113953618,"max_exposure_percent":0.40583068554349644},"closed_trades":18,"equity_curve":[],"final_equity":546.8576611199867,"max_drawdown":0.04377979924157337,"open_trades":0,"profit_factor":2.157055024230281,"sharpe":0.7873246207053708,"signal_diagnostics":{"buy_signals":18,"duplicate_buy_skips":0,"flat_sell_skips":0,"hold_signals":516,"risk_blocked_signals":0,"sell_signals":1,"stop_loss_exits":15,"take_profit_exits":2},"starting_equity":500,"total_return":0.09371532223997336,"trade_analysis":{"average_loss":-5.0621686240849115,"average_trade_duration_days":20.66898148148148,"average_win":8.735501011266598,"expectancy":2.603203395554816,"largest_loss":-7.346657953489841,"largest_win":24.13233446952347,"max_trade_duration_days":52.041666666666664,"median_trade_duration_days":18.0,"profit_factor":2.157055024230281,"time_in_market_percent":0.4627144115665648,"total_trades":18,"win_rate":0.5555555555555556}}