{"capital_utilization":{"average_cash_percent":0.8134631221528379,"average_exposure_percent":0.18653687784716205,"average_leverage":0.18653687784716205,"average_position_value":198.13570866306102,"max_exposure_percent":0.4084991535590539},"closed_trades":32,"equity_curve":[],"final_equity":507.7084451303531,"max_drawdown":0.071599731880167,"open_trades":0,"profit_factor":1.0728340058573622,"sharpe":0.1440446147425502,"signal_diagnostics":{"buy_signals":32,"duplicate_buy_skips":0,"flat_sell_skips":0,"hold_signals":376,"risk_blocked_signals":0,"sell_signals":10,"stop_loss_exits":22,"take_profit_exits":0},"starting_equity":500,"total_return":0.01541689026070614,"trade_analysis":{"average_loss":-5.570305157101607,"average_trade_duration_days":7.376302083333334,"average_win":8.734172547329505,"expectancy":0.24088891032353357,"largest_loss":-9.993409873728375,"largest_win":19.219826641118658,"max_trade_duration_days":20.0,"median_trade_duration_days":6.0,"profit_factor":1.0728340058573622,"time_in_market_percent":0.3699471037680403,"total_trades":32,"win_rate":0.40625}}