{"capital_utilization":{"average_cash_percent":0.8040849295850561,"average_exposure_percent":0.1959150704149439,"average_leverage":0.1959150704149439,"average_position_value":210.5529024648958,"max_exposure_percent":0.40731240929181317},"closed_trades":27,"equity_curve":[],"final_equity":536.3746773459277,"max_drawdown":0.07927638018736737,"open_trades":0,"profit_factor":1.576639551519685,"sharpe":0.674025769764863,"signal_diagnostics":{"buy_signals":27,"duplicate_buy_skips":0,"flat_sell_skips":0,"hold_signals":498,"risk_blocked_signals":0,"sell_signals":3,"stop_loss_exits":24,"take_profit_exits":0},"starting_equity":500,"total_return":0.0727493546918554,"trade_analysis":{"average_loss":-4.852341633796827,"average_trade_duration_days":13.186728395061728,"average_win":7.103937041806172,"expectancy":1.347210272071395,"largest_loss":-9.092548408520935,"largest_win":20.63609608489911,"max_trade_duration_days":47.0,"median_trade_duration_days":10.0,"profit_factor":1.576639551519685,"time_in_market_percent":0.44281494532828936,"total_trades":27,"win_rate":0.5185185185185185}}