{"capital_utilization":{"average_cash_percent":0.8025233771861673,"average_exposure_percent":0.19747662281383271,"average_leverage":0.19747662281383271,"average_position_value":194.60372434376214,"max_exposure_percent":0.4076413884486523},"closed_trades":24,"equity_curve":[],"final_equity":503.0852954817607,"max_drawdown":0.07559356726344117,"open_trades":0,"profit_factor":1.042006350828968,"sharpe":0.09005327625559537,"signal_diagnostics":{"buy_signals":24,"duplicate_buy_skips":0,"flat_sell_skips":0,"hold_signals":392,"risk_blocked_signals":0,"sell_signals":6,"stop_loss_exits":16,"take_profit_exits":2},"starting_equity":500,"total_return":0.006170590963521461,"trade_analysis":{"average_loss":-4.590519381109007,"average_trade_duration_days":11.789930555555557,"average_win":9.5667006974381,"expectancy":0.128553978406695,"largest_loss":-8.842185518519665,"largest_win":16.857581105505822,"max_trade_duration_days":27.0,"median_trade_duration_days":8.0,"profit_factor":1.042006350828968,"time_in_market_percent":0.4434793965911318,"total_trades":24,"win_rate":0.3333333333333333}}