{"capital_utilization":{"average_cash_percent":0.9351643137946682,"average_exposure_percent":0.06483568620533173,"average_leverage":0.06483568620533173,"average_position_value":205.85195259661387,"max_exposure_percent":0.4059713329152763},"closed_trades":14,"equity_curve":[],"final_equity":527.6577364087693,"max_drawdown":0.04724530627621542,"open_trades":0,"profit_factor":1.8804773948166702,"sharpe":0.6151531088291878,"signal_diagnostics":{"buy_signals":14,"duplicate_buy_skips":0,"flat_sell_skips":0,"hold_signals":524,"risk_blocked_signals":0,"sell_signals":5,"stop_loss_exits":8,"take_profit_exits":1},"starting_equity":500,"total_return":0.05531547281753868,"trade_analysis":{"average_loss":-3.926525622859421,"average_trade_duration_days":7.785714285714286,"average_win":9.844990231940784,"expectancy":1.9755526006263813,"largest_loss":-7.396039379334411,"largest_win":20.180763858467873,"max_trade_duration_days":20.0,"median_trade_duration_days":5.020833333333334,"profit_factor":1.8804773948166702,"time_in_market_percent":0.13556511374825103,"total_trades":14,"win_rate":0.42857142857142855}}