{"capital_utilization":{"average_cash_percent":0.9124943719326294,"average_exposure_percent":0.08750562806737064,"average_leverage":0.08750562806737064,"average_position_value":207.59411186362115,"max_exposure_percent":0.40481102260712815},"closed_trades":22,"equity_curve":[],"final_equity":539.0807648399207,"max_drawdown":0.04778119745467563,"open_trades":0,"profit_factor":2.04077918701199,"sharpe":0.9670721099015173,"signal_diagnostics":{"buy_signals":22,"duplicate_buy_skips":0,"flat_sell_skips":0,"hold_signals":508,"risk_blocked_signals":0,"sell_signals":1,"stop_loss_exits":9,"take_profit_exits":12},"starting_equity":500,"total_return":0.07816152967984125,"trade_analysis":{"average_loss":-4.172169523203203,"average_trade_duration_days":6.774621212121212,"average_win":5.894637734519193,"expectancy":1.7763984018145769,"largest_loss":-5.966300133089752,"largest_win":11.586350919482415,"max_trade_duration_days":21.0,"median_trade_duration_days":5.5,"profit_factor":2.04077918701199,"time_in_market_percent":0.18536560087060164,"total_trades":22,"win_rate":0.5909090909090909}}