{"capital_utilization":{"average_cash_percent":0.8670921554245402,"average_exposure_percent":0.13290784457545976,"average_leverage":0.13290784457545976,"average_position_value":215.97362629079936,"max_exposure_percent":0.40596677792751673},"closed_trades":28,"equity_curve":[],"final_equity":575.980984642009,"max_drawdown":0.06667580314110444,"open_trades":0,"profit_factor":2.1050543143140668,"sharpe":1.3905931619784262,"signal_diagnostics":{"buy_signals":28,"duplicate_buy_skips":0,"flat_sell_skips":0,"hold_signals":497,"risk_blocked_signals":0,"sell_signals":9,"stop_loss_exits":15,"take_profit_exits":3},"starting_equity":500,"total_return":0.15196196928401817,"trade_analysis":{"average_loss":-4.911263743704515,"average_trade_duration_days":8.145833333333332,"average_win":10.338476932419443,"expectancy":2.7136065943574654,"largest_loss":-7.964030789832467,"largest_win":21.246320148225777,"max_trade_duration_days":18.0,"median_trade_duration_days":7.5,"profit_factor":2.1050543143140668,"time_in_market_percent":0.2836710369487485,"total_trades":28,"win_rate":0.5}}