{"capital_utilization":{"average_cash_percent":0.8599049828644325,"average_exposure_percent":0.14009501713556752,"average_leverage":0.14009501713556752,"average_position_value":208.99739635597814,"max_exposure_percent":0.40902622038837283},"closed_trades":30,"equity_curve":[],"final_equity":547.0050024459513,"max_drawdown":0.037241855735155135,"open_trades":0,"profit_factor":1.6599215102445988,"sharpe":0.7178836489705105,"signal_diagnostics":{"buy_signals":30,"duplicate_buy_skips":0,"flat_sell_skips":0,"hold_signals":493,"risk_blocked_signals":0,"sell_signals":15,"stop_loss_exits":14,"take_profit_exits":1},"starting_equity":500,"total_return":0.09401000489190259,"trade_analysis":{"average_loss":-5.087726528972139,"average_trade_duration_days":8.233333333333333,"average_win":7.389573365722575,"expectancy":1.5668334148650425,"largest_loss":-11.188454253244025,"largest_win":17.103444344952937,"max_trade_duration_days":19.041666666666668,"median_trade_duration_days":7.0,"profit_factor":1.6599215102445988,"time_in_market_percent":0.3071980100533762,"total_trades":30,"win_rate":0.5333333333333333}}