{"capital_utilization":{"average_cash_percent":0.882872556112005,"average_exposure_percent":0.11712744388799497,"average_leverage":0.11712744388799497,"average_position_value":217.81683559803415,"max_exposure_percent":0.4079413190205013},"closed_trades":22,"equity_curve":[],"final_equity":575.743012194809,"max_drawdown":0.07224839023089358,"open_trades":0,"profit_factor":2.319095804469496,"sharpe":1.4275877639270078,"signal_diagnostics":{"buy_signals":22,"duplicate_buy_skips":0,"flat_sell_skips":0,"hold_signals":509,"risk_blocked_signals":0,"sell_signals":8,"stop_loss_exits":10,"take_profit_exits":3},"starting_equity":500,"total_return":0.1514860243896181,"trade_analysis":{"average_loss":-6.3800447362140655,"average_trade_duration_days":9.227272727272727,"average_win":10.243339601595043,"expectancy":3.4428641906731356,"largest_loss":-10.601933294098265,"largest_win":21.55551993417491,"max_trade_duration_days":18.0,"median_trade_duration_days":8.0,"profit_factor":2.319095804469496,"time_in_market_percent":0.2524744778981189,"total_trades":22,"win_rate":0.5909090909090909}}