{"capital_utilization":{"average_cash_percent":0.7982336273123565,"average_exposure_percent":0.20176637268764358,"average_leverage":0.20176637268764358,"average_position_value":205.17163045855963,"max_exposure_percent":0.40653980067765194},"closed_trades":18,"equity_curve":[],"final_equity":537.8684274209802,"max_drawdown":0.04322405928853758,"open_trades":0,"profit_factor":2.079420087252676,"sharpe":0.6458587296613314,"signal_diagnostics":{"buy_signals":18,"duplicate_buy_skips":0,"flat_sell_skips":0,"hold_signals":516,"risk_blocked_signals":0,"sell_signals":6,"stop_loss_exits":12,"take_profit_exits":0},"starting_equity":500,"total_return":0.07573685484196035,"trade_analysis":{"average_loss":-4.385274540953094,"average_trade_duration_days":21.113425925925927,"average_win":7.295062374860497,"expectancy":2.103801523387789,"largest_loss":-8.040194696267701,"largest_win":16.50587296572667,"max_trade_duration_days":51.0,"median_trade_duration_days":21.5,"profit_factor":2.079420087252676,"time_in_market_percent":0.4726641446857025,"total_trades":18,"win_rate":0.5555555555555556}}