{"capital_utilization":{"average_cash_percent":0.7288623114528893,"average_exposure_percent":0.27113768854711073,"average_leverage":0.27113768854711073,"average_position_value":203.09368734987993,"max_exposure_percent":0.4056656281139662},"closed_trades":43,"equity_curve":[],"final_equity":495.9523966331296,"max_drawdown":0.06805989183609226,"open_trades":0,"profit_factor":0.9510660356594661,"sharpe":-0.061328581314736945,"signal_diagnostics":{"buy_signals":43,"duplicate_buy_skips":0,"flat_sell_skips":0,"hold_signals":466,"risk_blocked_signals":0,"sell_signals":5,"stop_loss_exits":36,"take_profit_exits":2},"starting_equity":500,"total_return":-0.008095206733740867,"trade_analysis":{"average_loss":-3.308624936825443,"average_trade_duration_days":11.372093023255815,"average_win":4.370445558542536,"expectancy":-0.09413031085745224,"largest_loss":-6.933137786686674,"largest_win":13.323612669218091,"max_trade_duration_days":37.0,"median_trade_duration_days":9.0,"profit_factor":0.9510660356594661,"time_in_market_percent":0.6081774369072913,"total_trades":43,"win_rate":0.4186046511627907}}