{"capital_utilization":{"average_cash_percent":0.9012721231508737,"average_exposure_percent":0.0987278768491263,"average_leverage":0.0987278768491263,"average_position_value":197.0240501564654,"max_exposure_percent":0.4071252257748325},"closed_trades":11,"equity_curve":[],"final_equity":505.65619807348116,"max_drawdown":0.07216212731888287,"open_trades":0,"profit_factor":1.1336387909375207,"sharpe":0.13837458027038577,"signal_diagnostics":{"buy_signals":11,"duplicate_buy_skips":0,"flat_sell_skips":0,"hold_signals":418,"risk_blocked_signals":0,"sell_signals":5,"stop_loss_exits":6,"take_profit_exits":0},"starting_equity":500,"total_return":0.011312396146962334,"trade_analysis":{"average_loss":-7.0540871576296915,"average_trade_duration_days":13.268939393939393,"average_win":9.596144203851859,"expectancy":0.5141998248619228,"largest_loss":-8.523265796717233,"largest_win":12.069691274314648,"max_trade_duration_days":21.0,"median_trade_duration_days":12.0,"profit_factor":1.1336387909375207,"time_in_market_percent":0.22875987722849864,"total_trades":11,"win_rate":0.45454545454545453}}