{"capital_utilization":{"average_cash_percent":0.8998869008049326,"average_exposure_percent":0.10011309919506742,"average_leverage":0.10011309919506742,"average_position_value":209.75538869342856,"max_exposure_percent":0.40685858888961485},"closed_trades":19,"equity_curve":[],"final_equity":549.1270357344997,"max_drawdown":0.03818200166537544,"open_trades":0,"profit_factor":2.039899513994336,"sharpe":1.049804001484035,"signal_diagnostics":{"buy_signals":19,"duplicate_buy_skips":0,"flat_sell_skips":0,"hold_signals":516,"risk_blocked_signals":0,"sell_signals":2,"stop_loss_exits":7,"take_profit_exits":9},"starting_equity":500,"total_return":0.09825407146899945,"trade_analysis":{"average_loss":-5.90526236830793,"average_trade_duration_days":9.155701754385966,"average_win":8.760830425542101,"expectancy":2.5856334597105084,"largest_loss":-8.298966768904425,"largest_win":12.200715166830598,"max_trade_duration_days":27.0,"median_trade_duration_days":7.0,"profit_factor":2.039899513994336,"time_in_market_percent":0.2163548738145826,"total_trades":19,"win_rate":0.5789473684210527}}