{"capital_utilization":{"average_cash_percent":0.8719063125780647,"average_exposure_percent":0.12809368742193525,"average_leverage":0.12809368742193525,"average_position_value":183.17943234124044,"max_exposure_percent":0.42219083459089957},"closed_trades":20,"equity_curve":[],"final_equity":453.62758909180616,"max_drawdown":0.22432735083460412,"open_trades":0,"profit_factor":0.7636764665816377,"sharpe":-0.3331192601772185,"signal_diagnostics":{"buy_signals":20,"duplicate_buy_skips":0,"flat_sell_skips":0,"hold_signals":400,"risk_blocked_signals":0,"sell_signals":5,"stop_loss_exits":11,"take_profit_exits":4},"starting_equity":500,"total_return":-0.09274482181638766,"trade_analysis":{"average_loss":-17.83856926116509,"average_trade_duration_days":9.047916666666667,"average_win":16.650205662735786,"expectancy":-2.3186205454096926,"largest_loss":-25.163149068479154,"largest_win":26.894010575736598,"max_trade_duration_days":22.0,"median_trade_duration_days":7.5,"profit_factor":0.7636764665816377,"time_in_market_percent":0.28361522889048524,"total_trades":20,"win_rate":0.45}}