{"capital_utilization":{"average_cash_percent":0.9180045866739776,"average_exposure_percent":0.08199541332602249,"average_leverage":0.08199541332602249,"average_position_value":206.3105636697447,"max_exposure_percent":0.41720111202442095},"closed_trades":19,"equity_curve":[],"final_equity":596.8757254984173,"max_drawdown":0.10506064811587341,"open_trades":0,"profit_factor":1.8396611199405055,"sharpe":0.8713009639615037,"signal_diagnostics":{"buy_signals":19,"duplicate_buy_skips":0,"flat_sell_skips":0,"hold_signals":514,"risk_blocked_signals":0,"sell_signals":3,"stop_loss_exits":9,"take_profit_exits":7},"starting_equity":500,"total_return":0.19375145099683455,"trade_analysis":{"average_loss":-12.819421126212003,"average_trade_duration_days":7.260964912280702,"average_win":21.225051563432537,"expectancy":5.098722394653542,"largest_loss":-21.721238683634233,"largest_win":38.445595031384784,"max_trade_duration_days":14.0,"median_trade_duration_days":7.0,"profit_factor":1.8396611199405055,"time_in_market_percent":0.171581074778463,"total_trades":19,"win_rate":0.5263157894736842}}