{"capital_utilization":{"average_cash_percent":0.8879979053122117,"average_exposure_percent":0.11200209468778834,"average_leverage":0.11200209468778834,"average_position_value":200.98243822428876,"max_exposure_percent":0.40624098654921476},"closed_trades":29,"equity_curve":[],"final_equity":527.7481487239806,"max_drawdown":0.02524969461884507,"open_trades":0,"profit_factor":1.6518461590520157,"sharpe":0.7918873266371249,"signal_diagnostics":{"buy_signals":29,"duplicate_buy_skips":0,"flat_sell_skips":0,"hold_signals":495,"risk_blocked_signals":0,"sell_signals":13,"stop_loss_exits":14,"take_profit_exits":2},"starting_equity":500,"total_return":0.05549629744796136,"trade_analysis":{"average_loss":-3.0406110331675897,"average_trade_duration_days":6.241379310344827,"average_win":4.6877802125551264,"expectancy":0.9568327146200223,"largest_loss":-7.551440746283723,"largest_win":10.942669436152523,"max_trade_duration_days":17.0,"median_trade_duration_days":6.0,"profit_factor":1.6518461590520157,"time_in_market_percent":0.22511271182049025,"total_trades":29,"win_rate":0.5172413793103449}}