{"capital_utilization":{"average_cash_percent":0.8457016413654679,"average_exposure_percent":0.15429835863453206,"average_leverage":0.15429835863453206,"average_position_value":199.69797791532233,"max_exposure_percent":0.4070218982003456},"closed_trades":23,"equity_curve":[],"final_equity":507.99116433123936,"max_drawdown":0.05681899970147256,"open_trades":0,"profit_factor":1.140871213126873,"sharpe":0.19927112253225307,"signal_diagnostics":{"buy_signals":23,"duplicate_buy_skips":0,"flat_sell_skips":0,"hold_signals":395,"risk_blocked_signals":0,"sell_signals":6,"stop_loss_exits":16,"take_profit_exits":0},"starting_equity":500,"total_return":0.01598232866247873,"trade_analysis":{"average_loss":-5.1569761382252,"average_trade_duration_days":9.26268115942029,"average_win":5.393158487643045,"expectancy":0.34744192744518865,"largest_loss":-8.414118205454132,"largest_win":24.974556207012583,"max_trade_duration_days":35.041666666666664,"median_trade_duration_days":5.0,"profit_factor":1.140871213126873,"time_in_market_percent":0.3338993012473062,"total_trades":23,"win_rate":0.5217391304347826}}