{"capital_utilization":{"average_cash_percent":0.8447435984013896,"average_exposure_percent":0.15525640159861048,"average_leverage":0.15525640159861048,"average_position_value":207.7538410454594,"max_exposure_percent":0.4094340140373104},"closed_trades":19,"equity_curve":[],"final_equity":524.7365931262922,"max_drawdown":0.0647113886554178,"open_trades":0,"profit_factor":1.3892917738491177,"sharpe":0.5400624730415342,"signal_diagnostics":{"buy_signals":19,"duplicate_buy_skips":0,"flat_sell_skips":0,"hold_signals":403,"risk_blocked_signals":0,"sell_signals":9,"stop_loss_exits":6,"take_profit_exits":3},"starting_equity":500,"total_return":0.049473186252584345,"trade_analysis":{"average_loss":-5.295212740157456,"average_trade_duration_days":11.68640350877193,"average_win":12.61130657259737,"expectancy":1.3019259540153751,"largest_loss":-11.391868586328568,"largest_win":29.908605650227972,"max_trade_duration_days":49.0,"median_trade_duration_days":6.0,"profit_factor":1.3892917738491177,"time_in_market_percent":0.34800496310324563,"total_trades":19,"win_rate":0.3684210526315789}}