{"capital_utilization":{"average_cash_percent":0.9717299737438669,"average_exposure_percent":0.028270026256133087,"average_leverage":0.028270026256133087,"average_position_value":197.7956158189609,"max_exposure_percent":0.406266688497609},"closed_trades":3,"equity_curve":[],"final_equity":484.7484698485009,"max_drawdown":0.03919762759421402,"open_trades":0,"profit_factor":0.0,"sharpe":-0.4882207308471334,"signal_diagnostics":{"buy_signals":3,"duplicate_buy_skips":0,"flat_sell_skips":0,"hold_signals":434,"risk_blocked_signals":0,"sell_signals":0,"stop_loss_exits":3,"take_profit_exits":0},"starting_equity":500,"total_return":-0.03050306030299821,"trade_analysis":{"average_loss":-5.083843383833021,"average_trade_duration_days":12.333333333333334,"average_win":0,"expectancy":-5.083843383833021,"largest_loss":-6.096723094366405,"largest_win":0,"max_trade_duration_days":15.0,"median_trade_duration_days":11.0,"profit_factor":0.0,"time_in_market_percent":0.057989943185528636,"total_trades":3,"win_rate":0.0}}