{"capital_utilization":{"average_cash_percent":0.8633478609788613,"average_exposure_percent":0.1366521390211387,"average_leverage":0.1366521390211387,"average_position_value":204.50945631761297,"max_exposure_percent":0.4083842827797276},"closed_trades":34,"equity_curve":[],"final_equity":525.3398211169861,"max_drawdown":0.04581833782548423,"open_trades":0,"profit_factor":1.3182620353339753,"sharpe":0.4357691268566422,"signal_diagnostics":{"buy_signals":34,"duplicate_buy_skips":0,"flat_sell_skips":0,"hold_signals":485,"risk_blocked_signals":0,"sell_signals":10,"stop_loss_exits":16,"take_profit_exits":8},"starting_equity":500,"total_return":0.050679642233972144,"trade_analysis":{"average_loss":-4.423298048588444,"average_trade_duration_days":6.675245098039216,"average_win":6.559949124473629,"expectancy":0.7452888563819429,"largest_loss":-10.40630566845847,"largest_win":15.643335813686614,"max_trade_duration_days":19.041666666666668,"median_trade_duration_days":5.5,"profit_factor":1.3182620353339753,"time_in_market_percent":0.2822718557288698,"total_trades":34,"win_rate":0.47058823529411764}}