{"capital_utilization":{"average_cash_percent":0.9632276692853953,"average_exposure_percent":0.036772330714604756,"average_leverage":0.036772330714604756,"average_position_value":202.3244667263,"max_exposure_percent":0.4074168259087126},"closed_trades":7,"equity_curve":[],"final_equity":519.3712350475851,"max_drawdown":0.04158676276274119,"open_trades":0,"profit_factor":2.0376794433148806,"sharpe":0.6407686869858891,"signal_diagnostics":{"buy_signals":7,"duplicate_buy_skips":0,"flat_sell_skips":0,"hold_signals":538,"risk_blocked_signals":0,"sell_signals":1,"stop_loss_exits":4,"take_profit_exits":2},"starting_equity":500,"total_return":0.03874247009517018,"trade_analysis":{"average_loss":-4.666960295971422,"average_trade_duration_days":9.57738095238095,"average_win":12.679692077156929,"expectancy":2.7673192925121577,"largest_loss":-9.07532464799282,"largest_win":14.710782254665762,"max_trade_duration_days":18.0,"median_trade_duration_days":10.0,"profit_factor":2.0376794433148806,"time_in_market_percent":0.08338083639944031,"total_trades":7,"win_rate":0.42857142857142855}}