{"capital_utilization":{"average_cash_percent":0.8818992397573577,"average_exposure_percent":0.11810076024264221,"average_leverage":0.11810076024264221,"average_position_value":182.45932128736555,"max_exposure_percent":0.4217822064528013},"closed_trades":24,"equity_curve":[],"final_equity":536.2689525755269,"max_drawdown":0.20933737451445414,"open_trades":0,"profit_factor":1.1930047524327123,"sharpe":0.32501502984214403,"signal_diagnostics":{"buy_signals":24,"duplicate_buy_skips":0,"flat_sell_skips":0,"hold_signals":505,"risk_blocked_signals":0,"sell_signals":1,"stop_loss_exits":12,"take_profit_exits":11},"starting_equity":500,"total_return":0.07253790515105374,"trade_analysis":{"average_loss":-15.659783899264104,"average_trade_duration_days":8.62326388888889,"average_win":18.682196613891346,"expectancy":1.5112063573136225,"largest_loss":-22.01824126338964,"largest_win":28.026925172117114,"max_trade_duration_days":26.0,"median_trade_duration_days":6.5,"profit_factor":1.1930047524327123,"time_in_market_percent":0.2573975229310256,"total_trades":24,"win_rate":0.5}}