{"capital_utilization":{"average_cash_percent":0.985356733434661,"average_exposure_percent":0.014643266565339033,"average_leverage":0.014643266565339033,"average_position_value":198.09349541615668,"max_exposure_percent":0.40808446214709587},"closed_trades":2,"equity_curve":[],"final_equity":482.0344150288571,"max_drawdown":0.038969580791107614,"open_trades":0,"profit_factor":0.0,"sharpe":-1.243892381343248,"signal_diagnostics":{"buy_signals":2,"duplicate_buy_skips":0,"flat_sell_skips":0,"hold_signals":436,"risk_blocked_signals":0,"sell_signals":0,"stop_loss_exits":2,"take_profit_exits":0},"starting_equity":500,"total_return":-0.035931169942285845,"trade_analysis":{"average_loss":-8.982792485571444,"average_trade_duration_days":10.479166666666666,"average_win":0,"expectancy":-8.982792485571444,"largest_loss":-9.776021651470666,"largest_win":0,"max_trade_duration_days":14.0,"median_trade_duration_days":10.479166666666666,"profit_factor":0.0,"time_in_market_percent":0.032847907007118135,"total_trades":2,"win_rate":0.0}}