{"capital_utilization":{"average_cash_percent":0.7218563331144534,"average_exposure_percent":0.27814366688554654,"average_leverage":0.27814366688554654,"average_position_value":212.9014675640339,"max_exposure_percent":0.40333765726220067},"closed_trades":22,"equity_curve":[],"final_equity":541.2160311781099,"max_drawdown":0.027837867784642794,"open_trades":0,"profit_factor":2.4942952004863534,"sharpe":1.1101584960019577,"signal_diagnostics":{"buy_signals":22,"duplicate_buy_skips":0,"flat_sell_skips":0,"hold_signals":509,"risk_blocked_signals":0,"sell_signals":0,"stop_loss_exits":17,"take_profit_exits":4},"starting_equity":500,"total_return":0.0824320623562198,"trade_analysis":{"average_loss":-2.5074777219810382,"average_trade_duration_days":23.863636363636363,"average_win":6.254389647263758,"expectancy":1.8734559626413587,"largest_loss":-4.273977689360019,"largest_win":14.560864923386694,"max_trade_duration_days":55.958333333333336,"median_trade_duration_days":22.020833333333336,"profit_factor":2.4942952004863534,"time_in_market_percent":0.652951235943411,"total_trades":22,"win_rate":0.5}}