{"capital_utilization":{"average_cash_percent":0.8776398734046178,"average_exposure_percent":0.12236012659538222,"average_leverage":0.12236012659538222,"average_position_value":205.97613828485177,"max_exposure_percent":0.40469785218642884},"closed_trades":25,"equity_curve":[],"final_equity":553.8848475346712,"max_drawdown":0.017808641740698607,"open_trades":0,"profit_factor":2.513953546493876,"sharpe":1.4635120464852724,"signal_diagnostics":{"buy_signals":25,"duplicate_buy_skips":0,"flat_sell_skips":0,"hold_signals":504,"risk_blocked_signals":0,"sell_signals":11,"stop_loss_exits":10,"take_profit_exits":3},"starting_equity":500,"total_return":0.10776969506934231,"trade_analysis":{"average_loss":-3.5592140630379054,"average_trade_duration_days":8.36,"average_win":5.96513254433668,"expectancy":2.1553939013868457,"largest_loss":-5.6737082859226895,"largest_win":14.705060405828734,"max_trade_duration_days":21.0,"median_trade_duration_days":7.0,"profit_factor":2.513953546493876,"time_in_market_percent":0.25993677773747215,"total_trades":25,"win_rate":0.6}}