{"capital_utilization":{"average_cash_percent":0.7735512815886585,"average_exposure_percent":0.22644871841134148,"average_leverage":0.22644871841134148,"average_position_value":212.0673815144184,"max_exposure_percent":0.4055143173586125},"closed_trades":19,"equity_curve":[],"final_equity":546.6107807243988,"max_drawdown":0.06207794160790718,"open_trades":0,"profit_factor":1.868517283847015,"sharpe":0.7718088860653227,"signal_diagnostics":{"buy_signals":19,"duplicate_buy_skips":0,"flat_sell_skips":0,"hold_signals":515,"risk_blocked_signals":0,"sell_signals":0,"stop_loss_exits":18,"take_profit_exits":0},"starting_equity":500,"total_return":0.09322156144879745,"trade_analysis":{"average_loss":-4.878824844393602,"average_trade_duration_days":23.107456140350877,"average_win":12.534731751591044,"expectancy":2.4531989854946707,"largest_loss":-6.923706637725026,"largest_win":42.58058800106209,"max_trade_duration_days":84.0,"median_trade_duration_days":15.0,"profit_factor":1.868517283847015,"time_in_market_percent":0.5460434264393429,"total_trades":19,"win_rate":0.42105263157894735}}