{"capital_utilization":{"average_cash_percent":0.9067088245064255,"average_exposure_percent":0.09329117549357445,"average_leverage":0.09329117549357445,"average_position_value":212.10483338202712,"max_exposure_percent":0.4088756728470919},"closed_trades":16,"equity_curve":[],"final_equity":588.6370195292078,"max_drawdown":0.028523060025177502,"open_trades":0,"profit_factor":2.926446576700987,"sharpe":1.1594295219335278,"signal_diagnostics":{"buy_signals":16,"duplicate_buy_skips":0,"flat_sell_skips":0,"hold_signals":521,"risk_blocked_signals":0,"sell_signals":8,"stop_loss_exits":5,"take_profit_exits":2},"starting_equity":500,"total_return":0.17727403905841554,"trade_analysis":{"average_loss":-9.202125883085474,"average_trade_duration_days":10.25,"average_win":12.240695358603194,"expectancy":5.539813720575486,"largest_loss":-11.857390395128169,"largest_win":32.384073736483366,"max_trade_duration_days":19.0,"median_trade_duration_days":8.5,"profit_factor":2.926446576700987,"time_in_market_percent":0.20396952894232265,"total_trades":16,"win_rate":0.6875}}