{"capital_utilization":{"average_cash_percent":0.8303025035687834,"average_exposure_percent":0.16969749643121657,"average_leverage":0.16969749643121657,"average_position_value":210.27519648942112,"max_exposure_percent":0.4091635153573399},"closed_trades":32,"equity_curve":[],"final_equity":539.9618605430794,"max_drawdown":0.04527827976933813,"open_trades":0,"profit_factor":1.4623607422490872,"sharpe":0.5844586628424209,"signal_diagnostics":{"buy_signals":32,"duplicate_buy_skips":0,"flat_sell_skips":0,"hold_signals":490,"risk_blocked_signals":0,"sell_signals":11,"stop_loss_exits":19,"take_profit_exits":1},"starting_equity":500,"total_return":0.07992372108615875,"trade_analysis":{"average_loss":-5.08412039389426,"average_trade_duration_days":9.220052083333334,"average_win":8.426127149285456,"expectancy":1.2488081419712316,"largest_loss":-11.238820355441835,"largest_win":18.179587054638098,"max_trade_duration_days":20.0,"median_trade_duration_days":7.0,"profit_factor":1.4623607422490872,"time_in_market_percent":0.3669482302948645,"total_trades":32,"win_rate":0.46875}}