{"capital_utilization":{"average_cash_percent":0.8316563722689732,"average_exposure_percent":0.1683436277310269,"average_leverage":0.1683436277310269,"average_position_value":209.39171008558142,"max_exposure_percent":0.4135352071056087},"closed_trades":23,"equity_curve":[],"final_equity":545.0902355334119,"max_drawdown":0.18598503451071166,"open_trades":0,"profit_factor":1.2288505752473997,"sharpe":0.35464789340482733,"signal_diagnostics":{"buy_signals":23,"duplicate_buy_skips":0,"flat_sell_skips":0,"hold_signals":507,"risk_blocked_signals":0,"sell_signals":1,"stop_loss_exits":17,"take_profit_exits":4},"starting_equity":500,"total_return":0.09018047106682392,"trade_analysis":{"average_loss":-13.135277020727607,"average_trade_duration_days":13.655797101449277,"average_win":30.264923855540754,"expectancy":1.9604450231918233,"largest_loss":-18.96360729479634,"largest_win":72.67182235589247,"max_trade_duration_days":34.0,"median_trade_duration_days":12.0,"profit_factor":1.2288505752473997,"time_in_market_percent":0.39063066797947876,"total_trades":23,"win_rate":0.34782608695652173}}