{"capital_utilization":{"average_cash_percent":0.928189313261035,"average_exposure_percent":0.07181068673896496,"average_leverage":0.07181068673896496,"average_position_value":207.87447334640385,"max_exposure_percent":0.4084175217509709},"closed_trades":9,"equity_curve":[],"final_equity":547.0782412200671,"max_drawdown":0.020455416316754762,"open_trades":0,"profit_factor":2.9878146777937706,"sharpe":1.1868143874703632,"signal_diagnostics":{"buy_signals":9,"duplicate_buy_skips":0,"flat_sell_skips":0,"hold_signals":535,"risk_blocked_signals":0,"sell_signals":6,"stop_loss_exits":3,"take_profit_exits":0},"starting_equity":500,"total_return":0.09415648244013419,"trade_analysis":{"average_loss":-7.894471878421132,"average_trade_duration_days":13.773148148148149,"average_win":11.793609475888408,"expectancy":5.23091569111856,"largest_loss":-10.560410653183977,"largest_win":17.886898918217675,"max_trade_duration_days":21.0,"median_trade_duration_days":15.0,"profit_factor":2.9878146777937706,"time_in_market_percent":0.15416904181997204,"total_trades":9,"win_rate":0.6666666666666666}}