{"capital_utilization":{"average_cash_percent":0.7290070706681038,"average_exposure_percent":0.27099292933189617,"average_leverage":0.27099292933189617,"average_position_value":208.43136568411174,"max_exposure_percent":0.4044038509703009},"closed_trades":27,"equity_curve":[],"final_equity":524.9457085292847,"max_drawdown":0.062374809302950585,"open_trades":0,"profit_factor":1.4995620740773659,"sharpe":0.5087441721403235,"signal_diagnostics":{"buy_signals":27,"duplicate_buy_skips":0,"flat_sell_skips":0,"hold_signals":498,"risk_blocked_signals":0,"sell_signals":5,"stop_loss_exits":19,"take_profit_exits":3},"starting_equity":500,"total_return":0.049891417058569365,"trade_analysis":{"average_loss":-3.120947053396289,"average_trade_duration_days":18.88888888888889,"average_win":6.807351034875029,"expectancy":0.9239151307142479,"largest_loss":-5.447068292623934,"largest_win":19.84303134675493,"max_trade_duration_days":65.0,"median_trade_duration_days":14.0,"profit_factor":1.4995620740773659,"time_in_market_percent":0.6342954863450279,"total_trades":27,"win_rate":0.4074074074074074}}