{"capital_utilization":{"average_cash_percent":0.8542707182887397,"average_exposure_percent":0.1457292817112603,"average_leverage":0.1457292817112603,"average_position_value":218.19000580628273,"max_exposure_percent":0.4079413190205014},"closed_trades":21,"equity_curve":[],"final_equity":595.1520621135644,"max_drawdown":0.057215544080018756,"open_trades":0,"profit_factor":2.8036658733463615,"sharpe":1.359240933278016,"signal_diagnostics":{"buy_signals":21,"duplicate_buy_skips":0,"flat_sell_skips":0,"hold_signals":511,"risk_blocked_signals":0,"sell_signals":9,"stop_loss_exits":8,"take_profit_exits":3},"starting_equity":500,"total_return":0.19030412422712883,"trade_analysis":{"average_loss":-6.594352058193833,"average_trade_duration_days":12.621031746031747,"average_win":11.377452198393469,"expectancy":4.531050576836401,"largest_loss":-10.57659402933882,"largest_win":24.722227604078853,"max_trade_duration_days":23.0,"median_trade_duration_days":13.0,"profit_factor":2.8036658733463615,"time_in_market_percent":0.3296367310980982,"total_trades":21,"win_rate":0.6190476190476191}}