{"capital_utilization":{"average_cash_percent":0.7456360641396113,"average_exposure_percent":0.25436393586038875,"average_leverage":0.25436393586038875,"average_position_value":213.60872713529713,"max_exposure_percent":0.4070697501018377},"closed_trades":29,"equity_curve":[],"final_equity":540.6689322517598,"max_drawdown":0.05693299741264011,"open_trades":0,"profit_factor":1.4296122207357926,"sharpe":0.5887556969273997,"signal_diagnostics":{"buy_signals":29,"duplicate_buy_skips":0,"flat_sell_skips":0,"hold_signals":495,"risk_blocked_signals":0,"sell_signals":4,"stop_loss_exits":20,"take_profit_exits":5},"starting_equity":500,"total_return":0.08133786450351943,"trade_analysis":{"average_loss":-4.733214081073676,"average_trade_duration_days":16.344827586206893,"average_win":15.03702376369258,"expectancy":1.4023769741986107,"largest_loss":-8.554029165956385,"largest_win":29.63008489245384,"max_trade_duration_days":49.0,"median_trade_duration_days":14.0,"profit_factor":1.4296122207357926,"time_in_market_percent":0.5895216873089081,"total_trades":29,"win_rate":0.3103448275862069}}