{"capital_utilization":{"average_cash_percent":0.7472923147280668,"average_exposure_percent":0.25270768527193316,"average_leverage":0.25270768527193316,"average_position_value":205.6034340061078,"max_exposure_percent":0.4036779610850731},"closed_trades":18,"equity_curve":[],"final_equity":533.856823760142,"max_drawdown":0.023709942516939843,"open_trades":0,"profit_factor":3.1510136024180464,"sharpe":0.8758416894577499,"signal_diagnostics":{"buy_signals":18,"duplicate_buy_skips":0,"flat_sell_skips":0,"hold_signals":517,"risk_blocked_signals":0,"sell_signals":5,"stop_loss_exits":13,"take_profit_exits":0},"starting_equity":500,"total_return":0.06771364752028397,"trade_analysis":{"average_loss":-2.248562772059921,"average_trade_duration_days":27.275462962962962,"average_win":4.508796651323771,"expectancy":1.8809346533412241,"largest_loss":-4.514009324805513,"largest_win":9.893885962159924,"max_trade_duration_days":55.958333333333336,"median_trade_duration_days":25.5,"profit_factor":3.1510136024180464,"time_in_market_percent":0.6106130486604135,"total_trades":18,"win_rate":0.6111111111111112}}