{"capital_utilization":{"average_cash_percent":0.8260142824734403,"average_exposure_percent":0.17398571752655964,"average_leverage":0.17398571752655964,"average_position_value":201.28166563785302,"max_exposure_percent":0.41491293612734403},"closed_trades":33,"equity_curve":[],"final_equity":510.49140070325643,"max_drawdown":0.21756017564688562,"open_trades":0,"profit_factor":1.047552887708909,"sharpe":0.13739853482154896,"signal_diagnostics":{"buy_signals":33,"duplicate_buy_skips":0,"flat_sell_skips":0,"hold_signals":487,"risk_blocked_signals":0,"sell_signals":6,"stop_loss_exits":26,"take_profit_exits":0},"starting_equity":500,"total_return":0.020982801406512763,"trade_analysis":{"average_loss":-8.82503772850024,"average_trade_duration_days":9.123737373737375,"average_win":28.889667989470304,"expectancy":0.31792123343201356,"largest_loss":-18.80764164095659,"largest_win":79.73559944209569,"max_trade_duration_days":33.0,"median_trade_duration_days":7.0,"profit_factor":1.047552887708909,"time_in_market_percent":0.37446235166088,"total_trades":33,"win_rate":0.24242424242424243}}