{"capital_utilization":{"average_cash_percent":0.9596353311531602,"average_exposure_percent":0.04036466884683975,"average_leverage":0.04036466884683975,"average_position_value":205.99316331810573,"max_exposure_percent":0.40615508461488165},"closed_trades":9,"equity_curve":[],"final_equity":540.2690991263494,"max_drawdown":0.023857310460030406,"open_trades":0,"profit_factor":3.7102708421551553,"sharpe":1.360916438094614,"signal_diagnostics":{"buy_signals":9,"duplicate_buy_skips":0,"flat_sell_skips":0,"hold_signals":535,"risk_blocked_signals":0,"sell_signals":1,"stop_loss_exits":2,"take_profit_exits":6},"starting_equity":500,"total_return":0.0805381982526987,"trade_analysis":{"average_loss":-7.42898062068369,"average_trade_duration_days":7.777777777777778,"average_win":7.875294338245259,"expectancy":4.474344347372159,"largest_loss":-7.989991463993062,"largest_win":11.78565933691355,"max_trade_duration_days":19.0,"median_trade_duration_days":7.0,"profit_factor":3.7102708421551553,"time_in_market_percent":0.08706016479245479,"total_trades":9,"win_rate":0.7777777777777778}}