{"capital_utilization":{"average_cash_percent":0.895409234759966,"average_exposure_percent":0.10459076524003395,"average_leverage":0.10459076524003395,"average_position_value":208.97870193637885,"max_exposure_percent":0.4059519537519015},"closed_trades":28,"equity_curve":[],"final_equity":540.4222548236312,"max_drawdown":0.05827441717994738,"open_trades":0,"profit_factor":1.6410537502057108,"sharpe":0.6734915665060822,"signal_diagnostics":{"buy_signals":28,"duplicate_buy_skips":0,"flat_sell_skips":0,"hold_signals":496,"risk_blocked_signals":0,"sell_signals":16,"stop_loss_exits":12,"take_profit_exits":0},"starting_equity":500,"total_return":0.08084450964726231,"trade_analysis":{"average_loss":-5.2546627084260225,"average_trade_duration_days":6.074404761904761,"average_win":6.467387957796466,"expectancy":1.4436519579868285,"largest_loss":-7.459106468003524,"largest_win":20.847431040007375,"max_trade_duration_days":21.0,"median_trade_duration_days":4.0,"profit_factor":1.6410537502057108,"time_in_market_percent":0.21153547183500024,"total_trades":28,"win_rate":0.5714285714285714}}