{"capital_utilization":{"average_cash_percent":0.8472750747173642,"average_exposure_percent":0.1527249252826358,"average_leverage":0.1527249252826358,"average_position_value":205.80326581120372,"max_exposure_percent":0.4063306972320445},"closed_trades":10,"equity_curve":[],"final_equity":539.2237886599008,"max_drawdown":0.04676563954363703,"open_trades":0,"profit_factor":2.5457964599155294,"sharpe":0.7733971393031118,"signal_diagnostics":{"buy_signals":10,"duplicate_buy_skips":0,"flat_sell_skips":0,"hold_signals":421,"risk_blocked_signals":0,"sell_signals":0,"stop_loss_exits":9,"take_profit_exits":0},"starting_equity":500,"total_return":0.07844757731980168,"trade_analysis":{"average_loss":-5.074896944976083,"average_trade_duration_days":23.704166666666666,"average_win":12.919654676956247,"expectancy":3.9223788659900825,"largest_loss":-8.07328747206333,"largest_win":24.290342081934117,"max_trade_duration_days":61.0,"median_trade_duration_days":17.5,"profit_factor":2.5457964599155294,"time_in_market_percent":0.3715143995298113,"total_trades":10,"win_rate":0.5}}