{"capital_utilization":{"average_cash_percent":0.7508836903177701,"average_exposure_percent":0.2491163096822299,"average_leverage":0.2491163096822299,"average_position_value":214.7256268328634,"max_exposure_percent":0.40519297774399843},"closed_trades":23,"equity_curve":[],"final_equity":543.1916899775499,"max_drawdown":0.04131397086397412,"open_trades":0,"profit_factor":2.043664223458025,"sharpe":0.7920406326168432,"signal_diagnostics":{"buy_signals":23,"duplicate_buy_skips":0,"flat_sell_skips":0,"hold_signals":507,"risk_blocked_signals":0,"sell_signals":6,"stop_loss_exits":14,"take_profit_exits":3},"starting_equity":500,"total_return":0.08638337995509993,"trade_analysis":{"average_loss":-3.762241899675772,"average_trade_duration_days":20.780797101449274,"average_win":7.0480292394986215,"expectancy":1.8778995642413023,"largest_loss":-6.8858927426029295,"largest_win":19.705377810473323,"max_trade_duration_days":42.958333333333336,"median_trade_duration_days":20.0,"profit_factor":2.043664223458025,"time_in_market_percent":0.5944447323418148,"total_trades":23,"win_rate":0.5217391304347826}}