{"capital_utilization":{"average_cash_percent":0.8458814091326042,"average_exposure_percent":0.15411859086739574,"average_leverage":0.15411859086739574,"average_position_value":197.9147705722207,"max_exposure_percent":0.4232608503671091},"closed_trades":25,"equity_curve":[],"final_equity":566.9640385411426,"max_drawdown":0.14769879164210897,"open_trades":0,"profit_factor":1.3229842407384558,"sharpe":0.4718259404235277,"signal_diagnostics":{"buy_signals":25,"duplicate_buy_skips":0,"flat_sell_skips":0,"hold_signals":503,"risk_blocked_signals":0,"sell_signals":12,"stop_loss_exits":10,"take_profit_exits":3},"starting_equity":500,"total_return":0.13392807708228527,"trade_analysis":{"average_loss":-20.732912041788516,"average_trade_duration_days":11.118333333333332,"average_win":18.28621059726851,"expectancy":2.6785615416457027,"largest_loss":-29.24564701959172,"largest_win":40.99093997071959,"max_trade_duration_days":20.0,"median_trade_duration_days":12.0,"profit_factor":1.3229842407384558,"time_in_market_percent":0.34570140436337254,"total_trades":25,"win_rate":0.6}}