{"capital_utilization":{"average_cash_percent":0.7056966888401068,"average_exposure_percent":0.2943033111598932,"average_leverage":0.2943033111598932,"average_position_value":215.03621325114014,"max_exposure_percent":0.40439789958731936},"closed_trades":30,"equity_curve":[],"final_equity":557.9500899074355,"max_drawdown":0.033164435291586296,"open_trades":0,"profit_factor":2.488759123178311,"sharpe":1.0121957267517077,"signal_diagnostics":{"buy_signals":30,"duplicate_buy_skips":0,"flat_sell_skips":0,"hold_signals":493,"risk_blocked_signals":0,"sell_signals":8,"stop_loss_exits":18,"take_profit_exits":3},"starting_equity":500,"total_return":0.11590017981487111,"trade_analysis":{"average_loss":-2.432818420942717,"average_trade_duration_days":18.4,"average_win":6.919656045894216,"expectancy":1.9316696635811856,"largest_loss":-5.802577602538153,"largest_win":22.90092760264348,"max_trade_duration_days":78.0,"median_trade_duration_days":15.0,"profit_factor":2.488759123178311,"time_in_market_percent":0.6865315852205006,"total_trades":30,"win_rate":0.4666666666666667}}