{"capital_utilization":{"average_cash_percent":0.7079652881049447,"average_exposure_percent":0.2920347118950553,"average_leverage":0.2920347118950553,"average_position_value":170.23230353571068,"max_exposure_percent":0.4227873428438571},"closed_trades":16,"equity_curve":[],"final_equity":350.1102671263174,"max_drawdown":0.30653424765531045,"open_trades":0,"profit_factor":0.22718577201896395,"sharpe":-2.2554712168966824,"signal_diagnostics":{"buy_signals":16,"duplicate_buy_skips":0,"flat_sell_skips":0,"hold_signals":151,"risk_blocked_signals":0,"sell_signals":2,"stop_loss_exits":14,"take_profit_exits":0},"starting_equity":500,"total_return":-0.29977946574736514,"trade_analysis":{"average_loss":-14.919470985858547,"average_trade_duration_days":10.815104166666666,"average_win":14.687796647492831,"expectancy":-9.368108304605162,"largest_loss":-23.855348905451862,"largest_win":29.282943563496417,"max_trade_duration_days":25.0,"median_trade_duration_days":10.0,"profit_factor":0.22718577201896395,"time_in_market_percent":0.6553574246488874,"total_trades":16,"win_rate":0.1875}}