{"capital_utilization":{"average_cash_percent":0.8447418755963279,"average_exposure_percent":0.15525812440367218,"average_leverage":0.15525812440367218,"average_position_value":219.61994867523035,"max_exposure_percent":0.40838428277972755},"closed_trades":34,"equity_curve":[],"final_equity":577.1889046593119,"max_drawdown":0.045818337825483994,"open_trades":0,"profit_factor":1.9120198705408982,"sharpe":1.101831446482227,"signal_diagnostics":{"buy_signals":34,"duplicate_buy_skips":0,"flat_sell_skips":0,"hold_signals":485,"risk_blocked_signals":0,"sell_signals":4,"stop_loss_exits":16,"take_profit_exits":14},"starting_equity":500,"total_return":0.15437780931862388,"trade_analysis":{"average_loss":-5.289694552757728,"average_trade_duration_days":7.7046568627450975,"average_win":8.990223194635313,"expectancy":2.2702619017444694,"largest_loss":-10.720956919259876,"largest_win":16.076618395562594,"max_trade_duration_days":22.0,"median_trade_duration_days":6.979166666666666,"profit_factor":1.9120198705408982,"time_in_market_percent":0.32580193812509717,"total_trades":34,"win_rate":0.5294117647058824}}