{"capital_utilization":{"average_cash_percent":0.852652963655257,"average_exposure_percent":0.147347036344743,"average_leverage":0.147347036344743,"average_position_value":207.16346896650225,"max_exposure_percent":0.4075024521221631},"closed_trades":10,"equity_curve":[],"final_equity":544.8820670855928,"max_drawdown":0.04574624699270834,"open_trades":0,"profit_factor":3.1623250011976975,"sharpe":0.8990634759154955,"signal_diagnostics":{"buy_signals":10,"duplicate_buy_skips":0,"flat_sell_skips":0,"hold_signals":421,"risk_blocked_signals":0,"sell_signals":2,"stop_loss_exits":7,"take_profit_exits":0},"starting_equity":500,"total_return":0.08976413417118545,"trade_analysis":{"average_loss":-4.151278559951245,"average_trade_duration_days":23.104166666666664,"average_win":13.127691977069796,"expectancy":4.488206708559277,"largest_loss":-9.687561534958457,"largest_win":24.51900907129444,"max_trade_duration_days":61.0,"median_trade_duration_days":13.0,"profit_factor":3.1623250011976975,"time_in_market_percent":0.362110624959185,"total_trades":10,"win_rate":0.5}}