{"capital_utilization":{"average_cash_percent":0.9048050928491347,"average_exposure_percent":0.09519490715086532,"average_leverage":0.09519490715086532,"average_position_value":211.61219625914725,"max_exposure_percent":0.40638671571862917},"closed_trades":18,"equity_curve":[],"final_equity":551.4536839866577,"max_drawdown":0.05033801904427785,"open_trades":0,"profit_factor":2.4197197452905037,"sharpe":1.0587841329093743,"signal_diagnostics":{"buy_signals":18,"duplicate_buy_skips":0,"flat_sell_skips":0,"hold_signals":516,"risk_blocked_signals":0,"sell_signals":7,"stop_loss_exits":8,"take_profit_exits":3},"starting_equity":500,"total_return":0.10290736797331523,"trade_analysis":{"average_loss":-4.530267695203571,"average_trade_duration_days":9.057870370370372,"average_win":8.769582554828627,"expectancy":2.8585379992587603,"largest_loss":-8.183301458819772,"largest_win":19.002648871314097,"max_trade_duration_days":21.0,"median_trade_duration_days":7.5,"profit_factor":2.4197197452905037,"time_in_market_percent":0.20277763382909264,"total_trades":18,"win_rate":0.5555555555555556}}