{"capital_utilization":{"average_cash_percent":0.8121306139179237,"average_exposure_percent":0.18786938608207623,"average_leverage":0.18786938608207623,"average_position_value":215.2029256624962,"max_exposure_percent":0.42468037908499884},"closed_trades":29,"equity_curve":[],"final_equity":686.615418802168,"max_drawdown":0.17461718164662435,"open_trades":0,"profit_factor":1.8740510005779156,"sharpe":0.9914834290978052,"signal_diagnostics":{"buy_signals":29,"duplicate_buy_skips":0,"flat_sell_skips":0,"hold_signals":494,"risk_blocked_signals":0,"sell_signals":17,"stop_loss_exits":10,"take_profit_exits":2},"starting_equity":500,"total_return":0.37323083760433606,"trade_analysis":{"average_loss":-19.409666096952268,"average_trade_duration_days":11.724137931034482,"average_win":22.22898588159128,"expectancy":6.435014441454073,"largest_loss":-31.043465974075875,"largest_win":40.929483578545266,"max_trade_duration_days":28.958333333333332,"median_trade_duration_days":12.0,"profit_factor":1.8740510005779156,"time_in_market_percent":0.4228636575633518,"total_trades":29,"win_rate":0.6206896551724138}}