{"capital_utilization":{"average_cash_percent":0.8766991037999731,"average_exposure_percent":0.1233008962000269,"average_leverage":0.1233008962000269,"average_position_value":194.318570797389,"max_exposure_percent":0.40995130976844224},"closed_trades":19,"equity_curve":[],"final_equity":503.8191249412051,"max_drawdown":0.0720035236177828,"open_trades":0,"profit_factor":1.05474864540359,"sharpe":0.10133688395888715,"signal_diagnostics":{"buy_signals":19,"duplicate_buy_skips":0,"flat_sell_skips":0,"hold_signals":402,"risk_blocked_signals":0,"sell_signals":5,"stop_loss_exits":13,"take_profit_exits":1},"starting_equity":500,"total_return":0.007638249882410131,"trade_analysis":{"average_loss":-6.975743259128526,"average_trade_duration_days":8.949561403508772,"average_win":8.175173059165596,"expectancy":0.20100657585289983,"largest_loss":-11.644408341727056,"largest_win":14.387367525879075,"max_trade_duration_days":21.0,"median_trade_duration_days":8.0,"profit_factor":1.05474864540359,"time_in_market_percent":0.26650558349115133,"total_trades":19,"win_rate":0.47368421052631576}}