{"capital_utilization":{"average_cash_percent":0.7282638554304708,"average_exposure_percent":0.2717361445695292,"average_leverage":0.2717361445695292,"average_position_value":203.81158142833493,"max_exposure_percent":0.4056728143408681},"closed_trades":41,"equity_curve":[],"final_equity":499.51648917767085,"max_drawdown":0.06771902326364304,"open_trades":0,"profit_factor":0.9934645173217523,"sharpe":0.012988658152129465,"signal_diagnostics":{"buy_signals":41,"duplicate_buy_skips":0,"flat_sell_skips":0,"hold_signals":470,"risk_blocked_signals":0,"sell_signals":5,"stop_loss_exits":36,"take_profit_exits":0},"starting_equity":500,"total_return":-0.0009670216446583391,"trade_analysis":{"average_loss":-3.2166269427129954,"average_trade_duration_days":12.0,"average_win":4.083272714448318,"expectancy":-0.011792946886077533,"largest_loss":-6.984248302973983,"largest_win":11.140169014731473,"max_trade_duration_days":37.0,"median_trade_duration_days":12.0,"profit_factor":0.9934645173217523,"time_in_market_percent":0.6119085868269679,"total_trades":41,"win_rate":0.43902439024390244}}