{"capital_utilization":{"average_cash_percent":0.9121197841962266,"average_exposure_percent":0.08788021580377338,"average_leverage":0.08788021580377338,"average_position_value":201.75103154696828,"max_exposure_percent":0.41021637484673223},"closed_trades":11,"equity_curve":[],"final_equity":524.8863719155268,"max_drawdown":0.042538186968044484,"open_trades":0,"profit_factor":1.6299987206422923,"sharpe":0.5163930404513178,"signal_diagnostics":{"buy_signals":11,"duplicate_buy_skips":0,"flat_sell_skips":0,"hold_signals":418,"risk_blocked_signals":0,"sell_signals":6,"stop_loss_exits":4,"take_profit_exits":1},"starting_equity":500,"total_return":0.04977274383105357,"trade_analysis":{"average_loss":-9.875564465493996,"average_trade_duration_days":11.912878787878787,"average_win":9.198375682500398,"expectancy":2.262397446866072,"largest_loss":-12.631925043694666,"largest_win":14.987282490646727,"max_trade_duration_days":19.0,"median_trade_duration_days":13.0,"profit_factor":1.6299987206422923,"time_in_market_percent":0.20538104878208058,"total_trades":11,"win_rate":0.6363636363636364}}