{"capital_utilization":{"average_cash_percent":0.9177946372779509,"average_exposure_percent":0.08220536272204912,"average_leverage":0.08220536272204912,"average_position_value":188.8796806744046,"max_exposure_percent":0.41556165375274423},"closed_trades":8,"equity_curve":[],"final_equity":465.30681180455053,"max_drawdown":0.12251466406749643,"open_trades":0,"profit_factor":0.5222438663622951,"sharpe":-0.39708122476014596,"signal_diagnostics":{"buy_signals":8,"duplicate_buy_skips":0,"flat_sell_skips":0,"hold_signals":425,"risk_blocked_signals":0,"sell_signals":0,"stop_loss_exits":7,"take_profit_exits":0},"starting_equity":500,"total_return":-0.06938637639089895,"trade_analysis":{"average_loss":-14.523387876275052,"average_trade_duration_days":15.125,"average_win":12.64125039530861,"expectancy":-4.33664852443118,"largest_loss":-17.372395325065398,"largest_win":15.822216143004038,"max_trade_duration_days":24.0,"median_trade_duration_days":15.5,"profit_factor":0.5222438663622951,"time_in_market_percent":0.18964278717429636,"total_trades":8,"win_rate":0.375}}