{"capital_utilization":{"average_cash_percent":0.802851712429847,"average_exposure_percent":0.197148287570153,"average_leverage":0.197148287570153,"average_position_value":206.42302838070412,"max_exposure_percent":0.40578369015115473},"closed_trades":29,"equity_curve":[],"final_equity":547.2912008807505,"max_drawdown":0.044761149251322345,"open_trades":0,"profit_factor":1.7754707625215733,"sharpe":0.8130663384871962,"signal_diagnostics":{"buy_signals":29,"duplicate_buy_skips":0,"flat_sell_skips":0,"hold_signals":494,"risk_blocked_signals":0,"sell_signals":2,"stop_loss_exits":25,"take_profit_exits":2},"starting_equity":500,"total_return":0.0945824017615009,"trade_analysis":{"average_loss":-3.811491287480584,"average_trade_duration_days":12.449712643678161,"average_win":8.328850883110752,"expectancy":1.6307310648534632,"largest_loss":-6.929579445493126,"largest_win":24.400538843433228,"max_trade_duration_days":27.0,"median_trade_duration_days":11.0,"profit_factor":1.7754707625215733,"time_in_market_percent":0.44903352852775047,"total_trades":29,"win_rate":0.4482758620689655}}