{"capital_utilization":{"average_cash_percent":0.8615517862343848,"average_exposure_percent":0.13844821376561525,"average_leverage":0.13844821376561525,"average_position_value":204.50323280641183,"max_exposure_percent":0.40469785218642884},"closed_trades":28,"equity_curve":[],"final_equity":549.6875829205925,"max_drawdown":0.02762826097688186,"open_trades":0,"profit_factor":2.3023228619891505,"sharpe":1.323001972250764,"signal_diagnostics":{"buy_signals":28,"duplicate_buy_skips":0,"flat_sell_skips":0,"hold_signals":497,"risk_blocked_signals":0,"sell_signals":8,"stop_loss_exits":16,"take_profit_exits":4},"starting_equity":500,"total_return":0.099375165841185,"trade_analysis":{"average_loss":-2.7252175089176753,"average_trade_duration_days":8.5,"average_win":6.274330574674285,"expectancy":1.774556532878304,"largest_loss":-5.6737082859226895,"largest_win":16.10473528333521,"max_trade_duration_days":21.0,"median_trade_duration_days":7.0,"profit_factor":2.3023228619891505,"time_in_market_percent":0.2960045602943463,"total_trades":28,"win_rate":0.5}}