{"capital_utilization":{"average_cash_percent":0.8260856274795614,"average_exposure_percent":0.17391437252043862,"average_leverage":0.17391437252043862,"average_position_value":203.9915410491032,"max_exposure_percent":0.4102855704876692},"closed_trades":33,"equity_curve":[],"final_equity":515.1915206108037,"max_drawdown":0.07908827892744386,"open_trades":0,"profit_factor":1.1336789851539095,"sharpe":0.23478919926581757,"signal_diagnostics":{"buy_signals":33,"duplicate_buy_skips":0,"flat_sell_skips":0,"hold_signals":487,"risk_blocked_signals":0,"sell_signals":9,"stop_loss_exits":21,"take_profit_exits":2},"starting_equity":500,"total_return":0.030383041221607288,"trade_analysis":{"average_loss":-6.684811815635679,"average_trade_duration_days":9.121212121212121,"average_win":8.05208259228814,"expectancy":0.4603491094182934,"largest_loss":-12.949275687892996,"largest_win":18.651560014810876,"max_trade_duration_days":22.0,"median_trade_duration_days":9.0,"profit_factor":1.1336789851539095,"time_in_market_percent":0.3743587086075556,"total_trades":33,"win_rate":0.48484848484848486}}