{"capital_utilization":{"average_cash_percent":0.7042078884407242,"average_exposure_percent":0.29579211155927576,"average_leverage":0.29579211155927576,"average_position_value":214.8525198486155,"max_exposure_percent":0.4043972491177992},"closed_trades":30,"equity_curve":[],"final_equity":547.5175739793196,"max_drawdown":0.041014457869799306,"open_trades":0,"profit_factor":1.8760058697357123,"sharpe":0.8379280870138373,"signal_diagnostics":{"buy_signals":30,"duplicate_buy_skips":0,"flat_sell_skips":0,"hold_signals":493,"risk_blocked_signals":0,"sell_signals":1,"stop_loss_exits":24,"take_profit_exits":4},"starting_equity":500,"total_return":0.09503514795863932,"trade_analysis":{"average_loss":-3.190790732248745,"average_trade_duration_days":18.533333333333335,"average_win":7.82777049442679,"expectancy":1.5839191326439865,"largest_loss":-5.77382220859799,"largest_win":20.829867241033604,"max_trade_duration_days":65.0,"median_trade_duration_days":15.0,"profit_factor":1.8760058697357123,"time_in_market_percent":0.6915064517800694,"total_trades":30,"win_rate":0.43333333333333335}}