{"capital_utilization":{"average_cash_percent":0.8620241613118644,"average_exposure_percent":0.1379758386881355,"average_leverage":0.1379758386881355,"average_position_value":195.5274348771823,"max_exposure_percent":0.4232608503671091},"closed_trades":25,"equity_curve":[],"final_equity":557.3135791726447,"max_drawdown":0.14769879164210903,"open_trades":0,"profit_factor":1.2798004345119471,"sharpe":0.4284961969224432,"signal_diagnostics":{"buy_signals":25,"duplicate_buy_skips":0,"flat_sell_skips":0,"hold_signals":503,"risk_blocked_signals":0,"sell_signals":13,"stop_loss_exits":10,"take_profit_exits":2},"starting_equity":500,"total_return":0.11462715834528936,"trade_analysis":{"average_loss":-20.483734870753928,"average_trade_duration_days":9.758333333333333,"average_win":17.4767285253456,"expectancy":2.292543166905787,"largest_loss":-28.611610819286433,"largest_win":40.293221290568674,"max_trade_duration_days":20.0,"median_trade_duration_days":9.0,"profit_factor":1.2798004345119471,"time_in_market_percent":0.30341503860703734,"total_trades":25,"win_rate":0.6}}