{"capital_utilization":{"average_cash_percent":0.9013072088181251,"average_exposure_percent":0.09869279118187485,"average_leverage":0.09869279118187485,"average_position_value":202.40433559111543,"max_exposure_percent":0.40674549810973193},"closed_trades":11,"equity_curve":[],"final_equity":538.3833270175494,"max_drawdown":0.05802808079466627,"open_trades":0,"profit_factor":2.109822205881985,"sharpe":0.7858665103637373,"signal_diagnostics":{"buy_signals":11,"duplicate_buy_skips":0,"flat_sell_skips":0,"hold_signals":418,"risk_blocked_signals":0,"sell_signals":4,"stop_loss_exits":5,"take_profit_exits":2},"starting_equity":500,"total_return":0.07676665403509886,"trade_analysis":{"average_loss":-6.917022711227128,"average_trade_duration_days":13.0,"average_win":12.16140676228084,"expectancy":3.489393365231764,"largest_loss":-8.162255106265823,"largest_win":15.08148333898085,"max_trade_duration_days":24.0,"median_trade_duration_days":10.0,"profit_factor":2.109822205881985,"time_in_market_percent":0.22412329393325933,"total_trades":11,"win_rate":0.5454545454545454}}