{"capital_utilization":{"average_cash_percent":0.8624927258631461,"average_exposure_percent":0.13750727413685393,"average_leverage":0.13750727413685393,"average_position_value":200.08408038427228,"max_exposure_percent":0.4182923088258025},"closed_trades":27,"equity_curve":[],"final_equity":570.5513784282533,"max_drawdown":0.1517256048496786,"open_trades":0,"profit_factor":1.3821103044715108,"sharpe":0.5474489514831617,"signal_diagnostics":{"buy_signals":27,"duplicate_buy_skips":0,"flat_sell_skips":0,"hold_signals":498,"risk_blocked_signals":0,"sell_signals":7,"stop_loss_exits":12,"take_profit_exits":8},"starting_equity":500,"total_return":0.14110275685650664,"trade_analysis":{"average_loss":-14.202781360140639,"average_trade_duration_days":8.924382716049383,"average_win":18.227681150720116,"expectancy":2.613014015861235,"largest_loss":-22.427924684976404,"largest_win":35.365523589598695,"max_trade_duration_days":20.0,"median_trade_duration_days":6.958333333333333,"profit_factor":1.3821103044715108,"time_in_market_percent":0.29968388868736073,"total_trades":27,"win_rate":0.5185185185185185}}