{"capital_utilization":{"average_cash_percent":0.8385312508960676,"average_exposure_percent":0.16146874910393239,"average_leverage":0.16146874910393239,"average_position_value":214.03375237872714,"max_exposure_percent":0.41828505344046973},"closed_trades":40,"equity_curve":[],"final_equity":705.5915141198315,"max_drawdown":0.10471724367307084,"open_trades":0,"profit_factor":2.0200722006931278,"sharpe":1.2590740633830921,"signal_diagnostics":{"buy_signals":40,"duplicate_buy_skips":0,"flat_sell_skips":0,"hold_signals":472,"risk_blocked_signals":0,"sell_signals":19,"stop_loss_exits":13,"take_profit_exits":8},"starting_equity":500,"total_return":0.4111830282396629,"trade_analysis":{"average_loss":-14.396145823244824,"average_trade_duration_days":6.773958333333335,"average_win":15.65913675558688,"expectancy":5.139787852995786,"largest_loss":-22.147421497621433,"largest_win":38.22378686582078,"max_trade_duration_days":19.0,"median_trade_duration_days":5.0,"profit_factor":2.0200722006931278,"time_in_market_percent":0.33699538788412714,"total_trades":40,"win_rate":0.65}}