{"capital_utilization":{"average_cash_percent":0.861107084218987,"average_exposure_percent":0.13889291578101298,"average_leverage":0.13889291578101298,"average_position_value":214.85948992410178,"max_exposure_percent":0.4092890772554658},"closed_trades":30,"equity_curve":[],"final_equity":600.8483022589942,"max_drawdown":0.04122339626403852,"open_trades":0,"profit_factor":1.9527202875120966,"sharpe":1.1331010845469567,"signal_diagnostics":{"buy_signals":30,"duplicate_buy_skips":0,"flat_sell_skips":0,"hold_signals":493,"risk_blocked_signals":0,"sell_signals":8,"stop_loss_exits":15,"take_profit_exits":6},"starting_equity":500,"total_return":0.20169660451798843,"trade_analysis":{"average_loss":-7.056866783173491,"average_trade_duration_days":7.933333333333334,"average_win":13.780086933773104,"expectancy":3.361610075299806,"largest_loss":-12.231870306511407,"largest_win":45.49856770046549,"max_trade_duration_days":20.958333333333332,"median_trade_duration_days":7.0,"profit_factor":1.9527202875120966,"time_in_market_percent":0.2960045602943463,"total_trades":30,"win_rate":0.5}}