{"capital_utilization":{"average_cash_percent":0.8930058225456844,"average_exposure_percent":0.10699417745431558,"average_leverage":0.10699417745431558,"average_position_value":201.4006139593535,"max_exposure_percent":0.40603837393890985},"closed_trades":16,"equity_curve":[],"final_equity":499.2321346215051,"max_drawdown":0.05714333029344529,"open_trades":0,"profit_factor":0.9876758856441681,"sharpe":0.011629306619388689,"signal_diagnostics":{"buy_signals":16,"duplicate_buy_skips":0,"flat_sell_skips":0,"hold_signals":521,"risk_blocked_signals":0,"sell_signals":4,"stop_loss_exits":11,"take_profit_exits":0},"starting_equity":500,"total_return":-0.0015357307569897616,"trade_analysis":{"average_loss":-5.664175248950195,"average_trade_duration_days":12.125,"average_win":12.307612471991453,"expectancy":-0.04799158615592991,"largest_loss":-7.266625948923538,"largest_win":21.237511101416647,"max_trade_duration_days":36.0,"median_trade_duration_days":12.5,"profit_factor":0.9876758856441681,"time_in_market_percent":0.241281028139089,"total_trades":16,"win_rate":0.3125}}