{"capital_utilization":{"average_cash_percent":0.84481296876461,"average_exposure_percent":0.15518703123538996,"average_leverage":0.15518703123538996,"average_position_value":214.41773678738662,"max_exposure_percent":0.4092890772554659},"closed_trades":30,"equity_curve":[],"final_equity":608.5159965030076,"max_drawdown":0.040164457797066525,"open_trades":0,"profit_factor":2.0217583552943887,"sharpe":1.189386002491466,"signal_diagnostics":{"buy_signals":30,"duplicate_buy_skips":0,"flat_sell_skips":0,"hold_signals":493,"risk_blocked_signals":0,"sell_signals":5,"stop_loss_exits":17,"take_profit_exits":7},"starting_equity":500,"total_return":0.21703199300601517,"trade_analysis":{"average_loss":-6.637821698540329,"average_trade_duration_days":9.066666666666666,"average_win":15.337224548546631,"expectancy":3.6171998834335866,"largest_loss":-12.242403374085916,"largest_win":45.53774727612508,"max_trade_duration_days":26.958333333333332,"median_trade_duration_days":8.5,"profit_factor":2.0217583552943887,"time_in_market_percent":0.33829092605068145,"total_trades":30,"win_rate":0.4666666666666667}}