{"capital_utilization":{"average_cash_percent":0.9177856230789694,"average_exposure_percent":0.08221437692103063,"average_leverage":0.08221437692103063,"average_position_value":199.36884890154317,"max_exposure_percent":0.4060383739389099},"closed_trades":16,"equity_curve":[],"final_equity":479.98594918072047,"max_drawdown":0.06284878198665016,"open_trades":0,"profit_factor":0.6144268564509013,"sharpe":-0.468636123903034,"signal_diagnostics":{"buy_signals":16,"duplicate_buy_skips":0,"flat_sell_skips":0,"hold_signals":520,"risk_blocked_signals":0,"sell_signals":1,"stop_loss_exits":15,"take_profit_exits":0},"starting_equity":500,"total_return":-0.04002810163855908,"trade_analysis":{"average_loss":-5.190727402602652,"average_trade_duration_days":8.75,"average_win":5.3155372011245,"expectancy":-1.2508781762049705,"largest_loss":-7.275145677345387,"largest_win":17.100614309537484,"max_trade_duration_days":21.0,"median_trade_duration_days":7.5,"profit_factor":0.6144268564509013,"time_in_market_percent":0.17412032958490958,"total_trades":16,"win_rate":0.375}}