{"capital_utilization":{"average_cash_percent":0.9605250531995554,"average_exposure_percent":0.03947494680044457,"average_leverage":0.03947494680044457,"average_position_value":201.47793084543983,"max_exposure_percent":0.40518820776360187},"closed_trades":5,"equity_curve":[],"final_equity":509.09542857086745,"max_drawdown":0.026192175692415456,"open_trades":0,"profit_factor":1.8037541537138335,"sharpe":0.3368590923134363,"signal_diagnostics":{"buy_signals":5,"duplicate_buy_skips":0,"flat_sell_skips":0,"hold_signals":543,"risk_blocked_signals":0,"sell_signals":1,"stop_loss_exits":3,"take_profit_exits":1},"starting_equity":500,"total_return":0.01819085714173485,"trade_analysis":{"average_loss":-3.772060784524314,"average_trade_duration_days":13.6,"average_win":10.20580546222019,"expectancy":1.8190857141734882,"largest_loss":-6.271938070108877,"largest_win":13.490312294028763,"max_trade_duration_days":27.0,"median_trade_duration_days":12.0,"profit_factor":1.8037541537138335,"time_in_market_percent":0.08457273151267036,"total_trades":5,"win_rate":0.4}}