{"capital_utilization":{"average_cash_percent":0.7934007551047628,"average_exposure_percent":0.20659924489523715,"average_leverage":0.20659924489523715,"average_position_value":181.0822060088454,"max_exposure_percent":0.40972972921712825},"closed_trades":27,"equity_curve":[],"final_equity":459.263405599477,"max_drawdown":0.1555562231309408,"open_trades":0,"profit_factor":0.6167650270589298,"sharpe":-0.6039686245236336,"signal_diagnostics":{"buy_signals":27,"duplicate_buy_skips":0,"flat_sell_skips":0,"hold_signals":386,"risk_blocked_signals":0,"sell_signals":5,"stop_loss_exits":20,"take_profit_exits":2},"starting_equity":500,"total_return":-0.08147318880104604,"trade_analysis":{"average_loss":-5.314832580113593,"average_trade_duration_days":10.520061728395062,"average_win":9.36572245739269,"expectancy":-1.5087627555749263,"largest_loss":-11.01500947575415,"largest_win":12.991746106859253,"max_trade_duration_days":25.0,"median_trade_duration_days":9.0,"profit_factor":0.6167650270589298,"time_in_market_percent":0.4451773003330504,"total_trades":27,"win_rate":0.25925925925925924}}