{"capital_utilization":{"average_cash_percent":0.8648674516233328,"average_exposure_percent":0.13513254837666722,"average_leverage":0.13513254837666722,"average_position_value":185.536163043541,"max_exposure_percent":0.4217822064528012},"closed_trades":33,"equity_curve":[],"final_equity":501.6837494717859,"max_drawdown":0.17541974981768674,"open_trades":0,"profit_factor":1.0068503794244013,"sharpe":0.0762438205859419,"signal_diagnostics":{"buy_signals":33,"duplicate_buy_skips":0,"flat_sell_skips":0,"hold_signals":487,"risk_blocked_signals":0,"sell_signals":7,"stop_loss_exits":16,"take_profit_exits":10},"starting_equity":500,"total_return":0.0033674989435719116,"trade_analysis":{"average_loss":-15.361826764189908,"average_trade_duration_days":6.906565656565657,"average_win":14.557233982283792,"expectancy":0.051022711266239876,"largest_loss":-23.11926230383523,"largest_win":26.634655170130348,"max_trade_duration_days":20.0,"median_trade_duration_days":6.0,"profit_factor":1.0068503794244013,"time_in_market_percent":0.2834637508420998,"total_trades":33,"win_rate":0.5151515151515151}}