{"capital_utilization":{"average_cash_percent":0.7779529040019291,"average_exposure_percent":0.22204709599807093,"average_leverage":0.22204709599807093,"average_position_value":214.57613576585734,"max_exposure_percent":0.4054770935427867},"closed_trades":33,"equity_curve":[],"final_equity":550.9390296996256,"max_drawdown":0.07257442712855125,"open_trades":0,"profit_factor":1.66357810684467,"sharpe":0.8874080838770125,"signal_diagnostics":{"buy_signals":33,"duplicate_buy_skips":0,"flat_sell_skips":0,"hold_signals":486,"risk_blocked_signals":0,"sell_signals":5,"stop_loss_exits":28,"take_profit_exits":0},"starting_equity":500,"total_return":0.10187805939925121,"trade_analysis":{"average_loss":-4.515540040931584,"average_trade_duration_days":12.36489898989899,"average_win":7.98145064971641,"expectancy":1.5436069605947167,"largest_loss":-7.0346016394279145,"largest_win":25.63992485048172,"max_trade_duration_days":47.0,"median_trade_duration_days":7.958333333333333,"profit_factor":1.66357810684467,"time_in_market_percent":0.5074882106026845,"total_trades":33,"win_rate":0.48484848484848486}}