{"capital_utilization":{"average_cash_percent":0.7405974878362684,"average_exposure_percent":0.25940251216373156,"average_leverage":0.25940251216373156,"average_position_value":212.21812203568547,"max_exposure_percent":0.40440644036820694},"closed_trades":41,"equity_curve":[],"final_equity":545.2029862362576,"max_drawdown":0.03947687717166835,"open_trades":0,"profit_factor":1.6541655071703392,"sharpe":0.8520871509024539,"signal_diagnostics":{"buy_signals":41,"duplicate_buy_skips":0,"flat_sell_skips":0,"hold_signals":471,"risk_blocked_signals":0,"sell_signals":1,"stop_loss_exits":37,"take_profit_exits":3},"starting_equity":500,"total_return":0.09040597247251525,"trade_analysis":{"average_loss":-3.140919492140304,"average_trade_duration_days":11.511178861788617,"average_win":6.015958687544438,"expectancy":1.1025118594209171,"largest_loss":-5.451362984650851,"largest_win":14.279951509005661,"max_trade_duration_days":35.0,"median_trade_duration_days":9.0,"profit_factor":1.6541655071703392,"time_in_market_percent":0.5869824325024615,"total_trades":41,"win_rate":0.4634146341463415}}