{"capital_utilization":{"average_cash_percent":0.799336565638573,"average_exposure_percent":0.20066343436142695,"average_leverage":0.20066343436142695,"average_position_value":206.51644529760017,"max_exposure_percent":0.40518838066510127},"closed_trades":31,"equity_curve":[],"final_equity":542.971261729346,"max_drawdown":0.03399864230379649,"open_trades":0,"profit_factor":1.619580471725684,"sharpe":0.7424992086265336,"signal_diagnostics":{"buy_signals":31,"duplicate_buy_skips":0,"flat_sell_skips":0,"hold_signals":490,"risk_blocked_signals":0,"sell_signals":3,"stop_loss_exits":26,"take_profit_exits":2},"starting_equity":500,"total_return":0.08594252345869191,"trade_analysis":{"average_loss":-3.8530786996042687,"average_trade_duration_days":11.743279569892474,"average_win":8.640513717094063,"expectancy":1.3861697332047078,"largest_loss":-6.702641191649203,"largest_win":24.110953011957825,"max_trade_duration_days":27.0,"median_trade_duration_days":9.0,"profit_factor":1.619580471725684,"time_in_market_percent":0.4527646784474271,"total_trades":31,"win_rate":0.41935483870967744}}