{"capital_utilization":{"average_cash_percent":0.843197175328779,"average_exposure_percent":0.15680282467122103,"average_leverage":0.15680282467122103,"average_position_value":202.17641765875715,"max_exposure_percent":0.4112249489947896},"closed_trades":35,"equity_curve":[],"final_equity":514.188679229868,"max_drawdown":0.07831822581173296,"open_trades":0,"profit_factor":1.121596113012891,"sharpe":0.2398667626637166,"signal_diagnostics":{"buy_signals":35,"duplicate_buy_skips":0,"flat_sell_skips":0,"hold_signals":483,"risk_blocked_signals":0,"sell_signals":7,"stop_loss_exits":17,"take_profit_exits":10},"starting_equity":500,"total_return":0.02837735845973599,"trade_analysis":{"average_loss":-6.86393807591326,"average_trade_duration_days":7.484523809523811,"average_win":7.270868140021856,"expectancy":0.4053908351390854,"largest_loss":-13.814563493615793,"largest_win":13.551368399780937,"max_trade_duration_days":19.041666666666668,"median_trade_duration_days":6.0,"profit_factor":1.121596113012891,"time_in_market_percent":0.3258019381250972,"total_trades":35,"win_rate":0.5142857142857142}}