{"capital_utilization":{"average_cash_percent":0.9040811395087147,"average_exposure_percent":0.09591886049128533,"average_leverage":0.09591886049128533,"average_position_value":194.01749131896923,"max_exposure_percent":0.40710055678916734},"closed_trades":14,"equity_curve":[],"final_equity":500.81194952531285,"max_drawdown":0.07172595994796908,"open_trades":0,"profit_factor":1.0190475644781938,"sharpe":0.04445609479980608,"signal_diagnostics":{"buy_signals":14,"duplicate_buy_skips":0,"flat_sell_skips":0,"hold_signals":412,"risk_blocked_signals":0,"sell_signals":2,"stop_loss_exits":11,"take_profit_exits":1},"starting_equity":500,"total_return":0.0016238990506256545,"trade_analysis":{"average_loss":-5.328434025268692,"average_trade_duration_days":9.428571428571429,"average_win":7.239903621243731,"expectancy":0.057996394665204294,"largest_loss":-8.468675592844221,"largest_win":14.04122527482559,"max_trade_duration_days":17.0,"median_trade_duration_days":9.0,"profit_factor":1.0190475644781938,"time_in_market_percent":0.20688304055377785,"total_trades":14,"win_rate":0.42857142857142855}}