{"capital_utilization":{"average_cash_percent":0.7547975558853071,"average_exposure_percent":0.24520244411469289,"average_leverage":0.24520244411469289,"average_position_value":206.60019656986043,"max_exposure_percent":0.4039515408622783},"closed_trades":39,"equity_curve":[],"final_equity":512.9685778041626,"max_drawdown":0.039896522877298536,"open_trades":0,"profit_factor":1.198636487311271,"sharpe":0.27650859365443115,"signal_diagnostics":{"buy_signals":39,"duplicate_buy_skips":0,"flat_sell_skips":0,"hold_signals":475,"risk_blocked_signals":0,"sell_signals":5,"stop_loss_exits":34,"take_profit_exits":0},"starting_equity":500,"total_return":0.025937155608325213,"trade_analysis":{"average_loss":-2.7203330859350907,"average_trade_duration_days":11.588675213675213,"average_win":5.217104791106987,"expectancy":0.3325276360041695,"largest_loss":-4.877960962576253,"largest_win":13.426201371165302,"max_trade_duration_days":36.0,"median_trade_duration_days":9.0,"profit_factor":1.198636487311271,"time_in_market_percent":0.5621080997046173,"total_trades":39,"win_rate":0.38461538461538464}}