{"capital_utilization":{"average_cash_percent":0.71120356607257,"average_exposure_percent":0.28879643392743,"average_leverage":0.28879643392743,"average_position_value":209.42918061122643,"max_exposure_percent":0.4043872855581506},"closed_trades":48,"equity_curve":[],"final_equity":527.8770913728268,"max_drawdown":0.03914677410643857,"open_trades":0,"profit_factor":1.3897677133045754,"sharpe":0.5446637762540372,"signal_diagnostics":{"buy_signals":48,"duplicate_buy_skips":0,"flat_sell_skips":0,"hold_signals":457,"risk_blocked_signals":0,"sell_signals":7,"stop_loss_exits":40,"take_profit_exits":0},"starting_equity":500,"total_return":0.05575418274565358,"trade_analysis":{"average_loss":-2.9800966940535747,"average_trade_duration_days":10.666666666666666,"average_win":4.141642167921361,"expectancy":0.5807727369338934,"largest_loss":-5.652393262999128,"largest_win":11.179247935695765,"max_trade_duration_days":37.0,"median_trade_duration_days":8.5,"profit_factor":1.3897677133045754,"time_in_market_percent":0.6367829196248121,"total_trades":48,"win_rate":0.5}}