{"capital_utilization":{"average_cash_percent":0.7126073361930781,"average_exposure_percent":0.28739266380692186,"average_leverage":0.28739266380692186,"average_position_value":204.0948613158455,"max_exposure_percent":0.40409409953150444},"closed_trades":41,"equity_curve":[],"final_equity":503.83276549000846,"max_drawdown":0.05067007796373455,"open_trades":0,"profit_factor":1.0697332481022959,"sharpe":0.12184072333380565,"signal_diagnostics":{"buy_signals":41,"duplicate_buy_skips":0,"flat_sell_skips":0,"hold_signals":471,"risk_blocked_signals":0,"sell_signals":2,"stop_loss_exits":36,"take_profit_exits":2},"starting_equity":500,"total_return":0.007665530980016877,"trade_analysis":{"average_loss":-2.290135142556578,"average_trade_duration_days":12.682926829268293,"average_win":3.458588759492135,"expectancy":0.09348208512215679,"largest_loss":-5.005014173540507,"largest_win":14.87195902496936,"max_trade_duration_days":36.0,"median_trade_duration_days":10.0,"profit_factor":1.0697332481022959,"time_in_market_percent":0.6467326527439499,"total_trades":41,"win_rate":0.4146341463414634}}