{"capital_utilization":{"average_cash_percent":0.8608485742728387,"average_exposure_percent":0.13915142572716133,"average_leverage":0.13915142572716133,"average_position_value":190.53291813609417,"max_exposure_percent":0.409153449959333},"closed_trades":25,"equity_curve":[],"final_equity":489.77936175323543,"max_drawdown":0.09849837169648945,"open_trades":0,"profit_factor":0.8725804287047612,"sharpe":-0.15923059320398544,"signal_diagnostics":{"buy_signals":25,"duplicate_buy_skips":0,"flat_sell_skips":0,"hold_signals":390,"risk_blocked_signals":0,"sell_signals":5,"stop_loss_exits":13,"take_profit_exits":7},"starting_equity":500,"total_return":-0.020441276493529115,"trade_analysis":{"average_loss":-6.170189823014966,"average_trade_duration_days":7.28,"average_win":5.832652454369167,"expectancy":-0.40882552987058246,"largest_loss":-10.453897151503025,"largest_win":12.532349480136698,"max_trade_duration_days":18.0,"median_trade_duration_days":7.0,"profit_factor":0.8725804287047612,"time_in_market_percent":0.28524782864233006,"total_trades":25,"win_rate":0.48}}