{"capital_utilization":{"average_cash_percent":0.8663991557171433,"average_exposure_percent":0.13360084428285673,"average_leverage":0.13360084428285673,"average_position_value":200.59201608332052,"max_exposure_percent":0.4054323464308254},"closed_trades":22,"equity_curve":[],"final_equity":510.7378323878422,"max_drawdown":0.04787406644271286,"open_trades":0,"profit_factor":1.1602769781306368,"sharpe":0.20457815026615092,"signal_diagnostics":{"buy_signals":22,"duplicate_buy_skips":0,"flat_sell_skips":0,"hold_signals":508,"risk_blocked_signals":0,"sell_signals":10,"stop_loss_exits":12,"take_profit_exits":0},"starting_equity":500,"total_return":0.02147566477568441,"trade_analysis":{"average_loss":-5.153498127995994,"average_trade_duration_days":10.725378787878789,"average_win":8.63703422797668,"expectancy":0.48808329035646314,"largest_loss":-6.5533488905649016,"largest_win":15.914258879237433,"max_trade_duration_days":32.0,"median_trade_duration_days":8.0,"profit_factor":1.1602769781306368,"time_in_market_percent":0.2934653054878997,"total_trades":22,"win_rate":0.4090909090909091}}