{"capital_utilization":{"average_cash_percent":0.7638868326359642,"average_exposure_percent":0.2361131673640357,"average_leverage":0.2361131673640357,"average_position_value":214.67200350526707,"max_exposure_percent":0.4055017305103563},"closed_trades":35,"equity_curve":[],"final_equity":542.3543536430572,"max_drawdown":0.0677513050636784,"open_trades":0,"profit_factor":1.5303475594533393,"sharpe":0.7374271542205154,"signal_diagnostics":{"buy_signals":35,"duplicate_buy_skips":0,"flat_sell_skips":0,"hold_signals":482,"risk_blocked_signals":0,"sell_signals":1,"stop_loss_exits":31,"take_profit_exits":3},"starting_equity":500,"total_return":0.08470870728611435,"trade_analysis":{"average_loss":-4.436750211996648,"average_trade_duration_days":12.372619047619049,"average_win":7.189168085823341,"expectancy":1.210124389801632,"largest_loss":-7.066896185635121,"largest_win":27.19657029518897,"max_trade_duration_days":38.0,"median_trade_duration_days":10.0,"profit_factor":1.5303475594533393,"time_in_market_percent":0.5385811265999897,"total_trades":35,"win_rate":0.4857142857142857}}