{"capital_utilization":{"average_cash_percent":0.7971831346068052,"average_exposure_percent":0.20281686539319474,"average_leverage":0.20281686539319474,"average_position_value":213.0398000336895,"max_exposure_percent":0.40585058201797375},"closed_trades":22,"equity_curve":[],"final_equity":557.2543444917367,"max_drawdown":0.047854053364763796,"open_trades":0,"profit_factor":2.0428371898244784,"sharpe":0.9618907571391585,"signal_diagnostics":{"buy_signals":22,"duplicate_buy_skips":0,"flat_sell_skips":0,"hold_signals":510,"risk_blocked_signals":0,"sell_signals":4,"stop_loss_exits":13,"take_profit_exits":4},"starting_equity":500,"total_return":0.11450868898347344,"trade_analysis":{"average_loss":-4.575206389709252,"average_trade_duration_days":17.09090909090909,"average_win":11.215682116824773,"expectancy":2.6024702041698498,"largest_loss":-7.64312961879673,"largest_win":26.055048228461192,"max_trade_duration_days":65.0,"median_trade_duration_days":11.5,"profit_factor":2.0428371898244784,"time_in_market_percent":0.4676374565994714,"total_trades":22,"win_rate":0.45454545454545453}}