{"capital_utilization":{"average_cash_percent":0.9128629117720267,"average_exposure_percent":0.0871370882279733,"average_leverage":0.0871370882279733,"average_position_value":195.50000147366384,"max_exposure_percent":0.40674549810973193},"closed_trades":11,"equity_curve":[],"final_equity":500.8391966934401,"max_drawdown":0.06371189045633266,"open_trades":0,"profit_factor":1.0212717372206248,"sharpe":0.045055980588225075,"signal_diagnostics":{"buy_signals":11,"duplicate_buy_skips":0,"flat_sell_skips":0,"hold_signals":418,"risk_blocked_signals":0,"sell_signals":0,"stop_loss_exits":6,"take_profit_exits":5},"starting_equity":500,"total_return":0.0016783933868802503,"trade_analysis":{"average_loss":-6.5752088850428505,"average_trade_duration_days":11.363636363636363,"average_win":8.058090000739439,"expectancy":0.07629060849455392,"largest_loss":-8.162255106265823,"largest_win":12.761189040774259,"max_trade_duration_days":32.0,"median_trade_duration_days":8.0,"profit_factor":1.0212717372206248,"time_in_market_percent":0.19591197022138054,"total_trades":11,"win_rate":0.45454545454545453}}