{"capital_utilization":{"average_cash_percent":0.885703740771531,"average_exposure_percent":0.11429625922846895,"average_leverage":0.11429625922846895,"average_position_value":192.74320207645414,"max_exposure_percent":0.4217822064528013},"closed_trades":24,"equity_curve":[],"final_equity":587.8745586137672,"max_drawdown":0.17541974981768665,"open_trades":0,"profit_factor":1.4956297078471157,"sharpe":0.6305049467839304,"signal_diagnostics":{"buy_signals":24,"duplicate_buy_skips":0,"flat_sell_skips":0,"hold_signals":505,"risk_blocked_signals":0,"sell_signals":11,"stop_loss_exits":11,"take_profit_exits":2},"starting_equity":500,"total_return":0.1757491172275345,"trade_analysis":{"average_loss":-16.118073858638457,"average_trade_duration_days":8.331597222222223,"average_win":20.397951619906948,"expectancy":3.6614399422403046,"largest_loss":-23.251801530978984,"largest_win":42.34494208571531,"max_trade_duration_days":20.0,"median_trade_duration_days":7.5,"profit_factor":1.4956297078471157,"time_in_market_percent":0.2486915064517801,"total_trades":24,"win_rate":0.5416666666666666}}