{"capital_utilization":{"average_cash_percent":0.9094231916893447,"average_exposure_percent":0.09057680831065527,"average_leverage":0.09057680831065527,"average_position_value":193.95660398813683,"max_exposure_percent":0.40666739628372367},"closed_trades":13,"equity_curve":[],"final_equity":484.14524948466146,"max_drawdown":0.07479688867697569,"open_trades":0,"profit_factor":0.5703173405274707,"sharpe":-0.2931762054202475,"signal_diagnostics":{"buy_signals":13,"duplicate_buy_skips":0,"flat_sell_skips":0,"hold_signals":414,"risk_blocked_signals":0,"sell_signals":1,"stop_loss_exits":12,"take_profit_exits":0},"starting_equity":500,"total_return":-0.031709501030677045,"trade_analysis":{"average_loss":-5.271249163544337,"average_trade_duration_days":9.076923076923077,"average_win":3.5073322715786373,"expectancy":-1.2195961934875794,"largest_loss":-7.929353885549872,"largest_win":9.889881595971392,"max_trade_duration_days":21.0,"median_trade_duration_days":10.0,"profit_factor":0.5703173405274707,"time_in_market_percent":0.18494089988898324,"total_trades":13,"win_rate":0.46153846153846156}}