{"capital_utilization":{"average_cash_percent":0.9076017516506156,"average_exposure_percent":0.09239824834938438,"average_leverage":0.09239824834938438,"average_position_value":195.15744066212434,"max_exposure_percent":0.40827282978745194},"closed_trades":12,"equity_curve":[],"final_equity":492.15485270353355,"max_drawdown":0.0658856912041263,"open_trades":0,"profit_factor":0.7446022757816291,"sharpe":-0.13083861968988475,"signal_diagnostics":{"buy_signals":12,"duplicate_buy_skips":0,"flat_sell_skips":0,"hold_signals":416,"risk_blocked_signals":0,"sell_signals":1,"stop_loss_exits":11,"take_profit_exits":0},"starting_equity":500,"total_return":-0.01569029459293292,"trade_analysis":{"average_loss":-4.38819622021527,"average_trade_duration_days":10.416666666666666,"average_win":4.574445249008085,"expectancy":-0.6537622747055386,"largest_loss":-9.847199520236586,"largest_win":12.435084966651358,"max_trade_duration_days":21.0,"median_trade_duration_days":10.5,"profit_factor":0.7446022757816291,"time_in_market_percent":0.19591197022138054,"total_trades":12,"win_rate":0.4166666666666667}}