{"capital_utilization":{"average_cash_percent":0.8829626006956237,"average_exposure_percent":0.1170373993043763,"average_leverage":0.1170373993043763,"average_position_value":203.7989033202347,"max_exposure_percent":0.4083813475253352},"closed_trades":28,"equity_curve":[],"final_equity":530.7535404119715,"max_drawdown":0.04584311400299871,"open_trades":0,"profit_factor":1.383982044199907,"sharpe":0.5955540306093403,"signal_diagnostics":{"buy_signals":28,"duplicate_buy_skips":0,"flat_sell_skips":0,"hold_signals":497,"risk_blocked_signals":0,"sell_signals":1,"stop_loss_exits":15,"take_profit_exits":12},"starting_equity":500,"total_return":0.06150708082394285,"trade_analysis":{"average_loss":-5.720792133848689,"average_trade_duration_days":7.0,"average_win":7.9174735918466554,"expectancy":1.098340728998983,"largest_loss":-10.110952329389534,"largest_win":13.691001873994209,"max_trade_duration_days":22.0,"median_trade_duration_days":6.0,"profit_factor":1.383982044199907,"time_in_market_percent":0.2437684614188734,"total_trades":28,"win_rate":0.5}}