{"capital_utilization":{"average_cash_percent":0.7419663051882491,"average_exposure_percent":0.25803369481175087,"average_leverage":0.25803369481175087,"average_position_value":202.70948131227706,"max_exposure_percent":0.40378424869390744},"closed_trades":35,"equity_curve":[],"final_equity":521.8541514957342,"max_drawdown":0.02636177632596492,"open_trades":0,"profit_factor":1.4931248819146659,"sharpe":0.6098007488567231,"signal_diagnostics":{"buy_signals":35,"duplicate_buy_skips":0,"flat_sell_skips":0,"hold_signals":483,"risk_blocked_signals":0,"sell_signals":4,"stop_loss_exits":31,"take_profit_exits":0},"starting_equity":500,"total_return":0.04370830299146844,"trade_analysis":{"average_loss":-2.014440071805734,"average_trade_duration_days":13.627380952380951,"average_win":5.090141005804644,"expectancy":0.6244043284495491,"largest_loss":-4.569756446983562,"largest_win":11.117115034314528,"max_trade_duration_days":50.0,"median_trade_duration_days":9.0,"profit_factor":1.4931248819146659,"time_in_market_percent":0.5932010157019226,"total_trades":35,"win_rate":0.37142857142857144}}