{"capital_utilization":{"average_cash_percent":0.8214342473757873,"average_exposure_percent":0.17856575262421268,"average_leverage":0.17856575262421268,"average_position_value":204.0432374560816,"max_exposure_percent":0.41899918236367983},"closed_trades":16,"equity_curve":[],"final_equity":533.7184720548294,"max_drawdown":0.22161553145393964,"open_trades":0,"profit_factor":1.1943820463573511,"sharpe":0.2707667535023278,"signal_diagnostics":{"buy_signals":16,"duplicate_buy_skips":0,"flat_sell_skips":0,"hold_signals":521,"risk_blocked_signals":0,"sell_signals":2,"stop_loss_exits":13,"take_profit_exits":0},"starting_equity":500,"total_return":0.06743694410965873,"trade_analysis":{"average_loss":-15.769540957053534,"average_trade_duration_days":21.817708333333336,"average_win":41.43668451648365,"expectancy":2.107404503426835,"largest_loss":-25.00635724329492,"largest_win":128.5393610351914,"max_trade_duration_days":50.0,"median_trade_duration_days":17.520833333333336,"profit_factor":1.1943820463573511,"time_in_market_percent":0.4341607503757061,"total_trades":16,"win_rate":0.3125}}