{"capital_utilization":{"average_cash_percent":0.8517905421687839,"average_exposure_percent":0.14820945783121606,"average_leverage":0.14820945783121606,"average_position_value":184.73457809857686,"max_exposure_percent":0.40909195456063274},"closed_trades":27,"equity_curve":[],"final_equity":452.26611242218394,"max_drawdown":0.13041526156851657,"open_trades":0,"profit_factor":0.45316384984105046,"sharpe":-1.0878536863252801,"signal_diagnostics":{"buy_signals":27,"duplicate_buy_skips":0,"flat_sell_skips":0,"hold_signals":386,"risk_blocked_signals":0,"sell_signals":5,"stop_loss_exits":21,"take_profit_exits":1},"starting_equity":500,"total_return":-0.0954677751556321,"trade_analysis":{"average_loss":-4.364551206420897,"average_trade_duration_days":7.146604938271604,"average_win":5.651019507228843,"expectancy":-1.7679217621413352,"largest_loss":-10.738281537783621,"largest_win":9.84018371779013,"max_trade_duration_days":18.0,"median_trade_duration_days":7.0,"profit_factor":0.45316384984105046,"time_in_market_percent":0.3024227780317377,"total_trades":27,"win_rate":0.25925925925925924}}