{"capital_utilization":{"average_cash_percent":0.8702154990513415,"average_exposure_percent":0.12978450094865848,"average_leverage":0.12978450094865848,"average_position_value":200.54912019825966,"max_exposure_percent":0.4092936366909675},"closed_trades":34,"equity_curve":[],"final_equity":510.59617095642557,"max_drawdown":0.0502888023737856,"open_trades":0,"profit_factor":1.0954258550930605,"sharpe":0.19826310114470921,"signal_diagnostics":{"buy_signals":34,"duplicate_buy_skips":0,"flat_sell_skips":0,"hold_signals":485,"risk_blocked_signals":0,"sell_signals":3,"stop_loss_exits":21,"take_profit_exits":9},"starting_equity":500,"total_return":0.021192341912851242,"trade_analysis":{"average_loss":-6.168937796489023,"average_trade_duration_days":6.322303921568627,"average_win":7.602315705826749,"expectancy":0.31165208695369284,"largest_loss":-11.272954869465087,"largest_win":20.170879138484334,"max_trade_duration_days":21.041666666666668,"median_trade_duration_days":3.979166666666667,"profit_factor":1.0954258550930605,"time_in_market_percent":0.26734725605016324,"total_trades":34,"win_rate":0.47058823529411764}}