{"capital_utilization":{"average_cash_percent":0.8698795738805283,"average_exposure_percent":0.1301204261194717,"average_leverage":0.1301204261194717,"average_position_value":206.51378530020347,"max_exposure_percent":0.40412801503135903},"closed_trades":7,"equity_curve":[],"final_equity":538.8887753986212,"max_drawdown":0.03596616602838261,"open_trades":0,"profit_factor":3.570506156460744,"sharpe":1.2369841765754095,"signal_diagnostics":{"buy_signals":7,"duplicate_buy_skips":0,"flat_sell_skips":0,"hold_signals":427,"risk_blocked_signals":0,"sell_signals":3,"stop_loss_exits":3,"take_profit_exits":0},"starting_equity":500,"total_return":0.07777755079724247,"trade_analysis":{"average_loss":-3.7822099064884176,"average_trade_duration_days":28.428571428571427,"average_win":18.00587167485828,"expectancy":5.555539342660168,"largest_loss":-5.236555469261816,"largest_win":28.373222316720422,"max_trade_duration_days":71.0,"median_trade_duration_days":21.0,"profit_factor":3.570506156460744,"time_in_market_percent":0.31189185659243784,"total_trades":7,"win_rate":0.42857142857142855}}