{"capital_utilization":{"average_cash_percent":0.8521199400735685,"average_exposure_percent":0.14788005992643147,"average_leverage":0.14788005992643147,"average_position_value":201.96943900616313,"max_exposure_percent":0.40543234643082543},"closed_trades":22,"equity_curve":[],"final_equity":512.9623339245156,"max_drawdown":0.04950963313220628,"open_trades":0,"profit_factor":1.192394900132796,"sharpe":0.26549124355960324,"signal_diagnostics":{"buy_signals":22,"duplicate_buy_skips":0,"flat_sell_skips":0,"hold_signals":509,"risk_blocked_signals":0,"sell_signals":1,"stop_loss_exits":12,"take_profit_exits":8},"starting_equity":500,"total_return":0.025924667849031247,"trade_analysis":{"average_loss":-5.614465315681758,"average_trade_duration_days":12.179924242424244,"average_win":8.033591771269675,"expectancy":0.5891969965688947,"largest_loss":-6.628014648630552,"largest_win":11.325544271948186,"max_trade_duration_days":41.0,"median_trade_duration_days":7.0,"profit_factor":1.192394900132796,"time_in_market_percent":0.3332642379644505,"total_trades":22,"win_rate":0.45454545454545453}}