{"capital_utilization":{"average_cash_percent":0.7979306872921595,"average_exposure_percent":0.20206931270784043,"average_leverage":0.20206931270784043,"average_position_value":207.2429935542865,"max_exposure_percent":0.4058113648657495},"closed_trades":30,"equity_curve":[],"final_equity":548.0243457260185,"max_drawdown":0.04235625694563646,"open_trades":0,"profit_factor":1.7128616479990892,"sharpe":0.8170699861568559,"signal_diagnostics":{"buy_signals":30,"duplicate_buy_skips":0,"flat_sell_skips":0,"hold_signals":492,"risk_blocked_signals":0,"sell_signals":2,"stop_loss_exits":26,"take_profit_exits":2},"starting_equity":500,"total_return":0.0960486914520371,"trade_analysis":{"average_loss":-3.9628468177864655,"average_trade_duration_days":12.334722222222222,"average_win":8.876364740645263,"expectancy":1.6008115242006165,"largest_loss":-7.445979735437308,"largest_win":24.185614404301482,"max_trade_duration_days":27.0,"median_trade_duration_days":10.0,"profit_factor":1.7128616479990892,"time_in_market_percent":0.4602269782867804,"total_trades":30,"win_rate":0.43333333333333335}}