{"capital_utilization":{"average_cash_percent":0.8534363249301435,"average_exposure_percent":0.14656367506985643,"average_leverage":0.14656367506985643,"average_position_value":203.88533194041239,"max_exposure_percent":0.40748434019912994},"closed_trades":12,"equity_curve":[],"final_equity":526.8020231910433,"max_drawdown":0.0406289931641981,"open_trades":0,"profit_factor":2.0320739129277765,"sharpe":0.8307486969611806,"signal_diagnostics":{"buy_signals":12,"duplicate_buy_skips":0,"flat_sell_skips":0,"hold_signals":417,"risk_blocked_signals":0,"sell_signals":0,"stop_loss_exits":11,"take_profit_exits":0},"starting_equity":500,"total_return":0.0536040463820866,"trade_analysis":{"average_loss":-4.328182128450404,"average_trade_duration_days":18.166666666666668,"average_win":8.795185993624285,"expectancy":2.23350193258694,"largest_loss":-9.05404502610555,"largest_win":13.379518536726351,"max_trade_duration_days":36.0,"median_trade_duration_days":18.5,"profit_factor":2.0320739129277765,"time_in_market_percent":0.34167047606608764,"total_trades":12,"win_rate":0.5}}