{"capital_utilization":{"average_cash_percent":0.8377869049827791,"average_exposure_percent":0.16221309501722095,"average_leverage":0.16221309501722095,"average_position_value":203.61618002261957,"max_exposure_percent":0.40706790201578164},"closed_trades":10,"equity_curve":[],"final_equity":539.5281714494155,"max_drawdown":0.039194086515715335,"open_trades":0,"profit_factor":2.447020743538818,"sharpe":1.0294388495761577,"signal_diagnostics":{"buy_signals":10,"duplicate_buy_skips":0,"flat_sell_skips":0,"hold_signals":421,"risk_blocked_signals":0,"sell_signals":4,"stop_loss_exits":5,"take_profit_exits":0},"starting_equity":500,"total_return":0.0790563428988309,"trade_analysis":{"average_loss":-5.463386979891643,"average_trade_duration_days":24.7,"average_win":13.369021269774745,"expectancy":3.9528171449415503,"largest_loss":-8.551798003927882,"largest_win":28.502876200232585,"max_trade_duration_days":71.0,"median_trade_duration_days":20.5,"profit_factor":2.447020743538818,"time_in_market_percent":0.38712205315744797,"total_trades":10,"win_rate":0.5}}