{"capital_utilization":{"average_cash_percent":0.8875244630104033,"average_exposure_percent":0.11247553698959672,"average_leverage":0.11247553698959672,"average_position_value":204.9586210430456,"max_exposure_percent":0.40469785218642884},"closed_trades":28,"equity_curve":[],"final_equity":533.6390543041813,"max_drawdown":0.01827995779326591,"open_trades":0,"profit_factor":1.8555312656308007,"sharpe":1.029182182572021,"signal_diagnostics":{"buy_signals":28,"duplicate_buy_skips":0,"flat_sell_skips":0,"hold_signals":498,"risk_blocked_signals":0,"sell_signals":7,"stop_loss_exits":10,"take_profit_exits":10},"starting_equity":500,"total_return":0.06727810860836247,"trade_analysis":{"average_loss":-3.5744992248528367,"average_trade_duration_days":6.75,"average_win":4.291679163386029,"expectancy":1.2013947965779044,"largest_loss":-5.6737082859226895,"largest_win":8.02494140803311,"max_trade_duration_days":21.0,"median_trade_duration_days":5.5,"profit_factor":1.8555312656308007,"time_in_market_percent":0.23506244493962794,"total_trades":28,"win_rate":0.6071428571428571}}