{"capital_utilization":{"average_cash_percent":0.8419263191732634,"average_exposure_percent":0.1580736808267366,"average_leverage":0.1580736808267366,"average_position_value":207.47348501507585,"max_exposure_percent":0.40581810233023025},"closed_trades":11,"equity_curve":[],"final_equity":539.5970774086596,"max_drawdown":0.046579201317180956,"open_trades":0,"profit_factor":2.538323487644024,"sharpe":1.100746238749766,"signal_diagnostics":{"buy_signals":11,"duplicate_buy_skips":0,"flat_sell_skips":0,"hold_signals":419,"risk_blocked_signals":0,"sell_signals":3,"stop_loss_exits":4,"take_profit_exits":3},"starting_equity":500,"total_return":0.07919415481731917,"trade_analysis":{"average_loss":-4.290068346775726,"average_trade_duration_days":21.545454545454547,"average_win":13.067497497862792,"expectancy":3.599734309878147,"largest_loss":-7.4050099602154384,"largest_win":20.205828137244982,"max_trade_duration_days":44.0,"median_trade_duration_days":19.0,"profit_factor":2.538323487644024,"time_in_market_percent":0.3714490955397375,"total_trades":11,"win_rate":0.45454545454545453}}