{"capital_utilization":{"average_cash_percent":0.8223012207267657,"average_exposure_percent":0.17769877927323424,"average_leverage":0.17769877927323424,"average_position_value":192.40464588233385,"max_exposure_percent":0.4076413884486523},"closed_trades":24,"equity_curve":[],"final_equity":495.86695414977765,"max_drawdown":0.0774371394134169,"open_trades":0,"profit_factor":0.9419209856656351,"sharpe":-0.057303732086612866,"signal_diagnostics":{"buy_signals":24,"duplicate_buy_skips":0,"flat_sell_skips":0,"hold_signals":392,"risk_blocked_signals":0,"sell_signals":8,"stop_loss_exits":15,"take_profit_exits":1},"starting_equity":500,"total_return":-0.008266091700444678,"trade_analysis":{"average_loss":-4.74416436251039,"average_trade_duration_days":10.456597222222223,"average_win":7.44771328749261,"expectancy":-0.17221024375926394,"largest_loss":-8.842185518519665,"largest_win":12.179232143940357,"max_trade_duration_days":25.0,"median_trade_duration_days":8.0,"profit_factor":0.9419209856656351,"time_in_market_percent":0.39332593221445833,"total_trades":24,"win_rate":0.375}}