{"capital_utilization":{"average_cash_percent":0.8028706099850464,"average_exposure_percent":0.19712939001495353,"average_leverage":0.19712939001495353,"average_position_value":204.71530745220068,"max_exposure_percent":0.4051952812200723},"closed_trades":30,"equity_curve":[],"final_equity":542.5116091877676,"max_drawdown":0.04243280575896225,"open_trades":0,"profit_factor":1.6792744132496802,"sharpe":0.7427103545450479,"signal_diagnostics":{"buy_signals":30,"duplicate_buy_skips":0,"flat_sell_skips":0,"hold_signals":492,"risk_blocked_signals":0,"sell_signals":2,"stop_loss_exits":26,"take_profit_exits":2},"starting_equity":500,"total_return":0.08502321837553528,"trade_analysis":{"average_loss":-3.681403045103242,"average_trade_duration_days":12.00138888888889,"average_win":8.084266227270975,"expectancy":1.4170536395922515,"largest_loss":-6.667612096146941,"largest_win":24.10062562747136,"max_trade_duration_days":27.0,"median_trade_duration_days":10.0,"profit_factor":1.6792744132496802,"time_in_market_percent":0.44778981188785827,"total_trades":30,"win_rate":0.43333333333333335}}