{"capital_utilization":{"average_cash_percent":0.914006870433823,"average_exposure_percent":0.08599312956617704,"average_leverage":0.08599312956617704,"average_position_value":210.82123844988604,"max_exposure_percent":0.40596698410270077},"closed_trades":23,"equity_curve":[],"final_equity":544.7200713514801,"max_drawdown":0.057642494927551385,"open_trades":0,"profit_factor":1.8146380285015573,"sharpe":0.8669290196581058,"signal_diagnostics":{"buy_signals":23,"duplicate_buy_skips":0,"flat_sell_skips":0,"hold_signals":506,"risk_blocked_signals":0,"sell_signals":1,"stop_loss_exits":10,"take_profit_exits":12},"starting_equity":500,"total_return":0.0894401427029603,"trade_analysis":{"average_loss":-5.48956343638144,"average_trade_duration_days":5.913043478260869,"average_win":7.662746593484192,"expectancy":1.9443509283252203,"largest_loss":-7.5347333353988,"largest_win":13.862214779579801,"max_trade_duration_days":21.0,"median_trade_duration_days":4.0,"profit_factor":1.8146380285015573,"time_in_market_percent":0.16914546302534073,"total_trades":23,"win_rate":0.5652173913043478}}