{"capital_utilization":{"average_cash_percent":0.8435773132777155,"average_exposure_percent":0.15642268672228452,"average_leverage":0.15642268672228452,"average_position_value":208.02880534737065,"max_exposure_percent":0.40753047004861226},"closed_trades":20,"equity_curve":[],"final_equity":559.1425837148142,"max_drawdown":0.07978400420530286,"open_trades":0,"profit_factor":1.9178540288680825,"sharpe":0.8316547728114367,"signal_diagnostics":{"buy_signals":20,"duplicate_buy_skips":0,"flat_sell_skips":0,"hold_signals":400,"risk_blocked_signals":0,"sell_signals":9,"stop_loss_exits":10,"take_profit_exits":1},"starting_equity":500,"total_return":0.11828516742962858,"trade_analysis":{"average_loss":-7.159524264047631,"average_trade_duration_days":11.097916666666666,"average_win":11.234391099203899,"expectancy":2.9571291857407105,"largest_loss":-9.05563158803273,"largest_win":20.406964014603687,"max_trade_duration_days":22.0,"median_trade_duration_days":12.0,"profit_factor":1.9178540288680825,"time_in_market_percent":0.34787435512309806,"total_trades":20,"win_rate":0.55}}