{"capital_utilization":{"average_cash_percent":0.9288698405574568,"average_exposure_percent":0.07113015944254318,"average_leverage":0.07113015944254318,"average_position_value":203.84814809521188,"max_exposure_percent":0.4078971337351998},"closed_trades":11,"equity_curve":[],"final_equity":519.2139990931329,"max_drawdown":0.034547714189921676,"open_trades":0,"profit_factor":1.7620314225299476,"sharpe":0.4972962741927586,"signal_diagnostics":{"buy_signals":11,"duplicate_buy_skips":0,"flat_sell_skips":0,"hold_signals":531,"risk_blocked_signals":0,"sell_signals":2,"stop_loss_exits":9,"take_profit_exits":0},"starting_equity":500,"total_return":0.038427998186265855,"trade_analysis":{"average_loss":-6.303545537972134,"average_trade_duration_days":11.0,"average_win":6.346883035003053,"expectancy":1.7467271902848027,"largest_loss":-9.972076428007663,"largest_win":17.681730047711262,"max_trade_duration_days":21.0,"median_trade_duration_days":10.0,"profit_factor":1.7620314225299476,"time_in_market_percent":0.15048971342695758,"total_trades":11,"win_rate":0.6363636363636364}}