{"capital_utilization":{"average_cash_percent":0.7474346839567544,"average_exposure_percent":0.2525653160432456,"average_leverage":0.2525653160432456,"average_position_value":214.53253472898055,"max_exposure_percent":0.40729676023221106},"closed_trades":33,"equity_curve":[],"final_equity":546.4284634435918,"max_drawdown":0.08150593385223721,"open_trades":0,"profit_factor":1.5278410263407718,"sharpe":0.7264424539262164,"signal_diagnostics":{"buy_signals":33,"duplicate_buy_skips":0,"flat_sell_skips":0,"hold_signals":486,"risk_blocked_signals":0,"sell_signals":14,"stop_loss_exits":14,"take_profit_exits":5},"starting_equity":500,"total_return":0.0928569268871835,"trade_analysis":{"average_loss":-4.1885323445325975,"average_trade_duration_days":14.2739898989899,"average_win":11.198970223231356,"expectancy":1.4069231346542954,"largest_loss":-9.31946886722638,"largest_win":32.08204362415897,"max_trade_duration_days":67.0,"median_trade_duration_days":9.0,"profit_factor":1.5278410263407718,"time_in_market_percent":0.5858423589158938,"total_trades":33,"win_rate":0.36363636363636365}}