{"capital_utilization":{"average_cash_percent":0.9800260025927024,"average_exposure_percent":0.01997399740729758,"average_leverage":0.01997399740729758,"average_position_value":196.14933334384168,"max_exposure_percent":0.41060023086928904},"closed_trades":3,"equity_curve":[],"final_equity":483.1113482140476,"max_drawdown":0.06603972043540077,"open_trades":0,"profit_factor":0.0,"sharpe":-0.4743223115576658,"signal_diagnostics":{"buy_signals":3,"duplicate_buy_skips":0,"flat_sell_skips":0,"hold_signals":434,"risk_blocked_signals":0,"sell_signals":2,"stop_loss_exits":1,"take_profit_exits":0},"starting_equity":500,"total_return":-0.03377730357190478,"trade_analysis":{"average_loss":-5.629550595317461,"average_trade_duration_days":10.0,"average_win":0,"expectancy":-5.629550595317461,"largest_loss":-12.779649167673774,"largest_win":0,"max_trade_duration_days":14.0,"median_trade_duration_days":11.0,"profit_factor":0.0,"time_in_market_percent":0.047018872853131326,"total_trades":3,"win_rate":0.0}}