{"capital_utilization":{"average_cash_percent":0.9141807876176244,"average_exposure_percent":0.0858192123823756,"average_leverage":0.0858192123823756,"average_position_value":200.95890378635812,"max_exposure_percent":0.40883090844840353},"closed_trades":13,"equity_curve":[],"final_equity":524.3312722559932,"max_drawdown":0.053986196796057595,"open_trades":0,"profit_factor":1.6327062158520906,"sharpe":0.5457182510307272,"signal_diagnostics":{"buy_signals":13,"duplicate_buy_skips":0,"flat_sell_skips":0,"hold_signals":414,"risk_blocked_signals":0,"sell_signals":3,"stop_loss_exits":9,"take_profit_exits":1},"starting_equity":500,"total_return":0.04866254451198637,"trade_analysis":{"average_loss":-5.4936966786225225,"average_trade_duration_days":9.618589743589745,"average_win":10.464524834391808,"expectancy":1.8716363273840921,"largest_loss":-10.671075982952882,"largest_win":15.831660813304339,"max_trade_duration_days":16.0,"median_trade_duration_days":9.0,"profit_factor":1.6327062158520906,"time_in_market_percent":0.19597727421145433,"total_trades":13,"win_rate":0.46153846153846156}}