{"capital_utilization":{"average_cash_percent":0.8774409873795486,"average_exposure_percent":0.12255901262045138,"average_leverage":0.12255901262045138,"average_position_value":205.36895606063442,"max_exposure_percent":0.40469785218642884},"closed_trades":30,"equity_curve":[],"final_equity":535.8154491516502,"max_drawdown":0.020105201198242332,"open_trades":0,"profit_factor":1.8499569298169014,"sharpe":1.0547743309962856,"signal_diagnostics":{"buy_signals":30,"duplicate_buy_skips":0,"flat_sell_skips":0,"hold_signals":494,"risk_blocked_signals":0,"sell_signals":0,"stop_loss_exits":13,"take_profit_exits":16},"starting_equity":500,"total_return":0.0716308983033005,"trade_analysis":{"average_loss":-3.0098541211095475,"average_trade_duration_days":6.566666666666666,"average_win":4.8720879279489955,"expectancy":1.1938483050550093,"largest_loss":-5.6737082859226895,"largest_win":8.05577848366392,"max_trade_duration_days":22.0,"median_trade_duration_days":5.0,"profit_factor":1.8499569298169014,"time_in_market_percent":0.24501217805876563,"total_trades":30,"win_rate":0.5333333333333333}}