{"capital_utilization":{"average_cash_percent":0.8483333442809766,"average_exposure_percent":0.15166665571902332,"average_leverage":0.15166665571902332,"average_position_value":191.76637663332204,"max_exposure_percent":0.4076413884486523},"closed_trades":24,"equity_curve":[],"final_equity":485.1350078910297,"max_drawdown":0.07559356726344117,"open_trades":0,"profit_factor":0.7908052738733481,"sharpe":-0.29401915592609423,"signal_diagnostics":{"buy_signals":24,"duplicate_buy_skips":0,"flat_sell_skips":0,"hold_signals":392,"risk_blocked_signals":0,"sell_signals":2,"stop_loss_exits":15,"take_profit_exits":7},"starting_equity":500,"total_return":-0.029729984217940597,"trade_analysis":{"average_loss":-4.737210599331155,"average_trade_duration_days":8.831597222222223,"average_win":6.243685208999668,"expectancy":-0.6193746712070963,"largest_loss":-8.842185518519665,"largest_win":9.552815863858998,"max_trade_duration_days":25.0,"median_trade_duration_days":7.0,"profit_factor":0.7908052738733481,"time_in_market_percent":0.33220139750538763,"total_trades":24,"win_rate":0.375}}