{"capital_utilization":{"average_cash_percent":0.9397193808652378,"average_exposure_percent":0.060280619134762244,"average_leverage":0.060280619134762244,"average_position_value":208.71608640630146,"max_exposure_percent":0.40593176863340835},"closed_trades":9,"equity_curve":[],"final_equity":545.4568931778315,"max_drawdown":0.04067132294288093,"open_trades":0,"profit_factor":3.441476397436063,"sharpe":1.0207991260905207,"signal_diagnostics":{"buy_signals":9,"duplicate_buy_skips":0,"flat_sell_skips":0,"hold_signals":534,"risk_blocked_signals":0,"sell_signals":3,"stop_loss_exits":4,"take_profit_exits":2},"starting_equity":500,"total_return":0.09091378635566305,"trade_analysis":{"average_loss":-4.654652122130731,"average_trade_duration_days":12.550925925925927,"average_win":12.815100333270873,"expectancy":5.050765908647939,"largest_loss":-7.537063418260335,"largest_win":22.499850861298196,"max_trade_duration_days":20.0,"median_trade_duration_days":14.0,"profit_factor":3.441476397436063,"time_in_market_percent":0.14048815878115772,"total_trades":9,"win_rate":0.5555555555555556}}