{"capital_utilization":{"average_cash_percent":0.8878946633787133,"average_exposure_percent":0.11210533662128669,"average_leverage":0.11210533662128669,"average_position_value":203.40020824140518,"max_exposure_percent":0.40685858888961485},"closed_trades":22,"equity_curve":[],"final_equity":521.6560204468378,"max_drawdown":0.046034505287432644,"open_trades":0,"profit_factor":1.372340550076185,"sharpe":0.41719801562156433,"signal_diagnostics":{"buy_signals":22,"duplicate_buy_skips":0,"flat_sell_skips":0,"hold_signals":510,"risk_blocked_signals":0,"sell_signals":5,"stop_loss_exits":15,"take_profit_exits":1},"starting_equity":500,"total_return":0.043312040893675574,"trade_analysis":{"average_loss":-4.846822002601029,"average_trade_duration_days":8.772727272727273,"average_win":7.981788447805023,"expectancy":0.9843645657653576,"largest_loss":-8.298966768904425,"largest_win":16.828863185117374,"max_trade_duration_days":20.0,"median_trade_duration_days":6.5,"profit_factor":1.372340550076185,"time_in_market_percent":0.24003731149919677,"total_trades":22,"win_rate":0.45454545454545453}}