{"capital_utilization":{"average_cash_percent":0.9394247291550973,"average_exposure_percent":0.06057527084490268,"average_leverage":0.06057527084490268,"average_position_value":206.59910001153273,"max_exposure_percent":0.4079303021380863},"closed_trades":14,"equity_curve":[],"final_equity":516.2284449435246,"max_drawdown":0.051952488020158824,"open_trades":0,"profit_factor":1.383418901606202,"sharpe":0.4256267235239894,"signal_diagnostics":{"buy_signals":14,"duplicate_buy_skips":0,"flat_sell_skips":0,"hold_signals":524,"risk_blocked_signals":0,"sell_signals":5,"stop_loss_exits":8,"take_profit_exits":1},"starting_equity":500,"total_return":0.0324568898870492,"trade_analysis":{"average_loss":-6.046517967513941,"average_trade_duration_days":6.571428571428571,"average_win":8.3648672451603,"expectancy":1.15917463882318,"largest_loss":-10.06228802665504,"largest_win":14.424368472949574,"max_trade_duration_days":18.0,"median_trade_duration_days":5.5,"profit_factor":1.383418901606202,"time_in_market_percent":0.11442193087008344,"total_trades":14,"win_rate":0.5}}