{"capital_utilization":{"average_cash_percent":0.8969957427484361,"average_exposure_percent":0.10300425725156392,"average_leverage":0.10300425725156392,"average_position_value":211.61236668687656,"max_exposure_percent":0.412467998302111},"closed_trades":19,"equity_curve":[],"final_equity":556.6872287875682,"max_drawdown":0.043555573757153715,"open_trades":0,"profit_factor":1.836266941442393,"sharpe":0.9704512973329927,"signal_diagnostics":{"buy_signals":19,"duplicate_buy_skips":0,"flat_sell_skips":0,"hold_signals":515,"risk_blocked_signals":0,"sell_signals":9,"stop_loss_exits":6,"take_profit_exits":3},"starting_equity":500,"total_return":0.11337445757513631,"trade_analysis":{"average_loss":-8.473255664302899,"average_trade_duration_days":9.526315789473685,"average_win":11.315752191090121,"expectancy":2.9835383572404286,"largest_loss":-16.56630355747377,"largest_win":21.676133343873506,"max_trade_duration_days":20.0,"median_trade_duration_days":8.0,"profit_factor":1.836266941442393,"time_in_market_percent":0.22511271182049025,"total_trades":19,"win_rate":0.5789473684210527}}