{"capital_utilization":{"average_cash_percent":0.8307261775536977,"average_exposure_percent":0.16927382244630232,"average_leverage":0.16927382244630232,"average_position_value":181.72818532875812,"max_exposure_percent":0.42464993888182384},"closed_trades":20,"equity_curve":[],"final_equity":475.13839450045566,"max_drawdown":0.2082850212058471,"open_trades":0,"profit_factor":0.865981987007302,"sharpe":-0.11183731576631978,"signal_diagnostics":{"buy_signals":20,"duplicate_buy_skips":0,"flat_sell_skips":0,"hold_signals":400,"risk_blocked_signals":0,"sell_signals":10,"stop_loss_exits":9,"take_profit_exits":1},"starting_equity":500,"total_return":-0.04972321099908872,"trade_analysis":{"average_loss":-20.61215913722727,"average_trade_duration_days":12.35,"average_win":14.604347885045554,"expectancy":-1.2430802749772165,"largest_loss":-23.96062003234903,"largest_win":32.128636561158125,"max_trade_duration_days":22.0,"median_trade_duration_days":12.0,"profit_factor":0.865981987007302,"time_in_market_percent":0.38712205315744797,"total_trades":20,"win_rate":0.55}}