{"capital_utilization":{"average_cash_percent":0.9387647531076829,"average_exposure_percent":0.06123524689231711,"average_leverage":0.06123524689231711,"average_position_value":206.12254828675603,"max_exposure_percent":0.4063193744358945},"closed_trades":11,"equity_curve":[],"final_equity":536.3006121320817,"max_drawdown":0.03022767666876876,"open_trades":0,"profit_factor":2.3147422122714842,"sharpe":0.9964102526091903,"signal_diagnostics":{"buy_signals":11,"duplicate_buy_skips":0,"flat_sell_skips":0,"hold_signals":531,"risk_blocked_signals":0,"sell_signals":7,"stop_loss_exits":4,"take_profit_exits":0},"starting_equity":500,"total_return":0.07260122426416338,"trade_analysis":{"average_loss":-6.902610221467861,"average_trade_duration_days":9.450757575757576,"average_win":9.130150431136158,"expectancy":3.300055648371061,"largest_loss":-7.829821753015212,"largest_win":13.001508817831374,"max_trade_duration_days":15.0,"median_trade_duration_days":9.0,"profit_factor":2.3147422122714842,"time_in_market_percent":0.1292947090221278,"total_trades":11,"win_rate":0.6363636363636364}}