{"capital_utilization":{"average_cash_percent":0.8462120707043528,"average_exposure_percent":0.15378792929564722,"average_leverage":0.15378792929564722,"average_position_value":202.54326491344437,"max_exposure_percent":0.40595296683956794},"closed_trades":42,"equity_curve":[],"final_equity":511.0680795806735,"max_drawdown":0.05832897450610266,"open_trades":0,"profit_factor":1.118720794464073,"sharpe":0.22957495273544845,"signal_diagnostics":{"buy_signals":42,"duplicate_buy_skips":0,"flat_sell_skips":0,"hold_signals":469,"risk_blocked_signals":0,"sell_signals":21,"stop_loss_exits":20,"take_profit_exits":0},"starting_equity":500,"total_return":0.022136159161346924,"trade_analysis":{"average_loss":-4.237627693322886,"average_trade_duration_days":5.7857142857142865,"average_win":5.214794441688849,"expectancy":0.2635257043017498,"largest_loss":-7.04395165011632,"largest_win":14.074373472101863,"max_trade_duration_days":17.0,"median_trade_duration_days":5.0,"profit_factor":1.118720794464073,"time_in_market_percent":0.30222314349380736,"total_trades":42,"win_rate":0.47619047619047616}}