{"capital_utilization":{"average_cash_percent":0.7925843290707256,"average_exposure_percent":0.2074156709292744,"average_leverage":0.2074156709292744,"average_position_value":211.56095187011664,"max_exposure_percent":0.4073325591643355},"closed_trades":18,"equity_curve":[],"final_equity":549.6247741211145,"max_drawdown":0.07829045488641388,"open_trades":0,"profit_factor":1.8634637449260152,"sharpe":0.8253093428016433,"signal_diagnostics":{"buy_signals":18,"duplicate_buy_skips":0,"flat_sell_skips":0,"hold_signals":516,"risk_blocked_signals":0,"sell_signals":0,"stop_loss_exits":14,"take_profit_exits":4},"starting_equity":500,"total_return":0.09924954824222887,"trade_analysis":{"average_loss":-5.747175189777822,"average_trade_duration_days":22.16898148148148,"average_win":13.387065752361579,"expectancy":2.7569318956174675,"largest_loss":-9.10020021419391,"largest_win":32.57636515058925,"max_trade_duration_days":63.0,"median_trade_duration_days":20.0,"profit_factor":1.8634637449260152,"time_in_market_percent":0.4962947608436545,"total_trades":18,"win_rate":0.4444444444444444}}