{"capital_utilization":{"average_cash_percent":0.8584358203656015,"average_exposure_percent":0.14156417963439843,"average_leverage":0.14156417963439843,"average_position_value":203.34342409515887,"max_exposure_percent":0.4083990406091532},"closed_trades":30,"equity_curve":[],"final_equity":540.2728038541899,"max_drawdown":0.05705843271217387,"open_trades":0,"profit_factor":1.5249350410521247,"sharpe":0.6281998129450731,"signal_diagnostics":{"buy_signals":30,"duplicate_buy_skips":0,"flat_sell_skips":0,"hold_signals":493,"risk_blocked_signals":0,"sell_signals":17,"stop_loss_exits":12,"take_profit_exits":1},"starting_equity":500,"total_return":0.08054560770837971,"trade_analysis":{"average_loss":-5.479971085493243,"average_trade_duration_days":8.233333333333333,"average_win":7.312024940693458,"expectancy":1.3424267951396642,"largest_loss":-10.282892115262008,"largest_win":16.656772247346332,"max_trade_duration_days":19.041666666666668,"median_trade_duration_days":7.0,"profit_factor":1.5249350410521247,"time_in_market_percent":0.3071980100533762,"total_trades":30,"win_rate":0.5333333333333333}}