{"capital_utilization":{"average_cash_percent":0.7539456208613555,"average_exposure_percent":0.24605437913864453,"average_leverage":0.24605437913864453,"average_position_value":202.98426291871203,"max_exposure_percent":0.40379283834007096},"closed_trades":17,"equity_curve":[],"final_equity":532.1644683068162,"max_drawdown":0.03153428678639068,"open_trades":0,"profit_factor":2.0729610602974677,"sharpe":0.8592400098965988,"signal_diagnostics":{"buy_signals":17,"duplicate_buy_skips":0,"flat_sell_skips":0,"hold_signals":519,"risk_blocked_signals":0,"sell_signals":0,"stop_loss_exits":17,"take_profit_exits":0},"starting_equity":500,"total_return":0.06432893661363237,"trade_analysis":{"average_loss":-3.3308103566010683,"average_trade_duration_days":28.291666666666664,"average_win":7.767720189528228,"expectancy":1.8920275474597776,"largest_loss":-4.565783389435911,"largest_win":24.561074314936924,"max_trade_duration_days":98.0,"median_trade_duration_days":21.0,"profit_factor":2.0729610602974677,"time_in_market_percent":0.5981758822614914,"total_trades":17,"win_rate":0.47058823529411764}}