{"capital_utilization":{"average_cash_percent":0.6921338954880952,"average_exposure_percent":0.30786610451190477,"average_leverage":0.30786610451190477,"average_position_value":214.11782624341652,"max_exposure_percent":0.4053165056381882},"closed_trades":21,"equity_curve":[],"final_equity":553.72887553106,"max_drawdown":0.031002026240560566,"open_trades":0,"profit_factor":3.1817606844204462,"sharpe":1.2549224169156632,"signal_diagnostics":{"buy_signals":21,"duplicate_buy_skips":0,"flat_sell_skips":0,"hold_signals":511,"risk_blocked_signals":0,"sell_signals":0,"stop_loss_exits":17,"take_profit_exits":3},"starting_equity":500,"total_return":0.10745775106211997,"trade_analysis":{"average_loss":-3.5180547995497413,"average_trade_duration_days":28.19047619047619,"average_win":5.59680422342201,"expectancy":2.5585178824314263,"largest_loss":-7.043370972921019,"largest_win":14.705513221989058,"max_trade_duration_days":78.0,"median_trade_duration_days":27.0,"profit_factor":3.1817606844204462,"time_in_market_percent":0.7362802508161891,"total_trades":21,"win_rate":0.6666666666666666}}