{"capital_utilization":{"average_cash_percent":0.761094787781685,"average_exposure_percent":0.23890521221831496,"average_leverage":0.23890521221831496,"average_position_value":208.68519578563263,"max_exposure_percent":0.40395118742615876},"closed_trades":38,"equity_curve":[],"final_equity":517.1341595552603,"max_drawdown":0.04223712497935937,"open_trades":0,"profit_factor":1.2367543649110848,"sharpe":0.3718583331107941,"signal_diagnostics":{"buy_signals":38,"duplicate_buy_skips":0,"flat_sell_skips":0,"hold_signals":477,"risk_blocked_signals":0,"sell_signals":1,"stop_loss_exits":34,"take_profit_exits":3},"starting_equity":500,"total_return":0.03426831911052064,"trade_analysis":{"average_loss":-3.1465669458898446,"average_trade_duration_days":11.604166666666666,"average_win":5.967013287381784,"expectancy":0.4508989356647452,"largest_loss":-4.9162692921354685,"largest_win":14.122704196899885,"max_trade_duration_days":35.0,"median_trade_duration_days":9.5,"profit_factor":1.2367543649110848,"time_in_market_percent":0.548427216665803,"total_trades":38,"win_rate":0.39473684210526316}}