{"capital_utilization":{"average_cash_percent":0.7010357078180418,"average_exposure_percent":0.29896429218195814,"average_leverage":0.29896429218195814,"average_position_value":210.29701565307434,"max_exposure_percent":0.4053122594293682},"closed_trades":45,"equity_curve":[],"final_equity":526.2032032850065,"max_drawdown":0.04490580406408502,"open_trades":0,"profit_factor":1.3466164189976864,"sharpe":0.509543367666184,"signal_diagnostics":{"buy_signals":45,"duplicate_buy_skips":0,"flat_sell_skips":0,"hold_signals":463,"risk_blocked_signals":0,"sell_signals":3,"stop_loss_exits":41,"take_profit_exits":0},"starting_equity":500,"total_return":0.05240640657001294,"trade_analysis":{"average_loss":-3.2868313374715337,"average_trade_duration_days":11.933333333333334,"average_win":4.627287456675078,"expectancy":0.582293406333477,"largest_loss":-6.92832764420895,"largest_win":11.331968014180179,"max_trade_duration_days":37.0,"median_trade_duration_days":10.0,"profit_factor":1.3466164189976864,"time_in_market_percent":0.6678758356221175,"total_trades":45,"win_rate":0.4888888888888889}}