{"capital_utilization":{"average_cash_percent":0.9175796383465333,"average_exposure_percent":0.08242036165346664,"average_leverage":0.08242036165346664,"average_position_value":198.00301996641664,"max_exposure_percent":0.4118597302461745},"closed_trades":12,"equity_curve":[],"final_equity":504.50528609815194,"max_drawdown":0.09895946624574344,"open_trades":0,"profit_factor":1.0640282546346536,"sharpe":0.10422377469355383,"signal_diagnostics":{"buy_signals":12,"duplicate_buy_skips":0,"flat_sell_skips":0,"hold_signals":416,"risk_blocked_signals":0,"sell_signals":1,"stop_loss_exits":10,"take_profit_exits":1},"starting_equity":500,"total_return":0.009010572196303857,"trade_analysis":{"average_loss":-7.818225673891356,"average_trade_duration_days":9.916666666666666,"average_win":24.95643905439137,"expectancy":0.37544050817932667,"largest_loss":-14.174215156239756,"largest_win":42.98535436082467,"max_trade_duration_days":23.0,"median_trade_duration_days":6.0,"profit_factor":1.0640282546346536,"time_in_market_percent":0.18650819565075427,"total_trades":12,"win_rate":0.25}}