{"capital_utilization":{"average_cash_percent":0.8562512795229061,"average_exposure_percent":0.14374872047709383,"average_leverage":0.14374872047709383,"average_position_value":206.16536202387897,"max_exposure_percent":0.40469785218642884},"closed_trades":22,"equity_curve":[],"final_equity":554.8647604529813,"max_drawdown":0.0282745915022989,"open_trades":0,"profit_factor":2.6284720353222655,"sharpe":1.4237306658737132,"signal_diagnostics":{"buy_signals":22,"duplicate_buy_skips":0,"flat_sell_skips":0,"hold_signals":510,"risk_blocked_signals":0,"sell_signals":6,"stop_loss_exits":11,"take_profit_exits":4},"starting_equity":500,"total_return":0.10972952090596255,"trade_analysis":{"average_loss":-3.06281310795646,"average_trade_duration_days":11.729166666666664,"average_win":8.05051860368203,"expectancy":2.493852747862785,"largest_loss":-5.6737082859226895,"largest_win":16.2022228957356,"max_trade_duration_days":28.0,"median_trade_duration_days":12.0,"profit_factor":2.6284720353222655,"time_in_market_percent":0.32093071461885264,"total_trades":22,"win_rate":0.5}}