{"capital_utilization":{"average_cash_percent":0.8234057330403128,"average_exposure_percent":0.1765942669596872,"average_leverage":0.1765942669596872,"average_position_value":166.6536494875124,"max_exposure_percent":0.42326085036710914},"closed_trades":32,"equity_curve":[],"final_equity":438.12733159286455,"max_drawdown":0.29107408852044553,"open_trades":0,"profit_factor":0.7502794984170236,"sharpe":-0.3257286640686154,"signal_diagnostics":{"buy_signals":32,"duplicate_buy_skips":0,"flat_sell_skips":0,"hold_signals":489,"risk_blocked_signals":0,"sell_signals":8,"stop_loss_exits":22,"take_profit_exits":2},"starting_equity":500,"total_return":-0.12374533681427091,"trade_analysis":{"average_loss":-12.38838381609141,"average_trade_duration_days":9.498697916666666,"average_win":15.491250659557727,"expectancy":-1.9335208877229828,"largest_loss":-26.24378821443918,"largest_win":31.67040805947691,"max_trade_duration_days":25.0,"median_trade_duration_days":9.0,"profit_factor":0.7502794984170236,"time_in_market_percent":0.37803803700057004,"total_trades":32,"win_rate":0.375}}