{"capital_utilization":{"average_cash_percent":0.8188311187947833,"average_exposure_percent":0.1811688812052167,"average_leverage":0.1811688812052167,"average_position_value":170.97711484412758,"max_exposure_percent":0.4268985008414006},"closed_trades":23,"equity_curve":[],"final_equity":354.86399321572134,"max_drawdown":0.3093358691499045,"open_trades":0,"profit_factor":0.41692549754979913,"sharpe":-1.4284631238596373,"signal_diagnostics":{"buy_signals":23,"duplicate_buy_skips":0,"flat_sell_skips":0,"hold_signals":298,"risk_blocked_signals":0,"sell_signals":8,"stop_loss_exits":15,"take_profit_exits":0},"starting_equity":500,"total_return":-0.29027201356855736,"trade_analysis":{"average_loss":-16.59433527784035,"average_trade_duration_days":8.302536231884059,"average_win":12.972377797915824,"expectancy":-6.310261164533855,"largest_loss":-29.077281473598962,"largest_win":26.16160477640475,"max_trade_duration_days":21.0,"median_trade_duration_days":7.0,"profit_factor":0.41692549754979913,"time_in_market_percent":0.38115435795076513,"total_trades":23,"win_rate":0.34782608695652173}}