{"capital_utilization":{"average_cash_percent":0.7309254348431959,"average_exposure_percent":0.26907456515680406,"average_leverage":0.26907456515680406,"average_position_value":216.7078171382668,"max_exposure_percent":0.40393830694297905},"closed_trades":41,"equity_curve":[],"final_equity":566.5190485993264,"max_drawdown":0.03302401003475766,"open_trades":0,"profit_factor":2.349288999937575,"sharpe":1.1482541416451124,"signal_diagnostics":{"buy_signals":41,"duplicate_buy_skips":0,"flat_sell_skips":0,"hold_signals":471,"risk_blocked_signals":0,"sell_signals":8,"stop_loss_exits":33,"take_profit_exits":0},"starting_equity":500,"total_return":0.1330380971986529,"trade_analysis":{"average_loss":-2.3475873167065147,"average_trade_duration_days":12.023373983739837,"average_win":5.790919112508162,"expectancy":1.6224158194957672,"largest_loss":-5.353044346663142,"largest_win":13.76648396208439,"max_trade_duration_days":38.0,"median_trade_duration_days":9.0,"profit_factor":2.349288999937575,"time_in_market_percent":0.613100481940198,"total_trades":41,"win_rate":0.4878048780487805}}