{"capital_utilization":{"average_cash_percent":0.7172114718374145,"average_exposure_percent":0.2827885281625855,"average_leverage":0.2827885281625855,"average_position_value":203.63228955160525,"max_exposure_percent":0.4034708869515484},"closed_trades":37,"equity_curve":[],"final_equity":509.94873483577834,"max_drawdown":0.0365441410100781,"open_trades":0,"profit_factor":1.2141569486254464,"sharpe":0.2929326698497267,"signal_diagnostics":{"buy_signals":37,"duplicate_buy_skips":0,"flat_sell_skips":0,"hold_signals":479,"risk_blocked_signals":0,"sell_signals":0,"stop_loss_exits":36,"take_profit_exits":0},"starting_equity":500,"total_return":0.01989746967155659,"trade_analysis":{"average_loss":-2.2121592641982404,"average_trade_duration_days":14.027027027027026,"average_win":3.5252549614963384,"expectancy":0.2688847252913071,"largest_loss":-4.214917190621492,"largest_win":11.10390802707141,"max_trade_duration_days":50.0,"median_trade_duration_days":12.0,"profit_factor":1.2141569486254464,"time_in_market_percent":0.6454889361040577,"total_trades":37,"win_rate":0.43243243243243246}}