{"capital_utilization":{"average_cash_percent":0.8056966970464247,"average_exposure_percent":0.19430330295357537,"average_leverage":0.19430330295357537,"average_position_value":207.22791589436073,"max_exposure_percent":0.41491293612734403},"closed_trades":32,"equity_curve":[],"final_equity":500.10919676812944,"max_drawdown":0.22508329916782083,"open_trades":0,"profit_factor":1.0004321488865942,"sharpe":0.0724921211359559,"signal_diagnostics":{"buy_signals":32,"duplicate_buy_skips":0,"flat_sell_skips":0,"hold_signals":489,"risk_blocked_signals":0,"sell_signals":9,"stop_loss_exits":18,"take_profit_exits":4},"starting_equity":500,"total_return":0.00021839353625896507,"trade_analysis":{"average_loss":-10.52846710907028,"average_trade_duration_days":10.908854166666666,"average_win":31.59905092322703,"expectancy":0.003412399004044178,"largest_loss":-19.356537673878485,"largest_win":73.49593385679067,"max_trade_duration_days":54.0,"median_trade_duration_days":7.5,"profit_factor":1.0004321488865942,"time_in_market_percent":0.43416075037570606,"total_trades":32,"win_rate":0.25}}