{"capital_utilization":{"average_cash_percent":0.7998611307383539,"average_exposure_percent":0.2001388692616461,"average_leverage":0.2001388692616461,"average_position_value":205.45901410636807,"max_exposure_percent":0.40586148047379145},"closed_trades":17,"equity_curve":[],"final_equity":540.6802662137591,"max_drawdown":0.04306163718114639,"open_trades":0,"profit_factor":2.1133650103131125,"sharpe":0.6871499607429438,"signal_diagnostics":{"buy_signals":17,"duplicate_buy_skips":0,"flat_sell_skips":0,"hold_signals":518,"risk_blocked_signals":0,"sell_signals":1,"stop_loss_exits":16,"take_profit_exits":0},"starting_equity":500,"total_return":0.08136053242751817,"trade_analysis":{"average_loss":-4.567265209178631,"average_trade_duration_days":22.29656862745098,"average_win":8.579820876354239,"expectancy":2.392956836103476,"largest_loss":-7.31644336719057,"largest_win":16.62973291155316,"max_trade_duration_days":52.041666666666664,"median_trade_duration_days":22.0,"profit_factor":2.1133650103131125,"time_in_market_percent":0.4714204280458103,"total_trades":17,"win_rate":0.5294117647058824}}