{"capital_utilization":{"average_cash_percent":0.8417660702705884,"average_exposure_percent":0.1582339297294116,"average_leverage":0.1582339297294116,"average_position_value":207.8602594608868,"max_exposure_percent":0.4095273561454286},"closed_trades":19,"equity_curve":[],"final_equity":557.4034200503309,"max_drawdown":0.08493163998448464,"open_trades":0,"profit_factor":1.8683665823487468,"sharpe":0.7995416276307148,"signal_diagnostics":{"buy_signals":19,"duplicate_buy_skips":0,"flat_sell_skips":0,"hold_signals":402,"risk_blocked_signals":0,"sell_signals":9,"stop_loss_exits":9,"take_profit_exits":1},"starting_equity":500,"total_return":0.11480684010066167,"trade_analysis":{"average_loss":-8.263131783449513,"average_trade_duration_days":12.050438596491228,"average_win":11.228043119811543,"expectancy":3.0212326342279407,"largest_loss":-11.96670205503545,"largest_win":20.457068685810448,"max_trade_duration_days":25.0,"median_trade_duration_days":13.958333333333334,"profit_factor":1.8683665823487468,"time_in_market_percent":0.35884542545549536,"total_trades":19,"win_rate":0.5789473684210527}}