{"capital_utilization":{"average_cash_percent":0.8450619852985413,"average_exposure_percent":0.1549380147014588,"average_leverage":0.1549380147014588,"average_position_value":200.82067908360682,"max_exposure_percent":0.40531301947691245},"closed_trades":17,"equity_curve":[],"final_equity":520.420652777222,"max_drawdown":0.0314776155124643,"open_trades":0,"profit_factor":1.6619555293617951,"sharpe":0.6122418212984223,"signal_diagnostics":{"buy_signals":17,"duplicate_buy_skips":0,"flat_sell_skips":0,"hold_signals":407,"risk_blocked_signals":0,"sell_signals":0,"stop_loss_exits":14,"take_profit_exits":2},"starting_equity":500,"total_return":0.040841305554444096,"trade_analysis":{"average_loss":-2.804452712310247,"average_trade_duration_days":13.411764705882353,"average_win":8.544938768772449,"expectancy":1.2012148692483513,"largest_loss":-6.423976229155885,"largest_win":13.911422627526623,"max_trade_duration_days":40.0,"median_trade_duration_days":11.0,"profit_factor":1.6619555293617951,"time_in_market_percent":0.3573434336837981,"total_trades":17,"win_rate":0.35294117647058826}}