{"capital_utilization":{"average_cash_percent":0.8439983153434434,"average_exposure_percent":0.15600168465655656,"average_leverage":0.15600168465655656,"average_position_value":198.46381043053333,"max_exposure_percent":0.4112249593569008},"closed_trades":38,"equity_curve":[],"final_equity":495.25106060599904,"max_drawdown":0.08140177111037655,"open_trades":0,"profit_factor":0.9615269200665281,"sharpe":-0.04136294650259238,"signal_diagnostics":{"buy_signals":38,"duplicate_buy_skips":0,"flat_sell_skips":0,"hold_signals":477,"risk_blocked_signals":0,"sell_signals":5,"stop_loss_exits":23,"take_profit_exits":9},"starting_equity":500,"total_return":-0.009497878788001901,"trade_analysis":{"average_loss":-5.877875427024449,"average_trade_duration_days":6.867324561403509,"average_win":6.9815555631477935,"expectancy":-0.12497208931581394,"largest_loss":-13.38885376768853,"largest_win":13.381391589449736,"max_trade_duration_days":19.041666666666668,"median_trade_duration_days":5.5,"profit_factor":0.9615269200665281,"time_in_market_percent":0.324558221485205,"total_trades":38,"win_rate":0.4473684210526316}}