{"capital_utilization":{"average_cash_percent":0.8476732481090347,"average_exposure_percent":0.1523267518909653,"average_leverage":0.1523267518909653,"average_position_value":202.9089334662937,"max_exposure_percent":0.40547121866764185},"closed_trades":16,"equity_curve":[],"final_equity":525.132783317592,"max_drawdown":0.03450132193283871,"open_trades":0,"profit_factor":2.0402431117724262,"sharpe":0.7347345831516088,"signal_diagnostics":{"buy_signals":16,"duplicate_buy_skips":0,"flat_sell_skips":0,"hold_signals":409,"risk_blocked_signals":0,"sell_signals":2,"stop_loss_exits":11,"take_profit_exits":2},"starting_equity":500,"total_return":0.05026556663518411,"trade_analysis":{"average_loss":-2.416049001734737,"average_trade_duration_days":13.875,"average_win":8.21554555582324,"expectancy":1.5707989573495043,"largest_loss":-6.616550507992634,"largest_win":14.091968331915757,"max_trade_duration_days":36.0,"median_trade_duration_days":11.0,"profit_factor":2.0402431117724262,"time_in_market_percent":0.3479396591131718,"total_trades":16,"win_rate":0.375}}