{"capital_utilization":{"average_cash_percent":0.9392783723771544,"average_exposure_percent":0.06072162762284562,"average_leverage":0.06072162762284562,"average_position_value":206.6136028442299,"max_exposure_percent":0.40794816322814176},"closed_trades":16,"equity_curve":[],"final_equity":516.9377790352942,"max_drawdown":0.039440729876656554,"open_trades":0,"profit_factor":1.6482366398960306,"sharpe":0.5480465797363209,"signal_diagnostics":{"buy_signals":16,"duplicate_buy_skips":0,"flat_sell_skips":0,"hold_signals":520,"risk_blocked_signals":0,"sell_signals":4,"stop_loss_exits":11,"take_profit_exits":1},"starting_equity":500,"total_return":0.033875558070588285,"trade_analysis":{"average_loss":-2.6129005972280153,"average_trade_duration_days":5.752604166666666,"average_win":7.177797501262393,"expectancy":1.0586111897058885,"largest_loss":-9.972720394721373,"largest_win":11.139968154873115,"max_trade_duration_days":18.0,"median_trade_duration_days":4.5,"profit_factor":1.6482366398960306,"time_in_market_percent":0.1144737523967456,"total_trades":16,"win_rate":0.375}}