{"capital_utilization":{"average_cash_percent":0.8596398141603815,"average_exposure_percent":0.14036018583961848,"average_leverage":0.14036018583961848,"average_position_value":206.2830665311581,"max_exposure_percent":0.4094340140373104},"closed_trades":10,"equity_curve":[],"final_equity":536.133447563915,"max_drawdown":0.035238269888414046,"open_trades":0,"profit_factor":2.1468158146772733,"sharpe":0.7881731506924136,"signal_diagnostics":{"buy_signals":10,"duplicate_buy_skips":0,"flat_sell_skips":0,"hold_signals":421,"risk_blocked_signals":0,"sell_signals":0,"stop_loss_exits":7,"take_profit_exits":2},"starting_equity":500,"total_return":0.07226689512783002,"trade_analysis":{"average_loss":-6.301525859945222,"average_trade_duration_days":21.304166666666667,"average_win":13.528215372728209,"expectancy":3.6133447563914936,"largest_loss":-11.391868586328568,"largest_win":29.208338938151634,"max_trade_duration_days":49.0,"median_trade_duration_days":21.0,"profit_factor":2.1468158146772733,"time_in_market_percent":0.3338993012473062,"total_trades":10,"win_rate":0.5}}