{"capital_utilization":{"average_cash_percent":0.8572121649021125,"average_exposure_percent":0.14278783509788748,"average_leverage":0.14278783509788748,"average_position_value":191.9869261584553,"max_exposure_percent":0.40972972921712825},"closed_trades":23,"equity_curve":[],"final_equity":497.15537829873807,"max_drawdown":0.09829425414024628,"open_trades":0,"profit_factor":0.9661082349221295,"sharpe":-0.022383277550885337,"signal_diagnostics":{"buy_signals":23,"duplicate_buy_skips":0,"flat_sell_skips":0,"hold_signals":394,"risk_blocked_signals":0,"sell_signals":3,"stop_loss_exits":12,"take_profit_exits":8},"starting_equity":500,"total_return":-0.005689243402523858,"trade_analysis":{"average_loss":-6.994377775658467,"average_trade_duration_days":8.434782608695652,"average_win":7.3716283278763335,"expectancy":-0.12367920440269317,"largest_loss":-11.01500947575415,"largest_win":12.54193951780128,"max_trade_duration_days":18.0,"median_trade_duration_days":8.0,"profit_factor":0.9661082349221295,"time_in_market_percent":0.3040553777835826,"total_trades":23,"win_rate":0.4782608695652174}}