{"capital_utilization":{"average_cash_percent":0.8586636364603933,"average_exposure_percent":0.14133636353960666,"average_leverage":0.14133636353960666,"average_position_value":197.67532091692075,"max_exposure_percent":0.4112296315567618},"closed_trades":15,"equity_curve":[],"final_equity":515.9726777669769,"max_drawdown":0.07592757776387547,"open_trades":0,"profit_factor":1.2260515777507734,"sharpe":0.2817769795173059,"signal_diagnostics":{"buy_signals":15,"duplicate_buy_skips":0,"flat_sell_skips":0,"hold_signals":410,"risk_blocked_signals":0,"sell_signals":7,"stop_loss_exits":7,"take_profit_exits":1},"starting_equity":500,"total_return":0.03194535553395372,"trade_analysis":{"average_loss":-10.094205633388066,"average_trade_duration_days":14.266666666666667,"average_win":10.82901465008666,"expectancy":1.0648451844651217,"largest_loss":-13.394490558941726,"largest_win":17.25479208796715,"max_trade_duration_days":21.0,"median_trade_duration_days":13.0,"profit_factor":1.2260515777507734,"time_in_market_percent":0.33540129301900345,"total_trades":15,"win_rate":0.5333333333333333}}