{"capital_utilization":{"average_cash_percent":0.9740288728101287,"average_exposure_percent":0.025971127189871213,"average_leverage":0.025971127189871213,"average_position_value":202.71896104312856,"max_exposure_percent":0.40400009336396325},"closed_trades":5,"equity_curve":[],"final_equity":504.17854694777833,"max_drawdown":0.023277223292261902,"open_trades":0,"profit_factor":1.4366007325139722,"sharpe":0.18364431297571057,"signal_diagnostics":{"buy_signals":5,"duplicate_buy_skips":0,"flat_sell_skips":0,"hold_signals":543,"risk_blocked_signals":0,"sell_signals":0,"stop_loss_exits":4,"take_profit_exits":1},"starting_equity":500,"total_return":0.008357093895556611,"trade_analysis":{"average_loss":-3.1902121981625293,"average_trade_duration_days":8.8,"average_win":6.874591771132949,"expectancy":0.835709389555662,"largest_loss":-4.912337201059984,"largest_win":11.077650271296875,"max_trade_duration_days":13.0,"median_trade_duration_days":10.0,"profit_factor":1.4366007325139722,"time_in_market_percent":0.0547235321552573,"total_trades":5,"win_rate":0.4}}