{"capital_utilization":{"average_cash_percent":0.8478517828431437,"average_exposure_percent":0.15214821715685634,"average_leverage":0.15214821715685634,"average_position_value":202.444779302469,"max_exposure_percent":0.40547121866764185},"closed_trades":14,"equity_curve":[],"final_equity":525.1754861757182,"max_drawdown":0.0345626948531722,"open_trades":0,"profit_factor":2.141600601612745,"sharpe":0.73400802862563,"signal_diagnostics":{"buy_signals":14,"duplicate_buy_skips":0,"flat_sell_skips":0,"hold_signals":413,"risk_blocked_signals":0,"sell_signals":2,"stop_loss_exits":11,"take_profit_exits":0},"starting_equity":500,"total_return":0.050350972351436374,"trade_analysis":{"average_loss":-2.7565996089342333,"average_trade_duration_days":16.0,"average_win":7.871380507865347,"expectancy":1.7982490125513013,"largest_loss":-6.616550507992634,"largest_win":13.369398428357133,"max_trade_duration_days":36.0,"median_trade_duration_days":11.5,"profit_factor":2.141600601612745,"time_in_market_percent":0.35107425063671394,"total_trades":14,"win_rate":0.42857142857142855}}