{"capital_utilization":{"average_cash_percent":0.8224280090430212,"average_exposure_percent":0.17757199095697884,"average_leverage":0.17757199095697884,"average_position_value":175.48398816032562,"max_exposure_percent":0.4217964382698154},"closed_trades":41,"equity_curve":[],"final_equity":488.45628809176776,"max_drawdown":0.23786006671665005,"open_trades":0,"profit_factor":0.9583429319259742,"sharpe":-0.008360902980686057,"signal_diagnostics":{"buy_signals":41,"duplicate_buy_skips":0,"flat_sell_skips":0,"hold_signals":471,"risk_blocked_signals":0,"sell_signals":8,"stop_loss_exits":22,"take_profit_exits":11},"starting_equity":500,"total_return":-0.023087423816464447,"trade_analysis":{"average_loss":-12.596041966143245,"average_trade_duration_days":7.291666666666668,"average_win":13.97732691299575,"expectancy":-0.2815539489812736,"largest_loss":-22.650405508483917,"largest_win":27.906243373577702,"max_trade_duration_days":15.0,"median_trade_duration_days":7.0,"profit_factor":0.9583429319259742,"time_in_market_percent":0.37181945380110903,"total_trades":41,"win_rate":0.4634146341463415}}