{"capital_utilization":{"average_cash_percent":0.9421415102609874,"average_exposure_percent":0.0578584897390126,"average_leverage":0.0578584897390126,"average_position_value":203.56525354097263,"max_exposure_percent":0.4059717325890195},"closed_trades":16,"equity_curve":[],"final_equity":510.2023068349498,"max_drawdown":0.0338611039291387,"open_trades":0,"profit_factor":1.3906430017329336,"sharpe":0.37012727196624545,"signal_diagnostics":{"buy_signals":16,"duplicate_buy_skips":0,"flat_sell_skips":0,"hold_signals":520,"risk_blocked_signals":0,"sell_signals":1,"stop_loss_exits":10,"take_profit_exits":5},"starting_equity":500,"total_return":0.02040461366989965,"trade_analysis":{"average_loss":-2.9018557693316724,"average_trade_duration_days":5.315104166666666,"average_win":5.18842982270498,"expectancy":0.6376441771843626,"largest_loss":-7.365969244230617,"largest_win":7.821947125658612,"max_trade_duration_days":18.0,"median_trade_duration_days":4.0,"profit_factor":1.3906430017329336,"time_in_market_percent":0.10576773591750012,"total_trades":16,"win_rate":0.4375}}