{"capital_utilization":{"average_cash_percent":0.7973844919182023,"average_exposure_percent":0.2026155080817977,"average_leverage":0.2026155080817977,"average_position_value":216.1658050541739,"max_exposure_percent":0.40583174950363365},"closed_trades":18,"equity_curve":[],"final_equity":570.4018809479799,"max_drawdown":0.04380240797895009,"open_trades":0,"profit_factor":2.7525154724925436,"sharpe":1.1944855926777753,"signal_diagnostics":{"buy_signals":18,"duplicate_buy_skips":0,"flat_sell_skips":0,"hold_signals":518,"risk_blocked_signals":0,"sell_signals":2,"stop_loss_exits":12,"take_profit_exits":3},"starting_equity":500,"total_return":0.14080376189595967,"trade_analysis":{"average_loss":-5.021487830849904,"average_trade_duration_days":21.11111111111111,"average_win":11.057378359477905,"expectancy":3.9112156082211005,"largest_loss":-7.820029148707348,"largest_win":26.847996633615313,"max_trade_duration_days":53.0,"median_trade_duration_days":11.0,"profit_factor":2.7525154724925436,"time_in_market_percent":0.4726123231590403,"total_trades":18,"win_rate":0.5555555555555556}}