{"capital_utilization":{"average_cash_percent":0.7225934467423398,"average_exposure_percent":0.2774065532576601,"average_leverage":0.2774065532576601,"average_position_value":209.7762513103219,"max_exposure_percent":0.4056912728018243},"closed_trades":21,"equity_curve":[],"final_equity":526.8874300052784,"max_drawdown":0.06352412427381172,"open_trades":0,"profit_factor":1.6055855627676074,"sharpe":0.5151223527576163,"signal_diagnostics":{"buy_signals":21,"duplicate_buy_skips":0,"flat_sell_skips":0,"hold_signals":510,"risk_blocked_signals":0,"sell_signals":1,"stop_loss_exits":20,"take_profit_exits":0},"starting_equity":500,"total_return":0.05377486001055676,"trade_analysis":{"average_loss":-4.036278222173649,"average_trade_duration_days":25.38095238095238,"average_win":7.128649044918847,"expectancy":1.2803538097751583,"largest_loss":-7.193188665331134,"largest_win":16.19000983351596,"max_trade_duration_days":79.0,"median_trade_duration_days":19.0,"profit_factor":1.6055855627676074,"time_in_market_percent":0.6629009690625486,"total_trades":21,"win_rate":0.47619047619047616}}