{"capital_utilization":{"average_cash_percent":0.8277458846536913,"average_exposure_percent":0.17225411534630872,"average_leverage":0.17225411534630872,"average_position_value":208.87857727808748,"max_exposure_percent":0.4063447753166998},"closed_trades":15,"equity_curve":[],"final_equity":536.3490038551545,"max_drawdown":0.0527116639743421,"open_trades":0,"profit_factor":1.7018840993590916,"sharpe":0.7093529290527356,"signal_diagnostics":{"buy_signals":15,"duplicate_buy_skips":0,"flat_sell_skips":0,"hold_signals":411,"risk_blocked_signals":0,"sell_signals":2,"stop_loss_exits":9,"take_profit_exits":3},"starting_equity":500,"total_return":0.07269800771030899,"trade_analysis":{"average_loss":-5.178775796224152,"average_trade_duration_days":17.069444444444443,"average_win":17.627352363479208,"expectancy":2.423266923676968,"largest_loss":-8.194285725718835,"largest_win":29.82070304605524,"max_trade_duration_days":49.0,"median_trade_duration_days":15.0,"profit_factor":1.7018840993590916,"time_in_market_percent":0.4012930190034611,"total_trades":15,"win_rate":0.3333333333333333}}