{"capital_utilization":{"average_cash_percent":0.7510585229961466,"average_exposure_percent":0.24894147700385336,"average_leverage":0.24894147700385336,"average_position_value":209.6542412039193,"max_exposure_percent":0.40579788553123286},"closed_trades":37,"equity_curve":[],"final_equity":540.2012581594054,"max_drawdown":0.05826138910292325,"open_trades":0,"profit_factor":1.4541059011401383,"sharpe":0.61511768966345,"signal_diagnostics":{"buy_signals":37,"duplicate_buy_skips":0,"flat_sell_skips":0,"hold_signals":479,"risk_blocked_signals":0,"sell_signals":2,"stop_loss_exits":32,"take_profit_exits":3},"starting_equity":500,"total_return":0.08040251631881068,"trade_analysis":{"average_loss":-4.659388233643157,"average_trade_duration_days":12.405405405405403,"average_win":7.151646366590297,"expectancy":1.0865204907947392,"largest_loss":-7.20301317382585,"largest_win":27.06557021850998,"max_trade_duration_days":33.0,"median_trade_duration_days":11.0,"profit_factor":1.4541059011401383,"time_in_market_percent":0.570865937710525,"total_trades":37,"win_rate":0.4864864864864865}}