{"capital_utilization":{"average_cash_percent":0.9453950982126028,"average_exposure_percent":0.05460490178739716,"average_leverage":0.05460490178739716,"average_position_value":212.79312224548642,"max_exposure_percent":0.4042685330684578},"closed_trades":11,"equity_curve":[],"final_equity":550.1258775928304,"max_drawdown":0.028735876402380376,"open_trades":0,"profit_factor":3.8433643271678353,"sharpe":1.3502232697788326,"signal_diagnostics":{"buy_signals":11,"duplicate_buy_skips":0,"flat_sell_skips":0,"hold_signals":530,"risk_blocked_signals":0,"sell_signals":3,"stop_loss_exits":7,"take_profit_exits":1},"starting_equity":500,"total_return":0.10025175518566076,"trade_analysis":{"average_loss":-3.5258146213544754,"average_trade_duration_days":8.363636363636363,"average_win":11.292491783267133,"expectancy":4.556897962984585,"largest_loss":-5.6289274065783985,"largest_win":21.769851307819714,"max_trade_duration_days":18.0,"median_trade_duration_days":8.0,"profit_factor":3.8433643271678353,"time_in_market_percent":0.11442193087008344,"total_trades":11,"win_rate":0.5454545454545454}}