{"capital_utilization":{"average_cash_percent":0.8967004325897743,"average_exposure_percent":0.10329956741022571,"average_leverage":0.10329956741022571,"average_position_value":209.75173026765165,"max_exposure_percent":0.4079266486624179},"closed_trades":28,"equity_curve":[],"final_equity":542.4092616861212,"max_drawdown":0.06849468901531626,"open_trades":0,"profit_factor":1.7670720594427891,"sharpe":0.861343762499217,"signal_diagnostics":{"buy_signals":28,"duplicate_buy_skips":0,"flat_sell_skips":0,"hold_signals":496,"risk_blocked_signals":0,"sell_signals":16,"stop_loss_exits":12,"take_profit_exits":0},"starting_equity":500,"total_return":0.0848185233722425,"trade_analysis":{"average_loss":-5.026108536415242,"average_trade_duration_days":6.00297619047619,"average_win":5.746850328628759,"expectancy":1.5146164887900446,"largest_loss":-10.173060081678296,"largest_win":12.612091513122158,"max_trade_duration_days":18.0,"median_trade_duration_days":5.0,"profit_factor":1.7670720594427891,"time_in_market_percent":0.2090480385552158,"total_trades":28,"win_rate":0.6071428571428571}}