{"capital_utilization":{"average_cash_percent":0.822732189213155,"average_exposure_percent":0.17726781078684498,"average_leverage":0.17726781078684498,"average_position_value":187.62269747166607,"max_exposure_percent":0.4100729091461703},"closed_trades":21,"equity_curve":[],"final_equity":479.53091111752474,"max_drawdown":0.10351772873292871,"open_trades":0,"profit_factor":0.7576532892450477,"sharpe":-0.29351861324347145,"signal_diagnostics":{"buy_signals":21,"duplicate_buy_skips":0,"flat_sell_skips":0,"hold_signals":398,"risk_blocked_signals":0,"sell_signals":9,"stop_loss_exits":12,"take_profit_exits":0},"starting_equity":500,"total_return":-0.04093817776495057,"trade_analysis":{"average_loss":-7.038500343409677,"average_trade_duration_days":11.906746031746032,"average_win":7.1103239153823194,"expectancy":-0.9747185182131071,"largest_loss":-11.689688259976412,"largest_win":12.676196716055653,"max_trade_duration_days":22.0,"median_trade_duration_days":12.0,"profit_factor":0.7576532892450477,"time_in_market_percent":0.39188924443283485,"total_trades":21,"win_rate":0.42857142857142855}}