{"capital_utilization":{"average_cash_percent":0.7478689759896279,"average_exposure_percent":0.25213102401037213,"average_leverage":0.25213102401037213,"average_position_value":207.36355354665903,"max_exposure_percent":0.40316300008918665},"closed_trades":20,"equity_curve":[],"final_equity":539.3779845137029,"max_drawdown":0.02684470655025109,"open_trades":0,"profit_factor":2.39095186935198,"sharpe":1.051073049563916,"signal_diagnostics":{"buy_signals":20,"duplicate_buy_skips":0,"flat_sell_skips":0,"hold_signals":513,"risk_blocked_signals":0,"sell_signals":0,"stop_loss_exits":16,"take_profit_exits":4},"starting_equity":500,"total_return":0.07875596902740578,"trade_analysis":{"average_loss":-2.8310098560094996,"average_trade_duration_days":24.197916666666664,"average_win":6.768808307379793,"expectancy":1.968899225685146,"largest_loss":-3.8523219719591064,"largest_win":14.256647684311138,"max_trade_duration_days":66.0,"median_trade_duration_days":21.5,"profit_factor":2.39095186935198,"time_in_market_percent":0.601907032181168,"total_trades":20,"win_rate":0.5}}