{"capital_utilization":{"average_cash_percent":0.8335816316178601,"average_exposure_percent":0.16641836838213983,"average_leverage":0.16641836838213983,"average_position_value":183.95022477977633,"max_exposure_percent":0.40972972921712825},"closed_trades":29,"equity_curve":[],"final_equity":466.7140993927475,"max_drawdown":0.1250523779540679,"open_trades":0,"profit_factor":0.6631821064257015,"sharpe":-0.5476074133446348,"signal_diagnostics":{"buy_signals":29,"duplicate_buy_skips":0,"flat_sell_skips":0,"hold_signals":382,"risk_blocked_signals":0,"sell_signals":13,"stop_loss_exits":16,"take_profit_exits":0},"starting_equity":500,"total_return":-0.0665718012145049,"trade_analysis":{"average_loss":-6.176538799279592,"average_trade_duration_days":7.655172413793103,"average_win":5.041440013940077,"expectancy":-1.1477896761121538,"largest_loss":-11.01500947575415,"largest_win":9.746393807402718,"max_trade_duration_days":22.0,"median_trade_duration_days":7.0,"profit_factor":0.6631821064257015,"time_in_market_percent":0.3479396591131718,"total_trades":29,"win_rate":0.4482758620689655}}