{"capital_utilization":{"average_cash_percent":0.8689727001039202,"average_exposure_percent":0.13102729989607975,"average_leverage":0.13102729989607975,"average_position_value":190.58808533154362,"max_exposure_percent":0.4112573168120687},"closed_trades":26,"equity_curve":[],"final_equity":476.0977435009201,"max_drawdown":0.0998309547083586,"open_trades":0,"profit_factor":0.7585767501427757,"sharpe":-0.37567722328552244,"signal_diagnostics":{"buy_signals":26,"duplicate_buy_skips":0,"flat_sell_skips":0,"hold_signals":388,"risk_blocked_signals":0,"sell_signals":6,"stop_loss_exits":15,"take_profit_exits":5},"starting_equity":500,"total_return":-0.0478045129981598,"trade_analysis":{"average_loss":-6.6003741045972095,"average_trade_duration_days":6.5,"average_win":6.827577733625296,"expectancy":-0.919317557656919,"largest_loss":-12.624700498135576,"largest_win":16.94061386696024,"max_trade_duration_days":15.0,"median_trade_duration_days":6.5,"profit_factor":0.7585767501427757,"time_in_market_percent":0.2648729837393065,"total_trades":26,"win_rate":0.4230769230769231}}