{"capital_utilization":{"average_cash_percent":0.8585618189658791,"average_exposure_percent":0.14143818103412087,"average_leverage":0.14143818103412087,"average_position_value":201.974477827155,"max_exposure_percent":0.4031630000891867},"closed_trades":11,"equity_curve":[],"final_equity":519.2018930847225,"max_drawdown":0.02473654911738817,"open_trades":0,"profit_factor":2.181291713100588,"sharpe":0.8365152951894546,"signal_diagnostics":{"buy_signals":11,"duplicate_buy_skips":0,"flat_sell_skips":0,"hold_signals":419,"risk_blocked_signals":0,"sell_signals":4,"stop_loss_exits":5,"take_profit_exits":1},"starting_equity":500,"total_return":0.038403786169445064,"trade_analysis":{"average_loss":-2.7091661429846288,"average_trade_duration_days":19.0,"average_win":7.091377988526064,"expectancy":1.7456266440656862,"largest_loss":-3.8674260173176997,"largest_win":13.768543260551017,"max_trade_duration_days":45.0,"median_trade_duration_days":21.0,"profit_factor":2.181291713100588,"time_in_market_percent":0.32756481421014827,"total_trades":11,"win_rate":0.45454545454545453}}