{"capital_utilization":{"average_cash_percent":0.8038510678061491,"average_exposure_percent":0.19614893219385088,"average_leverage":0.19614893219385088,"average_position_value":207.4442776990733,"max_exposure_percent":0.40653676529540106},"closed_trades":21,"equity_curve":[],"final_equity":545.561764790993,"max_drawdown":0.04163854452963403,"open_trades":0,"profit_factor":1.9148650099296596,"sharpe":0.7858871292127022,"signal_diagnostics":{"buy_signals":21,"duplicate_buy_skips":0,"flat_sell_skips":0,"hold_signals":510,"risk_blocked_signals":0,"sell_signals":6,"stop_loss_exits":12,"take_profit_exits":3},"starting_equity":500,"total_return":0.0911235295819861,"trade_analysis":{"average_loss":-4.527420518226463,"average_trade_duration_days":17.430555555555557,"average_win":9.536339049148406,"expectancy":2.169607847190142,"largest_loss":-8.05602913487387,"largest_win":24.223266010022943,"max_trade_duration_days":38.0,"median_trade_duration_days":16.0,"profit_factor":1.9148650099296596,"time_in_market_percent":0.45525211172721153,"total_trades":21,"win_rate":0.47619047619047616}}