{"capital_utilization":{"average_cash_percent":0.9047153490721791,"average_exposure_percent":0.09528465092782086,"average_leverage":0.09528465092782086,"average_position_value":207.1201815773578,"max_exposure_percent":0.409318898752517},"closed_trades":24,"equity_curve":[],"final_equity":550.0600516424964,"max_drawdown":0.03191127580429852,"open_trades":0,"profit_factor":1.7421248100846334,"sharpe":0.8435593824286666,"signal_diagnostics":{"buy_signals":24,"duplicate_buy_skips":0,"flat_sell_skips":0,"hold_signals":505,"risk_blocked_signals":0,"sell_signals":2,"stop_loss_exits":9,"take_profit_exits":12},"starting_equity":500,"total_return":0.10012010328499277,"trade_analysis":{"average_loss":-6.132275493070358,"average_trade_duration_days":6.539930555555556,"average_win":9.03962169740541,"expectancy":2.0858354851040164,"largest_loss":-11.947848126747777,"largest_win":22.177354313579926,"max_trade_duration_days":19.0,"median_trade_duration_days":6.0,"profit_factor":1.7421248100846334,"time_in_market_percent":0.195211690936415,"total_trades":24,"win_rate":0.5416666666666666}}