{"capital_utilization":{"average_cash_percent":0.8438889096581923,"average_exposure_percent":0.15611109034180776,"average_leverage":0.15611109034180776,"average_position_value":209.53580167706795,"max_exposure_percent":0.4070697501018377},"closed_trades":20,"equity_curve":[],"final_equity":527.5667816456265,"max_drawdown":0.06443070101650782,"open_trades":0,"profit_factor":1.4498208092166815,"sharpe":0.5923130498522704,"signal_diagnostics":{"buy_signals":20,"duplicate_buy_skips":0,"flat_sell_skips":0,"hold_signals":401,"risk_blocked_signals":0,"sell_signals":8,"stop_loss_exits":8,"take_profit_exits":3},"starting_equity":500,"total_return":0.055133563291253074,"trade_analysis":{"average_loss":-4.714147548533537,"average_trade_duration_days":11.002083333333333,"average_win":12.692957110937497,"expectancy":1.3783390822813257,"largest_loss":-8.554029165956385,"largest_win":30.082315039543737,"max_trade_duration_days":49.0,"median_trade_duration_days":5.0,"profit_factor":1.4498208092166815,"time_in_market_percent":0.3448703715797035,"total_trades":20,"win_rate":0.35}}