{"capital_utilization":{"average_cash_percent":0.8436744939079337,"average_exposure_percent":0.15632550609206627,"average_leverage":0.15632550609206627,"average_position_value":202.65674458095592,"max_exposure_percent":0.4077567285654637},"closed_trades":21,"equity_curve":[],"final_equity":515.0613913271819,"max_drawdown":0.06810302866710496,"open_trades":0,"profit_factor":1.1892499829239578,"sharpe":0.2634932801916522,"signal_diagnostics":{"buy_signals":21,"duplicate_buy_skips":0,"flat_sell_skips":0,"hold_signals":511,"risk_blocked_signals":0,"sell_signals":8,"stop_loss_exits":11,"take_profit_exits":1},"starting_equity":500,"total_return":0.030122782654363744,"trade_analysis":{"average_loss":-7.2349670643317125,"average_trade_duration_days":13.998015873015875,"average_win":9.464602903483074,"expectancy":0.717209110818186,"largest_loss":-9.658327966412125,"largest_win":20.097891598679993,"max_trade_duration_days":39.0,"median_trade_duration_days":14.0,"profit_factor":1.1892499829239578,"time_in_market_percent":0.365600870601648,"total_trades":21,"win_rate":0.47619047619047616}}