{"capital_utilization":{"average_cash_percent":0.7891784501595567,"average_exposure_percent":0.21082154984044327,"average_leverage":0.21082154984044327,"average_position_value":172.52070999443285,"max_exposure_percent":0.4227873428438571},"closed_trades":17,"equity_curve":[],"final_equity":342.73637337975583,"max_drawdown":0.32113976841492925,"open_trades":0,"profit_factor":0.29829246437726337,"sharpe":-2.4583361002997797,"signal_diagnostics":{"buy_signals":17,"duplicate_buy_skips":0,"flat_sell_skips":0,"hold_signals":157,"risk_blocked_signals":0,"sell_signals":4,"stop_loss_exits":13,"take_profit_exits":0},"starting_equity":500,"total_return":-0.31452725324048836,"trade_analysis":{"average_loss":-17.23966386790377,"average_trade_duration_days":7.352941176470588,"average_win":16.71300091562621,"expectancy":-9.250801565896715,"largest_loss":-23.855348905451862,"largest_win":23.394176826322198,"max_trade_duration_days":21.0,"median_trade_duration_days":7.0,"profit_factor":0.29829246437726337,"time_in_market_percent":0.4495729057395474,"total_trades":17,"win_rate":0.23529411764705882}}