{"capital_utilization":{"average_cash_percent":0.89254349569596,"average_exposure_percent":0.10745650430403998,"average_leverage":0.10745650430403998,"average_position_value":211.63919994387297,"max_exposure_percent":0.408875672847092},"closed_trades":16,"equity_curve":[],"final_equity":589.8468957730785,"max_drawdown":0.043692143844503366,"open_trades":0,"profit_factor":2.9433300274451515,"sharpe":1.1552628676437795,"signal_diagnostics":{"buy_signals":16,"duplicate_buy_skips":0,"flat_sell_skips":0,"hold_signals":521,"risk_blocked_signals":0,"sell_signals":5,"stop_loss_exits":7,"take_profit_exits":3},"starting_equity":500,"total_return":0.17969379154615694,"trade_analysis":{"average_loss":-7.7055787835136735,"average_trade_duration_days":11.9375,"average_win":13.608036847416049,"expectancy":5.615430985817404,"largest_loss":-11.81936812079104,"largest_win":33.581269214092906,"max_trade_duration_days":25.958333333333332,"median_trade_duration_days":10.020833333333332,"profit_factor":2.9433300274451515,"time_in_market_percent":0.23754987821941234,"total_trades":16,"win_rate":0.625}}