{"capital_utilization":{"average_cash_percent":0.8383080172075071,"average_exposure_percent":0.16169198279249286,"average_leverage":0.16169198279249286,"average_position_value":166.39590983854197,"max_exposure_percent":0.4227873428438571},"closed_trades":27,"equity_curve":[],"final_equity":399.40751062168715,"max_drawdown":0.2845518782531384,"open_trades":0,"profit_factor":0.6281599006529232,"sharpe":-0.756576949552708,"signal_diagnostics":{"buy_signals":27,"duplicate_buy_skips":0,"flat_sell_skips":0,"hold_signals":386,"risk_blocked_signals":0,"sell_signals":9,"stop_loss_exits":17,"take_profit_exits":1},"starting_equity":500,"total_return":-0.20118497875662567,"trade_analysis":{"average_loss":-15.913305928914026,"average_trade_duration_days":8.444444444444445,"average_win":16.99337114132255,"expectancy":-3.7256477547523286,"largest_loss":-23.764442488260997,"largest_win":27.01011156194415,"max_trade_duration_days":22.0,"median_trade_duration_days":7.0,"profit_factor":0.6281599006529232,"time_in_market_percent":0.3573434336837981,"total_trades":27,"win_rate":0.37037037037037035}}