{"capital_utilization":{"average_cash_percent":0.8400928010472974,"average_exposure_percent":0.15990719895270258,"average_leverage":0.15990719895270258,"average_position_value":198.77547273172092,"max_exposure_percent":0.4070218982003456},"closed_trades":13,"equity_curve":[],"final_equity":507.2323527902261,"max_drawdown":0.06093389193219904,"open_trades":0,"profit_factor":1.1650900641153958,"sharpe":0.17555203757388807,"signal_diagnostics":{"buy_signals":13,"duplicate_buy_skips":0,"flat_sell_skips":0,"hold_signals":415,"risk_blocked_signals":0,"sell_signals":3,"stop_loss_exits":9,"take_profit_exits":0},"starting_equity":500,"total_return":0.01446470558045232,"trade_analysis":{"average_loss":-4.8676142854234286,"average_trade_duration_days":18.310897435897434,"average_win":12.760220339759247,"expectancy":0.5563348300173945,"largest_loss":-8.414118205454132,"largest_win":23.31265508194184,"max_trade_duration_days":61.0,"median_trade_duration_days":7.0,"profit_factor":1.1650900641153958,"time_in_market_percent":0.3730816952915823,"total_trades":13,"win_rate":0.3076923076923077}}