{"capital_utilization":{"average_cash_percent":0.7203197881281393,"average_exposure_percent":0.27968021187186065,"average_leverage":0.27968021187186065,"average_position_value":175.9293205318038,"max_exposure_percent":0.4246499388818238},"closed_trades":12,"equity_curve":[],"final_equity":353.2948259183305,"max_drawdown":0.3002265707147982,"open_trades":0,"profit_factor":0.19348687033300893,"sharpe":-2.2009111040540037,"signal_diagnostics":{"buy_signals":12,"duplicate_buy_skips":0,"flat_sell_skips":0,"hold_signals":163,"risk_blocked_signals":0,"sell_signals":2,"stop_loss_exits":9,"take_profit_exits":0},"starting_equity":500,"total_return":-0.293410348163339,"trade_analysis":{"average_loss":-18.190054034488448,"average_trade_duration_days":14.336805555555555,"average_win":17.59768313160746,"expectancy":-12.22543117347246,"largest_loss":-22.969991216317617,"largest_win":27.418006628037002,"max_trade_duration_days":33.0,"median_trade_duration_days":13.5,"profit_factor":0.19348687033300893,"time_in_market_percent":0.6442502730535185,"total_trades":12,"win_rate":0.16666666666666666}}