{"capital_utilization":{"average_cash_percent":0.7987740199865914,"average_exposure_percent":0.2012259800134086,"average_leverage":0.2012259800134086,"average_position_value":197.13867507508184,"max_exposure_percent":0.4200767053446736},"closed_trades":21,"equity_curve":[],"final_equity":481.9162357714319,"max_drawdown":0.23791886590458036,"open_trades":0,"profit_factor":0.915201978011538,"sharpe":-0.04363386255365444,"signal_diagnostics":{"buy_signals":21,"duplicate_buy_skips":0,"flat_sell_skips":0,"hold_signals":511,"risk_blocked_signals":0,"sell_signals":2,"stop_loss_exits":15,"take_profit_exits":3},"starting_equity":500,"total_return":-0.03616752845713622,"trade_analysis":{"average_loss":-15.23263650033572,"average_trade_duration_days":17.765873015873016,"average_win":27.88187811087601,"expectancy":-0.8611316299318136,"largest_loss":-23.33053562028568,"largest_win":68.87640515956201,"max_trade_duration_days":56.0,"median_trade_duration_days":13.0,"profit_factor":0.915201978011538,"time_in_market_percent":0.46400994973311915,"total_trades":21,"win_rate":0.3333333333333333}}