{"capital_utilization":{"average_cash_percent":0.779322641457957,"average_exposure_percent":0.22067735854204293,"average_leverage":0.22067735854204293,"average_position_value":166.3775552631397,"max_exposure_percent":0.4246499388818238},"closed_trades":19,"equity_curve":[],"final_equity":349.82850721904146,"max_drawdown":0.30709233139185277,"open_trades":0,"profit_factor":0.3353347779290725,"sharpe":-1.3978910728867469,"signal_diagnostics":{"buy_signals":19,"duplicate_buy_skips":0,"flat_sell_skips":0,"hold_signals":304,"risk_blocked_signals":0,"sell_signals":6,"stop_loss_exits":12,"take_profit_exits":0},"starting_equity":500,"total_return":-0.3003429855619171,"trade_analysis":{"average_loss":-17.379656565828668,"average_trade_duration_days":13.157894736842104,"average_win":12.62734042913569,"expectancy":-7.903762777945187,"largest_loss":-22.969991216317617,"largest_win":27.418006628037002,"max_trade_duration_days":33.0,"median_trade_duration_days":13.0,"profit_factor":0.3353347779290725,"time_in_market_percent":0.5040322580645161,"total_trades":19,"win_rate":0.3157894736842105}}