{"capital_utilization":{"average_cash_percent":0.8363543226044519,"average_exposure_percent":0.16364567739554808,"average_leverage":0.16364567739554808,"average_position_value":204.31369594399874,"max_exposure_percent":0.40531301947691245},"closed_trades":20,"equity_curve":[],"final_equity":532.8025989137975,"max_drawdown":0.03529487675853394,"open_trades":0,"profit_factor":2.0619872360425733,"sharpe":0.9077529596461066,"signal_diagnostics":{"buy_signals":20,"duplicate_buy_skips":0,"flat_sell_skips":0,"hold_signals":401,"risk_blocked_signals":0,"sell_signals":5,"stop_loss_exits":12,"take_profit_exits":2},"starting_equity":500,"total_return":0.06560519782759511,"trade_analysis":{"average_loss":-2.57399506953541,"average_trade_duration_days":11.65,"average_win":7.961317468527797,"expectancy":1.6401299456898726,"largest_loss":-6.423976229155885,"largest_win":14.311903308623764,"max_trade_duration_days":38.0,"median_trade_duration_days":9.0,"profit_factor":2.0619872360425733,"time_in_market_percent":0.3651799124926533,"total_trades":20,"win_rate":0.4}}