{"capital_utilization":{"average_cash_percent":0.8018811463012638,"average_exposure_percent":0.19811885369873614,"average_leverage":0.19811885369873614,"average_position_value":205.82500406637874,"max_exposure_percent":0.4058614804737914},"closed_trades":18,"equity_curve":[],"final_equity":536.707677011982,"max_drawdown":0.04306163718114645,"open_trades":0,"profit_factor":2.0063197485542505,"sharpe":0.6285172637737584,"signal_diagnostics":{"buy_signals":18,"duplicate_buy_skips":0,"flat_sell_skips":0,"hold_signals":516,"risk_blocked_signals":0,"sell_signals":2,"stop_loss_exits":16,"take_profit_exits":0},"starting_equity":500,"total_return":0.07341535402396393,"trade_analysis":{"average_loss":-4.559643824032926,"average_trade_duration_days":20.83564814814815,"average_win":7.318482760424546,"expectancy":2.039315389554558,"largest_loss":-7.309365046136933,"largest_win":16.61364441299223,"max_trade_duration_days":51.0,"median_trade_duration_days":21.5,"profit_factor":2.0063197485542505,"time_in_market_percent":0.46644556148624144,"total_trades":18,"win_rate":0.5555555555555556}}