{"capital_utilization":{"average_cash_percent":0.8962192815815431,"average_exposure_percent":0.10378071841845693,"average_leverage":0.10378071841845693,"average_position_value":207.14917349055108,"max_exposure_percent":0.4093188987525171},"closed_trades":24,"equity_curve":[],"final_equity":534.4391013149893,"max_drawdown":0.04213636726535125,"open_trades":0,"profit_factor":1.5234208030762157,"sharpe":0.6294898404287403,"signal_diagnostics":{"buy_signals":24,"duplicate_buy_skips":0,"flat_sell_skips":0,"hold_signals":505,"risk_blocked_signals":0,"sell_signals":5,"stop_loss_exits":16,"take_profit_exits":2},"starting_equity":500,"total_return":0.06887820262997857,"trade_analysis":{"average_loss":-5.4830169009628635,"average_trade_duration_days":7.375,"average_win":8.35294201054531,"expectancy":1.4349625547912221,"largest_loss":-11.82150035863009,"largest_win":14.710782254665762,"max_trade_duration_days":19.0,"median_trade_duration_days":6.5,"profit_factor":1.5234208030762157,"time_in_market_percent":0.2201378452609214,"total_trades":24,"win_rate":0.5}}