{"capital_utilization":{"average_cash_percent":0.8846851650306524,"average_exposure_percent":0.11531483496934762,"average_leverage":0.11531483496934762,"average_position_value":194.51583491586834,"max_exposure_percent":0.40886176177370576},"closed_trades":19,"equity_curve":[],"final_equity":502.85817887086915,"max_drawdown":0.07221696195670982,"open_trades":0,"profit_factor":1.0506522756932661,"sharpe":0.08584775293579847,"signal_diagnostics":{"buy_signals":19,"duplicate_buy_skips":0,"flat_sell_skips":0,"hold_signals":402,"risk_blocked_signals":0,"sell_signals":6,"stop_loss_exits":12,"take_profit_exits":1},"starting_equity":500,"total_return":0.005716357741738287,"trade_analysis":{"average_loss":-5.642745230594154,"average_trade_duration_days":7.894736842105263,"average_win":6.587292352978968,"expectancy":0.15043046688785158,"largest_loss":-10.636012706476519,"largest_win":14.430703162261063,"max_trade_duration_days":14.0,"median_trade_duration_days":7.0,"profit_factor":1.0506522756932661,"time_in_market_percent":0.23509436426565664,"total_trades":19,"win_rate":0.47368421052631576}}