{"capital_utilization":{"average_cash_percent":0.7985875908621058,"average_exposure_percent":0.20141240913789418,"average_leverage":0.20141240913789418,"average_position_value":172.43595824394146,"max_exposure_percent":0.4227873428438571},"closed_trades":17,"equity_curve":[],"final_equity":349.55352599051884,"max_drawdown":0.3008929480189623,"open_trades":0,"profit_factor":0.30398310436849774,"sharpe":-2.296019515355346,"signal_diagnostics":{"buy_signals":17,"duplicate_buy_skips":0,"flat_sell_skips":0,"hold_signals":160,"risk_blocked_signals":0,"sell_signals":3,"stop_loss_exits":12,"take_profit_exits":1},"starting_equity":500,"total_return":-0.3008929480189624,"trade_analysis":{"average_loss":-16.62719075596133,"average_trade_duration_days":7.0,"average_win":16.426751454504018,"expectancy":-8.84979258879301,"largest_loss":-23.764442488260997,"largest_win":23.30502781379509,"max_trade_duration_days":21.0,"median_trade_duration_days":6.0,"profit_factor":0.30398310436849774,"time_in_market_percent":0.42493676536229724,"total_trades":17,"win_rate":0.23529411764705882}}