{"capital_utilization":{"average_cash_percent":0.8242940572837506,"average_exposure_percent":0.1757059427162494,"average_leverage":0.1757059427162494,"average_position_value":185.47221304511444,"max_exposure_percent":0.41820569367130933},"closed_trades":36,"equity_curve":[],"final_equity":435.6962819974509,"max_drawdown":0.22079218679901233,"open_trades":0,"profit_factor":0.746183000720328,"sharpe":-0.40303137797525707,"signal_diagnostics":{"buy_signals":36,"duplicate_buy_skips":0,"flat_sell_skips":0,"hold_signals":481,"risk_blocked_signals":0,"sell_signals":8,"stop_loss_exits":24,"take_profit_exits":3},"starting_equity":500,"total_return":-0.12860743600509816,"trade_analysis":{"average_loss":-9.383213858955813,"average_trade_duration_days":8.168981481481483,"average_win":21.004784021028648,"expectancy":-1.7862143889596962,"largest_loss":-20.659455531549458,"largest_win":65.25040137438211,"max_trade_duration_days":28.0,"median_trade_duration_days":7.0,"profit_factor":0.746183000720328,"time_in_market_percent":0.36575633518163453,"total_trades":36,"win_rate":0.25}}