{"capital_utilization":{"average_cash_percent":0.7779879950697141,"average_exposure_percent":0.22201200493028597,"average_leverage":0.22201200493028597,"average_position_value":207.7829170837935,"max_exposure_percent":0.40636151955967},"closed_trades":23,"equity_curve":[],"final_equity":525.9686561264947,"max_drawdown":0.05728608687628653,"open_trades":0,"profit_factor":1.3793435000428766,"sharpe":0.42395076576646934,"signal_diagnostics":{"buy_signals":23,"duplicate_buy_skips":0,"flat_sell_skips":0,"hold_signals":507,"risk_blocked_signals":0,"sell_signals":0,"stop_loss_exits":20,"take_profit_exits":3},"starting_equity":500,"total_return":0.051937312252989365,"trade_analysis":{"average_loss":-4.563789129300038,"average_trade_duration_days":18.567028985507246,"average_win":11.803186633249402,"expectancy":1.129072005499767,"largest_loss":-7.844901104432109,"largest_win":28.96201473271307,"max_trade_duration_days":49.0,"median_trade_duration_days":19.0,"profit_factor":1.3793435000428766,"time_in_market_percent":0.5311188267606364,"total_trades":23,"win_rate":0.34782608695652173}}