{"capital_utilization":{"average_cash_percent":0.9139370409662,"average_exposure_percent":0.08606295903380003,"average_leverage":0.08606295903380003,"average_position_value":206.54126629661013,"max_exposure_percent":0.404803931695111},"closed_trades":24,"equity_curve":[],"final_equity":524.0911316532533,"max_drawdown":0.053009475057150354,"open_trades":0,"profit_factor":1.5684246522987033,"sharpe":0.7216244007289396,"signal_diagnostics":{"buy_signals":24,"duplicate_buy_skips":0,"flat_sell_skips":0,"hold_signals":504,"risk_blocked_signals":0,"sell_signals":1,"stop_loss_exits":12,"take_profit_exits":11},"starting_equity":500,"total_return":0.04818226330650677,"trade_analysis":{"average_loss":-3.5318565025620985,"average_trade_duration_days":5.876736111111111,"average_win":5.539450806999874,"expectancy":1.0037971522188882,"largest_loss":-6.008773154589106,"largest_win":10.09255397974334,"max_trade_duration_days":19.0,"median_trade_duration_days":4.5,"profit_factor":1.5684246522987033,"time_in_market_percent":0.17541586775146395,"total_trades":24,"win_rate":0.5}}