{"capital_utilization":{"average_cash_percent":0.7023182615756131,"average_exposure_percent":0.29768173842438694,"average_leverage":0.29768173842438694,"average_position_value":208.4851893375409,"max_exposure_percent":0.4052887125565625},"closed_trades":49,"equity_curve":[],"final_equity":523.4396479855584,"max_drawdown":0.0449330879246112,"open_trades":0,"profit_factor":1.293290549240281,"sharpe":0.4640333205494257,"signal_diagnostics":{"buy_signals":49,"duplicate_buy_skips":0,"flat_sell_skips":0,"hold_signals":455,"risk_blocked_signals":0,"sell_signals":8,"stop_loss_exits":38,"take_profit_exits":2},"starting_equity":500,"total_return":0.04687929597111684,"trade_analysis":{"average_loss":-3.0738287505571638,"average_trade_duration_days":10.755102040816327,"average_win":4.4938780652193335,"expectancy":0.4783601629705793,"largest_loss":-6.886500977412728,"largest_win":13.303003521003843,"max_trade_duration_days":37.0,"median_trade_duration_days":9.0,"profit_factor":1.293290549240281,"time_in_market_percent":0.6554386692231954,"total_trades":49,"win_rate":0.46938775510204084}}