{"capital_utilization":{"average_cash_percent":0.8801369328674739,"average_exposure_percent":0.11986306713252617,"average_leverage":0.11986306713252617,"average_position_value":210.3877470037313,"max_exposure_percent":0.40612855447261714},"closed_trades":29,"equity_curve":[],"final_equity":562.692731671913,"max_drawdown":0.025461370504256182,"open_trades":0,"profit_factor":2.0990505069552583,"sharpe":1.2874598120549936,"signal_diagnostics":{"buy_signals":29,"duplicate_buy_skips":0,"flat_sell_skips":0,"hold_signals":495,"risk_blocked_signals":0,"sell_signals":2,"stop_loss_exits":11,"take_profit_exits":16},"starting_equity":500,"total_return":0.12538546334382583,"trade_analysis":{"average_loss":-5.185693657237166,"average_trade_duration_days":6.829022988505747,"average_win":6.651964550084541,"expectancy":2.1618183335142382,"largest_loss":-8.11749856011018,"largest_win":11.987236552424633,"max_trade_duration_days":21.0,"median_trade_duration_days":6.0,"profit_factor":2.0990505069552583,"time_in_market_percent":0.24630771622532,"total_trades":29,"win_rate":0.6206896551724138}}