{"capital_utilization":{"average_cash_percent":0.8712906870000752,"average_exposure_percent":0.1287093129999248,"average_leverage":0.1287093129999248,"average_position_value":198.21757447882882,"max_exposure_percent":0.4037842486939074},"closed_trades":12,"equity_curve":[],"final_equity":510.89347561607406,"max_drawdown":0.025739628402458713,"open_trades":0,"profit_factor":1.5131170532808804,"sharpe":0.5082686392176129,"signal_diagnostics":{"buy_signals":12,"duplicate_buy_skips":0,"flat_sell_skips":0,"hold_signals":417,"risk_blocked_signals":0,"sell_signals":0,"stop_loss_exits":11,"take_profit_exits":0},"starting_equity":500,"total_return":0.021786951232148022,"trade_analysis":{"average_loss":-2.358889013383111,"average_trade_duration_days":16.166666666666668,"average_win":10.707825578840689,"expectancy":0.9077896346728392,"largest_loss":-4.532217282212408,"largest_win":17.29292954767511,"max_trade_duration_days":52.0,"median_trade_duration_days":8.5,"profit_factor":1.5131170532808804,"time_in_market_percent":0.3040553777835826,"total_trades":12,"win_rate":0.25}}