{"capital_utilization":{"average_cash_percent":0.8557739370751468,"average_exposure_percent":0.1442260629248532,"average_leverage":0.1442260629248532,"average_position_value":201.52515492427665,"max_exposure_percent":0.40624098654921476},"closed_trades":27,"equity_curve":[],"final_equity":532.2563647631655,"max_drawdown":0.03472996657674661,"open_trades":0,"profit_factor":1.7570568551631327,"sharpe":0.8427026163388849,"signal_diagnostics":{"buy_signals":27,"duplicate_buy_skips":0,"flat_sell_skips":0,"hold_signals":499,"risk_blocked_signals":0,"sell_signals":4,"stop_loss_exits":19,"take_profit_exits":4},"starting_equity":500,"total_return":0.06451272952633103,"trade_analysis":{"average_loss":-3.04339897168667,"average_trade_duration_days":9.185185185185185,"average_win":5.7587654128291454,"expectancy":1.1946801764135373,"largest_loss":-7.551440746283723,"largest_win":15.594602095370682,"max_trade_duration_days":21.0,"median_trade_duration_days":7.0,"profit_factor":1.7570568551631327,"time_in_market_percent":0.3084417266932684,"total_trades":27,"win_rate":0.48148148148148145}}