{"capital_utilization":{"average_cash_percent":0.8195952444214165,"average_exposure_percent":0.18040475557858351,"average_leverage":0.18040475557858351,"average_position_value":209.59786683621985,"max_exposure_percent":0.41487509588285204},"closed_trades":37,"equity_curve":[],"final_equity":522.2703664775471,"max_drawdown":0.20797333464386347,"open_trades":0,"profit_factor":1.0880812047639064,"sharpe":0.2144729497403618,"signal_diagnostics":{"buy_signals":37,"duplicate_buy_skips":0,"flat_sell_skips":0,"hold_signals":479,"risk_blocked_signals":0,"sell_signals":6,"stop_loss_exits":26,"take_profit_exits":4},"starting_equity":500,"total_return":0.0445407329550942,"trade_analysis":{"average_loss":-9.724578122252634,"average_trade_duration_days":8.326576576576578,"average_win":25.00994524146506,"expectancy":0.6019017966904631,"largest_loss":-19.543906889094792,"largest_win":73.2739352223779,"max_trade_duration_days":27.0,"median_trade_duration_days":7.0,"profit_factor":1.0880812047639064,"time_in_market_percent":0.38316836814012545,"total_trades":37,"win_rate":0.2972972972972973}}