{"capital_utilization":{"average_cash_percent":0.75165663529005,"average_exposure_percent":0.24834336470994994,"average_leverage":0.24834336470994994,"average_position_value":209.41862382495603,"max_exposure_percent":0.4052049981871112},"closed_trades":39,"equity_curve":[],"final_equity":520.3204437857045,"max_drawdown":0.03957485493948064,"open_trades":0,"profit_factor":1.3169531849870082,"sharpe":0.4109854438722508,"signal_diagnostics":{"buy_signals":39,"duplicate_buy_skips":0,"flat_sell_skips":0,"hold_signals":475,"risk_blocked_signals":0,"sell_signals":5,"stop_loss_exits":31,"take_profit_exits":3},"starting_equity":500,"total_return":0.040640887571409046,"trade_analysis":{"average_loss":-2.564472578060689,"average_trade_duration_days":11.793803418803419,"average_win":6.030875588372979,"expectancy":0.5210370201462687,"largest_loss":-6.600640679149525,"largest_win":14.291171785028196,"max_trade_duration_days":36.0,"median_trade_duration_days":9.0,"profit_factor":1.3169531849870082,"time_in_market_percent":0.572057832823755,"total_trades":39,"win_rate":0.358974358974359}}