{"capital_utilization":{"average_cash_percent":0.8233510731180802,"average_exposure_percent":0.1766489268819198,"average_leverage":0.1766489268819198,"average_position_value":201.81281525837082,"max_exposure_percent":0.41489249530272637},"closed_trades":29,"equity_curve":[],"final_equity":526.8709655530214,"max_drawdown":0.22442796460505857,"open_trades":0,"profit_factor":1.1253005473137432,"sharpe":0.24125237782609718,"signal_diagnostics":{"buy_signals":29,"duplicate_buy_skips":0,"flat_sell_skips":0,"hold_signals":495,"risk_blocked_signals":0,"sell_signals":1,"stop_loss_exits":27,"take_profit_exits":0},"starting_equity":500,"total_return":0.05374193110604275,"trade_analysis":{"average_loss":-10.72260502012755,"average_trade_duration_days":10.727011494252874,"average_win":26.8136739950636,"expectancy":0.9265850190697043,"largest_loss":-19.150467030174646,"largest_win":80.35784307666324,"max_trade_duration_days":33.0,"median_trade_duration_days":8.0,"profit_factor":1.1253005473137432,"time_in_market_percent":0.3868995180598021,"total_trades":29,"win_rate":0.3103448275862069}}