{"capital_utilization":{"average_cash_percent":0.8169383716542142,"average_exposure_percent":0.18306162834578577,"average_leverage":0.18306162834578577,"average_position_value":210.16512734748522,"max_exposure_percent":0.4097715415824939},"closed_trades":34,"equity_curve":[],"final_equity":539.2595070939586,"max_drawdown":0.05850478780200366,"open_trades":0,"profit_factor":1.4172924997608023,"sharpe":0.5691565164066957,"signal_diagnostics":{"buy_signals":34,"duplicate_buy_skips":0,"flat_sell_skips":0,"hold_signals":486,"risk_blocked_signals":0,"sell_signals":7,"stop_loss_exits":24,"take_profit_exits":2},"starting_equity":500,"total_return":0.07851901418791729,"trade_analysis":{"average_loss":-4.704075332825623,"average_trade_duration_days":9.38357843137255,"average_win":9.524358125033649,"expectancy":1.1546913851164309,"largest_loss":-11.7943335855226,"largest_win":20.69743935393507,"max_trade_duration_days":20.0,"median_trade_duration_days":8.0,"profit_factor":1.4172924997608023,"time_in_market_percent":0.3967974296522776,"total_trades":34,"win_rate":0.4117647058823529}}