{"capital_utilization":{"average_cash_percent":0.8738701628158809,"average_exposure_percent":0.12612983718411902,"average_leverage":0.12612983718411902,"average_position_value":194.28565312124326,"max_exposure_percent":0.4112296315567618},"closed_trades":15,"equity_curve":[],"final_equity":494.84346453959154,"max_drawdown":0.0743982570691869,"open_trades":0,"profit_factor":0.9260163928646256,"sharpe":-0.04702937169271107,"signal_diagnostics":{"buy_signals":15,"duplicate_buy_skips":0,"flat_sell_skips":0,"hold_signals":410,"risk_blocked_signals":0,"sell_signals":7,"stop_loss_exits":7,"take_profit_exits":1},"starting_equity":500,"total_return":-0.010313070920816902,"trade_analysis":{"average_loss":-9.956907366892539,"average_trade_duration_days":12.33611111111111,"average_win":8.067727013479915,"expectancy":-0.3437690306938974,"largest_loss":-13.215580997924901,"largest_win":14.131349783389451,"max_trade_duration_days":20.0,"median_trade_duration_days":13.0,"profit_factor":0.9260163928646256,"time_in_market_percent":0.290015019917717,"total_trades":15,"win_rate":0.5333333333333333}}