{"capital_utilization":{"average_cash_percent":0.7743811666871987,"average_exposure_percent":0.22561883331280133,"average_leverage":0.22561883331280133,"average_position_value":214.3272886920525,"max_exposure_percent":0.40549945120077496},"closed_trades":30,"equity_curve":[],"final_equity":552.0816921099946,"max_drawdown":0.0725622137691552,"open_trades":0,"profit_factor":1.6661012509226805,"sharpe":0.8846663261340264,"signal_diagnostics":{"buy_signals":30,"duplicate_buy_skips":0,"flat_sell_skips":0,"hold_signals":492,"risk_blocked_signals":0,"sell_signals":0,"stop_loss_exits":30,"take_profit_exits":0},"starting_equity":500,"total_return":0.10416338421998916,"trade_analysis":{"average_loss":-4.886803248553739,"average_trade_duration_days":14.068055555555556,"average_win":9.305038863346747,"expectancy":1.7360564036664874,"largest_loss":-7.000533083011676,"largest_win":25.63992485048172,"max_trade_duration_days":47.0,"median_trade_duration_days":10.5,"profit_factor":1.6661012509226805,"time_in_market_percent":0.5249002435611754,"total_trades":30,"win_rate":0.4666666666666667}}