{"capital_utilization":{"average_cash_percent":0.878338957820781,"average_exposure_percent":0.12166104217921897,"average_leverage":0.12166104217921897,"average_position_value":211.9865895461046,"max_exposure_percent":0.4135356685309154},"closed_trades":20,"equity_curve":[],"final_equity":618.1712423059862,"max_drawdown":0.09151641258730069,"open_trades":0,"profit_factor":1.819699774523884,"sharpe":0.8164652062497485,"signal_diagnostics":{"buy_signals":20,"duplicate_buy_skips":0,"flat_sell_skips":0,"hold_signals":514,"risk_blocked_signals":0,"sell_signals":1,"stop_loss_exits":14,"take_profit_exits":4},"starting_equity":500,"total_return":0.23634248461197238,"trade_analysis":{"average_loss":-12.013671141020813,"average_trade_duration_days":11.202083333333333,"average_win":32.7919119997795,"expectancy":5.90856211529931,"largest_loss":-17.84618826376159,"largest_win":77.40803232838232,"max_trade_duration_days":29.0,"median_trade_duration_days":8.0,"profit_factor":1.819699774523884,"time_in_market_percent":0.2786443488625175,"total_trades":20,"win_rate":0.4}}