{"capital_utilization":{"average_cash_percent":0.7433323937906915,"average_exposure_percent":0.25666760620930845,"average_leverage":0.25666760620930845,"average_position_value":172.73762094359907,"max_exposure_percent":0.4268985008414006},"closed_trades":15,"equity_curve":[],"final_equity":357.6033735925934,"max_drawdown":0.3040042722473413,"open_trades":0,"profit_factor":0.17701376607372885,"sharpe":-2.147848452937515,"signal_diagnostics":{"buy_signals":15,"duplicate_buy_skips":0,"flat_sell_skips":0,"hold_signals":157,"risk_blocked_signals":0,"sell_signals":1,"stop_loss_exits":13,"take_profit_exits":0},"starting_equity":500,"total_return":-0.28479325281481316,"trade_analysis":{"average_loss":-15.729482853510886,"average_trade_duration_days":9.866666666666667,"average_win":7.656921245303288,"expectancy":-9.49310842716044,"largest_loss":-29.077281473598962,"largest_win":12.266254807876873,"max_trade_duration_days":26.0,"median_trade_duration_days":10.0,"profit_factor":0.17701376607372885,"time_in_market_percent":0.5542206272429395,"total_trades":15,"win_rate":0.26666666666666666}}