{"capital_utilization":{"average_cash_percent":0.800528553716509,"average_exposure_percent":0.199471446283491,"average_leverage":0.199471446283491,"average_position_value":205.25929135488784,"max_exposure_percent":0.4052107191216743},"closed_trades":29,"equity_curve":[],"final_equity":540.0328718007064,"max_drawdown":0.04029583075034322,"open_trades":0,"profit_factor":1.6513290817885777,"sharpe":0.6839389425311139,"signal_diagnostics":{"buy_signals":29,"duplicate_buy_skips":0,"flat_sell_skips":0,"hold_signals":494,"risk_blocked_signals":0,"sell_signals":3,"stop_loss_exits":26,"take_profit_exits":0},"starting_equity":500,"total_return":0.08006574360141272,"trade_analysis":{"average_loss":-3.8414598050395656,"average_trade_duration_days":12.691091954022989,"average_win":7.80740220625688,"expectancy":1.3804438551967708,"largest_loss":-6.626257704238819,"largest_win":21.582603688663337,"max_trade_duration_days":30.0,"median_trade_duration_days":11.0,"profit_factor":1.6513290817885777,"time_in_market_percent":0.45773954500699593,"total_trades":29,"win_rate":0.4482758620689655}}