{"capital_utilization":{"average_cash_percent":0.9257722464015667,"average_exposure_percent":0.07422775359843323,"average_leverage":0.07422775359843323,"average_position_value":203.82492015122645,"max_exposure_percent":0.4073055802016701},"closed_trades":14,"equity_curve":[],"final_equity":528.5257744946379,"max_drawdown":0.03998530480211387,"open_trades":0,"profit_factor":1.7915795646100554,"sharpe":0.6821537410485171,"signal_diagnostics":{"buy_signals":14,"duplicate_buy_skips":0,"flat_sell_skips":0,"hold_signals":526,"risk_blocked_signals":0,"sell_signals":8,"stop_loss_exits":5,"take_profit_exits":0},"starting_equity":500,"total_return":0.05705154898927578,"trade_analysis":{"average_loss":-6.0060870210164445,"average_trade_duration_days":9.139880952380953,"average_win":8.07028707759206,"expectancy":2.0375553210455584,"largest_loss":-8.838576586855124,"largest_win":14.776195794729432,"max_trade_duration_days":18.0,"median_trade_duration_days":8.5,"profit_factor":1.7915795646100554,"time_in_market_percent":0.15914390837954087,"total_trades":14,"win_rate":0.5714285714285714}}