{"capital_utilization":{"average_cash_percent":0.7804273820819123,"average_exposure_percent":0.21957261791808774,"average_leverage":0.21957261791808774,"average_position_value":175.8908076484589,"max_exposure_percent":0.42278734284385716},"closed_trades":19,"equity_curve":[],"final_equity":359.22584773099675,"max_drawdown":0.300846485850157,"open_trades":0,"profit_factor":0.36080172852502823,"sharpe":-2.1215135961866127,"signal_diagnostics":{"buy_signals":19,"duplicate_buy_skips":0,"flat_sell_skips":0,"hold_signals":156,"risk_blocked_signals":0,"sell_signals":5,"stop_loss_exits":13,"take_profit_exits":0},"starting_equity":500,"total_return":-0.2815483045380065,"trade_analysis":{"average_loss":-15.731107293891997,"average_trade_duration_days":6.631578947368421,"average_win":15.892269969096953,"expectancy":-7.409165908894907,"largest_loss":-24.32236929938684,"largest_win":26.0098482358902,"max_trade_duration_days":21.0,"median_trade_duration_days":6.0,"profit_factor":0.36080172852502823,"time_in_market_percent":0.4499330456777265,"total_trades":19,"win_rate":0.2631578947368421}}