{"capital_utilization":{"average_cash_percent":0.8527826882383048,"average_exposure_percent":0.1472173117616952,"average_leverage":0.1472173117616952,"average_position_value":193.56390495303873,"max_exposure_percent":0.409153449959333},"closed_trades":25,"equity_curve":[],"final_equity":511.7518076156053,"max_drawdown":0.09849837169648945,"open_trades":0,"profit_factor":1.151104867558954,"sharpe":0.2419434796525866,"signal_diagnostics":{"buy_signals":25,"duplicate_buy_skips":0,"flat_sell_skips":0,"hold_signals":390,"risk_blocked_signals":0,"sell_signals":3,"stop_loss_exits":13,"take_profit_exits":9},"starting_equity":500,"total_return":0.023503615231210473,"trade_analysis":{"average_loss":-5.982502190723382,"average_trade_duration_days":7.878333333333334,"average_win":7.460361341250773,"expectancy":0.47007230462421135,"largest_loss":-10.453897151503025,"largest_win":12.532349480136698,"max_trade_duration_days":18.0,"median_trade_duration_days":7.0,"profit_factor":1.151104867558954,"time_in_market_percent":0.30869196107882196,"total_trades":25,"win_rate":0.48}}