{"capital_utilization":{"average_cash_percent":0.8875456085426524,"average_exposure_percent":0.11245439145734758,"average_leverage":0.11245439145734758,"average_position_value":190.71268551595824,"max_exposure_percent":0.41355086324382057},"closed_trades":20,"equity_curve":[],"final_equity":541.0494145672388,"max_drawdown":0.1545113092392422,"open_trades":0,"profit_factor":1.3143666746242688,"sharpe":0.3721720137257404,"signal_diagnostics":{"buy_signals":20,"duplicate_buy_skips":0,"flat_sell_skips":0,"hold_signals":514,"risk_blocked_signals":0,"sell_signals":0,"stop_loss_exits":17,"take_profit_exits":2},"starting_equity":500,"total_return":0.08209882913447775,"trade_analysis":{"average_loss":-9.327009753885354,"average_trade_duration_days":9.752083333333333,"average_win":28.60459185360563,"expectancy":2.0524707283619414,"largest_loss":-15.353638865805092,"largest_win":66.59657267518025,"max_trade_duration_days":27.0,"median_trade_duration_days":7.520833333333334,"profit_factor":1.3143666746242688,"time_in_market_percent":0.24257656630564337,"total_trades":20,"win_rate":0.3}}