{"capital_utilization":{"average_cash_percent":0.83399480690034,"average_exposure_percent":0.16600519309966003,"average_leverage":0.16600519309966003,"average_position_value":188.2114056192004,"max_exposure_percent":0.4067989411377976},"closed_trades":28,"equity_curve":[],"final_equity":464.7098039668322,"max_drawdown":0.10613838708918939,"open_trades":0,"profit_factor":0.5492945822864687,"sharpe":-0.7498077976898172,"signal_diagnostics":{"buy_signals":28,"duplicate_buy_skips":0,"flat_sell_skips":0,"hold_signals":384,"risk_blocked_signals":0,"sell_signals":3,"stop_loss_exits":24,"take_profit_exits":1},"starting_equity":500,"total_return":-0.0705803920663356,"trade_analysis":{"average_loss":-3.728567395338167,"average_trade_duration_days":7.819940476190476,"average_win":6.144245609847674,"expectancy":-1.2603641440417057,"largest_loss":-7.996341924267736,"largest_win":10.117078761461645,"max_trade_duration_days":24.0,"median_trade_duration_days":6.0,"profit_factor":0.5492945822864687,"time_in_market_percent":0.34317246783778493,"total_trades":28,"win_rate":0.25}}