{"capital_utilization":{"average_cash_percent":0.8245224632224503,"average_exposure_percent":0.17547753677754976,"average_leverage":0.17547753677754976,"average_position_value":210.65339310384573,"max_exposure_percent":0.41828505344046973},"closed_trades":36,"equity_curve":[],"final_equity":684.7314667621606,"max_drawdown":0.1663524341814573,"open_trades":0,"profit_factor":1.8455996254429534,"sharpe":1.0840428779764846,"signal_diagnostics":{"buy_signals":36,"duplicate_buy_skips":0,"flat_sell_skips":0,"hold_signals":480,"risk_blocked_signals":0,"sell_signals":10,"stop_loss_exits":14,"take_profit_exits":12},"starting_equity":500,"total_return":0.36946293352432114,"trade_analysis":{"average_loss":-15.604435446401384,"average_trade_duration_days":8.443287037037038,"average_win":18.326980136899092,"expectancy":5.131429632282238,"largest_loss":-22.893591295153154,"largest_win":36.527206991225135,"max_trade_duration_days":20.0,"median_trade_duration_days":7.0,"profit_factor":1.8455996254429534,"time_in_market_percent":0.3780380370005701,"total_trades":36,"win_rate":0.6111111111111112}}