{"capital_utilization":{"average_cash_percent":0.8870399315797505,"average_exposure_percent":0.11296006842024953,"average_leverage":0.11296006842024953,"average_position_value":215.21305283304017,"max_exposure_percent":0.40931250882622455},"closed_trades":22,"equity_curve":[],"final_equity":608.67759071211,"max_drawdown":0.03187985888657342,"open_trades":0,"profit_factor":2.6425020478465675,"sharpe":1.3119380270604044,"signal_diagnostics":{"buy_signals":22,"duplicate_buy_skips":0,"flat_sell_skips":0,"hold_signals":509,"risk_blocked_signals":0,"sell_signals":7,"stop_loss_exits":9,"take_profit_exits":5},"starting_equity":500,"total_return":0.21735518142422006,"trade_analysis":{"average_loss":-6.616587836501866,"average_trade_duration_days":8.909090909090908,"average_win":14.570289089760726,"expectancy":4.939890486914091,"largest_loss":-12.472022628054253,"largest_win":46.32898454797889,"max_trade_duration_days":20.958333333333332,"median_trade_duration_days":8.0,"profit_factor":2.6425020478465675,"time_in_market_percent":0.2437684614188734,"total_trades":22,"win_rate":0.5454545454545454}}