{"capital_utilization":{"average_cash_percent":0.9136251438298039,"average_exposure_percent":0.08637485617019613,"average_leverage":0.08637485617019613,"average_position_value":208.64995544339476,"max_exposure_percent":0.40900179491893435},"closed_trades":17,"equity_curve":[],"final_equity":527.3574252590323,"max_drawdown":0.034289537530434275,"open_trades":0,"profit_factor":1.5137557569033182,"sharpe":0.5551262203786608,"signal_diagnostics":{"buy_signals":17,"duplicate_buy_skips":0,"flat_sell_skips":0,"hold_signals":519,"risk_blocked_signals":0,"sell_signals":5,"stop_loss_exits":10,"take_profit_exits":1},"starting_equity":500,"total_return":0.05471485051806457,"trade_analysis":{"average_loss":-7.607123727410914,"average_trade_duration_days":8.705882352941176,"average_win":8.06072913509087,"expectancy":1.6092603093548412,"largest_loss":-11.680696329389594,"largest_win":14.710782254665762,"max_trade_duration_days":19.0,"median_trade_duration_days":8.0,"profit_factor":1.5137557569033182,"time_in_market_percent":0.18407006270404727,"total_trades":17,"win_rate":0.5882352941176471}}