{"capital_utilization":{"average_cash_percent":0.8807018431253393,"average_exposure_percent":0.11929815687466075,"average_leverage":0.11929815687466075,"average_position_value":203.1431091140086,"max_exposure_percent":0.40914923617349425},"closed_trades":21,"equity_curve":[],"final_equity":528.7007935353058,"max_drawdown":0.043572194046674076,"open_trades":0,"profit_factor":1.5421109408058535,"sharpe":0.532230787236531,"signal_diagnostics":{"buy_signals":21,"duplicate_buy_skips":0,"flat_sell_skips":0,"hold_signals":512,"risk_blocked_signals":0,"sell_signals":5,"stop_loss_exits":14,"take_profit_exits":1},"starting_equity":500,"total_return":0.057401587070611715,"trade_analysis":{"average_loss":-4.812968808166122,"average_trade_duration_days":9.80952380952381,"average_win":8.164345042513315,"expectancy":1.366704454062181,"largest_loss":-11.051785390259287,"largest_win":16.73464575456247,"max_trade_duration_days":20.0,"median_trade_duration_days":8.0,"profit_factor":1.5421109408058535,"time_in_market_percent":0.25620562781779554,"total_trades":21,"win_rate":0.47619047619047616}}