{"capital_utilization":{"average_cash_percent":0.8319072161867407,"average_exposure_percent":0.16809278381325932,"average_leverage":0.16809278381325932,"average_position_value":188.60708435514644,"max_exposure_percent":0.40679894113779763},"closed_trades":35,"equity_curve":[],"final_equity":468.44411886561386,"max_drawdown":0.0974500279761629,"open_trades":0,"profit_factor":0.6183099603107733,"sharpe":-0.6591227007420256,"signal_diagnostics":{"buy_signals":35,"duplicate_buy_skips":0,"flat_sell_skips":0,"hold_signals":370,"risk_blocked_signals":0,"sell_signals":11,"stop_loss_exits":23,"take_profit_exits":1},"starting_equity":500,"total_return":-0.06311176226877224,"trade_analysis":{"average_loss":-3.936861982625512,"average_trade_duration_days":6.227380952380953,"average_win":3.651301464339259,"expectancy":-0.901596603839604,"largest_loss":-8.000767043524212,"largest_win":10.188644346583905,"max_trade_duration_days":20.0,"median_trade_duration_days":5.0,"profit_factor":0.6183099603107733,"time_in_market_percent":0.3416051720760139,"total_trades":35,"win_rate":0.4}}