{"capital_utilization":{"average_cash_percent":0.8892285349743214,"average_exposure_percent":0.11077146502567853,"average_leverage":0.11077146502567853,"average_position_value":192.69791231588093,"max_exposure_percent":0.40995130976844224},"closed_trades":19,"equity_curve":[],"final_equity":490.44822695576886,"max_drawdown":0.07046967912046834,"open_trades":0,"profit_factor":0.8622994887680734,"sharpe":-0.1526306417566906,"signal_diagnostics":{"buy_signals":19,"duplicate_buy_skips":0,"flat_sell_skips":0,"hold_signals":402,"risk_blocked_signals":0,"sell_signals":6,"stop_loss_exits":12,"take_profit_exits":1},"starting_equity":500,"total_return":-0.01910354608846232,"trade_analysis":{"average_loss":-6.936628599833756,"average_trade_duration_days":7.844298245614034,"average_win":6.646056994900716,"expectancy":-0.5027248970647954,"largest_loss":-11.644408341727056,"largest_win":14.005539973203387,"max_trade_duration_days":15.0,"median_trade_duration_days":7.0,"profit_factor":0.8622994887680734,"time_in_market_percent":0.2335923724939594,"total_trades":19,"win_rate":0.47368421052631576}}