{"capital_utilization":{"average_cash_percent":0.7580500082909805,"average_exposure_percent":0.2419499917090195,"average_leverage":0.2419499917090195,"average_position_value":200.727459788822,"max_exposure_percent":0.40379283834007096},"closed_trades":34,"equity_curve":[],"final_equity":507.5907799361056,"max_drawdown":0.02573962840245868,"open_trades":0,"profit_factor":1.1555331961516448,"sharpe":0.2351270932791455,"signal_diagnostics":{"buy_signals":34,"duplicate_buy_skips":0,"flat_sell_skips":0,"hold_signals":485,"risk_blocked_signals":0,"sell_signals":0,"stop_loss_exits":32,"take_profit_exits":2},"starting_equity":500,"total_return":0.015181559872211148,"trade_analysis":{"average_loss":-2.1219515732427787,"average_trade_duration_days":13.116421568627452,"average_win":5.1268787382445,"expectancy":0.22325823341487017,"largest_loss":-4.565783389435911,"largest_win":14.662587163315944,"max_trade_duration_days":36.0,"median_trade_duration_days":9.0,"profit_factor":1.1555331961516448,"time_in_market_percent":0.5546457998652641,"total_trades":34,"win_rate":0.3235294117647059}}