{"capital_utilization":{"average_cash_percent":0.8026561041072108,"average_exposure_percent":0.19734389589278922,"average_leverage":0.19734389589278922,"average_position_value":207.09942880144925,"max_exposure_percent":0.42004842951708043},"closed_trades":17,"equity_curve":[],"final_equity":544.0208916447865,"max_drawdown":0.25061623586795395,"open_trades":0,"profit_factor":1.237066541691062,"sharpe":0.32205083147640423,"signal_diagnostics":{"buy_signals":17,"duplicate_buy_skips":0,"flat_sell_skips":0,"hold_signals":519,"risk_blocked_signals":0,"sell_signals":2,"stop_loss_exits":14,"take_profit_exits":0},"starting_equity":500,"total_return":0.08804178328957302,"trade_analysis":{"average_loss":-15.474168606407993,"average_trade_duration_days":22.534313725490193,"average_win":45.94218298433648,"expectancy":2.5894642143992077,"largest_loss":-25.581644060157508,"largest_win":131.49648906195802,"max_trade_duration_days":56.0,"median_trade_duration_days":14.0,"profit_factor":1.237066541691062,"time_in_market_percent":0.47644711613204127,"total_trades":17,"win_rate":0.29411764705882354}}