{"capital_utilization":{"average_cash_percent":0.8169331521541132,"average_exposure_percent":0.18306684784588678,"average_leverage":0.18306684784588678,"average_position_value":210.30171103207763,"max_exposure_percent":0.41489808112748144},"closed_trades":33,"equity_curve":[],"final_equity":538.9660695876047,"max_drawdown":0.21492759430317265,"open_trades":0,"profit_factor":1.1580203664671096,"sharpe":0.3183640632280419,"signal_diagnostics":{"buy_signals":33,"duplicate_buy_skips":0,"flat_sell_skips":0,"hold_signals":487,"risk_blocked_signals":0,"sell_signals":1,"stop_loss_exits":27,"take_profit_exits":4},"starting_equity":500,"total_return":0.07793213917520947,"trade_analysis":{"average_loss":-11.742328945968357,"average_trade_duration_days":9.63888888888889,"average_win":23.796248121078346,"expectancy":1.180789987503172,"largest_loss":-19.754477832301042,"largest_win":73.84333364745733,"max_trade_duration_days":31.0,"median_trade_duration_days":8.0,"profit_factor":1.1580203664671096,"time_in_market_percent":0.39560553453904757,"total_trades":33,"win_rate":0.36363636363636365}}