{"capital_utilization":{"average_cash_percent":0.8913631404980392,"average_exposure_percent":0.1086368595019608,"average_leverage":0.1086368595019608,"average_position_value":207.09518017081402,"max_exposure_percent":0.41023312557357605},"closed_trades":15,"equity_curve":[],"final_equity":551.1308233502873,"max_drawdown":0.04375988055120891,"open_trades":0,"profit_factor":2.109924825284603,"sharpe":0.9603474402344219,"signal_diagnostics":{"buy_signals":15,"duplicate_buy_skips":0,"flat_sell_skips":0,"hold_signals":523,"risk_blocked_signals":0,"sell_signals":6,"stop_loss_exits":7,"take_profit_exits":2},"starting_equity":500,"total_return":0.10226164670057458,"trade_analysis":{"average_loss":-7.677820783519671,"average_trade_duration_days":13.333333333333334,"average_win":10.799749783489489,"expectancy":3.408721556685824,"largest_loss":-12.343650317703833,"largest_win":18.983218504589054,"max_trade_duration_days":25.958333333333332,"median_trade_duration_days":14.0,"profit_factor":2.109924825284603,"time_in_market_percent":0.24874332797844226,"total_trades":15,"win_rate":0.6}}