{"capital_utilization":{"average_cash_percent":0.9397509540229549,"average_exposure_percent":0.06024904597704506,"average_leverage":0.06024904597704506,"average_position_value":210.27047962529159,"max_exposure_percent":0.40716197307859264},"closed_trades":11,"equity_curve":[],"final_equity":538.306700106998,"max_drawdown":0.039689137001432985,"open_trades":0,"profit_factor":2.416244685967701,"sharpe":0.9644983296480137,"signal_diagnostics":{"buy_signals":11,"duplicate_buy_skips":0,"flat_sell_skips":0,"hold_signals":530,"risk_blocked_signals":0,"sell_signals":3,"stop_loss_exits":7,"take_profit_exits":1},"starting_equity":500,"total_return":0.07661340021399621,"trade_analysis":{"average_loss":-5.4096160764513055,"average_trade_duration_days":9.272727272727273,"average_win":10.892463414875758,"expectancy":3.4824272824543656,"largest_loss":-9.211291938241267,"largest_win":18.61639612680888,"max_trade_duration_days":20.0,"median_trade_duration_days":8.0,"profit_factor":2.416244685967701,"time_in_market_percent":0.12685909726900554,"total_trades":11,"win_rate":0.5454545454545454}}