{"capital_utilization":{"average_cash_percent":0.8621104071873066,"average_exposure_percent":0.13788959281269345,"average_leverage":0.13788959281269345,"average_position_value":202.02744457375005,"max_exposure_percent":0.4041507382829939},"closed_trades":8,"equity_curve":[],"final_equity":517.3127756157191,"max_drawdown":0.02681335133980307,"open_trades":0,"profit_factor":2.2123933409979895,"sharpe":0.7655551116623509,"signal_diagnostics":{"buy_signals":8,"duplicate_buy_skips":0,"flat_sell_skips":0,"hold_signals":425,"risk_blocked_signals":0,"sell_signals":0,"stop_loss_exits":6,"take_profit_exits":1},"starting_equity":500,"total_return":0.0346255512314384,"trade_analysis":{"average_loss":-3.569958492486454,"average_trade_duration_days":26.25,"average_win":7.898152396416251,"expectancy":2.1640969519648987,"largest_loss":-5.140897508578135,"largest_win":13.547631338271756,"max_trade_duration_days":48.0,"median_trade_duration_days":25.0,"profit_factor":2.2123933409979895,"time_in_market_percent":0.32913210997191933,"total_trades":8,"win_rate":0.5}}