{"capital_utilization":{"average_cash_percent":0.7068529396342276,"average_exposure_percent":0.2931470603657724,"average_leverage":0.2931470603657724,"average_position_value":210.94145908869422,"max_exposure_percent":0.4053012180089458},"closed_trades":44,"equity_curve":[],"final_equity":532.039009060371,"max_drawdown":0.04494122149481682,"open_trades":0,"profit_factor":1.4521917347184894,"sharpe":0.6181261475304176,"signal_diagnostics":{"buy_signals":44,"duplicate_buy_skips":0,"flat_sell_skips":0,"hold_signals":465,"risk_blocked_signals":0,"sell_signals":3,"stop_loss_exits":40,"take_profit_exits":0},"starting_equity":500,"total_return":0.06407801812074188,"trade_analysis":{"average_loss":-3.220577648461116,"average_trade_duration_days":12.0,"average_win":4.676896242114341,"expectancy":0.7281592968266124,"largest_loss":-6.991957409204631,"largest_win":11.331968014180179,"max_trade_duration_days":37.0,"median_trade_duration_days":10.0,"profit_factor":1.4521917347184894,"time_in_market_percent":0.6566823858630876,"total_trades":44,"win_rate":0.5}}