{"capital_utilization":{"average_cash_percent":0.7112677541791109,"average_exposure_percent":0.2887322458208891,"average_leverage":0.2887322458208891,"average_position_value":177.3495206980739,"max_exposure_percent":0.42278734284385716},"closed_trades":22,"equity_curve":[],"final_equity":353.93357337053556,"max_drawdown":0.3111467252130337,"open_trades":0,"profit_factor":0.3871897911056568,"sharpe":-1.9913668812639067,"signal_diagnostics":{"buy_signals":22,"duplicate_buy_skips":0,"flat_sell_skips":0,"hold_signals":147,"risk_blocked_signals":0,"sell_signals":1,"stop_loss_exits":18,"take_profit_exits":3},"starting_equity":500,"total_return":-0.2921328532589289,"trade_analysis":{"average_loss":-14.020887084129958,"average_trade_duration_days":7.774621212121212,"average_win":18.457730760148955,"expectancy":-6.639383028612022,"largest_loss":-24.32236929938684,"largest_win":26.221843960872846,"max_trade_duration_days":24.0,"median_trade_duration_days":6.5,"profit_factor":0.3871897911056568,"time_in_market_percent":0.6151655926869474,"total_trades":22,"win_rate":0.22727272727272727}}