{"capital_utilization":{"average_cash_percent":0.843640700655861,"average_exposure_percent":0.15635929934413897,"average_leverage":0.15635929934413897,"average_position_value":208.01223458634757,"max_exposure_percent":0.4135342753158345},"closed_trades":29,"equity_curve":[],"final_equity":540.5862317222519,"max_drawdown":0.18829900887056303,"open_trades":0,"profit_factor":1.1871313105193992,"sharpe":0.3369243926857585,"signal_diagnostics":{"buy_signals":29,"duplicate_buy_skips":0,"flat_sell_skips":0,"hold_signals":494,"risk_blocked_signals":0,"sell_signals":0,"stop_loss_exits":25,"take_profit_exits":4},"starting_equity":500,"total_return":0.0811724634445039,"trade_analysis":{"average_loss":-11.415072406306098,"average_trade_duration_days":9.623563218390807,"average_win":25.747260744206784,"expectancy":1.39952523180179,"largest_loss":-17.592766501110322,"largest_win":71.99808802217864,"max_trade_duration_days":27.0,"median_trade_duration_days":7.041666666666667,"profit_factor":1.1871313105193992,"time_in_market_percent":0.34710058558325135,"total_trades":29,"win_rate":0.3448275862068966}}