{"capital_utilization":{"average_cash_percent":0.898688333812556,"average_exposure_percent":0.10131166618744401,"average_leverage":0.10131166618744401,"average_position_value":217.24508026514218,"max_exposure_percent":0.40596662016268054},"closed_trades":21,"equity_curve":[],"final_equity":565.3447031614871,"max_drawdown":0.0576229287191377,"open_trades":0,"profit_factor":2.152719772192039,"sharpe":1.0581732002106545,"signal_diagnostics":{"buy_signals":21,"duplicate_buy_skips":0,"flat_sell_skips":0,"hold_signals":511,"risk_blocked_signals":0,"sell_signals":9,"stop_loss_exits":10,"take_profit_exits":1},"starting_equity":500,"total_return":0.1306894063229742,"trade_analysis":{"average_loss":-5.668741418152834,"average_trade_duration_days":8.0,"average_win":11.09382884936504,"expectancy":3.111652531499387,"largest_loss":-7.836751621339622,"largest_win":24.49845337332191,"max_trade_duration_days":21.0,"median_trade_duration_days":7.0,"profit_factor":2.152719772192039,"time_in_market_percent":0.2089443955018915,"total_trades":21,"win_rate":0.5238095238095238}}