{"capital_utilization":{"average_cash_percent":0.8807972543492038,"average_exposure_percent":0.11920274565079622,"average_leverage":0.11920274565079622,"average_position_value":203.47995547177004,"max_exposure_percent":0.40685858888961485},"closed_trades":22,"equity_curve":[],"final_equity":529.6193284042536,"max_drawdown":0.04603450528743273,"open_trades":0,"profit_factor":1.509290848085136,"sharpe":0.5530169284427698,"signal_diagnostics":{"buy_signals":22,"duplicate_buy_skips":0,"flat_sell_skips":0,"hold_signals":510,"risk_blocked_signals":0,"sell_signals":5,"stop_loss_exits":15,"take_profit_exits":1},"starting_equity":500,"total_return":0.05923865680850704,"trade_analysis":{"average_loss":-4.8464985701225824,"average_trade_duration_days":9.318181818181818,"average_win":8.777731124572453,"expectancy":1.346333109284252,"largest_loss":-8.298966768904425,"largest_win":16.828863185117374,"max_trade_duration_days":20.0,"median_trade_duration_days":8.0,"profit_factor":1.509290848085136,"time_in_market_percent":0.2549619111779033,"total_trades":22,"win_rate":0.45454545454545453}}