{"capital_utilization":{"average_cash_percent":0.724793370740026,"average_exposure_percent":0.275206629259974,"average_leverage":0.275206629259974,"average_position_value":210.9738734663157,"max_exposure_percent":0.4042930708822532},"closed_trades":21,"equity_curve":[],"final_equity":533.5292677046772,"max_drawdown":0.05797722192351164,"open_trades":0,"profit_factor":1.879030633884559,"sharpe":0.6438804157638424,"signal_diagnostics":{"buy_signals":21,"duplicate_buy_skips":0,"flat_sell_skips":0,"hold_signals":510,"risk_blocked_signals":0,"sell_signals":1,"stop_loss_exits":20,"take_profit_exits":0},"starting_equity":500,"total_return":0.06705853540935447,"trade_analysis":{"average_loss":-3.4675870537181357,"average_trade_duration_days":25.238095238095237,"average_win":7.167272529557667,"expectancy":1.5966317954608178,"largest_loss":-5.4388785591091215,"largest_win":16.341390244651468,"max_trade_duration_days":79.0,"median_trade_duration_days":19.0,"profit_factor":1.879030633884559,"time_in_market_percent":0.659169819142872,"total_trades":21,"win_rate":0.47619047619047616}}