{"capital_utilization":{"average_cash_percent":0.9783662979253516,"average_exposure_percent":0.021633702074648414,"average_leverage":0.021633702074648414,"average_position_value":205.75863349289065,"max_exposure_percent":0.40400009336396325},"closed_trades":5,"equity_curve":[],"final_equity":513.5974682050542,"max_drawdown":0.023277223292261676,"open_trades":0,"profit_factor":2.3946932983158518,"sharpe":0.5972401485199538,"signal_diagnostics":{"buy_signals":5,"duplicate_buy_skips":0,"flat_sell_skips":0,"hold_signals":543,"risk_blocked_signals":0,"sell_signals":0,"stop_loss_exits":3,"take_profit_exits":2},"starting_equity":500,"total_return":0.027194936410108284,"trade_analysis":{"average_loss":-3.2498108416795985,"average_trade_duration_days":7.6,"average_win":11.673450365046497,"expectancy":2.71949364101084,"largest_loss":-5.004108097632392,"largest_win":12.06230092424602,"max_trade_duration_days":13.0,"median_trade_duration_days":7.0,"profit_factor":2.3946932983158518,"time_in_market_percent":0.047261232315904025,"total_trades":5,"win_rate":0.4}}