{"capital_utilization":{"average_cash_percent":0.9593950483235928,"average_exposure_percent":0.04060495167640724,"average_leverage":0.04060495167640724,"average_position_value":201.16556614590687,"max_exposure_percent":0.4084683917480152},"closed_trades":5,"equity_curve":[],"final_equity":511.2542927947299,"max_drawdown":0.04825899064457827,"open_trades":0,"profit_factor":1.9126814968754418,"sharpe":0.39006762101719367,"signal_diagnostics":{"buy_signals":5,"duplicate_buy_skips":0,"flat_sell_skips":0,"hold_signals":542,"risk_blocked_signals":0,"sell_signals":1,"stop_loss_exits":2,"take_profit_exits":2},"starting_equity":500,"total_return":0.022508585589459784,"trade_analysis":{"average_loss":-6.165509453877885,"average_trade_duration_days":15.4,"average_win":7.861770567495227,"expectancy":2.250858558945982,"largest_loss":-7.47067600075404,"largest_win":11.022958964789387,"max_trade_duration_days":22.0,"median_trade_duration_days":17.0,"profit_factor":1.9126814968754418,"time_in_market_percent":0.09576618127170027,"total_trades":5,"win_rate":0.6}}