{"capital_utilization":{"average_cash_percent":0.7036493862055124,"average_exposure_percent":0.2963506137944875,"average_leverage":0.2963506137944875,"average_position_value":216.59970811955657,"max_exposure_percent":0.4045937433759242},"closed_trades":17,"equity_curve":[],"final_equity":556.0219475392369,"max_drawdown":0.023937630732470707,"open_trades":0,"profit_factor":4.38721445387251,"sharpe":1.4103773726820028,"signal_diagnostics":{"buy_signals":17,"duplicate_buy_skips":0,"flat_sell_skips":0,"hold_signals":519,"risk_blocked_signals":0,"sell_signals":0,"stop_loss_exits":16,"take_profit_exits":0},"starting_equity":500,"total_return":0.11204389507847368,"trade_analysis":{"average_loss":-4.134809612895084,"average_trade_duration_days":33.88235294117647,"average_win":5.581629691601327,"expectancy":3.295408678778642,"largest_loss":-6.058981045154556,"largest_win":19.126092900500737,"max_trade_duration_days":91.0,"median_trade_duration_days":29.0,"profit_factor":4.38721445387251,"time_in_market_percent":0.7163807845779137,"total_trades":17,"win_rate":0.7647058823529411}}