{"capital_utilization":{"average_cash_percent":0.7807145413700889,"average_exposure_percent":0.21928545862991117,"average_leverage":0.21928545862991117,"average_position_value":210.69996979279748,"max_exposure_percent":0.407332488345307},"closed_trades":29,"equity_curve":[],"final_equity":542.1696572061243,"max_drawdown":0.06418235548392127,"open_trades":0,"profit_factor":1.6323087762637405,"sharpe":0.7372754294110272,"signal_diagnostics":{"buy_signals":29,"duplicate_buy_skips":0,"flat_sell_skips":0,"hold_signals":495,"risk_blocked_signals":0,"sell_signals":0,"stop_loss_exits":28,"take_profit_exits":0},"starting_equity":500,"total_return":0.08433931441224862,"trade_analysis":{"average_loss":-4.763682689435969,"average_trade_duration_days":13.966954022988505,"average_win":7.257414323881858,"expectancy":1.4541261105560104,"largest_loss":-9.175955514003828,"largest_win":20.63609608489911,"max_trade_duration_days":45.0,"median_trade_duration_days":11.0,"profit_factor":1.6323087762637405,"time_in_market_percent":0.5037570606830077,"total_trades":29,"win_rate":0.5172413793103449}}