{"capital_utilization":{"average_cash_percent":0.867190540750445,"average_exposure_percent":0.132809459249555,"average_leverage":0.132809459249555,"average_position_value":200.07230658739502,"max_exposure_percent":0.40494408603460846},"closed_trades":10,"equity_curve":[],"final_equity":512.8032043571874,"max_drawdown":0.02946507678346697,"open_trades":0,"profit_factor":1.6566096824456233,"sharpe":0.5991325518967252,"signal_diagnostics":{"buy_signals":10,"duplicate_buy_skips":0,"flat_sell_skips":0,"hold_signals":421,"risk_blocked_signals":0,"sell_signals":3,"stop_loss_exits":4,"take_profit_exits":2},"starting_equity":500,"total_return":0.025606408714374806,"trade_analysis":{"average_loss":-3.2498262665221547,"average_trade_duration_days":19.7,"average_win":8.075540489080069,"expectancy":1.2803204357187343,"largest_loss":-5.974292661057205,"largest_win":14.76167006116693,"max_trade_duration_days":36.0,"median_trade_duration_days":20.5,"profit_factor":1.6566096824456233,"time_in_market_percent":0.3087572650688957,"total_trades":10,"win_rate":0.4}}