{"capital_utilization":{"average_cash_percent":0.7479020685813943,"average_exposure_percent":0.2520979314186057,"average_leverage":0.2520979314186057,"average_position_value":203.0945109926281,"max_exposure_percent":0.4050260010598911},"closed_trades":32,"equity_curve":[],"final_equity":522.8368092160596,"max_drawdown":0.02834385046804795,"open_trades":0,"profit_factor":1.4953186203901108,"sharpe":0.6481679662077335,"signal_diagnostics":{"buy_signals":32,"duplicate_buy_skips":0,"flat_sell_skips":0,"hold_signals":489,"risk_blocked_signals":0,"sell_signals":1,"stop_loss_exits":31,"take_profit_exits":0},"starting_equity":500,"total_return":0.045673618432119145,"trade_analysis":{"average_loss":-2.195490055815315,"average_trade_duration_days":14.654947916666668,"average_win":6.26746367165284,"expectancy":0.7136502880018635,"largest_loss":-6.074207550967966,"largest_win":14.94470922167588,"max_trade_duration_days":57.0,"median_trade_duration_days":9.0,"profit_factor":1.4953186203901108,"time_in_market_percent":0.5832512825827849,"total_trades":32,"win_rate":0.34375}}