{"capital_utilization":{"average_cash_percent":0.9196736463545225,"average_exposure_percent":0.08032635364547752,"average_leverage":0.08032635364547752,"average_position_value":205.08774714802948,"max_exposure_percent":0.40480393169511086},"closed_trades":24,"equity_curve":[],"final_equity":515.5358139924804,"max_drawdown":0.057598325551437346,"open_trades":0,"profit_factor":1.3698474341444808,"sharpe":0.480634203393217,"signal_diagnostics":{"buy_signals":24,"duplicate_buy_skips":0,"flat_sell_skips":0,"hold_signals":504,"risk_blocked_signals":0,"sell_signals":4,"stop_loss_exits":12,"take_profit_exits":8},"starting_equity":500,"total_return":0.03107162798496077,"trade_analysis":{"average_loss":-3.5005006024572705,"average_trade_duration_days":5.168402777777778,"average_win":4.795151768497301,"expectancy":0.6473255830200154,"largest_loss":-5.939915066291697,"largest_win":8.210711010148014,"max_trade_duration_days":18.0,"median_trade_duration_days":4.0,"profit_factor":1.3698474341444808,"time_in_market_percent":0.15427268487329637,"total_trades":24,"win_rate":0.5}}