{"capital_utilization":{"average_cash_percent":0.7247069428923796,"average_exposure_percent":0.2752930571076204,"average_leverage":0.2752930571076204,"average_position_value":205.7173967400626,"max_exposure_percent":0.4056654421219496},"closed_trades":40,"equity_curve":[],"final_equity":504.5605060700625,"max_drawdown":0.0676968437685653,"open_trades":0,"profit_factor":1.0610473063172146,"sharpe":0.1160807067663448,"signal_diagnostics":{"buy_signals":40,"duplicate_buy_skips":0,"flat_sell_skips":0,"hold_signals":472,"risk_blocked_signals":0,"sell_signals":2,"stop_loss_exits":38,"take_profit_exits":0},"starting_equity":500,"total_return":0.009121012140125062,"trade_analysis":{"average_loss":-3.5573552514965607,"average_trade_duration_days":12.55,"average_win":4.171840334288962,"expectancy":0.11401265175156276,"largest_loss":-7.040283632479106,"largest_win":11.229491731865847,"max_trade_duration_days":37.0,"median_trade_duration_days":12.0,"profit_factor":1.0610473063172146,"time_in_market_percent":0.62434575322589,"total_trades":40,"win_rate":0.475}}