{"capital_utilization":{"average_cash_percent":0.9173011755643424,"average_exposure_percent":0.08269882443565754,"average_leverage":0.08269882443565754,"average_position_value":206.9132092138588,"max_exposure_percent":0.40267602675987046},"closed_trades":9,"equity_curve":[],"final_equity":551.5501006139151,"max_drawdown":0.0160334358598509,"open_trades":0,"profit_factor":6.901836477426903,"sharpe":1.6889345422520654,"signal_diagnostics":{"buy_signals":9,"duplicate_buy_skips":0,"flat_sell_skips":0,"hold_signals":535,"risk_blocked_signals":0,"sell_signals":4,"stop_loss_exits":3,"take_profit_exits":2},"starting_equity":500,"total_return":0.10310020122783015,"trade_analysis":{"average_loss":-2.911528799048782,"average_trade_duration_days":16.995370370370367,"average_win":10.047447835176913,"expectancy":5.727788957101682,"largest_loss":-3.339658536873284,"largest_win":16.683594879524335,"max_trade_duration_days":28.0,"median_trade_duration_days":19.958333333333332,"profit_factor":6.901836477426903,"time_in_market_percent":0.19023682437684614,"total_trades":9,"win_rate":0.6666666666666666}}