{"capital_utilization":{"average_cash_percent":0.9495614563103095,"average_exposure_percent":0.050438543689690515,"average_leverage":0.050438543689690515,"average_position_value":208.10776574784353,"max_exposure_percent":0.40609105888770236},"closed_trades":7,"equity_curve":[],"final_equity":546.0473363006041,"max_drawdown":0.029722998063726594,"open_trades":0,"profit_factor":6.739140519935221,"sharpe":1.3353154213403928,"signal_diagnostics":{"buy_signals":7,"duplicate_buy_skips":0,"flat_sell_skips":0,"hold_signals":539,"risk_blocked_signals":0,"sell_signals":5,"stop_loss_exits":1,"take_profit_exits":1},"starting_equity":500,"total_return":0.09209467260120818,"trade_analysis":{"average_loss":-8.02338540773765,"average_trade_duration_days":13.285714285714286,"average_win":9.011786951390294,"expectancy":6.578190900086303,"largest_loss":-8.02338540773765,"largest_win":14.92383625337379,"max_trade_duration_days":21.0,"median_trade_duration_days":12.0,"profit_factor":6.739140519935221,"time_in_market_percent":0.11566564750997566,"total_trades":7,"win_rate":0.8571428571428571}}