{"capital_utilization":{"average_cash_percent":0.9022836286651973,"average_exposure_percent":0.0977163713348027,"average_leverage":0.0977163713348027,"average_position_value":208.22772128683184,"max_exposure_percent":0.4088518375894529},"closed_trades":29,"equity_curve":[],"final_equity":520.8237727932764,"max_drawdown":0.06682838293216636,"open_trades":0,"profit_factor":1.4253057706194205,"sharpe":0.5417868187891176,"signal_diagnostics":{"buy_signals":29,"duplicate_buy_skips":0,"flat_sell_skips":0,"hold_signals":494,"risk_blocked_signals":0,"sell_signals":12,"stop_loss_exits":15,"take_profit_exits":2},"starting_equity":500,"total_return":0.041647545586552814,"trade_analysis":{"average_loss":-3.2641257548184495,"average_trade_duration_days":5.139367816091955,"average_win":4.984689936825222,"expectancy":0.7180611308026341,"largest_loss":-8.146667853572863,"largest_win":11.031465513308033,"max_trade_duration_days":18.0,"median_trade_duration_days":4.0,"profit_factor":1.4253057706194205,"time_in_market_percent":0.1853656008706017,"total_trades":29,"win_rate":0.4827586206896552}}