{"capital_utilization":{"average_cash_percent":0.7801170027789965,"average_exposure_percent":0.2198829972210035,"average_leverage":0.2198829972210035,"average_position_value":206.05387109440977,"max_exposure_percent":0.4104551236028539},"closed_trades":23,"equity_curve":[],"final_equity":580.7988295459804,"max_drawdown":0.07422020394956506,"open_trades":0,"profit_factor":1.9894192080239521,"sharpe":0.9688507732184154,"signal_diagnostics":{"buy_signals":23,"duplicate_buy_skips":0,"flat_sell_skips":0,"hold_signals":395,"risk_blocked_signals":0,"sell_signals":9,"stop_loss_exits":12,"take_profit_exits":1},"starting_equity":500,"total_return":0.16159765909196078,"trade_analysis":{"average_loss":-7.423898870139846,"average_trade_duration_days":13.956521739130435,"average_win":13.5384764264599,"expectancy":3.512992588955672,"largest_loss":-12.190929801146913,"largest_win":22.9866173211056,"max_trade_duration_days":22.0,"median_trade_duration_days":15.0,"profit_factor":1.9894192080239521,"time_in_market_percent":0.5031019395285052,"total_trades":23,"win_rate":0.5217391304347826}}