{"capital_utilization":{"average_cash_percent":0.9352550855926743,"average_exposure_percent":0.06474491440732567,"average_leverage":0.06474491440732567,"average_position_value":198.40146668363903,"max_exposure_percent":0.4182025686730712},"closed_trades":9,"equity_curve":[],"final_equity":586.9668080973902,"max_drawdown":0.10044110457043891,"open_trades":0,"profit_factor":2.3840214566311895,"sharpe":0.7335447056431899,"signal_diagnostics":{"buy_signals":9,"duplicate_buy_skips":0,"flat_sell_skips":0,"hold_signals":536,"risk_blocked_signals":0,"sell_signals":0,"stop_loss_exits":8,"take_profit_exits":0},"starting_equity":500,"total_return":0.17393361619478043,"trade_analysis":{"average_loss":-10.472719152427242,"average_trade_duration_days":13.449074074074074,"average_win":49.9343743373179,"expectancy":9.662978677487803,"largest_loss":-21.435622375759692,"largest_win":81.10666405582049,"max_trade_duration_days":33.0,"median_trade_duration_days":12.0,"profit_factor":2.3840214566311895,"time_in_market_percent":0.15054153495361974,"total_trades":9,"win_rate":0.3333333333333333}}