{"capital_utilization":{"average_cash_percent":0.8025226663422838,"average_exposure_percent":0.19747733365771625,"average_leverage":0.19747733365771625,"average_position_value":209.00858996756938,"max_exposure_percent":0.4056738255681897},"closed_trades":19,"equity_curve":[],"final_equity":548.0428820178935,"max_drawdown":0.04233441858853425,"open_trades":0,"profit_factor":2.422567371902888,"sharpe":0.8356909271436285,"signal_diagnostics":{"buy_signals":19,"duplicate_buy_skips":0,"flat_sell_skips":0,"hold_signals":514,"risk_blocked_signals":0,"sell_signals":6,"stop_loss_exits":11,"take_profit_exits":2},"starting_equity":500,"total_return":0.09608576403578706,"trade_analysis":{"average_loss":-3.3771955526878967,"average_trade_duration_days":19.475877192982455,"average_win":9.090537504974712,"expectancy":2.5285727377838647,"largest_loss":-6.931096206360455,"largest_win":24.498847756421437,"max_trade_duration_days":50.0,"median_trade_duration_days":17.0,"profit_factor":2.422567371902888,"time_in_market_percent":0.4602269782867804,"total_trades":19,"win_rate":0.47368421052631576}}