{"capital_utilization":{"average_cash_percent":0.8175509998122149,"average_exposure_percent":0.18244900018778512,"average_leverage":0.18244900018778512,"average_position_value":194.63436774329443,"max_exposure_percent":0.41899918236367983},"closed_trades":20,"equity_curve":[],"final_equity":472.7957704239351,"max_drawdown":0.20836813340199686,"open_trades":0,"profit_factor":0.8645203731164072,"sharpe":-0.11387811129784721,"signal_diagnostics":{"buy_signals":20,"duplicate_buy_skips":0,"flat_sell_skips":0,"hold_signals":513,"risk_blocked_signals":0,"sell_signals":2,"stop_loss_exits":14,"take_profit_exits":3},"starting_equity":500,"total_return":-0.05440845915212977,"trade_analysis":{"average_loss":-15.446108706150484,"average_trade_duration_days":16.95416666666667,"average_win":24.799311943413063,"expectancy":-1.3602114788032449,"largest_loss":-22.805872328859575,"largest_win":67.32749423780876,"max_trade_duration_days":50.0,"median_trade_duration_days":13.0,"profit_factor":0.8645203731164072,"time_in_market_percent":0.421723583976784,"total_trades":20,"win_rate":0.35}}