{"capital_utilization":{"average_cash_percent":0.845378585257495,"average_exposure_percent":0.15462141474250504,"average_leverage":0.15462141474250504,"average_position_value":200.7586425631389,"max_exposure_percent":0.40706790201578164},"closed_trades":7,"equity_curve":[],"final_equity":529.4722837788703,"max_drawdown":0.03617431290047813,"open_trades":0,"profit_factor":2.2550262381261517,"sharpe":0.8000969468772803,"signal_diagnostics":{"buy_signals":7,"duplicate_buy_skips":0,"flat_sell_skips":0,"hold_signals":427,"risk_blocked_signals":0,"sell_signals":1,"stop_loss_exits":5,"take_profit_exits":0},"starting_equity":500,"total_return":0.05894456755774069,"trade_analysis":{"average_loss":-5.870850123196355,"average_trade_duration_days":34.857142857142854,"average_win":17.651894757218574,"expectancy":4.21032625412433,"largest_loss":-8.551798003927882,"largest_win":31.07188657344806,"max_trade_duration_days":96.0,"median_trade_duration_days":21.0,"profit_factor":2.2550262381261517,"time_in_market_percent":0.3824201658721348,"total_trades":7,"win_rate":0.42857142857142855}}