{"capital_utilization":{"average_cash_percent":0.9055861078556211,"average_exposure_percent":0.0944138921443789,"average_leverage":0.0944138921443789,"average_position_value":211.78612943347557,"max_exposure_percent":0.4057173917223959},"closed_trades":18,"equity_curve":[],"final_equity":585.8167585165398,"max_drawdown":0.023823495969589617,"open_trades":0,"profit_factor":3.746394226959142,"sharpe":1.8904304323831205,"signal_diagnostics":{"buy_signals":18,"duplicate_buy_skips":0,"flat_sell_skips":0,"hold_signals":517,"risk_blocked_signals":0,"sell_signals":10,"stop_loss_exits":7,"take_profit_exits":1},"starting_equity":500,"total_return":0.1716335170330796,"trade_analysis":{"average_loss":-5.207844141853692,"average_trade_duration_days":8.886574074074074,"average_win":9.75531861397183,"expectancy":4.767597695363323,"largest_loss":-7.669784665606545,"largest_win":19.27364272195619,"max_trade_duration_days":14.0,"median_trade_duration_days":8.0,"profit_factor":3.746394226959142,"time_in_market_percent":0.19894284085609165,"total_trades":18,"win_rate":0.6666666666666666}}