{"capital_utilization":{"average_cash_percent":0.9192910953918242,"average_exposure_percent":0.0807089046081758,"average_leverage":0.0807089046081758,"average_position_value":203.87677747094932,"max_exposure_percent":0.4071252257748325},"closed_trades":11,"equity_curve":[],"final_equity":529.46703981656,"max_drawdown":0.05824623023603371,"open_trades":0,"profit_factor":2.0738775574671555,"sharpe":0.666153850024439,"signal_diagnostics":{"buy_signals":11,"duplicate_buy_skips":0,"flat_sell_skips":0,"hold_signals":418,"risk_blocked_signals":0,"sell_signals":7,"stop_loss_exits":4,"take_profit_exits":0},"starting_equity":500,"total_return":0.05893407963312014,"trade_analysis":{"average_loss":-6.859962667918339,"average_trade_duration_days":10.178030303030303,"average_win":8.129555784033347,"expectancy":2.678821801505461,"largest_loss":-8.72627839837621,"largest_win":11.701349366938926,"max_trade_duration_days":16.0,"median_trade_duration_days":12.0,"profit_factor":2.0738775574671555,"time_in_market_percent":0.17547182132828315,"total_trades":11,"win_rate":0.6363636363636364}}