{"capital_utilization":{"average_cash_percent":0.751841223431514,"average_exposure_percent":0.24815877656848592,"average_leverage":0.24815877656848592,"average_position_value":205.88265791587344,"max_exposure_percent":0.4050260010598911},"closed_trades":18,"equity_curve":[],"final_equity":535.887698296553,"max_drawdown":0.02949558470451534,"open_trades":0,"profit_factor":2.2045035910435176,"sharpe":0.9741915019330787,"signal_diagnostics":{"buy_signals":18,"duplicate_buy_skips":0,"flat_sell_skips":0,"hold_signals":517,"risk_blocked_signals":0,"sell_signals":0,"stop_loss_exits":14,"take_profit_exits":4},"starting_equity":500,"total_return":0.07177539659310606,"trade_analysis":{"average_loss":-3.3105107054896887,"average_trade_duration_days":26.497685185185183,"average_win":7.2980327384400265,"expectancy":1.9937610164751693,"largest_loss":-6.074207550967966,"largest_win":14.732019354992936,"max_trade_duration_days":55.958333333333336,"median_trade_duration_days":24.0,"profit_factor":2.2045035910435176,"time_in_market_percent":0.5932010157019226,"total_trades":18,"win_rate":0.5}}