{"capital_utilization":{"average_cash_percent":0.9160810012478525,"average_exposure_percent":0.08391899875214749,"average_leverage":0.08391899875214749,"average_position_value":205.92498042715064,"max_exposure_percent":0.4048039316951108},"closed_trades":24,"equity_curve":[],"final_equity":521.4525177181963,"max_drawdown":0.0530094750571504,"open_trades":0,"profit_factor":1.5080267604286315,"sharpe":0.6478251894285114,"signal_diagnostics":{"buy_signals":24,"duplicate_buy_skips":0,"flat_sell_skips":0,"hold_signals":504,"risk_blocked_signals":0,"sell_signals":3,"stop_loss_exits":12,"take_profit_exits":9},"starting_equity":500,"total_return":0.04290503543639268,"trade_analysis":{"average_loss":-3.51892842877286,"average_trade_duration_days":5.585069444444444,"average_win":5.306638238622551,"expectancy":0.8938549049248454,"largest_loss":-5.980845369936494,"largest_win":9.845916408293933,"max_trade_duration_days":18.0,"median_trade_duration_days":4.5,"profit_factor":1.5080267604286315,"time_in_market_percent":0.16670985127221846,"total_trades":24,"win_rate":0.5}}