{"capital_utilization":{"average_cash_percent":0.8339523649408309,"average_exposure_percent":0.16604763505916906,"average_leverage":0.16604763505916906,"average_position_value":187.6988742978364,"max_exposure_percent":0.41227289729972566},"closed_trades":23,"equity_curve":[],"final_equity":502.2153518233737,"max_drawdown":0.1202287130670802,"open_trades":0,"profit_factor":1.0256984604518533,"sharpe":0.07132773530293997,"signal_diagnostics":{"buy_signals":23,"duplicate_buy_skips":0,"flat_sell_skips":0,"hold_signals":394,"risk_blocked_signals":0,"sell_signals":7,"stop_loss_exits":15,"take_profit_exits":1},"starting_equity":500,"total_return":0.004430703646747469,"trade_analysis":{"average_loss":-7.183802013886485,"average_trade_duration_days":9.91123188405797,"average_win":8.0382705445465,"expectancy":0.0963196444945073,"largest_loss":-14.023694536027632,"largest_win":14.077802627465259,"max_trade_duration_days":18.0,"median_trade_duration_days":8.0,"profit_factor":1.0256984604518533,"time_in_market_percent":0.3572781296937243,"total_trades":23,"win_rate":0.4782608695652174}}