{"capital_utilization":{"average_cash_percent":0.8818390730073022,"average_exposure_percent":0.11816092699269777,"average_leverage":0.11816092699269777,"average_position_value":193.77173096777332,"max_exposure_percent":0.40735570320953723},"closed_trades":21,"equity_curve":[],"final_equity":483.78234484430806,"max_drawdown":0.05869636552632247,"open_trades":0,"profit_factor":0.7330630879899851,"sharpe":-0.39172536237291056,"signal_diagnostics":{"buy_signals":21,"duplicate_buy_skips":0,"flat_sell_skips":0,"hold_signals":398,"risk_blocked_signals":0,"sell_signals":3,"stop_loss_exits":13,"take_profit_exits":5},"starting_equity":500,"total_return":-0.032435310311383914,"trade_analysis":{"average_loss":-4.673433605189918,"average_trade_duration_days":7.617063492063491,"average_win":5.567122713972121,"expectancy":-0.7722692931281886,"largest_loss":-8.608749483395943,"largest_win":10.272550153248146,"max_trade_duration_days":20.0,"median_trade_duration_days":7.0,"profit_factor":0.7330630879899851,"time_in_market_percent":0.25070201789329327,"total_trades":21,"win_rate":0.38095238095238093}}