{"capital_utilization":{"average_cash_percent":0.7110813946478252,"average_exposure_percent":0.28891860535217484,"average_leverage":0.28891860535217484,"average_position_value":209.12728665591362,"max_exposure_percent":0.40436363784582435},"closed_trades":50,"equity_curve":[],"final_equity":526.4980119802764,"max_drawdown":0.03921268529759078,"open_trades":0,"profit_factor":1.3387138452119371,"sharpe":0.5205518185288912,"signal_diagnostics":{"buy_signals":50,"duplicate_buy_skips":0,"flat_sell_skips":0,"hold_signals":453,"risk_blocked_signals":0,"sell_signals":7,"stop_loss_exits":40,"take_profit_exits":2},"starting_equity":500,"total_return":0.052996023960552696,"trade_analysis":{"average_loss":-3.0088947391448095,"average_trade_duration_days":10.2,"average_win":4.363719799918393,"expectancy":0.5299602396055271,"largest_loss":-5.624111929025361,"largest_win":13.303003521003843,"max_trade_duration_days":37.0,"median_trade_duration_days":7.5,"profit_factor":1.3387138452119371,"time_in_market_percent":0.6342954863450277,"total_trades":50,"win_rate":0.48}}