{"capital_utilization":{"average_cash_percent":0.8475439674242521,"average_exposure_percent":0.15245603257574789,"average_leverage":0.15245603257574789,"average_position_value":188.4558303671557,"max_exposure_percent":0.409153449959333},"closed_trades":25,"equity_curve":[],"final_equity":500.4593001578052,"max_drawdown":0.1085894422771136,"open_trades":0,"profit_factor":1.00580745131483,"sharpe":0.04223432743086871,"signal_diagnostics":{"buy_signals":25,"duplicate_buy_skips":0,"flat_sell_skips":0,"hold_signals":390,"risk_blocked_signals":0,"sell_signals":7,"stop_loss_exits":17,"take_profit_exits":1},"starting_equity":500,"total_return":0.0009186003156105293,"trade_analysis":{"average_loss":-6.083698244600241,"average_trade_duration_days":8.078333333333333,"average_win":6.628948111467363,"expectancy":0.018372006312209165,"largest_loss":-10.453897151503025,"largest_win":14.025897227992724,"max_trade_duration_days":19.0,"median_trade_duration_days":7.0,"profit_factor":1.00580745131483,"time_in_market_percent":0.31652843988767715,"total_trades":25,"win_rate":0.48}}