{"capital_utilization":{"average_cash_percent":0.8471046220085997,"average_exposure_percent":0.15289537799140032,"average_leverage":0.15289537799140032,"average_position_value":203.36635736080012,"max_exposure_percent":0.40706790201578164},"closed_trades":10,"equity_curve":[],"final_equity":533.7095833792314,"max_drawdown":0.03512926160836555,"open_trades":0,"profit_factor":2.433702234457489,"sharpe":0.9447373573083885,"signal_diagnostics":{"buy_signals":10,"duplicate_buy_skips":0,"flat_sell_skips":0,"hold_signals":421,"risk_blocked_signals":0,"sell_signals":2,"stop_loss_exits":5,"take_profit_exits":2},"starting_equity":500,"total_return":0.06741916675846271,"trade_analysis":{"average_loss":-5.8780656417102914,"average_trade_duration_days":23.3,"average_win":9.536974324345419,"expectancy":3.370958337923134,"largest_loss":-8.551798003927882,"largest_win":19.367569110913948,"max_trade_duration_days":42.0,"median_trade_duration_days":21.0,"profit_factor":2.433702234457489,"time_in_market_percent":0.3651799124926533,"total_trades":10,"win_rate":0.6}}