{"capital_utilization":{"average_cash_percent":0.7473822525946892,"average_exposure_percent":0.25261774740531084,"average_leverage":0.25261774740531084,"average_position_value":201.74180320463387,"max_exposure_percent":0.4050260010598911},"closed_trades":35,"equity_curve":[],"final_equity":517.429234910357,"max_drawdown":0.028335108628482843,"open_trades":0,"profit_factor":1.3448134363640176,"sharpe":0.507629274805575,"signal_diagnostics":{"buy_signals":35,"duplicate_buy_skips":0,"flat_sell_skips":0,"hold_signals":483,"risk_blocked_signals":0,"sell_signals":1,"stop_loss_exits":31,"take_profit_exits":3},"starting_equity":500,"total_return":0.034858469820713944,"trade_analysis":{"average_loss":-2.1976893655310876,"average_trade_duration_days":13.255952380952381,"average_win":5.664674193130996,"expectancy":0.49797814029591236,"largest_loss":-6.074207550967966,"largest_win":14.69532482737332,"max_trade_duration_days":41.0,"median_trade_duration_days":9.0,"profit_factor":1.3448134363640176,"time_in_market_percent":0.5770326993833239,"total_trades":35,"win_rate":0.34285714285714286}}