{"capital_utilization":{"average_cash_percent":0.9772861752906346,"average_exposure_percent":0.02271382470936546,"average_leverage":0.02271382470936546,"average_position_value":196.14933334384168,"max_exposure_percent":0.4121183218325765},"closed_trades":3,"equity_curve":[],"final_equity":469.43492509394866,"max_drawdown":0.08416515076880986,"open_trades":0,"profit_factor":0.0,"sharpe":-0.7067682497805485,"signal_diagnostics":{"buy_signals":3,"duplicate_buy_skips":0,"flat_sell_skips":0,"hold_signals":434,"risk_blocked_signals":0,"sell_signals":1,"stop_loss_exits":2,"take_profit_exits":0},"starting_equity":500,"total_return":-0.06113014981210263,"trade_analysis":{"average_loss":-10.188358302017107,"average_trade_duration_days":11.0,"average_win":0,"expectancy":-10.188358302017107,"largest_loss":-14.089593661657977,"largest_win":0,"max_trade_duration_days":17.0,"median_trade_duration_days":11.0,"profit_factor":0.0,"time_in_market_percent":0.05172076013844446,"total_trades":3,"win_rate":0.0}}