{"capital_utilization":{"average_cash_percent":0.8586628137649249,"average_exposure_percent":0.14133718623507505,"average_leverage":0.14133718623507505,"average_position_value":201.11442525917215,"max_exposure_percent":0.40314855310309755},"closed_trades":10,"equity_curve":[],"final_equity":515.5253734373887,"max_drawdown":0.02473654911738817,"open_trades":0,"profit_factor":2.184269785898656,"sharpe":0.6808332211676773,"signal_diagnostics":{"buy_signals":10,"duplicate_buy_skips":0,"flat_sell_skips":0,"hold_signals":421,"risk_blocked_signals":0,"sell_signals":4,"stop_loss_exits":5,"take_profit_exits":0},"starting_equity":500,"total_return":0.03105074687477738,"trade_analysis":{"average_loss":-2.621931864217504,"average_trade_duration_days":21.2,"average_win":5.727006551695231,"expectancy":1.5525373437388634,"largest_loss":-3.851628138439436,"largest_win":11.889239264928891,"max_trade_duration_days":47.0,"median_trade_duration_days":21.5,"profit_factor":2.184269785898656,"time_in_market_percent":0.3322667014954614,"total_trades":10,"win_rate":0.5}}