{"capital_utilization":{"average_cash_percent":0.7292957268712285,"average_exposure_percent":0.27070427312877154,"average_leverage":0.27070427312877154,"average_position_value":213.679226166318,"max_exposure_percent":0.4058160701631224},"closed_trades":41,"equity_curve":[],"final_equity":549.139254325216,"max_drawdown":0.04067677302160847,"open_trades":0,"profit_factor":1.6710470449892552,"sharpe":0.8713835461462088,"signal_diagnostics":{"buy_signals":41,"duplicate_buy_skips":0,"flat_sell_skips":0,"hold_signals":471,"risk_blocked_signals":0,"sell_signals":2,"stop_loss_exits":36,"take_profit_exits":3},"starting_equity":500,"total_return":0.09827850865043208,"trade_analysis":{"average_loss":-3.1838145096397295,"average_trade_duration_days":12.169715447154472,"average_win":6.798166002607213,"expectancy":1.1985183981760008,"largest_loss":-7.349837694777331,"largest_win":14.390676944841593,"max_trade_duration_days":42.0,"median_trade_duration_days":10.0,"profit_factor":1.6710470449892552,"time_in_market_percent":0.6205627817795513,"total_trades":41,"win_rate":0.43902439024390244}}