{"capital_utilization":{"average_cash_percent":0.8175615799901637,"average_exposure_percent":0.18243842000983637,"average_leverage":0.18243842000983637,"average_position_value":189.906184004099,"max_exposure_percent":0.40940187180989945},"closed_trades":29,"equity_curve":[],"final_equity":501.47176287927397,"max_drawdown":0.11274357941786252,"open_trades":0,"profit_factor":1.0142293241244997,"sharpe":0.0625066916087427,"signal_diagnostics":{"buy_signals":29,"duplicate_buy_skips":0,"flat_sell_skips":0,"hold_signals":383,"risk_blocked_signals":0,"sell_signals":7,"stop_loss_exits":20,"take_profit_exits":1},"starting_equity":500,"total_return":0.002943525758547949,"trade_analysis":{"average_loss":-6.084216387133535,"average_trade_duration_days":8.48419540229885,"average_win":8.741953455045339,"expectancy":0.05075044411289566,"largest_loss":-10.594602922369111,"largest_win":17.67926324333505,"max_trade_duration_days":23.0,"median_trade_duration_days":8.0,"profit_factor":1.0142293241244997,"time_in_market_percent":0.38562006138575067,"total_trades":29,"win_rate":0.41379310344827586}}