{"capital_utilization":{"average_cash_percent":0.8616137529904112,"average_exposure_percent":0.13838624700958876,"average_leverage":0.13838624700958876,"average_position_value":205.90372920433504,"max_exposure_percent":0.4094340140373104},"closed_trades":8,"equity_curve":[],"final_equity":541.4501694600262,"max_drawdown":0.03632341595751306,"open_trades":0,"profit_factor":2.803902698292989,"sharpe":0.8703838432998435,"signal_diagnostics":{"buy_signals":8,"duplicate_buy_skips":0,"flat_sell_skips":0,"hold_signals":425,"risk_blocked_signals":0,"sell_signals":0,"stop_loss_exits":7,"take_profit_exits":0},"starting_equity":500,"total_return":0.08290033892005244,"trade_analysis":{"average_loss":-7.659350566090221,"average_trade_duration_days":27.005208333333332,"average_win":12.88564423165938,"expectancy":5.181271182503282,"largest_loss":-11.391868586328568,"largest_win":24.116072383687506,"max_trade_duration_days":61.0,"median_trade_duration_days":20.5,"profit_factor":2.803902698292989,"time_in_market_percent":0.33860118853261933,"total_trades":8,"win_rate":0.625}}