{"capital_utilization":{"average_cash_percent":0.7694230628426435,"average_exposure_percent":0.23057693715735655,"average_leverage":0.23057693715735655,"average_position_value":204.0183832908214,"max_exposure_percent":0.4246980025679077},"closed_trades":25,"equity_curve":[],"final_equity":622.6299835289179,"max_drawdown":0.17380684596248125,"open_trades":0,"profit_factor":1.5925667458708506,"sharpe":0.6533062867009886,"signal_diagnostics":{"buy_signals":25,"duplicate_buy_skips":0,"flat_sell_skips":0,"hold_signals":502,"risk_blocked_signals":0,"sell_signals":7,"stop_loss_exits":15,"take_profit_exits":3},"starting_equity":500,"total_return":0.24525996705783593,"trade_analysis":{"average_loss":-18.81337486197793,"average_trade_duration_days":17.48166666666667,"average_win":23.541221929333943,"expectancy":4.905199341156718,"largest_loss":-28.255040437261048,"largest_win":42.65865196722611,"max_trade_duration_days":44.0,"median_trade_duration_days":13.0,"profit_factor":1.5925667458708506,"time_in_market_percent":0.5435559931595585,"total_trades":25,"win_rate":0.56}}