{"capital_utilization":{"average_cash_percent":0.8980711837997802,"average_exposure_percent":0.1019288162002198,"average_leverage":0.1019288162002198,"average_position_value":202.30863077977457,"max_exposure_percent":0.4060385656202571},"closed_trades":21,"equity_curve":[],"final_equity":500.72690115787583,"max_drawdown":0.0435747614726203,"open_trades":0,"profit_factor":1.0125596183243777,"sharpe":0.03712076069705696,"signal_diagnostics":{"buy_signals":21,"duplicate_buy_skips":0,"flat_sell_skips":0,"hold_signals":510,"risk_blocked_signals":0,"sell_signals":6,"stop_loss_exits":15,"take_profit_exits":0},"starting_equity":500,"total_return":0.0014538023157517621,"trade_analysis":{"average_loss":-4.823004563130621,"average_trade_duration_days":8.188492063492063,"average_win":6.511439546160365,"expectancy":0.034614340851229726,"largest_loss":-7.4619586475045,"largest_win":14.047240876496224,"max_trade_duration_days":21.0,"median_trade_duration_days":7.0,"profit_factor":1.0125596183243777,"time_in_market_percent":0.21386744053479814,"total_trades":21,"win_rate":0.42857142857142855}}