{"capital_utilization":{"average_cash_percent":0.8247706994341952,"average_exposure_percent":0.1752293005658048,"average_leverage":0.1752293005658048,"average_position_value":186.95320447620355,"max_exposure_percent":0.4112445841343072},"closed_trades":27,"equity_curve":[],"final_equity":482.68930587386564,"max_drawdown":0.12459770263052848,"open_trades":0,"profit_factor":0.8539696632370113,"sharpe":-0.20303660076162605,"signal_diagnostics":{"buy_signals":27,"duplicate_buy_skips":0,"flat_sell_skips":0,"hold_signals":387,"risk_blocked_signals":0,"sell_signals":9,"stop_loss_exits":16,"take_profit_exits":1},"starting_equity":500,"total_return":-0.03462138825226868,"trade_analysis":{"average_loss":-6.973045105822203,"average_trade_duration_days":9.185185185185185,"average_win":10.123107267284311,"expectancy":-0.6411368194864578,"largest_loss":-12.214536395025815,"largest_win":17.26308228011622,"max_trade_duration_days":22.0,"median_trade_duration_days":9.0,"profit_factor":0.8539696632370113,"time_in_market_percent":0.38868934891921897,"total_trades":27,"win_rate":0.37037037037037035}}