{"capital_utilization":{"average_cash_percent":0.6945458793764734,"average_exposure_percent":0.30545412062352667,"average_leverage":0.30545412062352667,"average_position_value":205.0431339550177,"max_exposure_percent":0.4053295427779397},"closed_trades":39,"equity_curve":[],"final_equity":520.0357674566324,"max_drawdown":0.03536524424927941,"open_trades":0,"profit_factor":1.3830703183529451,"sharpe":0.5254113052822786,"signal_diagnostics":{"buy_signals":39,"duplicate_buy_skips":0,"flat_sell_skips":0,"hold_signals":475,"risk_blocked_signals":0,"sell_signals":0,"stop_loss_exits":38,"take_profit_exits":0},"starting_equity":500,"total_return":0.04007153491326476,"trade_analysis":{"average_loss":-2.6151552987423266,"average_trade_duration_days":14.384615384615385,"average_win":3.8073091279725695,"expectancy":0.5137376270931361,"largest_loss":-6.692642180044695,"largest_win":14.854850920630234,"max_trade_duration_days":57.0,"median_trade_duration_days":12.0,"profit_factor":1.3830703183529451,"time_in_market_percent":0.6977250349795305,"total_trades":39,"win_rate":0.48717948717948717}}