{"capital_utilization":{"average_cash_percent":0.8589776270284528,"average_exposure_percent":0.14102237297154716,"average_leverage":0.14102237297154716,"average_position_value":200.68875840185152,"max_exposure_percent":0.40995130976844224},"closed_trades":18,"equity_curve":[],"final_equity":537.440803349084,"max_drawdown":0.06292689866537785,"open_trades":0,"profit_factor":1.4978171909948261,"sharpe":0.6122576519255535,"signal_diagnostics":{"buy_signals":18,"duplicate_buy_skips":0,"flat_sell_skips":0,"hold_signals":404,"risk_blocked_signals":0,"sell_signals":7,"stop_loss_exits":10,"take_profit_exits":1},"starting_equity":500,"total_return":0.07488160669816812,"trade_analysis":{"average_loss":-7.520994458681348,"average_trade_duration_days":11.11111111111111,"average_win":14.081343491987186,"expectancy":2.080044630504668,"largest_loss":-11.644408341727056,"largest_win":24.639563019855352,"max_trade_duration_days":28.0,"median_trade_duration_days":9.5,"profit_factor":1.4978171909948261,"time_in_market_percent":0.31345915235420885,"total_trades":18,"win_rate":0.4444444444444444}}