{"capital_utilization":{"average_cash_percent":0.8403149907645973,"average_exposure_percent":0.15968500923540277,"average_leverage":0.15968500923540277,"average_position_value":200.09634760799628,"max_exposure_percent":0.40557837769759725},"closed_trades":31,"equity_curve":[],"final_equity":512.9390079919556,"max_drawdown":0.062779888727876,"open_trades":0,"profit_factor":1.1644738257351945,"sharpe":0.2500979075146751,"signal_diagnostics":{"buy_signals":31,"duplicate_buy_skips":0,"flat_sell_skips":0,"hold_signals":491,"risk_blocked_signals":0,"sell_signals":9,"stop_loss_exits":14,"take_profit_exits":7},"starting_equity":500,"total_return":0.02587801598391115,"trade_analysis":{"average_loss":-4.916818806168095,"average_trade_duration_days":8.903225806451612,"average_win":6.1072072593763345,"expectancy":0.41738735457921045,"largest_loss":-6.496648392334481,"largest_win":11.137512441882535,"max_trade_duration_days":32.0,"median_trade_duration_days":7.0,"profit_factor":1.1644738257351945,"time_in_market_percent":0.3432657926102503,"total_trades":31,"win_rate":0.4838709677419355}}