{"capital_utilization":{"average_cash_percent":0.9146476391849165,"average_exposure_percent":0.08535236081508349,"average_leverage":0.08535236081508349,"average_position_value":206.52450334999833,"max_exposure_percent":0.404803931695111},"closed_trades":24,"equity_curve":[],"final_equity":523.8874600583875,"max_drawdown":0.053009475057150354,"open_trades":0,"profit_factor":1.563649586434238,"sharpe":0.7159019157005524,"signal_diagnostics":{"buy_signals":24,"duplicate_buy_skips":0,"flat_sell_skips":0,"hold_signals":504,"risk_blocked_signals":0,"sell_signals":1,"stop_loss_exits":12,"take_profit_exits":11},"starting_equity":500,"total_return":0.0477749201167752,"trade_analysis":{"average_loss":-3.5316652747416524,"average_trade_duration_days":5.751736111111111,"average_win":5.522286946273944,"expectancy":0.9953108357661464,"largest_loss":-6.008773154589106,"largest_win":9.891892288984751,"max_trade_duration_days":19.0,"median_trade_duration_days":4.5,"profit_factor":1.563649586434238,"time_in_market_percent":0.17168471783178732,"total_trades":24,"win_rate":0.5}}