{"capital_utilization":{"average_cash_percent":0.7980858664092262,"average_exposure_percent":0.20191413359077384,"average_leverage":0.20191413359077384,"average_position_value":216.92230804103713,"max_exposure_percent":0.4075151390385593},"closed_trades":18,"equity_curve":[],"final_equity":552.7235656673633,"max_drawdown":0.04577076793326912,"open_trades":0,"profit_factor":2.4174130426408387,"sharpe":0.7875818172044066,"signal_diagnostics":{"buy_signals":18,"duplicate_buy_skips":0,"flat_sell_skips":0,"hold_signals":517,"risk_blocked_signals":0,"sell_signals":6,"stop_loss_exits":12,"take_profit_exits":0},"starting_equity":500,"total_return":0.10544713133472672,"trade_analysis":{"average_loss":-4.133004132744385,"average_trade_duration_days":21.946759259259256,"average_win":9.991178095784765,"expectancy":2.9290869815201885,"largest_loss":-9.80379091791026,"largest_win":24.78758814713289,"max_trade_duration_days":61.0,"median_trade_duration_days":16.5,"profit_factor":2.4174130426408387,"time_in_market_percent":0.49131989428408557,"total_trades":18,"win_rate":0.5}}