{"capital_utilization":{"average_cash_percent":0.7089846137334381,"average_exposure_percent":0.2910153862665618,"average_leverage":0.2910153862665618,"average_position_value":210.03339264475161,"max_exposure_percent":0.40529396398449313},"closed_trades":46,"equity_curve":[],"final_equity":532.705980107598,"max_drawdown":0.04490936498754138,"open_trades":0,"profit_factor":1.4901603100370349,"sharpe":0.6380073491070084,"signal_diagnostics":{"buy_signals":46,"duplicate_buy_skips":0,"flat_sell_skips":0,"hold_signals":461,"risk_blocked_signals":0,"sell_signals":8,"stop_loss_exits":37,"take_profit_exits":0},"starting_equity":500,"total_return":0.06541196021519591,"trade_analysis":{"average_loss":-2.90108992098016,"average_trade_duration_days":11.282608695652174,"average_win":4.323089056093112,"expectancy":0.7109995675564761,"largest_loss":-6.99944790481663,"largest_win":11.206543767119507,"max_trade_duration_days":37.0,"median_trade_duration_days":9.0,"profit_factor":1.4901603100370349,"time_in_market_percent":0.6454889361040577,"total_trades":46,"win_rate":0.5}}