{"capital_utilization":{"average_cash_percent":0.8672667448781869,"average_exposure_percent":0.1327332551218131,"average_leverage":0.1327332551218131,"average_position_value":198.25000003343433,"max_exposure_percent":0.4070218982003456},"closed_trades":17,"equity_curve":[],"final_equity":510.03869842758655,"max_drawdown":0.051659003843637204,"open_trades":0,"profit_factor":1.2358178664911934,"sharpe":0.2554813203276315,"signal_diagnostics":{"buy_signals":17,"duplicate_buy_skips":0,"flat_sell_skips":0,"hold_signals":407,"risk_blocked_signals":0,"sell_signals":1,"stop_loss_exits":15,"take_profit_exits":0},"starting_equity":500,"total_return":0.02007739685517307,"trade_analysis":{"average_loss":-6.081387287180244,"average_trade_duration_days":11.120098039215685,"average_win":5.26084094378483,"expectancy":0.590511672210975,"largest_loss":-8.414118205454132,"largest_win":20.13694733271223,"max_trade_duration_days":34.0,"median_trade_duration_days":7.0,"profit_factor":1.2358178664911934,"time_in_market_percent":0.2962842029648011,"total_trades":17,"win_rate":0.5882352941176471}}