{"capital_utilization":{"average_cash_percent":0.9273179229312242,"average_exposure_percent":0.07268207706877583,"average_leverage":0.07268207706877583,"average_position_value":205.5649504907741,"max_exposure_percent":0.40321141171464175},"closed_trades":9,"equity_curve":[],"final_equity":550.222767771141,"max_drawdown":0.019840006821231482,"open_trades":0,"profit_factor":8.944320949687446,"sharpe":1.7229104767524346,"signal_diagnostics":{"buy_signals":9,"duplicate_buy_skips":0,"flat_sell_skips":0,"hold_signals":535,"risk_blocked_signals":0,"sell_signals":5,"stop_loss_exits":2,"take_profit_exits":2},"starting_equity":500,"total_return":0.10044553554228197,"trade_analysis":{"average_loss":-3.160922631978813,"average_trade_duration_days":14.995370370370368,"average_win":8.077801862156937,"expectancy":5.58030753012677,"largest_loss":-3.9854888665923065,"largest_win":16.643444975835653,"max_trade_duration_days":21.0,"median_trade_duration_days":18.0,"profit_factor":8.944320949687446,"time_in_market_percent":0.16784992485878633,"total_trades":9,"win_rate":0.7777777777777778}}