{"capital_utilization":{"average_cash_percent":0.7344327377417618,"average_exposure_percent":0.26556726225823823,"average_leverage":0.26556726225823823,"average_position_value":208.29771069941694,"max_exposure_percent":0.4041507382829939},"closed_trades":17,"equity_curve":[],"final_equity":549.0514228378821,"max_drawdown":0.023754655980301985,"open_trades":0,"profit_factor":3.4603364082630694,"sharpe":1.2421734217529203,"signal_diagnostics":{"buy_signals":17,"duplicate_buy_skips":0,"flat_sell_skips":0,"hold_signals":519,"risk_blocked_signals":0,"sell_signals":0,"stop_loss_exits":14,"take_profit_exits":3},"starting_equity":500,"total_return":0.09810284567576422,"trade_analysis":{"average_loss":-3.322812730889316,"average_trade_duration_days":30.232843137254896,"average_win":6.271663565747093,"expectancy":2.885377813993066,"largest_loss":-5.142327545022181,"largest_win":14.267576762023861,"max_trade_duration_days":66.0,"median_trade_duration_days":27.0,"profit_factor":3.4603364082630694,"time_in_market_percent":0.6392185313779344,"total_trades":17,"win_rate":0.6470588235294118}}