{"capital_utilization":{"average_cash_percent":0.9330044850424334,"average_exposure_percent":0.06699551495756662,"average_leverage":0.06699551495756662,"average_position_value":208.98193523228892,"max_exposure_percent":0.407932327574728},"closed_trades":11,"equity_curve":[],"final_equity":532.1164736269513,"max_drawdown":0.05155300325821525,"open_trades":0,"profit_factor":1.897886338901935,"sharpe":0.5823038983556615,"signal_diagnostics":{"buy_signals":11,"duplicate_buy_skips":0,"flat_sell_skips":0,"hold_signals":530,"risk_blocked_signals":0,"sell_signals":5,"stop_loss_exits":5,"take_profit_exits":1},"starting_equity":500,"total_return":0.06423294725390272,"trade_analysis":{"average_loss":-7.153794914894921,"average_trade_duration_days":10.090909090909092,"average_win":11.314241366904334,"expectancy":2.919679420631945,"largest_loss":-10.055246029826138,"largest_win":20.977485022415063,"max_trade_duration_days":21.0,"median_trade_duration_days":9.0,"profit_factor":1.897886338901935,"time_in_market_percent":0.13805254702803546,"total_trades":11,"win_rate":0.5454545454545454}}