{"capital_utilization":{"average_cash_percent":0.7993872728210353,"average_exposure_percent":0.20061272717896472,"average_leverage":0.20061272717896472,"average_position_value":208.87011339191722,"max_exposure_percent":0.40581136486574954},"closed_trades":30,"equity_curve":[],"final_equity":552.9068196692167,"max_drawdown":0.03459706667981557,"open_trades":0,"profit_factor":1.8408460334722019,"sharpe":0.9003807254599946,"signal_diagnostics":{"buy_signals":30,"duplicate_buy_skips":0,"flat_sell_skips":0,"hold_signals":492,"risk_blocked_signals":0,"sell_signals":3,"stop_loss_exits":25,"take_profit_exits":2},"starting_equity":500,"total_return":0.10581363933843346,"trade_analysis":{"average_loss":-3.7012315441908883,"average_trade_duration_days":12.168055555555556,"average_win":8.909827378497063,"expectancy":1.7635606556405576,"largest_loss":-7.5123176679094374,"largest_win":24.401089561655674,"max_trade_duration_days":27.0,"median_trade_duration_days":9.0,"profit_factor":1.8408460334722019,"time_in_market_percent":0.4540083950873193,"total_trades":30,"win_rate":0.43333333333333335}}