{"capital_utilization":{"average_cash_percent":0.8378035201962271,"average_exposure_percent":0.1621964798037729,"average_leverage":0.1621964798037729,"average_position_value":194.90650346826644,"max_exposure_percent":0.40392621001122375},"closed_trades":12,"equity_curve":[],"final_equity":500.46828703524136,"max_drawdown":0.04656893132007303,"open_trades":0,"profit_factor":1.0178873937324595,"sharpe":0.032784923446485925,"signal_diagnostics":{"buy_signals":12,"duplicate_buy_skips":0,"flat_sell_skips":0,"hold_signals":417,"risk_blocked_signals":0,"sell_signals":0,"stop_loss_exits":11,"take_profit_exits":0},"starting_equity":500,"total_return":0.0009365740704827541,"trade_analysis":{"average_loss":-3.272465529673336,"average_trade_duration_days":20.416666666666668,"average_win":6.662002818157009,"expectancy":0.03902391960344579,"largest_loss":-4.599649036800157,"largest_win":11.547935365719518,"max_trade_duration_days":47.0,"median_trade_duration_days":16.0,"profit_factor":1.0178873937324595,"time_in_market_percent":0.38398746163390585,"total_trades":12,"win_rate":0.3333333333333333}}