{"capital_utilization":{"average_cash_percent":0.8660970657362824,"average_exposure_percent":0.13390293426371758,"average_leverage":0.13390293426371758,"average_position_value":206.94131789045593,"max_exposure_percent":0.4094340140373104},"closed_trades":9,"equity_curve":[],"final_equity":541.1902823809412,"max_drawdown":0.045770767933269445,"open_trades":0,"profit_factor":2.7167362525294925,"sharpe":0.8826383968726564,"signal_diagnostics":{"buy_signals":9,"duplicate_buy_skips":0,"flat_sell_skips":0,"hold_signals":423,"risk_blocked_signals":0,"sell_signals":2,"stop_loss_exits":6,"take_profit_exits":0},"starting_equity":500,"total_return":0.08238056476188249,"trade_analysis":{"average_loss":-5.998341667255262,"average_trade_duration_days":23.11574074074074,"average_win":13.036729809992455,"expectancy":4.576698042326803,"largest_loss":-11.391868586328568,"largest_win":24.343100758323818,"max_trade_duration_days":61.0,"median_trade_duration_days":9.0,"profit_factor":2.7167362525294925,"time_in_market_percent":0.32606282243845097,"total_trades":9,"win_rate":0.5555555555555556}}