{"capital_utilization":{"average_cash_percent":0.7170745321302185,"average_exposure_percent":0.2829254678697814,"average_leverage":0.2829254678697814,"average_position_value":203.48732483025003,"max_exposure_percent":0.40345770021748484},"closed_trades":38,"equity_curve":[],"final_equity":509.1235372723052,"max_drawdown":0.03636348651192444,"open_trades":0,"profit_factor":1.1966430387857019,"sharpe":0.27064618781208166,"signal_diagnostics":{"buy_signals":38,"duplicate_buy_skips":0,"flat_sell_skips":0,"hold_signals":477,"risk_blocked_signals":0,"sell_signals":0,"stop_loss_exits":36,"take_profit_exits":1},"starting_equity":500,"total_return":0.018247074544610387,"trade_analysis":{"average_loss":-2.108929165309416,"average_trade_duration_days":13.578947368421053,"average_win":3.469998681819524,"expectancy":0.24009308611329483,"largest_loss":-4.205013577429865,"largest_win":9.877855714753757,"max_trade_duration_days":50.0,"median_trade_duration_days":12.0,"profit_factor":1.1966430387857019,"time_in_market_percent":0.6417577861843811,"total_trades":38,"win_rate":0.42105263157894735}}