{"capital_utilization":{"average_cash_percent":0.7071336721255161,"average_exposure_percent":0.29286632787448386,"average_leverage":0.29286632787448386,"average_position_value":205.2643961303379,"max_exposure_percent":0.40459680834318495},"closed_trades":40,"equity_curve":[],"final_equity":519.1065954856314,"max_drawdown":0.03320546240475958,"open_trades":0,"profit_factor":1.4149532691925817,"sharpe":0.5561078922702904,"signal_diagnostics":{"buy_signals":40,"duplicate_buy_skips":0,"flat_sell_skips":0,"hold_signals":473,"risk_blocked_signals":0,"sell_signals":3,"stop_loss_exits":35,"take_profit_exits":1},"starting_equity":500,"total_return":0.038213190971262856,"trade_analysis":{"average_loss":-2.3022587004566946,"average_trade_duration_days":13.275,"average_win":3.2575884747382644,"expectancy":0.4776648871407853,"largest_loss":-5.693521556828234,"largest_win":9.885125956213104,"max_trade_duration_days":50.0,"median_trade_duration_days":10.5,"profit_factor":1.4149532691925817,"time_in_market_percent":0.6604135357827642,"total_trades":40,"win_rate":0.5}}