{"capital_utilization":{"average_cash_percent":0.7463080068868723,"average_exposure_percent":0.25369199311312773,"average_leverage":0.25369199311312773,"average_position_value":213.37354039675205,"max_exposure_percent":0.4041541733821141},"closed_trades":43,"equity_curve":[],"final_equity":552.668959217472,"max_drawdown":0.035284420645023615,"open_trades":0,"profit_factor":1.875349795560501,"sharpe":1.0069712542951499,"signal_diagnostics":{"buy_signals":43,"duplicate_buy_skips":0,"flat_sell_skips":0,"hold_signals":467,"risk_blocked_signals":0,"sell_signals":7,"stop_loss_exits":33,"take_profit_exits":3},"starting_equity":500,"total_return":0.10533791843494389,"trade_analysis":{"average_loss":-2.7349564858940014,"average_trade_duration_days":10.603682170542635,"average_win":5.3732381860542855,"expectancy":1.224859516685394,"largest_loss":-5.197464952514306,"largest_win":14.346058798618714,"max_trade_duration_days":31.0,"median_trade_duration_days":9.0,"profit_factor":1.875349795560501,"time_in_market_percent":0.5670829662641862,"total_trades":43,"win_rate":0.4883720930232558}}