{"capital_utilization":{"average_cash_percent":0.9098687256314277,"average_exposure_percent":0.09013127436857223,"average_leverage":0.09013127436857223,"average_position_value":201.8404457464567,"max_exposure_percent":0.40469785218642884},"closed_trades":23,"equity_curve":[],"final_equity":522.3682387213612,"max_drawdown":0.02697634678173312,"open_trades":0,"profit_factor":1.6519963303817393,"sharpe":0.7568976921391021,"signal_diagnostics":{"buy_signals":23,"duplicate_buy_skips":0,"flat_sell_skips":0,"hold_signals":508,"risk_blocked_signals":0,"sell_signals":1,"stop_loss_exits":11,"take_profit_exits":10},"starting_equity":500,"total_return":0.044736477442722355,"trade_analysis":{"average_loss":-2.858942307781691,"average_trade_duration_days":6.565217391304348,"average_win":5.1523224013401325,"expectancy":0.9725321183200506,"largest_loss":-5.6737082859226895,"largest_win":7.84938198339287,"max_trade_duration_days":21.0,"median_trade_duration_days":6.0,"profit_factor":1.6519963303817393,"time_in_market_percent":0.1878012126237239,"total_trades":23,"win_rate":0.4782608695652174}}