{"capital_utilization":{"average_cash_percent":0.9084880011085803,"average_exposure_percent":0.09151199889141964,"average_leverage":0.09151199889141964,"average_position_value":195.15744066212434,"max_exposure_percent":0.40827282978745194},"closed_trades":12,"equity_curve":[],"final_equity":489.73909837487116,"max_drawdown":0.0658856912041263,"open_trades":0,"profit_factor":0.6659577157121273,"sharpe":-0.18091329614517845,"signal_diagnostics":{"buy_signals":12,"duplicate_buy_skips":0,"flat_sell_skips":0,"hold_signals":416,"risk_blocked_signals":0,"sell_signals":1,"stop_loss_exits":11,"take_profit_exits":0},"starting_equity":500,"total_return":-0.020521803250257653,"trade_analysis":{"average_loss":-4.38819622021527,"average_trade_duration_days":10.333333333333334,"average_win":4.091294383275613,"expectancy":-0.8550751354274023,"largest_loss":-9.847199520236586,"largest_win":10.019330637988993,"max_trade_duration_days":21.0,"median_trade_duration_days":10.5,"profit_factor":0.6659577157121273,"time_in_market_percent":0.19434467445960948,"total_trades":12,"win_rate":0.4166666666666667}}