{"capital_utilization":{"average_cash_percent":0.7455273386441679,"average_exposure_percent":0.2544726613558321,"average_leverage":0.2544726613558321,"average_position_value":214.71852116664448,"max_exposure_percent":0.40393830694297905},"closed_trades":41,"equity_curve":[],"final_equity":555.0439704035468,"max_drawdown":0.0330265403258329,"open_trades":0,"profit_factor":1.9685358145847518,"sharpe":1.0329134748837854,"signal_diagnostics":{"buy_signals":41,"duplicate_buy_skips":0,"flat_sell_skips":0,"hold_signals":471,"risk_blocked_signals":0,"sell_signals":7,"stop_loss_exits":31,"take_profit_exits":3},"starting_equity":500,"total_return":0.11008794080709361,"trade_analysis":{"average_loss":-2.5832794379208144,"average_trade_duration_days":11.242886178861788,"average_win":5.88821673883183,"expectancy":1.3425358635011437,"largest_loss":-5.244616214166437,"largest_win":14.346058798618714,"max_trade_duration_days":31.0,"median_trade_duration_days":9.0,"profit_factor":1.9685358145847518,"time_in_market_percent":0.5733015494636472,"total_trades":41,"win_rate":0.4634146341463415}}