{"capital_utilization":{"average_cash_percent":0.7240857301431435,"average_exposure_percent":0.2759142698568565,"average_leverage":0.2759142698568565,"average_position_value":215.73607337109607,"max_exposure_percent":0.4058181023302303},"closed_trades":25,"equity_curve":[],"final_equity":570.8910281248343,"max_drawdown":0.04657920131718116,"open_trades":0,"profit_factor":2.50115893262767,"sharpe":1.1271652889070962,"signal_diagnostics":{"buy_signals":25,"duplicate_buy_skips":0,"flat_sell_skips":0,"hold_signals":504,"risk_blocked_signals":0,"sell_signals":3,"stop_loss_exits":16,"take_profit_exits":5},"starting_equity":500,"total_return":0.14178205624966855,"trade_analysis":{"average_loss":-4.293108997565372,"average_trade_duration_days":20.95833333333333,"average_win":8.436801935575241,"expectancy":2.8356411249933715,"largest_loss":-7.36563103411321,"largest_win":20.098376045036346,"max_trade_duration_days":53.958333333333336,"median_trade_duration_days":19.0,"profit_factor":2.50115893262767,"time_in_market_percent":0.6516556977768564,"total_trades":25,"win_rate":0.56}}