{"capital_utilization":{"average_cash_percent":0.8194037263804148,"average_exposure_percent":0.18059627361958522,"average_leverage":0.18059627361958522,"average_position_value":196.31738497499077,"max_exposure_percent":0.41820461204298565},"closed_trades":37,"equity_curve":[],"final_equity":465.80568818661993,"max_drawdown":0.21483686337280672,"open_trades":0,"profit_factor":0.8780235045933527,"sharpe":-0.16093872969552137,"signal_diagnostics":{"buy_signals":37,"duplicate_buy_skips":0,"flat_sell_skips":0,"hold_signals":479,"risk_blocked_signals":0,"sell_signals":8,"stop_loss_exits":24,"take_profit_exits":4},"starting_equity":500,"total_return":-0.06838862362676013,"trade_analysis":{"average_loss":-10.382787182612663,"average_trade_duration_days":8.272522522522523,"average_win":24.614094211716186,"expectancy":-0.9241705895508129,"largest_loss":-21.929731603151577,"largest_win":69.2213622553029,"max_trade_duration_days":28.0,"median_trade_duration_days":7.0,"profit_factor":0.8780235045933527,"time_in_market_percent":0.38068093486034105,"total_trades":37,"win_rate":0.2702702702702703}}