{"capital_utilization":{"average_cash_percent":0.7973934548170132,"average_exposure_percent":0.20260654518298682,"average_leverage":0.20260654518298682,"average_position_value":215.35782086826225,"max_exposure_percent":0.4063306972320446},"closed_trades":20,"equity_curve":[],"final_equity":544.5420062524886,"max_drawdown":0.05613183673845506,"open_trades":0,"profit_factor":1.9947433757337452,"sharpe":0.6728216371854887,"signal_diagnostics":{"buy_signals":20,"duplicate_buy_skips":0,"flat_sell_skips":0,"hold_signals":513,"risk_blocked_signals":0,"sell_signals":6,"stop_loss_exits":14,"take_profit_exits":0},"starting_equity":500,"total_return":0.08908401250497722,"trade_analysis":{"average_loss":-4.070671285138182,"average_trade_duration_days":19.602083333333333,"average_win":9.92437670988984,"expectancy":2.2271003126244278,"largest_loss":-8.161070431565202,"largest_win":24.78758814713289,"max_trade_duration_days":61.0,"median_trade_duration_days":13.5,"profit_factor":1.9947433757337452,"time_in_market_percent":0.48758874436440897,"total_trades":20,"win_rate":0.45}}