{"capital_utilization":{"average_cash_percent":0.738600343948711,"average_exposure_percent":0.26139965605128906,"average_leverage":0.26139965605128906,"average_position_value":205.3769209792377,"max_exposure_percent":0.4041647924279253},"closed_trades":20,"equity_curve":[],"final_equity":539.7262395596932,"max_drawdown":0.024594227353052823,"open_trades":0,"profit_factor":2.7698097019475214,"sharpe":1.038535577595485,"signal_diagnostics":{"buy_signals":20,"duplicate_buy_skips":0,"flat_sell_skips":0,"hold_signals":513,"risk_blocked_signals":0,"sell_signals":6,"stop_loss_exits":12,"take_profit_exits":2},"starting_equity":500,"total_return":0.07945247911938647,"trade_analysis":{"average_loss":-2.494068493853571,"average_trade_duration_days":25.047916666666666,"average_win":5.652077818579579,"expectancy":1.9863119779846614,"largest_loss":-5.125706235211676,"largest_win":13.689115912594277,"max_trade_duration_days":55.958333333333336,"median_trade_duration_days":24.0,"profit_factor":2.7698097019475214,"time_in_market_percent":0.6230502150593357,"total_trades":20,"win_rate":0.55}}