{"capital_utilization":{"average_cash_percent":0.9084748333186023,"average_exposure_percent":0.0915251666813976,"average_leverage":0.0915251666813976,"average_position_value":207.74169953347572,"max_exposure_percent":0.40567794480041136},"closed_trades":17,"equity_curve":[],"final_equity":567.4482011384341,"max_drawdown":0.026746844591893686,"open_trades":0,"profit_factor":2.8006911929555924,"sharpe":1.5604356161745154,"signal_diagnostics":{"buy_signals":17,"duplicate_buy_skips":0,"flat_sell_skips":0,"hold_signals":519,"risk_blocked_signals":0,"sell_signals":9,"stop_loss_exits":7,"take_profit_exits":1},"starting_equity":500,"total_return":0.13489640227686817,"trade_analysis":{"average_loss":-5.350977082125493,"average_trade_duration_days":9.0,"average_win":10.490504071331257,"expectancy":3.9675412434373016,"largest_loss":-6.867969777374319,"largest_win":18.77826400852715,"max_trade_duration_days":19.0,"median_trade_duration_days":9.0,"profit_factor":2.8006911929555924,"time_in_market_percent":0.19028864590350833,"total_trades":17,"win_rate":0.5882352941176471}}