{"capital_utilization":{"average_cash_percent":0.9169848412597766,"average_exposure_percent":0.08301515874022339,"average_leverage":0.08301515874022339,"average_position_value":204.81923735639035,"max_exposure_percent":0.40571739172239596},"closed_trades":18,"equity_curve":[],"final_equity":544.2945060966487,"max_drawdown":0.023823495969589617,"open_trades":0,"profit_factor":2.372522227528432,"sharpe":1.1085265940198963,"signal_diagnostics":{"buy_signals":18,"duplicate_buy_skips":0,"flat_sell_skips":0,"hold_signals":517,"risk_blocked_signals":0,"sell_signals":10,"stop_loss_exits":7,"take_profit_exits":1},"starting_equity":500,"total_return":0.08858901219329729,"trade_analysis":{"average_loss":-5.378723589831154,"average_trade_duration_days":7.666666666666667,"average_win":6.380570636302966,"expectancy":2.460805894258259,"largest_loss":-7.319009765770823,"largest_win":14.668252263424288,"max_trade_duration_days":13.0,"median_trade_duration_days":8.0,"profit_factor":2.372522227528432,"time_in_market_percent":0.17163289630512515,"total_trades":18,"win_rate":0.6666666666666666}}