{"capital_utilization":{"average_cash_percent":0.8782426308078488,"average_exposure_percent":0.12175736919215115,"average_leverage":0.12175736919215115,"average_position_value":192.2281510416399,"max_exposure_percent":0.4073356447216809},"closed_trades":25,"equity_curve":[],"final_equity":467.4357819006882,"max_drawdown":0.09166406782551212,"open_trades":0,"profit_factor":0.5604643331617205,"sharpe":-0.8046122095327316,"signal_diagnostics":{"buy_signals":25,"duplicate_buy_skips":0,"flat_sell_skips":0,"hold_signals":390,"risk_blocked_signals":0,"sell_signals":1,"stop_loss_exits":19,"take_profit_exits":5},"starting_equity":500,"total_return":-0.06512843619862363,"trade_analysis":{"average_loss":-3.899356400544069,"average_trade_duration_days":6.118333333333332,"average_win":6.920592251837591,"expectancy":-1.3025687239724713,"largest_loss":-8.62673595064911,"largest_win":10.917091412168478,"max_trade_duration_days":22.0,"median_trade_duration_days":5.0,"profit_factor":0.5604643331617205,"time_in_market_percent":0.23973094756089597,"total_trades":25,"win_rate":0.24}}