{"capital_utilization":{"average_cash_percent":0.9338028833710892,"average_exposure_percent":0.06619711662891085,"average_leverage":0.06619711662891085,"average_position_value":205.4223927845797,"max_exposure_percent":0.4022176065069764},"closed_trades":10,"equity_curve":[],"final_equity":549.4964178178188,"max_drawdown":0.01665531816348581,"open_trades":0,"profit_factor":10.370872091937747,"sharpe":1.7741403514737533,"signal_diagnostics":{"buy_signals":10,"duplicate_buy_skips":0,"flat_sell_skips":0,"hold_signals":533,"risk_blocked_signals":0,"sell_signals":4,"stop_loss_exits":4,"take_profit_exits":2},"starting_equity":500,"total_return":0.09899283563563777,"trade_analysis":{"average_loss":-1.7606478647241082,"average_trade_duration_days":11.995833333333334,"average_win":7.825480201713016,"expectancy":4.949641781781879,"largest_loss":-2.710656470962903,"largest_win":16.634462499017488,"max_trade_duration_days":21.0,"median_trade_duration_days":10.0,"profit_factor":10.370872091937747,"time_in_market_percent":0.14919417526040318,"total_trades":10,"win_rate":0.7}}