{"capital_utilization":{"average_cash_percent":0.9191038700841772,"average_exposure_percent":0.08089612991582279,"average_leverage":0.08089612991582279,"average_position_value":204.43339893231274,"max_exposure_percent":0.40567794480041136},"closed_trades":18,"equity_curve":[],"final_equity":537.6809751004968,"max_drawdown":0.026746844591893686,"open_trades":0,"profit_factor":2.019121122011372,"sharpe":1.0026694712484379,"signal_diagnostics":{"buy_signals":18,"duplicate_buy_skips":0,"flat_sell_skips":0,"hold_signals":517,"risk_blocked_signals":0,"sell_signals":1,"stop_loss_exits":7,"take_profit_exits":10},"starting_equity":500,"total_return":0.07536195020099345,"trade_analysis":{"average_loss":-5.281998701296707,"average_trade_duration_days":7.388888888888889,"average_win":6.786815091779427,"expectancy":2.0933875055831526,"largest_loss":-6.867969777374319,"largest_win":11.83450025147497,"max_trade_duration_days":18.0,"median_trade_duration_days":6.5,"profit_factor":2.019121122011372,"time_in_market_percent":0.1654143131056641,"total_trades":18,"win_rate":0.6111111111111112}}