{"capital_utilization":{"average_cash_percent":0.8881673913547519,"average_exposure_percent":0.1118326086452481,"average_leverage":0.1118326086452481,"average_position_value":189.03410647218828,"max_exposure_percent":0.41355086324382057},"closed_trades":19,"equity_curve":[],"final_equity":557.3496589380095,"max_drawdown":0.1609027410005277,"open_trades":0,"profit_factor":1.4832702909941238,"sharpe":0.46831491095337785,"signal_diagnostics":{"buy_signals":19,"duplicate_buy_skips":0,"flat_sell_skips":0,"hold_signals":516,"risk_blocked_signals":0,"sell_signals":1,"stop_loss_exits":17,"take_profit_exits":0},"starting_equity":500,"total_return":0.11469931787601895,"trade_analysis":{"average_loss":-8.476424655509462,"average_trade_duration_days":10.423245614035087,"average_win":35.2039208230284,"expectancy":3.0184031020005015,"largest_loss":-14.939939911971043,"largest_win":77.02061463237423,"max_trade_duration_days":33.0,"median_trade_duration_days":8.0,"profit_factor":1.4832702909941238,"time_in_market_percent":0.24630771622532,"total_trades":19,"win_rate":0.2631578947368421}}