{"capital_utilization":{"average_cash_percent":0.8540270238680263,"average_exposure_percent":0.14597297613197374,"average_leverage":0.14597297613197374,"average_position_value":207.2124586608831,"max_exposure_percent":0.4083990406091531},"closed_trades":32,"equity_curve":[],"final_equity":549.9003072677204,"max_drawdown":0.057058432712173965,"open_trades":0,"profit_factor":1.5870750881559665,"sharpe":0.794540178907579,"signal_diagnostics":{"buy_signals":32,"duplicate_buy_skips":0,"flat_sell_skips":0,"hold_signals":489,"risk_blocked_signals":0,"sell_signals":7,"stop_loss_exits":13,"take_profit_exits":12},"starting_equity":500,"total_return":0.09980061453544087,"trade_analysis":{"average_loss":-5.666544566949115,"average_trade_duration_days":7.811197916666666,"average_win":7.9352044571739535,"expectancy":1.5593846021162645,"largest_loss":-10.272105469654845,"largest_win":15.618102923522045,"max_trade_duration_days":19.041666666666668,"median_trade_duration_days":6.5,"profit_factor":1.5870750881559665,"time_in_market_percent":0.3108773384463906,"total_trades":32,"win_rate":0.53125}}