{"capital_utilization":{"average_cash_percent":0.9139801915751345,"average_exposure_percent":0.08601980842486542,"average_leverage":0.08601980842486542,"average_position_value":190.40112132562663,"max_exposure_percent":0.41555888261369245},"closed_trades":10,"equity_curve":[],"final_equity":470.79410706564323,"max_drawdown":0.12915013174666468,"open_trades":0,"profit_factor":0.6873548658463164,"sharpe":-0.3302648734849265,"signal_diagnostics":{"buy_signals":10,"duplicate_buy_skips":0,"flat_sell_skips":0,"hold_signals":421,"risk_blocked_signals":0,"sell_signals":1,"stop_loss_exits":7,"take_profit_exits":1},"starting_equity":500,"total_return":-0.05841178586871354,"trade_analysis":{"average_loss":-13.345067501171824,"average_trade_duration_days":12.6,"average_win":21.40319319128199,"expectancy":-2.920589293435678,"largest_loss":-17.230393112819048,"largest_win":41.16914220506845,"max_trade_duration_days":24.0,"median_trade_duration_days":12.5,"profit_factor":0.6873548658463164,"time_in_market_percent":0.19747926598315158,"total_trades":10,"win_rate":0.3}}