{"capital_utilization":{"average_cash_percent":0.8930593133125679,"average_exposure_percent":0.10694068668743203,"average_leverage":0.10694068668743203,"average_position_value":210.24837113480373,"max_exposure_percent":0.4089466638227793},"closed_trades":29,"equity_curve":[],"final_equity":531.1972991321759,"max_drawdown":0.0768622631678108,"open_trades":0,"profit_factor":1.5570541767666009,"sharpe":0.7752192684284673,"signal_diagnostics":{"buy_signals":29,"duplicate_buy_skips":0,"flat_sell_skips":0,"hold_signals":494,"risk_blocked_signals":0,"sell_signals":10,"stop_loss_exits":16,"take_profit_exits":3},"starting_equity":500,"total_return":0.062394598264351675,"trade_analysis":{"average_loss":-3.500254153157438,"average_trade_duration_days":5.725574712643679,"average_win":6.707797352514991,"expectancy":1.075768935592272,"largest_loss":-11.411200213928149,"largest_win":14.404593625008763,"max_trade_duration_days":18.0,"median_trade_duration_days":5.0,"profit_factor":1.5570541767666009,"time_in_market_percent":0.20650878374876927,"total_trades":29,"win_rate":0.4482758620689655}}