{"capital_utilization":{"average_cash_percent":0.8328024583873507,"average_exposure_percent":0.1671975416126493,"average_leverage":0.1671975416126493,"average_position_value":186.97857665236782,"max_exposure_percent":0.424682483583819},"closed_trades":28,"equity_curve":[],"final_equity":517.3622991853122,"max_drawdown":0.1633284987378562,"open_trades":0,"profit_factor":1.068944218331031,"sharpe":0.1784648772141351,"signal_diagnostics":{"buy_signals":28,"duplicate_buy_skips":0,"flat_sell_skips":0,"hold_signals":497,"risk_blocked_signals":0,"sell_signals":12,"stop_loss_exits":13,"take_profit_exits":3},"starting_equity":500,"total_return":0.03472459837062436,"trade_analysis":{"average_loss":-19.37162401900956,"average_trade_duration_days":10.677083333333332,"average_win":17.94622742882909,"expectancy":0.6200821137611474,"largest_loss":-28.37601871665424,"largest_win":37.399581959483186,"max_trade_duration_days":20.0,"median_trade_duration_days":11.5,"profit_factor":1.068944218331031,"time_in_market_percent":0.371819453801109,"total_trades":28,"win_rate":0.5357142857142857}}