{"capital_utilization":{"average_cash_percent":0.9286096846201567,"average_exposure_percent":0.07139031537984326,"average_leverage":0.07139031537984326,"average_position_value":201.9498100384195,"max_exposure_percent":0.4073055802016701},"closed_trades":15,"equity_curve":[],"final_equity":516.5997712412286,"max_drawdown":0.03835192134992122,"open_trades":0,"profit_factor":1.4385997602451936,"sharpe":0.4134166767092441,"signal_diagnostics":{"buy_signals":15,"duplicate_buy_skips":0,"flat_sell_skips":0,"hold_signals":524,"risk_blocked_signals":0,"sell_signals":2,"stop_loss_exits":7,"take_profit_exits":5},"starting_equity":500,"total_return":0.033199542482457156,"trade_analysis":{"average_loss":-5.4067423344654655,"average_trade_duration_days":7.933333333333334,"average_win":6.805870947810863,"expectancy":1.1066514160819094,"largest_loss":-8.838576586855124,"largest_win":12.18732567759813,"max_trade_duration_days":14.0,"median_trade_duration_days":7.0,"profit_factor":1.4385997602451936,"time_in_market_percent":0.14800228014717315,"total_trades":15,"win_rate":0.5333333333333333}}