{"capital_utilization":{"average_cash_percent":0.7584438680845543,"average_exposure_percent":0.24155613191544567,"average_leverage":0.24155613191544567,"average_position_value":201.6640822176913,"max_exposure_percent":0.4050260010598911},"closed_trades":31,"equity_curve":[],"final_equity":510.6853400147118,"max_drawdown":0.02877982387315544,"open_trades":0,"profit_factor":1.22778403085013,"sharpe":0.32457168676975784,"signal_diagnostics":{"buy_signals":31,"duplicate_buy_skips":0,"flat_sell_skips":0,"hold_signals":491,"risk_blocked_signals":0,"sell_signals":0,"stop_loss_exits":31,"take_profit_exits":0},"starting_equity":500,"total_return":0.02137068002942355,"trade_analysis":{"average_loss":-2.233807668989133,"average_trade_duration_days":14.54704301075269,"average_win":5.759530106348363,"expectancy":0.34468838757134895,"largest_loss":-6.074207550967966,"largest_win":14.834447298153147,"max_trade_duration_days":57.0,"median_trade_duration_days":9.0,"profit_factor":1.22778403085013,"time_in_market_percent":0.5608643830647252,"total_trades":31,"win_rate":0.3225806451612903}}