{"capital_utilization":{"average_cash_percent":0.8682265885547565,"average_exposure_percent":0.13177341144524343,"average_leverage":0.13177341144524343,"average_position_value":206.67849779650496,"max_exposure_percent":0.409020816510913},"closed_trades":23,"equity_curve":[],"final_equity":549.649029902494,"max_drawdown":0.03740048379784666,"open_trades":0,"profit_factor":1.6960159938094246,"sharpe":0.8442751866368641,"signal_diagnostics":{"buy_signals":23,"duplicate_buy_skips":0,"flat_sell_skips":0,"hold_signals":507,"risk_blocked_signals":0,"sell_signals":8,"stop_loss_exits":14,"take_profit_exits":1},"starting_equity":500,"total_return":0.09929805980498796,"trade_analysis":{"average_loss":-6.484833988153793,"average_trade_duration_days":10.219202898550725,"average_win":10.081850314348808,"expectancy":2.158653474021477,"largest_loss":-10.873825332099482,"largest_win":19.170388686785785,"max_trade_duration_days":22.0,"median_trade_duration_days":11.0,"profit_factor":1.6960159938094246,"time_in_market_percent":0.29232523190133186,"total_trades":23,"win_rate":0.5217391304347826}}