{"capital_utilization":{"average_cash_percent":0.7104567086114735,"average_exposure_percent":0.2895432913885265,"average_leverage":0.2895432913885265,"average_position_value":204.21734660184538,"max_exposure_percent":0.4040839209749983},"closed_trades":40,"equity_curve":[],"final_equity":505.61183243565085,"max_drawdown":0.04565247468361283,"open_trades":0,"profit_factor":1.106340849072133,"sharpe":0.16935557482897556,"signal_diagnostics":{"buy_signals":40,"duplicate_buy_skips":0,"flat_sell_skips":0,"hold_signals":473,"risk_blocked_signals":0,"sell_signals":0,"stop_loss_exits":37,"take_profit_exits":2},"starting_equity":500,"total_return":0.011223664871301775,"trade_analysis":{"average_loss":-2.2944401584381917,"average_trade_duration_days":13.1,"average_win":3.434350357631135,"expectancy":0.14029581089127202,"largest_loss":-5.029186037861302,"largest_win":14.87195902496936,"max_trade_duration_days":36.0,"median_trade_duration_days":12.0,"profit_factor":1.106340849072133,"time_in_market_percent":0.6517075193035187,"total_trades":40,"win_rate":0.425}}