{"capital_utilization":{"average_cash_percent":0.9331409548901383,"average_exposure_percent":0.06685904510986172,"average_leverage":0.06685904510986172,"average_position_value":195.7001739990959,"max_exposure_percent":0.41409673672750064},"closed_trades":9,"equity_curve":[],"final_equity":582.4779014745557,"max_drawdown":0.10089196288099021,"open_trades":0,"profit_factor":2.0727048066413345,"sharpe":0.6476920573858589,"signal_diagnostics":{"buy_signals":9,"duplicate_buy_skips":0,"flat_sell_skips":0,"hold_signals":536,"risk_blocked_signals":0,"sell_signals":1,"stop_loss_exits":7,"take_profit_exits":0},"starting_equity":500,"total_return":0.16495580294911139,"trade_analysis":{"average_loss":-10.983969942671775,"average_trade_duration_days":14.11574074074074,"average_win":79.68284553662906,"expectancy":9.164211274950633,"largest_loss":-16.513223365113692,"largest_win":130.40682303216087,"max_trade_duration_days":43.0,"median_trade_duration_days":9.0,"profit_factor":2.0727048066413345,"time_in_market_percent":0.158003834792973,"total_trades":9,"win_rate":0.2222222222222222}}