{"capital_utilization":{"average_cash_percent":0.8653536008025562,"average_exposure_percent":0.13464639919744376,"average_leverage":0.13464639919744376,"average_position_value":206.5651486915591,"max_exposure_percent":0.40928370367200206},"closed_trades":32,"equity_curve":[],"final_equity":534.5104740647391,"max_drawdown":0.05438812285480908,"open_trades":0,"profit_factor":1.331940692704165,"sharpe":0.5287786887471817,"signal_diagnostics":{"buy_signals":32,"duplicate_buy_skips":0,"flat_sell_skips":0,"hold_signals":489,"risk_blocked_signals":0,"sell_signals":6,"stop_loss_exits":22,"take_profit_exits":3},"starting_equity":500,"total_return":0.06902094812947834,"trade_analysis":{"average_loss":-6.115634300885019,"average_trade_duration_days":7.125000000000001,"average_win":9.231750478652296,"expectancy":1.0784523145230973,"largest_loss":-11.660914086180801,"largest_win":19.90714398290697,"max_trade_duration_days":19.041666666666668,"median_trade_duration_days":5.0,"profit_factor":1.331940692704165,"time_in_market_percent":0.2835673938954242,"total_trades":32,"win_rate":0.46875}}