{"capital_utilization":{"average_cash_percent":0.8326252407524589,"average_exposure_percent":0.1673747592475411,"average_leverage":0.1673747592475411,"average_position_value":185.34448273948087,"max_exposure_percent":0.40972972921712825},"closed_trades":29,"equity_curve":[],"final_equity":466.36889165124023,"max_drawdown":0.12523540146196113,"open_trades":0,"profit_factor":0.6969556342500988,"sharpe":-0.5520917194142178,"signal_diagnostics":{"buy_signals":29,"duplicate_buy_skips":0,"flat_sell_skips":0,"hold_signals":382,"risk_blocked_signals":0,"sell_signals":3,"stop_loss_exits":18,"take_profit_exits":8},"starting_equity":500,"total_return":-0.06726221669751953,"trade_analysis":{"average_loss":-6.165417078918386,"average_trade_duration_days":7.517241379310345,"average_win":7.031490824706472,"expectancy":-1.159693391336544,"largest_loss":-11.01500947575415,"largest_win":12.54193951780128,"max_trade_duration_days":19.0,"median_trade_duration_days":7.0,"profit_factor":0.6969556342500988,"time_in_market_percent":0.34167047606608764,"total_trades":29,"win_rate":0.3793103448275862}}