{"capital_utilization":{"average_cash_percent":0.8675593010242109,"average_exposure_percent":0.13244069897578914,"average_leverage":0.13244069897578914,"average_position_value":213.19002096252288,"max_exposure_percent":0.4092890772554658},"closed_trades":30,"equity_curve":[],"final_equity":594.5725360724562,"max_drawdown":0.04322655486406062,"open_trades":0,"profit_factor":1.9132730231478141,"sharpe":1.075567430886175,"signal_diagnostics":{"buy_signals":30,"duplicate_buy_skips":0,"flat_sell_skips":0,"hold_signals":493,"risk_blocked_signals":0,"sell_signals":10,"stop_loss_exits":14,"take_profit_exits":5},"starting_equity":500,"total_return":0.18914507214491239,"trade_analysis":{"average_loss":-6.903560685973857,"average_trade_duration_days":7.566666666666667,"average_win":13.208396424137598,"expectancy":3.1524178690818707,"largest_loss":-12.097269815580157,"largest_win":44.99789777872087,"max_trade_duration_days":19.041666666666668,"median_trade_duration_days":6.5,"profit_factor":1.9132730231478141,"time_in_market_percent":0.282323677255532,"total_trades":30,"win_rate":0.5}}