{"capital_utilization":{"average_cash_percent":0.767334348959031,"average_exposure_percent":0.23266565104096903,"average_leverage":0.23266565104096903,"average_position_value":169.1309767162378,"max_exposure_percent":0.4227873428438571},"closed_trades":16,"equity_curve":[],"final_equity":345.2400239061101,"max_drawdown":0.31618077103928244,"open_trades":0,"profit_factor":0.2472787806732208,"sharpe":-2.4437813169345715,"signal_diagnostics":{"buy_signals":16,"duplicate_buy_skips":0,"flat_sell_skips":0,"hold_signals":156,"risk_blocked_signals":0,"sell_signals":1,"stop_loss_exits":12,"take_profit_exits":2},"starting_equity":500,"total_return":-0.30951995218777983,"trade_analysis":{"average_loss":-15.815435037597478,"average_trade_duration_days":8.6875,"average_win":16.946893131625767,"expectancy":-9.672498505868118,"largest_loss":-23.855348905451862,"largest_win":23.554160722922635,"max_trade_duration_days":26.0,"median_trade_duration_days":7.5,"profit_factor":0.2472787806732208,"time_in_market_percent":0.5128362797847809,"total_trades":16,"win_rate":0.1875}}