{"capital_utilization":{"average_cash_percent":0.9300298874733114,"average_exposure_percent":0.0699701125266886,"average_leverage":0.0699701125266886,"average_position_value":207.46201136331322,"max_exposure_percent":0.4058763211854441},"closed_trades":12,"equity_curve":[],"final_equity":554.8885206444581,"max_drawdown":0.021045444252341897,"open_trades":0,"profit_factor":3.9179794962010055,"sharpe":1.402489676045278,"signal_diagnostics":{"buy_signals":12,"duplicate_buy_skips":0,"flat_sell_skips":0,"hold_signals":529,"risk_blocked_signals":0,"sell_signals":8,"stop_loss_exits":3,"take_profit_exits":1},"starting_equity":500,"total_return":0.1097770412889163,"trade_analysis":{"average_loss":-6.270151511336174,"average_trade_duration_days":9.916666666666666,"average_win":8.188775019829626,"expectancy":4.574043387038175,"largest_loss":-7.423857394799963,"largest_win":14.952836567518785,"max_trade_duration_days":21.0,"median_trade_duration_days":9.0,"profit_factor":3.9179794962010055,"time_in_market_percent":0.14800228014717315,"total_trades":12,"win_rate":0.75}}