{"capital_utilization":{"average_cash_percent":0.7893835294660809,"average_exposure_percent":0.2106164705339191,"average_leverage":0.2106164705339191,"average_position_value":172.96105876035242,"max_exposure_percent":0.42219083459089957},"closed_trades":13,"equity_curve":[],"final_equity":358.1141773568194,"max_drawdown":0.30796905696071025,"open_trades":0,"profit_factor":0.17430117132724504,"sharpe":-2.1376498713593293,"signal_diagnostics":{"buy_signals":13,"duplicate_buy_skips":0,"flat_sell_skips":0,"hold_signals":168,"risk_blocked_signals":0,"sell_signals":1,"stop_loss_exits":10,"take_profit_exits":1},"starting_equity":500,"total_return":-0.2837716452863611,"trade_analysis":{"average_loss":-15.621568908016625,"average_trade_duration_days":10.233974358974361,"average_win":14.975717672501133,"expectancy":-10.914294049475428,"largest_loss":-25.163149068479154,"largest_win":22.102106219064986,"max_trade_duration_days":27.041666666666668,"median_trade_duration_days":7.0,"profit_factor":0.17430117132724504,"time_in_market_percent":0.47507811337598577,"total_trades":13,"win_rate":0.15384615384615385}}