{"capital_utilization":{"average_cash_percent":0.7613169623284709,"average_exposure_percent":0.2386830376715291,"average_leverage":0.2386830376715291,"average_position_value":214.99033959973931,"max_exposure_percent":0.4070697501018377},"closed_trades":28,"equity_curve":[],"final_equity":553.967788204329,"max_drawdown":0.06778528974114259,"open_trades":0,"profit_factor":1.7571270734875621,"sharpe":0.7677533532856384,"signal_diagnostics":{"buy_signals":28,"duplicate_buy_skips":0,"flat_sell_skips":0,"hold_signals":497,"risk_blocked_signals":0,"sell_signals":12,"stop_loss_exits":16,"take_profit_exits":0},"starting_equity":500,"total_return":0.10793557640865803,"trade_analysis":{"average_loss":-4.454981047281198,"average_trade_duration_days":16.07142857142857,"average_win":10.437290413402353,"expectancy":1.9274210072974658,"largest_loss":-8.554029165956385,"largest_win":24.852209632304678,"max_trade_duration_days":61.0,"median_trade_duration_days":7.5,"profit_factor":1.7571270734875621,"time_in_market_percent":0.559672487951495,"total_trades":28,"win_rate":0.42857142857142855}}