{"capital_utilization":{"average_cash_percent":0.9076491104483266,"average_exposure_percent":0.09235088955167331,"average_leverage":0.09235088955167331,"average_position_value":193.95660398813683,"max_exposure_percent":0.40666739628372367},"closed_trades":13,"equity_curve":[],"final_equity":485.7495322422451,"max_drawdown":0.07479688867697569,"open_trades":0,"profit_factor":0.613795317753134,"sharpe":-0.25937389098154023,"signal_diagnostics":{"buy_signals":13,"duplicate_buy_skips":0,"flat_sell_skips":0,"hold_signals":414,"risk_blocked_signals":0,"sell_signals":1,"stop_loss_exits":12,"take_profit_exits":0},"starting_equity":500,"total_return":-0.028500935515509807,"trade_analysis":{"average_loss":-5.271249163544337,"average_trade_duration_days":9.23076923076923,"average_win":3.7747127311759114,"expectancy":-1.096189827519607,"largest_loss":-7.929353885549872,"largest_win":11.494164353555036,"max_trade_duration_days":21.0,"median_trade_duration_days":10.0,"profit_factor":0.613795317753134,"time_in_market_percent":0.1880754914125253,"total_trades":13,"win_rate":0.46153846153846156}}