{"capital_utilization":{"average_cash_percent":0.8229343807108591,"average_exposure_percent":0.17706561928914094,"average_leverage":0.17706561928914094,"average_position_value":184.98184749725988,"max_exposure_percent":0.40972972921712825},"closed_trades":27,"equity_curve":[],"final_equity":469.5648346211941,"max_drawdown":0.1180431857655791,"open_trades":0,"profit_factor":0.707632168723463,"sharpe":-0.469675481420343,"signal_diagnostics":{"buy_signals":27,"duplicate_buy_skips":0,"flat_sell_skips":0,"hold_signals":386,"risk_blocked_signals":0,"sell_signals":8,"stop_loss_exits":18,"take_profit_exits":1},"starting_equity":500,"total_return":-0.060870330757611835,"trade_analysis":{"average_loss":-5.783271414171012,"average_trade_duration_days":8.816358024691358,"average_win":8.184857786252485,"expectancy":-1.1272283473631803,"largest_loss":-11.01500947575415,"largest_win":12.910492672807601,"max_trade_duration_days":22.0,"median_trade_duration_days":7.0,"profit_factor":0.707632168723463,"time_in_market_percent":0.3730816952915823,"total_trades":27,"win_rate":0.3333333333333333}}