{"capital_utilization":{"average_cash_percent":0.8810712643050708,"average_exposure_percent":0.11892873569492925,"average_leverage":0.11892873569492925,"average_position_value":206.7987688480996,"max_exposure_percent":0.40469785218642884},"closed_trades":28,"equity_curve":[],"final_equity":540.7516869771479,"max_drawdown":0.018279957793265963,"open_trades":0,"profit_factor":2.027402884230738,"sharpe":1.2179751248961614,"signal_diagnostics":{"buy_signals":28,"duplicate_buy_skips":0,"flat_sell_skips":0,"hold_signals":498,"risk_blocked_signals":0,"sell_signals":2,"stop_loss_exits":10,"take_profit_exits":15},"starting_equity":500,"total_return":0.08150337395429563,"trade_analysis":{"average_loss":-3.605887109104449,"average_trade_duration_days":7.142857142857143,"average_win":4.73037912807628,"expectancy":1.4554173920409943,"largest_loss":-5.6737082859226895,"largest_win":8.131902208591166,"max_trade_duration_days":21.0,"median_trade_duration_days":5.5,"profit_factor":2.027402884230738,"time_in_market_percent":0.24874332797844226,"total_trades":28,"win_rate":0.6071428571428571}}