{"capital_utilization":{"average_cash_percent":0.8304134056084937,"average_exposure_percent":0.16958659439150625,"average_leverage":0.16958659439150625,"average_position_value":209.41319388618382,"max_exposure_percent":0.4097715415824939},"closed_trades":35,"equity_curve":[],"final_equity":536.2137374761294,"max_drawdown":0.04588302774381659,"open_trades":0,"profit_factor":1.3659855115472133,"sharpe":0.5453477982123149,"signal_diagnostics":{"buy_signals":35,"duplicate_buy_skips":0,"flat_sell_skips":0,"hold_signals":484,"risk_blocked_signals":0,"sell_signals":11,"stop_loss_exits":22,"take_profit_exits":1},"starting_equity":500,"total_return":0.07242747495225865,"trade_analysis":{"average_loss":-4.947427744206996,"average_trade_duration_days":8.286904761904763,"average_win":9.010819490684623,"expectancy":1.0346782136036978,"largest_loss":-11.7943335855226,"largest_win":18.12351978415059,"max_trade_duration_days":20.0,"median_trade_duration_days":6.0,"profit_factor":1.3659855115472133,"time_in_market_percent":0.36072964709540345,"total_trades":35,"win_rate":0.42857142857142855}}