{"capital_utilization":{"average_cash_percent":0.88877514058661,"average_exposure_percent":0.11122485941338994,"average_leverage":0.11122485941338994,"average_position_value":204.2573911019109,"max_exposure_percent":0.40603111608487336},"closed_trades":30,"equity_curve":[],"final_equity":538.8137288864442,"max_drawdown":0.02771623274257945,"open_trades":0,"profit_factor":1.6952522218581558,"sharpe":0.8745004675825968,"signal_diagnostics":{"buy_signals":30,"duplicate_buy_skips":0,"flat_sell_skips":0,"hold_signals":493,"risk_blocked_signals":0,"sell_signals":19,"stop_loss_exits":11,"take_profit_exits":0},"starting_equity":500,"total_return":0.07762745777288838,"trade_analysis":{"average_loss":-4.652235987911129,"average_trade_duration_days":5.968055555555555,"average_win":5.257808930076543,"expectancy":1.2937909628814745,"largest_loss":-7.300062843591769,"largest_win":12.69996259961643,"max_trade_duration_days":18.0,"median_trade_duration_days":4.5,"profit_factor":1.6952522218581558,"time_in_market_percent":0.222677100067368,"total_trades":30,"win_rate":0.6}}