{"capital_utilization":{"average_cash_percent":0.9581441703989552,"average_exposure_percent":0.04185582960104481,"average_leverage":0.04185582960104481,"average_position_value":205.33793764149232,"max_exposure_percent":0.4071451936826903},"closed_trades":11,"equity_curve":[],"final_equity":524.5100910049163,"max_drawdown":0.05162150966895432,"open_trades":0,"profit_factor":1.770963681680501,"sharpe":0.589221906680746,"signal_diagnostics":{"buy_signals":11,"duplicate_buy_skips":0,"flat_sell_skips":0,"hold_signals":530,"risk_blocked_signals":0,"sell_signals":0,"stop_loss_exits":5,"take_profit_exits":6},"starting_equity":500,"total_return":0.0490201820098326,"trade_analysis":{"average_loss":-6.35829977139535,"average_trade_duration_days":6.541666666666668,"average_win":9.383598310315497,"expectancy":2.228190091356021,"largest_loss":-8.845142929792557,"largest_win":15.303153066172626,"max_trade_duration_days":20.0,"median_trade_duration_days":5.0,"profit_factor":1.770963681680501,"time_in_market_percent":0.08949577654557705,"total_trades":11,"win_rate":0.5454545454545454}}