{"capital_utilization":{"average_cash_percent":0.7170059805560132,"average_exposure_percent":0.2829940194439868,"average_leverage":0.2829940194439868,"average_position_value":169.8345851303937,"max_exposure_percent":0.4227873428438571},"closed_trades":17,"equity_curve":[],"final_equity":352.8617424809646,"max_drawdown":0.30108438198147724,"open_trades":0,"profit_factor":0.30140507875013295,"sharpe":-2.2036240346225324,"signal_diagnostics":{"buy_signals":17,"duplicate_buy_skips":0,"flat_sell_skips":0,"hold_signals":151,"risk_blocked_signals":0,"sell_signals":3,"stop_loss_exits":14,"take_profit_exits":0},"starting_equity":500,"total_return":-0.29427651503807073,"trade_analysis":{"average_loss":-15.044305673265663,"average_trade_duration_days":9.708333333333332,"average_win":21.160673968894642,"expectancy":-8.655191618766786,"largest_loss":-23.855348905451862,"largest_win":29.282943563496417,"max_trade_duration_days":24.0,"median_trade_duration_days":8.0,"profit_factor":0.30140507875013295,"time_in_market_percent":0.6203602192638997,"total_trades":17,"win_rate":0.17647058823529413}}