{"capital_utilization":{"average_cash_percent":0.8963335122686557,"average_exposure_percent":0.1036664877313443,"average_leverage":0.1036664877313443,"average_position_value":211.3262630055647,"max_exposure_percent":0.40481065086010104},"closed_trades":22,"equity_curve":[],"final_equity":542.7733290612927,"max_drawdown":0.06340149352227573,"open_trades":0,"profit_factor":2.0703254888041593,"sharpe":1.1491486970973062,"signal_diagnostics":{"buy_signals":22,"duplicate_buy_skips":0,"flat_sell_skips":0,"hold_signals":509,"risk_blocked_signals":0,"sell_signals":3,"stop_loss_exits":13,"take_profit_exits":5},"starting_equity":500,"total_return":0.08554665812258522,"trade_analysis":{"average_loss":-3.0740705664348846,"average_trade_duration_days":7.9564393939393945,"average_win":9.192916269438463,"expectancy":1.9442422300587578,"largest_loss":-6.139631099943434,"largest_win":15.941241049734213,"max_trade_duration_days":19.0,"median_trade_duration_days":7.5,"profit_factor":2.0703254888041593,"time_in_market_percent":0.2177022335077992,"total_trades":22,"win_rate":0.4090909090909091}}