{"capital_utilization":{"average_cash_percent":0.9771925353620564,"average_exposure_percent":0.0228074646379436,"average_leverage":0.0228074646379436,"average_position_value":196.89315313956124,"max_exposure_percent":0.40753047004861226},"closed_trades":3,"equity_curve":[],"final_equity":477.58514166910356,"max_drawdown":0.04784008237519662,"open_trades":0,"profit_factor":0.0,"sharpe":-0.7484432143633356,"signal_diagnostics":{"buy_signals":3,"duplicate_buy_skips":0,"flat_sell_skips":0,"hold_signals":434,"risk_blocked_signals":0,"sell_signals":0,"stop_loss_exits":3,"take_profit_exits":0},"starting_equity":500,"total_return":-0.04482971666179292,"trade_analysis":{"average_loss":-7.471619443632155,"average_trade_duration_days":9.666666666666666,"average_win":0,"expectancy":-7.471619443632155,"largest_loss":-8.993469337380064,"largest_win":0,"max_trade_duration_days":14.0,"median_trade_duration_days":11.0,"profit_factor":0.0,"time_in_market_percent":0.04545157709136029,"total_trades":3,"win_rate":0.0}}