{"capital_utilization":{"average_cash_percent":0.9610628935789265,"average_exposure_percent":0.03893710642107355,"average_leverage":0.03893710642107355,"average_position_value":203.88728245896567,"max_exposure_percent":0.4061383494363799},"closed_trades":10,"equity_curve":[],"final_equity":533.569503586491,"max_drawdown":0.023857310460030406,"open_trades":0,"profit_factor":2.866766193366304,"sharpe":1.1611552924087187,"signal_diagnostics":{"buy_signals":10,"duplicate_buy_skips":0,"flat_sell_skips":0,"hold_signals":533,"risk_blocked_signals":0,"sell_signals":1,"stop_loss_exits":3,"take_profit_exits":6},"starting_equity":500,"total_return":0.06713900717298205,"trade_analysis":{"average_loss":-5.994234612022797,"average_trade_duration_days":6.7,"average_win":7.364601060365631,"expectancy":3.3569503586491023,"largest_loss":-7.891637860915333,"largest_win":11.652079349431068,"max_trade_duration_days":11.0,"median_trade_duration_days":6.5,"profit_factor":2.866766193366304,"time_in_market_percent":0.08332901487277816,"total_trades":10,"win_rate":0.7}}