{"capital_utilization":{"average_cash_percent":0.7873304942638987,"average_exposure_percent":0.2126695057361013,"average_leverage":0.2126695057361013,"average_position_value":214.49279240767027,"max_exposure_percent":0.406343369554735},"closed_trades":17,"equity_curve":[],"final_equity":543.1806075494164,"max_drawdown":0.05261351214566103,"open_trades":0,"profit_factor":1.9800000173280377,"sharpe":0.6331190161467215,"signal_diagnostics":{"buy_signals":17,"duplicate_buy_skips":0,"flat_sell_skips":0,"hold_signals":519,"risk_blocked_signals":0,"sell_signals":0,"stop_loss_exits":17,"take_profit_exits":0},"starting_equity":500,"total_return":0.08636121509883288,"trade_analysis":{"average_loss":-4.895760406565888,"average_trade_duration_days":24.53186274509804,"average_win":10.905306401063674,"expectancy":2.540035738200965,"largest_loss":-8.171225657846968,"largest_win":24.556414398806126,"max_trade_duration_days":61.0,"median_trade_duration_days":20.0,"profit_factor":1.9800000173280377,"time_in_market_percent":0.5186816603617143,"total_trades":17,"win_rate":0.47058823529411764}}