{"capital_utilization":{"average_cash_percent":0.8335374903651105,"average_exposure_percent":0.16646250963488954,"average_leverage":0.16646250963488954,"average_position_value":215.09856038292313,"max_exposure_percent":0.4124609770442539},"closed_trades":23,"equity_curve":[],"final_equity":592.9717689007191,"max_drawdown":0.04795271304380896,"open_trades":0,"profit_factor":2.2078485352106254,"sharpe":1.1921187336879522,"signal_diagnostics":{"buy_signals":23,"duplicate_buy_skips":0,"flat_sell_skips":0,"hold_signals":507,"risk_blocked_signals":0,"sell_signals":7,"stop_loss_exits":10,"take_profit_exits":5},"starting_equity":500,"total_return":0.18594353780143824,"trade_analysis":{"average_loss":-8.552559566355695,"average_trade_duration_days":13.391304347826088,"average_win":12.138914642708599,"expectancy":4.042250821770396,"largest_loss":-16.464011527759908,"largest_win":21.83874845259325,"max_trade_duration_days":42.0,"median_trade_duration_days":11.0,"profit_factor":2.2078485352106254,"time_in_market_percent":0.38306472508680106,"total_trades":23,"win_rate":0.6086956521739131}}