{"capital_utilization":{"average_cash_percent":0.9080040433142089,"average_exposure_percent":0.09199595668579107,"average_leverage":0.09199595668579107,"average_position_value":209.64303014247457,"max_exposure_percent":0.40900179491893446},"closed_trades":17,"equity_curve":[],"final_equity":533.0395581853866,"max_drawdown":0.034289537530434275,"open_trades":0,"profit_factor":1.6172290323129783,"sharpe":0.6592195566414583,"signal_diagnostics":{"buy_signals":17,"duplicate_buy_skips":0,"flat_sell_skips":0,"hold_signals":519,"risk_blocked_signals":0,"sell_signals":5,"stop_loss_exits":10,"take_profit_exits":1},"starting_equity":500,"total_return":0.06607911637077324,"trade_analysis":{"average_loss":-7.646978085167759,"average_trade_duration_days":9.294117647058824,"average_win":8.656840478156084,"expectancy":1.9435034226697956,"largest_loss":-11.806552657634844,"largest_win":18.675299368835113,"max_trade_duration_days":20.0,"median_trade_duration_days":8.0,"profit_factor":1.6172290323129783,"time_in_market_percent":0.1965072291029694,"total_trades":17,"win_rate":0.5882352941176471}}