{"capital_utilization":{"average_cash_percent":0.8049552891576779,"average_exposure_percent":0.1950447108423221,"average_leverage":0.1950447108423221,"average_position_value":205.54195100732016,"max_exposure_percent":0.4064070957548999},"closed_trades":28,"equity_curve":[],"final_equity":541.1879533249296,"max_drawdown":0.04108080044199038,"open_trades":0,"profit_factor":1.6104195883667216,"sharpe":0.7060318253292326,"signal_diagnostics":{"buy_signals":28,"duplicate_buy_skips":0,"flat_sell_skips":0,"hold_signals":496,"risk_blocked_signals":0,"sell_signals":2,"stop_loss_exits":26,"take_profit_exits":0},"starting_equity":500,"total_return":0.08237590664985928,"trade_analysis":{"average_loss":-4.498321494469602,"average_trade_duration_days":12.894345238095239,"average_win":8.358675057074898,"expectancy":1.4709983330332013,"largest_loss":-8.10696162475125,"largest_win":21.64142610350132,"max_trade_duration_days":30.0,"median_trade_duration_days":9.5,"profit_factor":1.6104195883667216,"time_in_market_percent":0.44903352852775047,"total_trades":28,"win_rate":0.4642857142857143}}