{"capital_utilization":{"average_cash_percent":0.8574322275746457,"average_exposure_percent":0.14256777242535437,"average_leverage":0.14256777242535437,"average_position_value":205.25474675343304,"max_exposure_percent":0.40748434019912994},"closed_trades":8,"equity_curve":[],"final_equity":537.6818101355648,"max_drawdown":0.039157060398270355,"open_trades":0,"profit_factor":2.623149104529456,"sharpe":1.1144430969201695,"signal_diagnostics":{"buy_signals":8,"duplicate_buy_skips":0,"flat_sell_skips":0,"hold_signals":425,"risk_blocked_signals":0,"sell_signals":3,"stop_loss_exits":4,"take_profit_exits":0},"starting_equity":500,"total_return":0.07536362027112964,"trade_analysis":{"average_loss":-5.803812174496528,"average_trade_duration_days":27.125,"average_win":15.224264708387722,"expectancy":4.710226266945597,"largest_loss":-9.05404502610555,"largest_win":28.385790551551644,"max_trade_duration_days":71.0,"median_trade_duration_days":21.5,"profit_factor":2.623149104529456,"time_in_market_percent":0.34010318030431663,"total_trades":8,"win_rate":0.5}}