{"capital_utilization":{"average_cash_percent":0.7003140433057166,"average_exposure_percent":0.29968595669428344,"average_leverage":0.29968595669428344,"average_position_value":210.3186127400268,"max_exposure_percent":0.4053122594293682},"closed_trades":45,"equity_curve":[],"final_equity":526.4032541056571,"max_drawdown":0.044905804064085224,"open_trades":0,"profit_factor":1.3501451816268486,"sharpe":0.5131417836598522,"signal_diagnostics":{"buy_signals":45,"duplicate_buy_skips":0,"flat_sell_skips":0,"hold_signals":463,"risk_blocked_signals":0,"sell_signals":3,"stop_loss_exits":41,"take_profit_exits":0},"starting_equity":500,"total_return":0.052806508211314274,"trade_analysis":{"average_loss":-3.2785473856229546,"average_trade_duration_days":11.955555555555556,"average_win":4.627720180681139,"expectancy":0.5867389801257132,"largest_loss":-6.930961641155962,"largest_win":11.331968014180179,"max_trade_duration_days":37.0,"median_trade_duration_days":10.0,"profit_factor":1.3501451816268486,"time_in_market_percent":0.6691195522620097,"total_trades":45,"win_rate":0.4888888888888889}}