{"capital_utilization":{"average_cash_percent":0.8579802862651366,"average_exposure_percent":0.14201971373486344,"average_leverage":0.14201971373486344,"average_position_value":204.9362919686143,"max_exposure_percent":0.4056225808061604},"closed_trades":14,"equity_curve":[],"final_equity":530.135542422402,"max_drawdown":0.035284420645023594,"open_trades":0,"profit_factor":2.1846422862384247,"sharpe":0.9593382226101631,"signal_diagnostics":{"buy_signals":14,"duplicate_buy_skips":0,"flat_sell_skips":0,"hold_signals":413,"risk_blocked_signals":0,"sell_signals":3,"stop_loss_exits":10,"take_profit_exits":0},"starting_equity":500,"total_return":0.06027108484480381,"trade_analysis":{"average_loss":-3.634073795039357,"average_trade_duration_days":14.571428571428571,"average_win":7.939151283953929,"expectancy":2.152538744457286,"largest_loss":-6.8006614957891385,"largest_win":13.503693507469457,"max_trade_duration_days":32.0,"median_trade_duration_days":10.5,"profit_factor":2.1846422862384247,"time_in_market_percent":0.31972833540129303,"total_trades":14,"win_rate":0.5}}