{"capital_utilization":{"average_cash_percent":0.8495475018575926,"average_exposure_percent":0.1504524981424074,"average_leverage":0.1504524981424074,"average_position_value":214.47223758481488,"max_exposure_percent":0.41353520710560876},"closed_trades":26,"equity_curve":[],"final_equity":568.7687650212555,"max_drawdown":0.16830644336919692,"open_trades":0,"profit_factor":1.3670550803523103,"sharpe":0.5004410648449755,"signal_diagnostics":{"buy_signals":26,"duplicate_buy_skips":0,"flat_sell_skips":0,"hold_signals":500,"risk_blocked_signals":0,"sell_signals":3,"stop_loss_exits":23,"take_profit_exits":0},"starting_equity":500,"total_return":0.137537530042511,"trade_analysis":{"average_loss":-10.408484039938342,"average_trade_duration_days":10.541666666666668,"average_win":32.01518471751821,"expectancy":2.6449525008175203,"largest_loss":-18.831384427279016,"largest_win":84.00561639121926,"max_trade_duration_days":33.0,"median_trade_duration_days":7.5,"profit_factor":1.3670550803523103,"time_in_market_percent":0.3408820023837903,"total_trades":26,"win_rate":0.3076923076923077}}