{"capital_utilization":{"average_cash_percent":0.6956397598352989,"average_exposure_percent":0.3043602401647011,"average_leverage":0.3043602401647011,"average_position_value":216.15129550292045,"max_exposure_percent":0.40404245802661626},"closed_trades":19,"equity_curve":[],"final_equity":558.2909239357589,"max_drawdown":0.031163645332205652,"open_trades":0,"profit_factor":3.5170980825631393,"sharpe":1.3675217974477945,"signal_diagnostics":{"buy_signals":19,"duplicate_buy_skips":0,"flat_sell_skips":0,"hold_signals":515,"risk_blocked_signals":0,"sell_signals":0,"stop_loss_exits":18,"take_profit_exits":0},"starting_equity":500,"total_return":0.11658184787151771,"trade_analysis":{"average_loss":-3.859664451136642,"average_trade_duration_days":31.105263157894736,"average_win":6.265300818659905,"expectancy":3.067943365039943,"largest_loss":-5.338373947138026,"largest_win":24.828369699454324,"max_trade_duration_days":98.0,"median_trade_duration_days":27.0,"profit_factor":3.5170980825631393,"time_in_market_percent":0.7350365341762969,"total_trades":19,"win_rate":0.6842105263157895}}