{"capital_utilization":{"average_cash_percent":0.8102571010937151,"average_exposure_percent":0.1897428989062849,"average_leverage":0.1897428989062849,"average_position_value":171.69772876350146,"max_exposure_percent":0.42278734284385716},"closed_trades":26,"equity_curve":[],"final_equity":358.3566831949149,"max_drawdown":0.30253812202727054,"open_trades":0,"profit_factor":0.48054398420971545,"sharpe":-1.4056940260766912,"signal_diagnostics":{"buy_signals":26,"duplicate_buy_skips":0,"flat_sell_skips":0,"hold_signals":292,"risk_blocked_signals":0,"sell_signals":8,"stop_loss_exits":18,"take_profit_exits":0},"starting_equity":500,"total_return":-0.28328663361017015,"trade_analysis":{"average_loss":-15.148680382238503,"average_trade_duration_days":7.6923076923076925,"average_win":16.379116259401002,"expectancy":-5.447819877118658,"largest_loss":-24.32236929938684,"largest_win":26.62038884595251,"max_trade_duration_days":22.0,"median_trade_duration_days":7.0,"profit_factor":0.48054398420971545,"time_in_market_percent":0.3992015968063872,"total_trades":26,"win_rate":0.3076923076923077}}