{"capital_utilization":{"average_cash_percent":0.7984775817184617,"average_exposure_percent":0.20152241828153822,"average_leverage":0.20152241828153822,"average_position_value":206.0358381142061,"max_exposure_percent":0.4058107085809148},"closed_trades":28,"equity_curve":[],"final_equity":545.3794608284284,"max_drawdown":0.04235625694563646,"open_trades":0,"profit_factor":1.7244923286185694,"sharpe":0.7584418700427314,"signal_diagnostics":{"buy_signals":28,"duplicate_buy_skips":0,"flat_sell_skips":0,"hold_signals":496,"risk_blocked_signals":0,"sell_signals":2,"stop_loss_exits":26,"take_profit_exits":0},"starting_equity":500,"total_return":0.09075892165685673,"trade_analysis":{"average_loss":-4.175747994917213,"average_trade_duration_days":13.287202380952381,"average_win":8.30889851939897,"expectancy":1.620695029586729,"largest_loss":-7.394693397596165,"largest_win":21.809039220796222,"max_trade_duration_days":30.0,"median_trade_duration_days":10.0,"profit_factor":1.7244923286185694,"time_in_market_percent":0.4627144115665648,"total_trades":28,"win_rate":0.4642857142857143}}