{"capital_utilization":{"average_cash_percent":0.8461121559140055,"average_exposure_percent":0.1538878440859946,"average_leverage":0.1538878440859946,"average_position_value":168.1628344683115,"max_exposure_percent":0.4227873428438571},"closed_trades":30,"equity_curve":[],"final_equity":410.70251768603896,"max_drawdown":0.27053745989217726,"open_trades":0,"profit_factor":0.6666141531978474,"sharpe":-0.6723786579125209,"signal_diagnostics":{"buy_signals":30,"duplicate_buy_skips":0,"flat_sell_skips":0,"hold_signals":380,"risk_blocked_signals":0,"sell_signals":7,"stop_loss_exits":17,"take_profit_exits":6},"starting_equity":500,"total_return":-0.17859496462792213,"trade_analysis":{"average_loss":-15.755897041451473,"average_trade_duration_days":6.865277777777778,"average_win":13.734828260824148,"expectancy":-2.9765827437987022,"largest_loss":-23.764442488260997,"largest_win":23.897623952653422,"max_trade_duration_days":21.0,"median_trade_duration_days":5.5,"profit_factor":0.6666141531978474,"time_in_market_percent":0.32279762293476133,"total_trades":30,"win_rate":0.43333333333333335}}