{"capital_utilization":{"average_cash_percent":0.8050679461555763,"average_exposure_percent":0.19493205384442375,"average_leverage":0.19493205384442375,"average_position_value":192.62758489517796,"max_exposure_percent":0.41820461204298576},"closed_trades":37,"equity_curve":[],"final_equity":455.25676901364403,"max_drawdown":0.21279266652629378,"open_trades":0,"profit_factor":0.8211755305137854,"sharpe":-0.23516558780625715,"signal_diagnostics":{"buy_signals":37,"duplicate_buy_skips":0,"flat_sell_skips":0,"hold_signals":479,"risk_blocked_signals":0,"sell_signals":8,"stop_loss_exits":25,"take_profit_exits":3},"starting_equity":500,"total_return":-0.08948646197271193,"trade_analysis":{"average_loss":-9.266946005541595,"average_trade_duration_days":9.002252252252251,"average_win":20.546431116326705,"expectancy":-1.209276513144756,"largest_loss":-21.37744071435469,"largest_win":67.47805192321391,"max_trade_duration_days":28.0,"median_trade_duration_days":7.041666666666667,"profit_factor":0.8211755305137854,"time_in_market_percent":0.4142612841374307,"total_trades":37,"win_rate":0.2702702702702703}}