{"capital_utilization":{"average_cash_percent":0.7061325985875555,"average_exposure_percent":0.29386740141244455,"average_leverage":0.29386740141244455,"average_position_value":175.10395234940313,"max_exposure_percent":0.4246499388818238},"closed_trades":13,"equity_curve":[],"final_equity":347.88843825754867,"max_drawdown":0.310935038985163,"open_trades":0,"profit_factor":0.22285665194601942,"sharpe":-2.259123386373046,"signal_diagnostics":{"buy_signals":13,"duplicate_buy_skips":0,"flat_sell_skips":0,"hold_signals":157,"risk_blocked_signals":0,"sell_signals":2,"stop_loss_exits":11,"take_profit_exits":0},"starting_equity":500,"total_return":-0.30422312348490266,"trade_analysis":{"average_loss":-17.79378776051466,"average_trade_duration_days":13.69551282051282,"average_win":21.810051811604957,"expectancy":-11.700889364803949,"largest_loss":-22.969991216317617,"largest_win":30.887312953054757,"max_trade_duration_days":33.0,"median_trade_duration_days":13.0,"profit_factor":0.22285665194601942,"time_in_market_percent":0.6742938298879595,"total_trades":13,"win_rate":0.15384615384615385}}