{"capital_utilization":{"average_cash_percent":0.8501639010484449,"average_exposure_percent":0.14983609895155514,"average_leverage":0.14983609895155514,"average_position_value":208.18752301065277,"max_exposure_percent":0.40950129024296045},"closed_trades":28,"equity_curve":[],"final_equity":549.2144608459848,"max_drawdown":0.05472714271244788,"open_trades":0,"profit_factor":1.5449828441731004,"sharpe":0.7031318207885556,"signal_diagnostics":{"buy_signals":28,"duplicate_buy_skips":0,"flat_sell_skips":0,"hold_signals":497,"risk_blocked_signals":0,"sell_signals":6,"stop_loss_exits":18,"take_profit_exits":3},"starting_equity":500,"total_return":0.0984289216919696,"trade_analysis":{"average_loss":-6.94650812931097,"average_trade_duration_days":9.357142857142858,"average_win":9.301271101801834,"expectancy":1.7576593159280314,"largest_loss":-12.051408788356424,"largest_win":21.139528845485568,"max_trade_duration_days":22.0,"median_trade_duration_days":9.0,"profit_factor":1.5449828441731004,"time_in_market_percent":0.32585375965175933,"total_trades":28,"win_rate":0.5357142857142857}}