{"capital_utilization":{"average_cash_percent":0.9378502809125451,"average_exposure_percent":0.06214971908745492,"average_leverage":0.06214971908745492,"average_position_value":188.95463415971255,"max_exposure_percent":0.41090845794364594},"closed_trades":9,"equity_curve":[],"final_equity":444.1833858409831,"max_drawdown":0.1350693367551321,"open_trades":0,"profit_factor":0.21904607256816608,"sharpe":-0.8891953885631022,"signal_diagnostics":{"buy_signals":9,"duplicate_buy_skips":0,"flat_sell_skips":0,"hold_signals":423,"risk_blocked_signals":0,"sell_signals":1,"stop_loss_exits":7,"take_profit_exits":0},"starting_equity":500,"total_return":-0.1116332283180338,"trade_analysis":{"average_loss":-8.934044025902045,"average_trade_duration_days":9.666666666666666,"average_win":15.65573804819944,"expectancy":-6.201846017668547,"largest_loss":-12.779649167673774,"largest_win":15.65573804819944,"max_trade_duration_days":24.0,"median_trade_duration_days":6.0,"profit_factor":0.21904607256816608,"time_in_market_percent":0.13635473127408085,"total_trades":9,"win_rate":0.1111111111111111}}