{"capital_utilization":{"average_cash_percent":0.8475283108191176,"average_exposure_percent":0.1524716891808824,"average_leverage":0.1524716891808824,"average_position_value":202.1964749619369,"max_exposure_percent":0.40561367720506836},"closed_trades":37,"equity_curve":[],"final_equity":521.5395697260135,"max_drawdown":0.0555885505780099,"open_trades":0,"profit_factor":1.2682140404404292,"sharpe":0.40621830336559994,"signal_diagnostics":{"buy_signals":37,"duplicate_buy_skips":0,"flat_sell_skips":0,"hold_signals":479,"risk_blocked_signals":0,"sell_signals":16,"stop_loss_exits":14,"take_profit_exits":6},"starting_equity":500,"total_return":0.043079139452026904,"trade_analysis":{"average_loss":-5.019211916218989,"average_trade_duration_days":6.756756756756758,"average_win":4.849855256453206,"expectancy":0.5821505331355004,"largest_loss":-6.602577801974538,"largest_win":11.188701026932202,"max_trade_duration_days":23.0,"median_trade_duration_days":6.0,"profit_factor":1.2682140404404292,"time_in_market_percent":0.31092915997305287,"total_trades":37,"win_rate":0.5675675675675675}}