{"capital_utilization":{"average_cash_percent":0.8058617410741582,"average_exposure_percent":0.19413825892584183,"average_leverage":0.19413825892584183,"average_position_value":208.42084210293532,"max_exposure_percent":0.4148734993623507},"closed_trades":20,"equity_curve":[],"final_equity":551.4625176960815,"max_drawdown":0.2422529848036652,"open_trades":0,"profit_factor":1.2514777233909125,"sharpe":0.36103273485148235,"signal_diagnostics":{"buy_signals":20,"duplicate_buy_skips":0,"flat_sell_skips":0,"hold_signals":513,"risk_blocked_signals":0,"sell_signals":1,"stop_loss_exits":18,"take_profit_exits":0},"starting_equity":500,"total_return":0.10292503539216291,"trade_analysis":{"average_loss":-13.642697519330586,"average_trade_duration_days":18.754166666666666,"average_win":51.220596097208066,"expectancy":2.5731258848040754,"largest_loss":-19.517571156128795,"largest_win":133.73116505140212,"max_trade_duration_days":54.0,"median_trade_duration_days":11.020833333333332,"profit_factor":1.2514777233909125,"time_in_market_percent":0.46649738301290355,"total_trades":20,"win_rate":0.25}}