{"capital_utilization":{"average_cash_percent":0.7351627415438478,"average_exposure_percent":0.2648372584561522,"average_leverage":0.2648372584561522,"average_position_value":208.89002421322957,"max_exposure_percent":0.4031485531030976},"closed_trades":19,"equity_curve":[],"final_equity":552.9200877586604,"max_drawdown":0.023272697385986675,"open_trades":0,"profit_factor":3.2951764546193134,"sharpe":1.3411569418099016,"signal_diagnostics":{"buy_signals":19,"duplicate_buy_skips":0,"flat_sell_skips":0,"hold_signals":515,"risk_blocked_signals":0,"sell_signals":0,"stop_loss_exits":15,"take_profit_exits":4},"starting_equity":500,"total_return":0.10584017551732083,"trade_analysis":{"average_loss":-2.8821361235730114,"average_trade_duration_days":26.787280701754383,"average_win":6.907016067931322,"expectancy":2.7852677767716028,"largest_loss":-3.8926372102962237,"largest_win":14.37717945801201,"max_trade_duration_days":66.0,"median_trade_duration_days":23.0,"profit_factor":3.2951764546193134,"time_in_market_percent":0.6329999481784734,"total_trades":19,"win_rate":0.5789473684210527}}