{"capital_utilization":{"average_cash_percent":0.9097465809413208,"average_exposure_percent":0.09025341905867919,"average_leverage":0.09025341905867919,"average_position_value":211.07929431652485,"max_exposure_percent":0.40634778291696744},"closed_trades":21,"equity_curve":[],"final_equity":537.8737439516201,"max_drawdown":0.06159975153207229,"open_trades":0,"profit_factor":2.039647807294966,"sharpe":1.0399356849096466,"signal_diagnostics":{"buy_signals":21,"duplicate_buy_skips":0,"flat_sell_skips":0,"hold_signals":510,"risk_blocked_signals":0,"sell_signals":6,"stop_loss_exits":12,"take_profit_exits":3},"starting_equity":500,"total_return":0.07574748790324026,"trade_analysis":{"average_loss":-3.035783182685267,"average_trade_duration_days":6.95436507936508,"average_win":8.255904682649252,"expectancy":1.8035116167438126,"largest_loss":-8.20698499346719,"largest_win":14.487531205243005,"max_trade_duration_days":18.0,"median_trade_duration_days":6.041666666666667,"profit_factor":2.039647807294966,"time_in_market_percent":0.18163445095092504,"total_trades":21,"win_rate":0.42857142857142855}}