{"capital_utilization":{"average_cash_percent":0.8015986941302032,"average_exposure_percent":0.19840130586979676,"average_leverage":0.19840130586979676,"average_position_value":214.93274557859272,"max_exposure_percent":0.40563743467809416},"closed_trades":14,"equity_curve":[],"final_equity":565.9852799595035,"max_drawdown":0.04901512191408508,"open_trades":0,"profit_factor":2.8973993098273616,"sharpe":1.095795912934337,"signal_diagnostics":{"buy_signals":14,"duplicate_buy_skips":0,"flat_sell_skips":0,"hold_signals":526,"risk_blocked_signals":0,"sell_signals":3,"stop_loss_exits":10,"take_profit_exits":0},"starting_equity":500,"total_return":0.13197055991900708,"trade_analysis":{"average_loss":-5.796116085294603,"average_trade_duration_days":27.5,"average_win":12.595247058908889,"expectancy":4.713234282821676,"largest_loss":-7.379102627566921,"largest_win":45.06709242879144,"max_trade_duration_days":119.0,"median_trade_duration_days":15.0,"profit_factor":2.8973993098273616,"time_in_market_percent":0.47883090635850134,"total_trades":14,"win_rate":0.5714285714285714}}