{"capital_utilization":{"average_cash_percent":0.908405826696413,"average_exposure_percent":0.09159417330358703,"average_leverage":0.09159417330358703,"average_position_value":209.0595032342916,"max_exposure_percent":0.4058763211854441},"closed_trades":15,"equity_curve":[],"final_equity":571.0055443280112,"max_drawdown":0.021075341187189615,"open_trades":0,"profit_factor":3.3033715951362352,"sharpe":1.5895982362808967,"signal_diagnostics":{"buy_signals":15,"duplicate_buy_skips":0,"flat_sell_skips":0,"hold_signals":523,"risk_blocked_signals":0,"sell_signals":9,"stop_loss_exits":5,"take_profit_exits":1},"starting_equity":500,"total_return":0.1420110886560224,"trade_analysis":{"average_loss":-6.165357294319803,"average_trade_duration_days":10.466666666666667,"average_win":10.183233079961017,"expectancy":4.733702955200743,"largest_loss":-7.466035117759003,"largest_win":18.7914609388921,"max_trade_duration_days":22.0,"median_trade_duration_days":10.0,"profit_factor":3.3033715951362352,"time_in_market_percent":0.19526351246307716,"total_trades":15,"win_rate":0.6666666666666666}}