{"capital_utilization":{"average_cash_percent":0.9459187966069413,"average_exposure_percent":0.05408120339305872,"average_leverage":0.05408120339305872,"average_position_value":207.01494013070686,"max_exposure_percent":0.4024364591391046},"closed_trades":9,"equity_curve":[],"final_equity":541.8414956244022,"max_drawdown":0.010622713818518925,"open_trades":0,"profit_factor":14.807718379629618,"sharpe":1.7213338984769502,"signal_diagnostics":{"buy_signals":9,"duplicate_buy_skips":0,"flat_sell_skips":0,"hold_signals":535,"risk_blocked_signals":0,"sell_signals":1,"stop_loss_exits":1,"take_profit_exits":7},"starting_equity":500,"total_return":0.0836829912488044,"trade_analysis":{"average_loss":-3.030297582410907,"average_trade_duration_days":11.106481481481483,"average_win":5.608974150851648,"expectancy":4.649055069378031,"largest_loss":-3.030297582410907,"largest_win":8.293596325534196,"max_trade_duration_days":21.0,"median_trade_duration_days":10.958333333333334,"profit_factor":14.807718379629618,"time_in_market_percent":0.12431984246255896,"total_trades":9,"win_rate":0.8888888888888888}}