{"capital_utilization":{"average_cash_percent":0.9183018746112097,"average_exposure_percent":0.0816981253887903,"average_leverage":0.0816981253887903,"average_position_value":208.4325076318579,"max_exposure_percent":0.4063477829169673},"closed_trades":21,"equity_curve":[],"final_equity":524.0845239544636,"max_drawdown":0.06159975153207227,"open_trades":0,"profit_factor":1.6711487177115218,"sharpe":0.6881377441387965,"signal_diagnostics":{"buy_signals":21,"duplicate_buy_skips":0,"flat_sell_skips":0,"hold_signals":510,"risk_blocked_signals":0,"sell_signals":7,"stop_loss_exits":12,"take_profit_exits":2},"starting_equity":500,"total_return":0.048169047908927176,"trade_analysis":{"average_loss":-2.9904604000668837,"average_trade_duration_days":6.192460317460317,"average_win":6.663338750585144,"expectancy":1.1468820930696988,"largest_loss":-8.081450779358617,"largest_win":11.139968154873115,"max_trade_duration_days":18.0,"median_trade_duration_days":5.0,"profit_factor":1.6711487177115218,"time_in_market_percent":0.16173498471264963,"total_trades":21,"win_rate":0.42857142857142855}}