{"capital_utilization":{"average_cash_percent":0.8014845612172485,"average_exposure_percent":0.1985154387827515,"average_leverage":0.1985154387827515,"average_position_value":209.5407652275244,"max_exposure_percent":0.4058107085809147},"closed_trades":30,"equity_curve":[],"final_equity":551.8256078793195,"max_drawdown":0.034601997016246645,"open_trades":0,"profit_factor":1.8558755133672162,"sharpe":0.8846721786389097,"signal_diagnostics":{"buy_signals":30,"duplicate_buy_skips":0,"flat_sell_skips":0,"hold_signals":492,"risk_blocked_signals":0,"sell_signals":4,"stop_loss_exits":24,"take_profit_exits":2},"starting_equity":500,"total_return":0.10365121575863889,"trade_analysis":{"average_loss":-3.5619259130080287,"average_trade_duration_days":12.068055555555556,"average_win":8.644488338496616,"expectancy":1.7275202626439845,"largest_loss":-7.529640942340284,"largest_win":24.353373120508895,"max_trade_duration_days":27.0,"median_trade_duration_days":10.5,"profit_factor":1.8558755133672162,"time_in_market_percent":0.45027724516764267,"total_trades":30,"win_rate":0.43333333333333335}}