{"capital_utilization":{"average_cash_percent":0.9292310606884613,"average_exposure_percent":0.07076893931153866,"average_leverage":0.07076893931153866,"average_position_value":201.9977321707418,"max_exposure_percent":0.40358347473378237},"closed_trades":16,"equity_curve":[],"final_equity":519.8890815411877,"max_drawdown":0.018143708983141594,"open_trades":0,"profit_factor":1.8142638131196396,"sharpe":0.7295496489205406,"signal_diagnostics":{"buy_signals":16,"duplicate_buy_skips":0,"flat_sell_skips":0,"hold_signals":521,"risk_blocked_signals":0,"sell_signals":2,"stop_loss_exits":7,"take_profit_exits":7},"starting_equity":500,"total_return":0.03977816308237547,"trade_analysis":{"average_loss":-3.4894064027494047,"average_trade_duration_days":7.375000000000001,"average_win":4.923880706714837,"expectancy":1.2430675963242315,"largest_loss":-4.35972093402724,"largest_win":7.859175428004424,"max_trade_duration_days":20.0,"median_trade_duration_days":5.520833333333334,"profit_factor":1.8142638131196396,"time_in_market_percent":0.14675856350728095,"total_trades":16,"win_rate":0.5625}}