{"capital_utilization":{"average_cash_percent":0.8439580805515884,"average_exposure_percent":0.15604191944841164,"average_leverage":0.15604191944841164,"average_position_value":204.08277449288005,"max_exposure_percent":0.4070697501018377},"closed_trades":23,"equity_curve":[],"final_equity":520.540419174386,"max_drawdown":0.056818999701472556,"open_trades":0,"profit_factor":1.3755907145541528,"sharpe":0.4675797073224005,"signal_diagnostics":{"buy_signals":23,"duplicate_buy_skips":0,"flat_sell_skips":0,"hold_signals":395,"risk_blocked_signals":0,"sell_signals":6,"stop_loss_exits":16,"take_profit_exits":0},"starting_equity":500,"total_return":0.041080838348771964,"trade_analysis":{"average_loss":-5.46883039927347,"average_trade_duration_days":9.34963768115942,"average_win":5.786824859009282,"expectancy":0.8930617032341719,"largest_loss":-8.554029165956385,"largest_win":25.591519832450622,"max_trade_duration_days":35.041666666666664,"median_trade_duration_days":5.0,"profit_factor":1.3755907145541528,"time_in_market_percent":0.33703389277084833,"total_trades":23,"win_rate":0.5652173913043478}}