{"capital_utilization":{"average_cash_percent":0.787783365922151,"average_exposure_percent":0.21221663407784894,"average_leverage":0.21221663407784894,"average_position_value":209.96228115634204,"max_exposure_percent":0.40750245212216313},"closed_trades":23,"equity_curve":[],"final_equity":530.8217620016336,"max_drawdown":0.05492026481922061,"open_trades":0,"profit_factor":1.53781831019693,"sharpe":0.5115333756917583,"signal_diagnostics":{"buy_signals":23,"duplicate_buy_skips":0,"flat_sell_skips":0,"hold_signals":507,"risk_blocked_signals":0,"sell_signals":8,"stop_loss_exits":12,"take_profit_exits":3},"starting_equity":500,"total_return":0.061643524003267114,"trade_analysis":{"average_loss":-4.09349103023655,"average_trade_duration_days":17.69746376811594,"average_win":9.79229293610503,"expectancy":1.3400766087666764,"largest_loss":-9.38822492543325,"largest_win":29.349053439697038,"max_trade_duration_days":49.0,"median_trade_duration_days":16.0,"profit_factor":1.53781831019693,"time_in_market_percent":0.5062444939627921,"total_trades":23,"win_rate":0.391304347826087}}