{"capital_utilization":{"average_cash_percent":0.84433169514009,"average_exposure_percent":0.15566830485990998,"average_leverage":0.15566830485990998,"average_position_value":210.1234525193715,"max_exposure_percent":0.4182056936713094},"closed_trades":24,"equity_curve":[],"final_equity":541.8011856803478,"max_drawdown":0.211674939904802,"open_trades":0,"profit_factor":1.1994378066643132,"sharpe":0.3286114223149998,"signal_diagnostics":{"buy_signals":24,"duplicate_buy_skips":0,"flat_sell_skips":0,"hold_signals":504,"risk_blocked_signals":0,"sell_signals":1,"stop_loss_exits":23,"take_profit_exits":0},"starting_equity":500,"total_return":0.08360237136069548,"trade_analysis":{"average_loss":-12.329123130868021,"average_trade_duration_days":11.961805555555557,"average_win":35.91375412930058,"expectancy":1.741716070014488,"largest_loss":-22.129744279691987,"largest_win":83.74033154954823,"max_trade_duration_days":33.0,"median_trade_duration_days":11.0,"profit_factor":1.1994378066643132,"time_in_market_percent":0.357050318702389,"total_trades":24,"win_rate":0.2916666666666667}}