{"capital_utilization":{"average_cash_percent":0.8454754328962406,"average_exposure_percent":0.15452456710375942,"average_leverage":0.15452456710375942,"average_position_value":209.82854282925217,"max_exposure_percent":0.4070697501018377},"closed_trades":16,"equity_curve":[],"final_equity":531.3655419443803,"max_drawdown":0.06778528974114259,"open_trades":0,"profit_factor":1.6857827795499023,"sharpe":0.6495735985309697,"signal_diagnostics":{"buy_signals":16,"duplicate_buy_skips":0,"flat_sell_skips":0,"hold_signals":409,"risk_blocked_signals":0,"sell_signals":7,"stop_loss_exits":8,"take_profit_exits":0},"starting_equity":500,"total_return":0.0627310838887607,"trade_analysis":{"average_loss":-5.081871869587621,"average_trade_duration_days":14.127604166666666,"average_win":11.014626967238415,"expectancy":1.960346371523769,"largest_loss":-8.554029165956385,"largest_win":24.852209632304678,"max_trade_duration_days":61.0,"median_trade_duration_days":4.0,"profit_factor":1.6857827795499023,"time_in_market_percent":0.3542741461503298,"total_trades":16,"win_rate":0.4375}}