{"capital_utilization":{"average_cash_percent":0.856423188255198,"average_exposure_percent":0.14357681174480202,"average_leverage":0.14357681174480202,"average_position_value":199.22976170668878,"max_exposure_percent":0.4115297505273371},"closed_trades":24,"equity_curve":[],"final_equity":506.7719932572301,"max_drawdown":0.0828876536780496,"open_trades":0,"profit_factor":1.0679204340054447,"sharpe":0.14690012137691266,"signal_diagnostics":{"buy_signals":24,"duplicate_buy_skips":0,"flat_sell_skips":0,"hold_signals":392,"risk_blocked_signals":0,"sell_signals":4,"stop_loss_exits":12,"take_profit_exits":8},"starting_equity":500,"total_return":0.013543986514460205,"trade_analysis":{"average_loss":-8.308733295058213,"average_trade_duration_days":8.25,"average_win":8.873066066494056,"expectancy":0.2821663857179209,"largest_loss":-13.702124823860798,"largest_win":14.578421748122736,"max_trade_duration_days":19.0,"median_trade_duration_days":7.5,"profit_factor":1.0679204340054447,"time_in_market_percent":0.3103245608306668,"total_trades":24,"win_rate":0.5}}