{"capital_utilization":{"average_cash_percent":0.8548024739324975,"average_exposure_percent":0.1451975260675024,"average_leverage":0.1451975260675024,"average_position_value":195.86448299196832,"max_exposure_percent":0.4066760071699389},"closed_trades":17,"equity_curve":[],"final_equity":496.9930165936005,"max_drawdown":0.053975710888404485,"open_trades":0,"profit_factor":0.9426212994340418,"sharpe":-0.04212506710877152,"signal_diagnostics":{"buy_signals":17,"duplicate_buy_skips":0,"flat_sell_skips":0,"hold_signals":406,"risk_blocked_signals":0,"sell_signals":6,"stop_loss_exits":10,"take_profit_exits":1},"starting_equity":500,"total_return":-0.0060139668127989765,"trade_analysis":{"average_loss":-5.240591677294746,"average_trade_duration_days":11.70343137254902,"average_win":7.056990480935426,"expectancy":-0.1768813768470285,"largest_loss":-8.05861083044335,"largest_win":11.359225855185624,"max_trade_duration_days":22.0,"median_trade_duration_days":14.0,"profit_factor":0.9426212994340418,"time_in_market_percent":0.311826552602364,"total_trades":17,"win_rate":0.4117647058823529}}