{"capital_utilization":{"average_cash_percent":0.7546623154880314,"average_exposure_percent":0.24533768451196855,"average_leverage":0.24533768451196855,"average_position_value":204.12356667887428,"max_exposure_percent":0.4050260010598911},"closed_trades":20,"equity_curve":[],"final_equity":527.6298639558063,"max_drawdown":0.02946507678346682,"open_trades":0,"profit_factor":1.9096285713524455,"sharpe":0.7737188776070258,"signal_diagnostics":{"buy_signals":20,"duplicate_buy_skips":0,"flat_sell_skips":0,"hold_signals":513,"risk_blocked_signals":0,"sell_signals":5,"stop_loss_exits":12,"take_profit_exits":3},"starting_equity":500,"total_return":0.05525972791161249,"trade_analysis":{"average_loss":-2.7613532526024613,"average_trade_duration_days":23.447916666666664,"average_win":6.444972192714815,"expectancy":1.3814931977903133,"largest_loss":-6.074207550967966,"largest_win":14.744617024535401,"max_trade_duration_days":55.958333333333336,"median_trade_duration_days":21.5,"profit_factor":1.9096285713524455,"time_in_market_percent":0.5832512825827849,"total_trades":20,"win_rate":0.45}}