{"capital_utilization":{"average_cash_percent":0.6927899962921491,"average_exposure_percent":0.3072100037078509,"average_leverage":0.3072100037078509,"average_position_value":213.1459511853138,"max_exposure_percent":0.40404263734642537},"closed_trades":24,"equity_curve":[],"final_equity":551.1709902433925,"max_drawdown":0.030973679858354447,"open_trades":0,"profit_factor":2.6313371995103005,"sharpe":1.250602691796034,"signal_diagnostics":{"buy_signals":24,"duplicate_buy_skips":0,"flat_sell_skips":0,"hold_signals":505,"risk_blocked_signals":0,"sell_signals":0,"stop_loss_exits":19,"take_profit_exits":4},"starting_equity":500,"total_return":0.10234198048678489,"trade_analysis":{"average_loss":-3.1367512650819878,"average_trade_duration_days":24.208333333333332,"average_win":5.895607349586593,"expectancy":2.132124593474685,"largest_loss":-5.280524205641771,"largest_win":16.798475506882728,"max_trade_duration_days":62.0,"median_trade_duration_days":23.520833333333336,"profit_factor":2.6313371995103005,"time_in_market_percent":0.7225993677773748,"total_trades":24,"win_rate":0.5833333333333334}}