{"capital_utilization":{"average_cash_percent":0.8644966089581899,"average_exposure_percent":0.13550339104181008,"average_leverage":0.13550339104181008,"average_position_value":199.07872330637855,"max_exposure_percent":0.4093734500907265},"closed_trades":13,"equity_curve":[],"final_equity":510.7678586802709,"max_drawdown":0.05299906458375098,"open_trades":0,"profit_factor":1.2343723022618522,"sharpe":0.2677575674173788,"signal_diagnostics":{"buy_signals":13,"duplicate_buy_skips":0,"flat_sell_skips":0,"hold_signals":415,"risk_blocked_signals":0,"sell_signals":3,"stop_loss_exits":7,"take_profit_exits":2},"starting_equity":500,"total_return":0.021535717360541717,"trade_analysis":{"average_loss":-5.742924065873895,"average_trade_duration_days":15.772435897435896,"average_win":11.342250241452412,"expectancy":0.8282968215592993,"largest_loss":-11.160076066606807,"largest_win":28.36089663004761,"max_trade_duration_days":49.0,"median_trade_duration_days":7.0,"profit_factor":1.2343723022618522,"time_in_market_percent":0.32136093515313785,"total_trades":13,"win_rate":0.38461538461538464}}