{"capital_utilization":{"average_cash_percent":0.9574161758418099,"average_exposure_percent":0.04258382415819008,"average_leverage":0.04258382415819008,"average_position_value":201.89614382009958,"max_exposure_percent":0.40743688811106243},"closed_trades":6,"equity_curve":[],"final_equity":518.938592742195,"max_drawdown":0.04344823385425863,"open_trades":0,"profit_factor":1.9649133746643261,"sharpe":0.6181972672027439,"signal_diagnostics":{"buy_signals":6,"duplicate_buy_skips":0,"flat_sell_skips":0,"hold_signals":540,"risk_blocked_signals":0,"sell_signals":1,"stop_loss_exits":3,"take_profit_exits":2},"starting_equity":500,"total_return":0.03787718548439001,"trade_analysis":{"average_loss":-6.542415529885747,"average_trade_duration_days":13.506944444444443,"average_win":12.855279777284098,"expectancy":3.1564321236991755,"largest_loss":-9.058895107175298,"largest_win":14.710782254665762,"max_trade_duration_days":22.0,"median_trade_duration_days":14.020833333333332,"profit_factor":1.9649133746643261,"time_in_market_percent":0.10079286935793128,"total_trades":6,"win_rate":0.5}}