{"capital_utilization":{"average_cash_percent":0.8245803125225223,"average_exposure_percent":0.17541968747747774,"average_leverage":0.17541968747747774,"average_position_value":202.51641523709264,"max_exposure_percent":0.4104551236028539},"closed_trades":30,"equity_curve":[],"final_equity":537.5530378986563,"max_drawdown":0.0722865351443609,"open_trades":0,"profit_factor":1.3706493680984977,"sharpe":0.5724977992030615,"signal_diagnostics":{"buy_signals":30,"duplicate_buy_skips":0,"flat_sell_skips":0,"hold_signals":380,"risk_blocked_signals":0,"sell_signals":7,"stop_loss_exits":13,"take_profit_exits":10},"starting_equity":500,"total_return":0.07510607579731254,"trade_analysis":{"average_loss":-7.793606226264794,"average_trade_duration_days":7.700000000000001,"average_win":8.16881875529992,"expectancy":1.2517679299552096,"largest_loss":-12.190929801146913,"largest_win":14.772664304236123,"max_trade_duration_days":18.958333333333332,"median_trade_duration_days":7.0,"profit_factor":1.3706493680984977,"time_in_market_percent":0.3620453209691113,"total_trades":30,"win_rate":0.5666666666666667}}