{"capital_utilization":{"average_cash_percent":0.8852640073617566,"average_exposure_percent":0.11473599263824341,"average_leverage":0.11473599263824341,"average_position_value":210.02358322258115,"max_exposure_percent":0.42328163536233165},"closed_trades":17,"equity_curve":[],"final_equity":660.1219956789073,"max_drawdown":0.11616434866555342,"open_trades":0,"profit_factor":2.8945288661623976,"sharpe":1.0534684292108063,"signal_diagnostics":{"buy_signals":17,"duplicate_buy_skips":0,"flat_sell_skips":0,"hold_signals":519,"risk_blocked_signals":0,"sell_signals":11,"stop_loss_exits":4,"take_profit_exits":2},"starting_equity":500,"total_return":0.32024399135781456,"trade_analysis":{"average_loss":-21.129527047436092,"average_trade_duration_days":12.291666666666668,"average_win":18.818469528357817,"expectancy":9.41894092228866,"largest_loss":-26.734152824429962,"largest_win":47.53008196424495,"max_trade_duration_days":20.0,"median_trade_duration_days":12.0,"profit_factor":2.8945288661623976,"time_in_market_percent":0.25988495621081,"total_trades":17,"win_rate":0.7647058823529411}}