{"capital_utilization":{"average_cash_percent":0.9726219669056934,"average_exposure_percent":0.02737803309430664,"average_leverage":0.02737803309430664,"average_position_value":203.6028738536895,"max_exposure_percent":0.4040000933639633},"closed_trades":5,"equity_curve":[],"final_equity":507.8169348407716,"max_drawdown":0.023277223292261725,"open_trades":0,"profit_factor":1.8109103589979982,"sharpe":0.32026930053379377,"signal_diagnostics":{"buy_signals":5,"duplicate_buy_skips":0,"flat_sell_skips":0,"hold_signals":543,"risk_blocked_signals":0,"sell_signals":0,"stop_loss_exits":4,"take_profit_exits":1},"starting_equity":500,"total_return":0.015633869681543233,"trade_analysis":{"average_loss":-3.2132342595099286,"average_trade_duration_days":9.608333333333333,"average_win":8.728318809650688,"expectancy":1.563386968154318,"largest_loss":-4.947786920820649,"largest_win":14.785104348332352,"max_trade_duration_days":13.0,"median_trade_duration_days":11.0,"profit_factor":1.8109103589979982,"time_in_market_percent":0.059750220241488315,"total_trades":5,"win_rate":0.4}}