{"capital_utilization":{"average_cash_percent":0.795842659787434,"average_exposure_percent":0.20415734021256599,"average_leverage":0.20415734021256599,"average_position_value":191.39685360224271,"max_exposure_percent":0.40679894113779763},"closed_trades":34,"equity_curve":[],"final_equity":474.42782689368164,"max_drawdown":0.08154629266368454,"open_trades":0,"profit_factor":0.6942470015476354,"sharpe":-0.5006407705032918,"signal_diagnostics":{"buy_signals":34,"duplicate_buy_skips":0,"flat_sell_skips":0,"hold_signals":372,"risk_blocked_signals":0,"sell_signals":6,"stop_loss_exits":27,"take_profit_exits":1},"starting_equity":500,"total_return":-0.05114434621263675,"trade_analysis":{"average_loss":-3.98270020256898,"average_trade_duration_days":8.028186274509805,"average_win":4.466502395971551,"expectancy":-0.7521227384211289,"largest_loss":-8.000767043524212,"largest_win":10.32330932842329,"max_trade_duration_days":24.0,"median_trade_duration_days":6.5,"profit_factor":0.6942470015476354,"time_in_market_percent":0.42780643897342135,"total_trades":34,"win_rate":0.38235294117647056}}