{"capital_utilization":{"average_cash_percent":0.8067960151132573,"average_exposure_percent":0.1932039848867427,"average_leverage":0.1932039848867427,"average_position_value":211.43226598941612,"max_exposure_percent":0.40564790076859325},"closed_trades":18,"equity_curve":[],"final_equity":551.6392546739647,"max_drawdown":0.0423143200614413,"open_trades":0,"profit_factor":2.700582617141116,"sharpe":0.8928139856335242,"signal_diagnostics":{"buy_signals":18,"duplicate_buy_skips":0,"flat_sell_skips":0,"hold_signals":516,"risk_blocked_signals":0,"sell_signals":5,"stop_loss_exits":11,"take_profit_exits":2},"starting_equity":500,"total_return":0.10327850934792937,"trade_analysis":{"average_loss":-3.795703172067623,"average_trade_duration_days":20.280092592592595,"average_win":8.200488005050573,"expectancy":2.86884748188693,"largest_loss":-7.343055375073806,"largest_win":24.75672066491253,"max_trade_duration_days":48.0,"median_trade_duration_days":18.5,"profit_factor":2.700582617141116,"time_in_market_percent":0.4540083950873193,"total_trades":18,"win_rate":0.5555555555555556}}