{"capital_utilization":{"average_cash_percent":0.7806021721342097,"average_exposure_percent":0.21939782786579035,"average_leverage":0.21939782786579035,"average_position_value":210.1283091406352,"max_exposure_percent":0.40731765863891917},"closed_trades":30,"equity_curve":[],"final_equity":540.1841449708436,"max_drawdown":0.06414459729482624,"open_trades":0,"profit_factor":1.5892478860532167,"sharpe":0.7062620853404648,"signal_diagnostics":{"buy_signals":30,"duplicate_buy_skips":0,"flat_sell_skips":0,"hold_signals":493,"risk_blocked_signals":0,"sell_signals":0,"stop_loss_exits":28,"take_profit_exits":1},"starting_equity":500,"total_return":0.0803682899416871,"trade_analysis":{"average_loss":-4.546376934841135,"average_trade_duration_days":13.468055555555555,"average_win":7.225319932897376,"expectancy":1.33947149902812,"largest_loss":-9.13160780749727,"largest_win":20.63609608489911,"max_trade_duration_days":45.0,"median_trade_duration_days":10.5,"profit_factor":1.5892478860532167,"time_in_market_percent":0.5025133440431155,"total_trades":30,"win_rate":0.5}}