{"capital_utilization":{"average_cash_percent":0.7955433834011798,"average_exposure_percent":0.20445661659882025,"average_leverage":0.20445661659882025,"average_position_value":210.42815773951367,"max_exposure_percent":0.4073321280948763},"closed_trades":15,"equity_curve":[],"final_equity":543.8626501626633,"max_drawdown":0.07932988839979224,"open_trades":0,"profit_factor":1.8673651022145323,"sharpe":0.7435797234550505,"signal_diagnostics":{"buy_signals":15,"duplicate_buy_skips":0,"flat_sell_skips":0,"hold_signals":522,"risk_blocked_signals":0,"sell_signals":0,"stop_loss_exits":15,"take_profit_exits":0},"starting_equity":500,"total_return":0.08772530032532644,"trade_analysis":{"average_loss":-6.32124955953876,"average_trade_duration_days":26.536111111111108,"average_win":13.490378091281901,"expectancy":2.9241766775108817,"largest_loss":-9.093759518982317,"largest_win":44.86539536887394,"max_trade_duration_days":86.0,"median_trade_duration_days":18.0,"profit_factor":1.8673651022145323,"time_in_market_percent":0.4950510442037622,"total_trades":15,"win_rate":0.4666666666666667}}