{"capital_utilization":{"average_cash_percent":0.7041338297585895,"average_exposure_percent":0.2958661702414105,"average_leverage":0.2958661702414105,"average_position_value":215.35867260298173,"max_exposure_percent":0.40528122659189736},"closed_trades":25,"equity_curve":[],"final_equity":560.5566003915084,"max_drawdown":0.036232638199079355,"open_trades":0,"profit_factor":3.29093131200591,"sharpe":1.0519177258675638,"signal_diagnostics":{"buy_signals":25,"duplicate_buy_skips":0,"flat_sell_skips":0,"hold_signals":503,"risk_blocked_signals":0,"sell_signals":8,"stop_loss_exits":16,"take_profit_exits":0},"starting_equity":500,"total_return":0.12111320078301668,"trade_analysis":{"average_loss":-2.2027650237756298,"average_trade_duration_days":22.4,"average_win":6.691521590524304,"expectancy":2.4222640156603346,"largest_loss":-7.340043262103869,"largest_win":17.213190029611788,"max_trade_duration_days":79.0,"median_trade_duration_days":16.0,"profit_factor":3.29093131200591,"time_in_market_percent":0.6964813183396383,"total_trades":25,"win_rate":0.52}}