{"capital_utilization":{"average_cash_percent":0.7582488307621358,"average_exposure_percent":0.24175116923786424,"average_leverage":0.24175116923786424,"average_position_value":209.21698461570023,"max_exposure_percent":0.4057538449944659},"closed_trades":38,"equity_curve":[],"final_equity":539.2243389231484,"max_drawdown":0.05778596414772976,"open_trades":0,"profit_factor":1.4390268724375974,"sharpe":0.6092152924776231,"signal_diagnostics":{"buy_signals":38,"duplicate_buy_skips":0,"flat_sell_skips":0,"hold_signals":477,"risk_blocked_signals":0,"sell_signals":9,"stop_loss_exits":29,"take_profit_exits":0},"starting_equity":500,"total_return":0.07844867784629672,"trade_analysis":{"average_loss":-4.4671911203708445,"average_trade_duration_days":11.657894736842104,"average_win":7.142675629475848,"expectancy":1.0322194453460094,"largest_loss":-7.209817454478327,"largest_win":25.54939527321673,"max_trade_duration_days":41.0,"median_trade_duration_days":7.979166666666666,"profit_factor":1.4390268724375974,"time_in_market_percent":0.5509664714722495,"total_trades":38,"win_rate":0.47368421052631576}}