{"capital_utilization":{"average_cash_percent":0.8319555292196723,"average_exposure_percent":0.16804447078032775,"average_leverage":0.16804447078032775,"average_position_value":171.36899868985714,"max_exposure_percent":0.4218138626295031},"closed_trades":38,"equity_curve":[],"final_equity":470.38981674992317,"max_drawdown":0.23903258411164932,"open_trades":0,"profit_factor":0.8934090311034287,"sharpe":-0.13431828923296862,"signal_diagnostics":{"buy_signals":38,"duplicate_buy_skips":0,"flat_sell_skips":0,"hold_signals":477,"risk_blocked_signals":0,"sell_signals":0,"stop_loss_exits":24,"take_profit_exits":14},"starting_equity":500,"total_return":-0.05922036650015361,"trade_analysis":{"average_loss":-12.077939482768734,"average_trade_duration_days":7.4462719298245625,"average_win":16.545494990240268,"expectancy":-0.779215348686233,"largest_loss":-22.094731264889624,"largest_win":28.116486752355215,"max_trade_duration_days":21.0,"median_trade_duration_days":6.0,"profit_factor":0.8934090311034287,"time_in_market_percent":0.35191998756283366,"total_trades":38,"win_rate":0.39473684210526316}}