{"capital_utilization":{"average_cash_percent":0.8291367156305036,"average_exposure_percent":0.17086328436949635,"average_leverage":0.17086328436949635,"average_position_value":186.6557304506567,"max_exposure_percent":0.41261033460385926},"closed_trades":25,"equity_curve":[],"final_equity":491.62960721206963,"max_drawdown":0.12001966817796483,"open_trades":0,"profit_factor":0.9134708137619937,"sharpe":-0.07536611985110708,"signal_diagnostics":{"buy_signals":25,"duplicate_buy_skips":0,"flat_sell_skips":0,"hold_signals":391,"risk_blocked_signals":0,"sell_signals":8,"stop_loss_exits":16,"take_profit_exits":0},"starting_equity":500,"total_return":-0.016740785575860784,"trade_analysis":{"average_loss":-7.4411466962291355,"average_trade_duration_days":9.601666666666667,"average_win":7.3637095219207,"expectancy":-0.33481571151721545,"largest_loss":-14.417806901676554,"largest_win":17.727904792594142,"max_trade_duration_days":20.0,"median_trade_duration_days":11.0,"profit_factor":0.9134708137619937,"time_in_market_percent":0.3762162868151244,"total_trades":25,"win_rate":0.48}}