{"capital_utilization":{"average_cash_percent":0.7509640241254069,"average_exposure_percent":0.24903597587459314,"average_leverage":0.24903597587459314,"average_position_value":171.10607286458298,"max_exposure_percent":0.42278734284385716},"closed_trades":17,"equity_curve":[],"final_equity":354.13233932684375,"max_drawdown":0.3107598713223017,"open_trades":0,"profit_factor":0.22642312228830722,"sharpe":-2.2386832710305664,"signal_diagnostics":{"buy_signals":17,"duplicate_buy_skips":0,"flat_sell_skips":0,"hold_signals":154,"risk_blocked_signals":0,"sell_signals":2,"stop_loss_exits":14,"take_profit_exits":0},"starting_equity":500,"total_return":-0.2917353213463125,"trade_analysis":{"average_loss":-14.504814719568602,"average_trade_duration_days":8.470588235294118,"average_win":10.67373267030889,"expectancy":-8.580450627832722,"largest_loss":-24.32236929938684,"largest_win":24.00347691948138,"max_trade_duration_days":25.0,"median_trade_duration_days":7.0,"profit_factor":0.22642312228830722,"time_in_market_percent":0.5312836279784781,"total_trades":17,"win_rate":0.23529411764705882}}