{"capital_utilization":{"average_cash_percent":0.8106744534807997,"average_exposure_percent":0.1893255465192003,"average_leverage":0.1893255465192003,"average_position_value":164.33715465650744,"max_exposure_percent":0.421813862629503},"closed_trades":36,"equity_curve":[],"final_equity":419.3193027800772,"max_drawdown":0.29988702156192476,"open_trades":0,"profit_factor":0.7005809963305577,"sharpe":-0.4441271103549953,"signal_diagnostics":{"buy_signals":36,"duplicate_buy_skips":0,"flat_sell_skips":0,"hold_signals":481,"risk_blocked_signals":0,"sell_signals":2,"stop_loss_exits":31,"take_profit_exits":3},"starting_equity":500,"total_return":-0.16136139443984565,"trade_analysis":{"average_loss":-11.227395977872161,"average_trade_duration_days":9.25,"average_win":15.731400520750748,"expectancy":-2.241130478331189,"largest_loss":-21.574064391319954,"largest_win":42.328363644690384,"max_trade_duration_days":27.0,"median_trade_duration_days":6.479166666666666,"profit_factor":0.7005809963305577,"time_in_market_percent":0.41415764108410635,"total_trades":36,"win_rate":0.3333333333333333}}