{"capital_utilization":{"average_cash_percent":0.7496755444822143,"average_exposure_percent":0.2503244555177857,"average_leverage":0.2503244555177857,"average_position_value":202.15925590978935,"max_exposure_percent":0.4044592577689118},"closed_trades":33,"equity_curve":[],"final_equity":512.3732394379074,"max_drawdown":0.02560751049166022,"open_trades":0,"profit_factor":1.2763947770093191,"sharpe":0.36326316748114706,"signal_diagnostics":{"buy_signals":33,"duplicate_buy_skips":0,"flat_sell_skips":0,"hold_signals":487,"risk_blocked_signals":0,"sell_signals":0,"stop_loss_exits":33,"take_profit_exits":0},"starting_equity":500,"total_return":0.024746478875814715,"trade_analysis":{"average_loss":-2.1317402751634678,"average_trade_duration_days":14.180555555555555,"average_win":4.761648768028353,"expectancy":0.374946649633558,"largest_loss":-5.390812592985542,"largest_win":11.10157459123885,"max_trade_duration_days":50.0,"median_trade_duration_days":9.0,"profit_factor":1.2763947770093191,"time_in_market_percent":0.5820075659428927,"total_trades":33,"win_rate":0.36363636363636365}}