{"capital_utilization":{"average_cash_percent":0.9074004168867741,"average_exposure_percent":0.09259958311322596,"average_leverage":0.09259958311322596,"average_position_value":201.03184344897247,"max_exposure_percent":0.40603856562025703},"closed_trades":21,"equity_curve":[],"final_equity":500.81888155750073,"max_drawdown":0.03992022517668365,"open_trades":0,"profit_factor":1.0146943643205517,"sharpe":0.03881064150484043,"signal_diagnostics":{"buy_signals":21,"duplicate_buy_skips":0,"flat_sell_skips":0,"hold_signals":510,"risk_blocked_signals":0,"sell_signals":6,"stop_loss_exits":12,"take_profit_exits":3},"starting_equity":500,"total_return":0.0016377631150015226,"trade_analysis":{"average_loss":-5.066144838296558,"average_trade_duration_days":7.140873015873015,"average_win":5.654647477876287,"expectancy":0.038994359880987324,"largest_loss":-7.444956703165371,"largest_win":11.179260656195575,"max_trade_duration_days":17.0,"median_trade_duration_days":6.0,"profit_factor":1.0146943643205517,"time_in_market_percent":0.1865056744571695,"total_trades":21,"win_rate":0.47619047619047616}}