{"capital_utilization":{"average_cash_percent":0.7121303751837174,"average_exposure_percent":0.2878696248162827,"average_leverage":0.2878696248162827,"average_position_value":215.09182081609444,"max_exposure_percent":0.40439104188189373},"closed_trades":27,"equity_curve":[],"final_equity":553.5276773754634,"max_drawdown":0.0331425572805695,"open_trades":0,"profit_factor":2.623025556046954,"sharpe":0.9443721174316818,"signal_diagnostics":{"buy_signals":27,"duplicate_buy_skips":0,"flat_sell_skips":0,"hold_signals":499,"risk_blocked_signals":0,"sell_signals":8,"stop_loss_exits":18,"take_profit_exits":0},"starting_equity":500,"total_return":0.10705535475092698,"trade_analysis":{"average_loss":-2.3557272481470473,"average_trade_duration_days":20.074074074074073,"average_win":6.654450680732475,"expectancy":1.9825065694616109,"largest_loss":-5.82799125803254,"largest_win":16.86009579676317,"max_trade_duration_days":65.0,"median_trade_duration_days":16.0,"profit_factor":2.623025556046954,"time_in_market_percent":0.6740944188215785,"total_trades":27,"win_rate":0.48148148148148145}}