{"capital_utilization":{"average_cash_percent":0.9098923998274521,"average_exposure_percent":0.09010760017254792,"average_leverage":0.09010760017254792,"average_position_value":202.82690443672445,"max_exposure_percent":0.40469785218642884},"closed_trades":21,"equity_curve":[],"final_equity":526.7632913671418,"max_drawdown":0.01781365615216814,"open_trades":0,"profit_factor":1.8588636143015844,"sharpe":0.8974190138064412,"signal_diagnostics":{"buy_signals":21,"duplicate_buy_skips":0,"flat_sell_skips":0,"hold_signals":512,"risk_blocked_signals":0,"sell_signals":2,"stop_loss_exits":8,"take_profit_exits":10},"starting_equity":500,"total_return":0.05352658273428368,"trade_analysis":{"average_loss":-3.462364677320407,"average_trade_duration_days":7.380952380952381,"average_win":4.827047788585463,"expectancy":1.2744424460543757,"largest_loss":-5.6737082859226895,"largest_win":7.906967001768616,"max_trade_duration_days":20.0,"median_trade_duration_days":6.0,"profit_factor":1.8588636143015844,"time_in_market_percent":0.19277607918329276,"total_trades":21,"win_rate":0.5714285714285714}}