{"capital_utilization":{"average_cash_percent":0.8783629784698939,"average_exposure_percent":0.12163702153010617,"average_leverage":0.12163702153010617,"average_position_value":192.16642934280998,"max_exposure_percent":0.4070293465083041},"closed_trades":18,"equity_curve":[],"final_equity":496.86055085109,"max_drawdown":0.08756675990585683,"open_trades":0,"profit_factor":0.9524776848768363,"sharpe":-0.033916219312601914,"signal_diagnostics":{"buy_signals":18,"duplicate_buy_skips":0,"flat_sell_skips":0,"hold_signals":404,"risk_blocked_signals":0,"sell_signals":6,"stop_loss_exits":11,"take_profit_exits":1},"starting_equity":500,"total_return":-0.006278898297820024,"trade_analysis":{"average_loss":-6.005693690280965,"average_trade_duration_days":9.055555555555555,"average_win":8.98902592059723,"expectancy":-0.17441384160611179,"largest_loss":-8.252685504258215,"largest_win":13.921269471882274,"max_trade_duration_days":19.0,"median_trade_duration_days":8.0,"profit_factor":0.9524776848768363,"time_in_market_percent":0.2554692091686802,"total_trades":18,"win_rate":0.3888888888888889}}