{"capital_utilization":{"average_cash_percent":0.8597486513177699,"average_exposure_percent":0.14025134868223016,"average_leverage":0.14025134868223016,"average_position_value":207.85541354260164,"max_exposure_percent":0.409020816510913},"closed_trades":23,"equity_curve":[],"final_equity":560.7000965978116,"max_drawdown":0.03740048379784665,"open_trades":0,"profit_factor":1.8464991021601358,"sharpe":1.001646542415952,"signal_diagnostics":{"buy_signals":23,"duplicate_buy_skips":0,"flat_sell_skips":0,"hold_signals":507,"risk_blocked_signals":0,"sell_signals":6,"stop_loss_exits":14,"take_profit_exits":3},"starting_equity":500,"total_return":0.12140019319562323,"trade_analysis":{"average_loss":-6.518838101209414,"average_trade_duration_days":10.91485507246377,"average_win":11.03394297592626,"expectancy":2.63913463468746,"largest_loss":-10.888195552323635,"largest_win":19.792125851035916,"max_trade_duration_days":22.0,"median_trade_duration_days":12.0,"profit_factor":1.8464991021601358,"time_in_market_percent":0.31222469813960724,"total_trades":23,"win_rate":0.5217391304347826}}