{"capital_utilization":{"average_cash_percent":0.86559514580493,"average_exposure_percent":0.13440485419507003,"average_leverage":0.13440485419507003,"average_position_value":179.52215834837637,"max_exposure_percent":0.4232609772282897},"closed_trades":16,"equity_curve":[],"final_equity":399.4988175060117,"max_drawdown":0.23668573072468732,"open_trades":0,"profit_factor":0.3209509539476751,"sharpe":-0.8924600362933071,"signal_diagnostics":{"buy_signals":16,"duplicate_buy_skips":0,"flat_sell_skips":0,"hold_signals":408,"risk_blocked_signals":0,"sell_signals":3,"stop_loss_exits":13,"take_profit_exits":0},"starting_equity":500,"total_return":-0.20100236498797663,"trade_analysis":{"average_loss":-14.800283290029697,"average_trade_duration_days":11.8125,"average_win":7.916941734384777,"expectancy":-6.28132390587427,"largest_loss":-24.3464915927417,"largest_win":19.13989262358445,"max_trade_duration_days":26.0,"median_trade_duration_days":10.0,"profit_factor":0.3209509539476751,"time_in_market_percent":0.29621889897472736,"total_trades":16,"win_rate":0.375}}