{"capital_utilization":{"average_cash_percent":0.858547487777439,"average_exposure_percent":0.14145251222256103,"average_leverage":0.14145251222256103,"average_position_value":206.37224957553025,"max_exposure_percent":0.4052324924331553},"closed_trades":14,"equity_curve":[],"final_equity":532.562645497225,"max_drawdown":0.03453083451475694,"open_trades":0,"profit_factor":2.867616941591145,"sharpe":1.0419080880004998,"signal_diagnostics":{"buy_signals":14,"duplicate_buy_skips":0,"flat_sell_skips":0,"hold_signals":413,"risk_blocked_signals":0,"sell_signals":2,"stop_loss_exits":9,"take_profit_exits":2},"starting_equity":500,"total_return":0.06512529099445019,"trade_analysis":{"average_loss":-2.179424804149269,"average_trade_duration_days":15.0,"average_win":8.333007321736543,"expectancy":2.3259032498017924,"largest_loss":-6.54697132622025,"largest_win":14.299185517699252,"max_trade_duration_days":36.0,"median_trade_duration_days":11.5,"profit_factor":2.867616941591145,"time_in_market_percent":0.32913210997191933,"total_trades":14,"win_rate":0.42857142857142855}}