{"capital_utilization":{"average_cash_percent":0.8237349718924454,"average_exposure_percent":0.17626502810755468,"average_leverage":0.17626502810755468,"average_position_value":207.55897984310445,"max_exposure_percent":0.41491306201630784},"closed_trades":27,"equity_curve":[],"final_equity":513.805238974298,"max_drawdown":0.24190602886091242,"open_trades":0,"profit_factor":1.0608785224018313,"sharpe":0.15757080930881534,"signal_diagnostics":{"buy_signals":27,"duplicate_buy_skips":0,"flat_sell_skips":0,"hold_signals":499,"risk_blocked_signals":0,"sell_signals":8,"stop_loss_exits":18,"take_profit_exits":0},"starting_equity":500,"total_return":0.027610477948596168,"trade_analysis":{"average_loss":-10.79842785556273,"average_trade_duration_days":12.077160493827162,"average_win":40.09537065685258,"expectancy":0.5113051471962258,"largest_loss":-19.622641110712856,"largest_win":134.21753171379055,"max_trade_duration_days":43.0,"median_trade_duration_days":9.0,"profit_factor":1.0608785224018313,"time_in_market_percent":0.4055552676581853,"total_trades":27,"win_rate":0.2222222222222222}}