{"capital_utilization":{"average_cash_percent":0.9184280938660438,"average_exposure_percent":0.0815719061339562,"average_leverage":0.0815719061339562,"average_position_value":200.0454404942174,"max_exposure_percent":0.4146032953898096},"closed_trades":10,"equity_curve":[],"final_equity":515.4443714890106,"max_drawdown":0.08487317148416272,"open_trades":0,"profit_factor":1.2555026667387905,"sharpe":0.24947484974692574,"signal_diagnostics":{"buy_signals":10,"duplicate_buy_skips":0,"flat_sell_skips":0,"hold_signals":420,"risk_blocked_signals":0,"sell_signals":1,"stop_loss_exits":8,"take_profit_exits":1},"starting_equity":500,"total_return":0.030888742978021133,"trade_analysis":{"average_loss":-8.635286716596147,"average_trade_duration_days":12.0,"average_win":25.297126168394538,"expectancy":1.5444371489010584,"largest_loss":-18.105887918137004,"largest_win":43.66835570498871,"max_trade_duration_days":23.0,"median_trade_duration_days":12.5,"profit_factor":1.2555026667387905,"time_in_market_percent":0.1880754914125253,"total_trades":10,"win_rate":0.3}}