{"capital_utilization":{"average_cash_percent":0.8453998961404049,"average_exposure_percent":0.15460010385959513,"average_leverage":0.15460010385959513,"average_position_value":203.85648991741417,"max_exposure_percent":0.4079231785720724},"closed_trades":39,"equity_curve":[],"final_equity":520.9707165607895,"max_drawdown":0.056891054555169816,"open_trades":0,"profit_factor":1.2490910665872954,"sharpe":0.3934912685764879,"signal_diagnostics":{"buy_signals":39,"duplicate_buy_skips":0,"flat_sell_skips":0,"hold_signals":475,"risk_blocked_signals":0,"sell_signals":21,"stop_loss_exits":17,"take_profit_exits":0},"starting_equity":500,"total_return":0.04194143312157883,"trade_analysis":{"average_loss":-4.677164158853735,"average_trade_duration_days":6.435897435897437,"average_win":5.007603400959842,"expectancy":0.5377106810458824,"largest_loss":-9.422420577547069,"largest_win":14.16572752042488,"max_trade_duration_days":17.0,"median_trade_duration_days":6.0,"profit_factor":1.2490910665872954,"time_in_market_percent":0.31217287661294507,"total_trades":39,"win_rate":0.5384615384615384}}