{"capital_utilization":{"average_cash_percent":0.841232179981736,"average_exposure_percent":0.15876782001826392,"average_leverage":0.15876782001826392,"average_position_value":208.96380227681817,"max_exposure_percent":0.41123831520780496},"closed_trades":36,"equity_curve":[],"final_equity":549.3496868587932,"max_drawdown":0.08022338183549162,"open_trades":0,"profit_factor":1.4368567894060076,"sharpe":0.6807026821612755,"signal_diagnostics":{"buy_signals":36,"duplicate_buy_skips":0,"flat_sell_skips":0,"hold_signals":481,"risk_blocked_signals":0,"sell_signals":17,"stop_loss_exits":15,"take_profit_exits":3},"starting_equity":500,"total_return":0.09869937371758652,"trade_analysis":{"average_loss":-7.060335339799484,"average_trade_duration_days":7.416666666666667,"average_win":8.115752614779248,"expectancy":1.3708246349664783,"largest_loss":-14.426256948970243,"largest_win":21.43785576409472,"max_trade_duration_days":19.041666666666668,"median_trade_duration_days":6.5,"profit_factor":1.4368567894060076,"time_in_market_percent":0.3320723428512204,"total_trades":36,"win_rate":0.5555555555555556}}