{"capital_utilization":{"average_cash_percent":0.8489264943313257,"average_exposure_percent":0.15107350566867422,"average_leverage":0.15107350566867422,"average_position_value":201.9220475250077,"max_exposure_percent":0.41122963155676173},"closed_trades":15,"equity_curve":[],"final_equity":539.7984789719715,"max_drawdown":0.059850942904998886,"open_trades":0,"profit_factor":1.5540476446859788,"sharpe":0.5949515248950981,"signal_diagnostics":{"buy_signals":15,"duplicate_buy_skips":0,"flat_sell_skips":0,"hold_signals":410,"risk_blocked_signals":0,"sell_signals":7,"stop_loss_exits":7,"take_profit_exits":1},"starting_equity":500,"total_return":0.07959695794394284,"trade_analysis":{"average_loss":-10.261747433685642,"average_trade_duration_days":15.133333333333333,"average_win":13.953838875971364,"expectancy":2.6532319314647608,"largest_loss":-13.867654246241651,"largest_win":24.813814833604376,"max_trade_duration_days":28.0,"median_trade_duration_days":13.0,"profit_factor":1.5540476446859788,"time_in_market_percent":0.35577613792202706,"total_trades":15,"win_rate":0.5333333333333333}}