{"capital_utilization":{"average_cash_percent":0.7645970470021608,"average_exposure_percent":0.2354029529978392,"average_leverage":0.2354029529978392,"average_position_value":216.31689339508128,"max_exposure_percent":0.40731765863891917},"closed_trades":31,"equity_curve":[],"final_equity":543.8392653282781,"max_drawdown":0.07837210486896673,"open_trades":0,"profit_factor":1.5714862975846347,"sharpe":0.7357554773490371,"signal_diagnostics":{"buy_signals":31,"duplicate_buy_skips":0,"flat_sell_skips":0,"hold_signals":490,"risk_blocked_signals":0,"sell_signals":1,"stop_loss_exits":30,"take_profit_exits":0},"starting_equity":500,"total_return":0.08767853065655618,"trade_analysis":{"average_loss":-4.794435307718996,"average_trade_duration_days":14.162634408602152,"average_win":8.036682016785466,"expectancy":1.4141698492992925,"largest_loss":-9.503008009524752,"largest_win":25.63992485048172,"max_trade_duration_days":41.0,"median_trade_duration_days":11.0,"profit_factor":1.5714862975846347,"time_in_market_percent":0.546043426439343,"total_trades":31,"win_rate":0.4838709677419355}}