{"capital_utilization":{"average_cash_percent":0.857960283530868,"average_exposure_percent":0.142039716469132,"average_leverage":0.142039716469132,"average_position_value":209.18765362348157,"max_exposure_percent":0.4081037583484873},"closed_trades":21,"equity_curve":[],"final_equity":577.2479941449742,"max_drawdown":0.03946066100239336,"open_trades":0,"profit_factor":2.7831229888533735,"sharpe":1.4190776489673007,"signal_diagnostics":{"buy_signals":21,"duplicate_buy_skips":0,"flat_sell_skips":0,"hold_signals":511,"risk_blocked_signals":0,"sell_signals":11,"stop_loss_exits":8,"take_profit_exits":2},"starting_equity":500,"total_return":0.15449598828994837,"trade_analysis":{"average_loss":-5.415217754738841,"average_trade_duration_days":12.194444444444443,"average_win":9.27459509099115,"expectancy":3.678475911665438,"largest_loss":-9.896316353273862,"largest_win":19.950224712733167,"max_trade_duration_days":20.0,"median_trade_duration_days":13.0,"profit_factor":2.7831229888533735,"time_in_market_percent":0.3184951028657304,"total_trades":21,"win_rate":0.6190476190476191}}