{"capital_utilization":{"average_cash_percent":0.8933930036430487,"average_exposure_percent":0.1066069963569513,"average_leverage":0.1066069963569513,"average_position_value":226.30591426313117,"max_exposure_percent":0.4213222408867893},"closed_trades":14,"equity_curve":[],"final_equity":694.3062615859367,"max_drawdown":0.12755642852327456,"open_trades":0,"profit_factor":2.9336863128747006,"sharpe":1.2080896408473063,"signal_diagnostics":{"buy_signals":14,"duplicate_buy_skips":0,"flat_sell_skips":0,"hold_signals":524,"risk_blocked_signals":0,"sell_signals":7,"stop_loss_exits":4,"take_profit_exits":3},"starting_equity":500,"total_return":0.38861252317187334,"trade_analysis":{"average_loss":-20.09697853185636,"average_trade_duration_days":14.142857142857142,"average_win":32.75457269391317,"expectancy":13.879018684709767,"largest_loss":-29.49511828348294,"largest_win":59.06261347115285,"max_trade_duration_days":26.958333333333332,"median_trade_duration_days":13.0,"profit_factor":2.9336863128747006,"time_in_market_percent":0.24625589469865783,"total_trades":14,"win_rate":0.6428571428571429}}