{"capital_utilization":{"average_cash_percent":0.8840549990451904,"average_exposure_percent":0.11594500095480965,"average_leverage":0.11594500095480965,"average_position_value":185.62604687235086,"max_exposure_percent":0.42178220645280134},"closed_trades":25,"equity_curve":[],"final_equity":539.5504143244315,"max_drawdown":0.1870931507681009,"open_trades":0,"profit_factor":1.2158750111171666,"sharpe":0.349484895886875,"signal_diagnostics":{"buy_signals":25,"duplicate_buy_skips":0,"flat_sell_skips":0,"hold_signals":503,"risk_blocked_signals":0,"sell_signals":1,"stop_loss_exits":14,"take_profit_exits":10},"starting_equity":500,"total_return":0.07910082864886303,"trade_analysis":{"average_loss":-14.093060367077758,"average_trade_duration_days":8.036666666666667,"average_win":18.563349924703534,"expectancy":1.5820165729772595,"largest_loss":-22.637694705827567,"largest_win":28.81542481071837,"max_trade_duration_days":26.0,"median_trade_duration_days":7.0,"profit_factor":1.2158750111171666,"time_in_market_percent":0.2498834015650101,"total_trades":25,"win_rate":0.48}}