{"capital_utilization":{"average_cash_percent":0.8042728565454886,"average_exposure_percent":0.19572714345451142,"average_leverage":0.19572714345451142,"average_position_value":206.1184386446937,"max_exposure_percent":0.414912936127344},"closed_trades":31,"equity_curve":[],"final_equity":543.4825823340514,"max_drawdown":0.21649352243109177,"open_trades":0,"profit_factor":1.1977175143244874,"sharpe":0.3342366490020505,"signal_diagnostics":{"buy_signals":31,"duplicate_buy_skips":0,"flat_sell_skips":0,"hold_signals":491,"risk_blocked_signals":0,"sell_signals":1,"stop_loss_exits":29,"take_profit_exits":0},"starting_equity":500,"total_return":0.08696516466810267,"trade_analysis":{"average_loss":-10.472512593730814,"average_trade_duration_days":11.260752688172042,"average_win":26.340534680239834,"expectancy":1.4026639462597197,"largest_loss":-19.562472461047186,"largest_win":82.06438822382772,"max_trade_duration_days":33.0,"median_trade_duration_days":9.0,"profit_factor":1.1977175143244874,"time_in_market_percent":0.43416075037570606,"total_trades":31,"win_rate":0.3225806451612903}}