{"capital_utilization":{"average_cash_percent":0.8486059815501437,"average_exposure_percent":0.15139401844985634,"average_leverage":0.15139401844985634,"average_position_value":200.99944003877187,"max_exposure_percent":0.40531301947691245},"closed_trades":18,"equity_curve":[],"final_equity":518.9886608130123,"max_drawdown":0.03182985844270952,"open_trades":0,"profit_factor":1.615689755992802,"sharpe":0.5762879014421655,"signal_diagnostics":{"buy_signals":18,"duplicate_buy_skips":0,"flat_sell_skips":0,"hold_signals":405,"risk_blocked_signals":0,"sell_signals":2,"stop_loss_exits":13,"take_profit_exits":2},"starting_equity":500,"total_return":0.03797732162602463,"trade_analysis":{"average_loss":-2.8037528240314127,"average_trade_duration_days":12.166666666666666,"average_win":7.118563125336839,"expectancy":1.0549256007229078,"largest_loss":-6.423976229155885,"largest_win":13.976252778723435,"max_trade_duration_days":36.0,"median_trade_duration_days":9.5,"profit_factor":1.615689755992802,"time_in_market_percent":0.3432377718278587,"total_trades":18,"win_rate":0.3888888888888889}}