{"capital_utilization":{"average_cash_percent":0.8457689445230311,"average_exposure_percent":0.15423105547696891,"average_leverage":0.15423105547696891,"average_position_value":209.27966023674173,"max_exposure_percent":0.4135352071056087},"closed_trades":26,"equity_curve":[],"final_equity":528.0309802386912,"max_drawdown":0.18787848249345573,"open_trades":0,"profit_factor":1.1287044018997696,"sharpe":0.2512302410784699,"signal_diagnostics":{"buy_signals":26,"duplicate_buy_skips":0,"flat_sell_skips":0,"hold_signals":501,"risk_blocked_signals":0,"sell_signals":4,"stop_loss_exits":17,"take_profit_exits":4},"starting_equity":500,"total_return":0.05606196047738243,"trade_analysis":{"average_loss":-12.09963806164172,"average_trade_duration_days":10.887820512820515,"average_win":30.72805816853026,"expectancy":1.0781146245650441,"largest_loss":-18.96360729479634,"largest_win":72.67182235589247,"max_trade_duration_days":34.0,"median_trade_duration_days":7.5,"profit_factor":1.1287044018997696,"time_in_market_percent":0.3520754521428202,"total_trades":26,"win_rate":0.3076923076923077}}