{"capital_utilization":{"average_cash_percent":0.8191697657156392,"average_exposure_percent":0.1808302342843608,"average_leverage":0.1808302342843608,"average_position_value":209.7927807677193,"max_exposure_percent":0.4112149609456768},"closed_trades":33,"equity_curve":[],"final_equity":564.1947459735524,"max_drawdown":0.07729729861157873,"open_trades":0,"profit_factor":1.5578567707002555,"sharpe":0.8388085832029761,"signal_diagnostics":{"buy_signals":33,"duplicate_buy_skips":0,"flat_sell_skips":0,"hold_signals":487,"risk_blocked_signals":0,"sell_signals":8,"stop_loss_exits":18,"take_profit_exits":6},"starting_equity":500,"total_return":0.1283894919471047,"trade_analysis":{"average_loss":-6.769052068895667,"average_trade_duration_days":9.545454545454545,"average_win":11.204289446548668,"expectancy":1.9452953325318905,"largest_loss":-14.506214758752478,"largest_win":21.356623889985908,"max_trade_duration_days":26.958333333333332,"median_trade_duration_days":9.0,"profit_factor":1.5578567707002555,"time_in_market_percent":0.3917707415660466,"total_trades":33,"win_rate":0.48484848484848486}}