{"capital_utilization":{"average_cash_percent":0.7992604090357917,"average_exposure_percent":0.20073959096420838,"average_leverage":0.20073959096420838,"average_position_value":205.689360878902,"max_exposure_percent":0.4075254739006812},"closed_trades":33,"equity_curve":[],"final_equity":516.8201871869638,"max_drawdown":0.05168676327122153,"open_trades":0,"profit_factor":1.2193380909373157,"sharpe":0.29962077461773745,"signal_diagnostics":{"buy_signals":33,"duplicate_buy_skips":0,"flat_sell_skips":0,"hold_signals":487,"risk_blocked_signals":0,"sell_signals":3,"stop_loss_exits":29,"take_profit_exits":1},"starting_equity":500,"total_return":0.03364037437392775,"trade_analysis":{"average_loss":-4.792882507059286,"average_trade_duration_days":10.880050505050503,"average_win":5.500371017641906,"expectancy":0.5097026420292076,"largest_loss":-9.184355183654977,"largest_win":20.525636202099662,"max_trade_duration_days":33.0,"median_trade_duration_days":7.0,"profit_factor":1.2193380909373157,"time_in_market_percent":0.44654609524796596,"total_trades":33,"win_rate":0.5151515151515151}}