{"capital_utilization":{"average_cash_percent":0.8900414090890478,"average_exposure_percent":0.10995859091095211,"average_leverage":0.10995859091095211,"average_position_value":198.38245731004417,"max_exposure_percent":0.40995130976844224},"closed_trades":19,"equity_curve":[],"final_equity":511.428695016108,"max_drawdown":0.06292689866537785,"open_trades":0,"profit_factor":1.1563731186175852,"sharpe":0.2588674680939355,"signal_diagnostics":{"buy_signals":19,"duplicate_buy_skips":0,"flat_sell_skips":0,"hold_signals":402,"risk_blocked_signals":0,"sell_signals":3,"stop_loss_exits":10,"take_profit_exits":6},"starting_equity":500,"total_return":0.022857390032215985,"trade_analysis":{"average_loss":-7.308605927376329,"average_trade_duration_days":7.842105263157895,"average_win":9.390528254430148,"expectancy":0.6015102640056855,"largest_loss":-11.644408341727056,"largest_win":14.139573517722685,"max_trade_duration_days":21.0,"median_trade_duration_days":7.0,"profit_factor":1.1563731186175852,"time_in_market_percent":0.2335270685038856,"total_trades":19,"win_rate":0.47368421052631576}}