{"capital_utilization":{"average_cash_percent":0.8452421292983513,"average_exposure_percent":0.1547578707016487,"average_leverage":0.1547578707016487,"average_position_value":200.41874054681017,"max_exposure_percent":0.40531301947691245},"closed_trades":15,"equity_curve":[],"final_equity":520.5082871186456,"max_drawdown":0.03143876013821111,"open_trades":0,"profit_factor":1.7128820684274335,"sharpe":0.6132330554423483,"signal_diagnostics":{"buy_signals":15,"duplicate_buy_skips":0,"flat_sell_skips":0,"hold_signals":411,"risk_blocked_signals":0,"sell_signals":0,"stop_loss_exits":14,"take_profit_exits":0},"starting_equity":500,"total_return":0.041016574237291215,"trade_analysis":{"average_loss":-3.1964593719758607,"average_trade_duration_days":15.333333333333334,"average_win":8.212736911071401,"expectancy":1.3672191412430441,"largest_loss":-6.423976229155885,"largest_win":13.202222837803083,"max_trade_duration_days":40.0,"median_trade_duration_days":11.0,"profit_factor":1.7128820684274335,"time_in_market_percent":0.3604780252073402,"total_trades":15,"win_rate":0.4}}