{"capital_utilization":{"average_cash_percent":0.7381926321469303,"average_exposure_percent":0.26180736785306974,"average_leverage":0.26180736785306974,"average_position_value":203.7050407159417,"max_exposure_percent":0.40376108490484947},"closed_trades":35,"equity_curve":[],"final_equity":521.5807170326466,"max_drawdown":0.025650694038350588,"open_trades":0,"profit_factor":1.4650508424899866,"sharpe":0.6025650677562464,"signal_diagnostics":{"buy_signals":35,"duplicate_buy_skips":0,"flat_sell_skips":0,"hold_signals":483,"risk_blocked_signals":0,"sell_signals":1,"stop_loss_exits":32,"take_profit_exits":2},"starting_equity":500,"total_return":0.04316143406529327,"trade_analysis":{"average_loss":-2.109321376669134,"average_trade_duration_days":13.827380952380953,"average_win":5.22967594764366,"expectancy":0.6165919152184752,"largest_loss":-4.576000158018955,"largest_win":11.118360790743782,"max_trade_duration_days":50.0,"median_trade_duration_days":9.0,"profit_factor":1.4650508424899866,"time_in_market_percent":0.601907032181168,"total_trades":35,"win_rate":0.37142857142857144}}