{"capital_utilization":{"average_cash_percent":0.8772941338766865,"average_exposure_percent":0.12270586612331351,"average_leverage":0.12270586612331351,"average_position_value":214.20071884768333,"max_exposure_percent":0.40615164674707444},"closed_trades":30,"equity_curve":[],"final_equity":575.9086539456545,"max_drawdown":0.025461370504256182,"open_trades":0,"profit_factor":2.4123914702320026,"sharpe":1.5227151362779672,"signal_diagnostics":{"buy_signals":30,"duplicate_buy_skips":0,"flat_sell_skips":0,"hold_signals":493,"risk_blocked_signals":0,"sell_signals":2,"stop_loss_exits":11,"take_profit_exits":17},"starting_equity":500,"total_return":0.15181730789130898,"trade_analysis":{"average_loss":-4.885888132132859,"average_trade_duration_days":6.833333333333332,"average_win":6.823864389427152,"expectancy":2.5302884648551482,"largest_loss":-8.310048916137768,"largest_win":12.272384280017247,"max_trade_duration_days":21.0,"median_trade_duration_days":6.0,"profit_factor":2.4123914702320026,"time_in_market_percent":0.2549619111779033,"total_trades":30,"win_rate":0.6333333333333333}}