{"capital_utilization":{"average_cash_percent":0.859672088830566,"average_exposure_percent":0.14032791116943397,"average_leverage":0.14032791116943397,"average_position_value":203.62102693391134,"max_exposure_percent":0.40748434019912994},"closed_trades":11,"equity_curve":[],"final_equity":528.1326148359028,"max_drawdown":0.034535206065769215,"open_trades":0,"profit_factor":2.3224436897883556,"sharpe":0.9069727744023476,"signal_diagnostics":{"buy_signals":11,"duplicate_buy_skips":0,"flat_sell_skips":0,"hold_signals":419,"risk_blocked_signals":0,"sell_signals":0,"stop_loss_exits":10,"take_profit_exits":0},"starting_equity":500,"total_return":0.05626522967180558,"trade_analysis":{"average_loss":-4.254640867227428,"average_trade_duration_days":19.272727272727273,"average_win":8.234303195339995,"expectancy":2.5575104396275306,"largest_loss":-9.05404502610555,"largest_win":13.341631708890288,"max_trade_duration_days":36.0,"median_trade_duration_days":24.0,"profit_factor":2.3224436897883556,"time_in_market_percent":0.3322667014954614,"total_trades":11,"win_rate":0.5454545454545454}}