{"capital_utilization":{"average_cash_percent":0.8394679089081949,"average_exposure_percent":0.16053209109180516,"average_leverage":0.16053209109180516,"average_position_value":195.5869735444691,"max_exposure_percent":0.40392621001122375},"closed_trades":14,"equity_curve":[],"final_equity":504.81115052988395,"max_drawdown":0.043941990516437726,"open_trades":0,"profit_factor":1.1693306147112588,"sharpe":0.1917424519950017,"signal_diagnostics":{"buy_signals":14,"duplicate_buy_skips":0,"flat_sell_skips":0,"hold_signals":413,"risk_blocked_signals":0,"sell_signals":3,"stop_loss_exits":9,"take_profit_exits":1},"starting_equity":500,"total_return":0.009622301059767802,"trade_analysis":{"average_loss":-3.156973604624106,"average_trade_duration_days":16.928571428571427,"average_win":6.644782594300184,"expectancy":0.3436536092774264,"largest_loss":-4.599649036800157,"largest_win":13.27367360819049,"max_trade_duration_days":45.0,"median_trade_duration_days":11.0,"profit_factor":1.1693306147112588,"time_in_market_percent":0.3714490955397375,"total_trades":14,"win_rate":0.35714285714285715}}