{"capital_utilization":{"average_cash_percent":0.7605833041860977,"average_exposure_percent":0.2394166958139023,"average_leverage":0.2394166958139023,"average_position_value":200.3305586725006,"max_exposure_percent":0.40379283834007096},"closed_trades":33,"equity_curve":[],"final_equity":508.43963259923487,"max_drawdown":0.02575556169815205,"open_trades":0,"profit_factor":1.1800406793187528,"sharpe":0.26006108508263515,"signal_diagnostics":{"buy_signals":33,"duplicate_buy_skips":0,"flat_sell_skips":0,"hold_signals":487,"risk_blocked_signals":0,"sell_signals":2,"stop_loss_exits":31,"take_profit_exits":0},"starting_equity":500,"total_return":0.016879265198469717,"trade_analysis":{"average_loss":-2.1307388144343022,"average_trade_duration_days":13.453282828282829,"average_win":5.028716956071776,"expectancy":0.25574644240105704,"largest_loss":-4.565783389435911,"largest_win":14.73585968853697,"max_trade_duration_days":57.0,"median_trade_duration_days":9.0,"profit_factor":1.1800406793187528,"time_in_market_percent":0.5521583665854797,"total_trades":33,"win_rate":0.3333333333333333}}