{"capital_utilization":{"average_cash_percent":0.9396849722096242,"average_exposure_percent":0.060315027790375814,"average_leverage":0.060315027790375814,"average_position_value":207.78885106479345,"max_exposure_percent":0.4079080213503011},"closed_trades":9,"equity_curve":[],"final_equity":538.7670232309431,"max_drawdown":0.052437209791321805,"open_trades":0,"profit_factor":2.5544238990070003,"sharpe":0.8577497029723975,"signal_diagnostics":{"buy_signals":9,"duplicate_buy_skips":0,"flat_sell_skips":0,"hold_signals":534,"risk_blocked_signals":0,"sell_signals":3,"stop_loss_exits":4,"take_profit_exits":2},"starting_equity":500,"total_return":0.07753404646188611,"trade_analysis":{"average_loss":-6.234950333642638,"average_trade_duration_days":12.550925925925927,"average_win":12.741364913102739,"expectancy":4.307447025660348,"largest_loss":-9.959269536195013,"largest_win":22.223896742890172,"max_trade_duration_days":20.0,"median_trade_duration_days":14.0,"profit_factor":2.5544238990070003,"time_in_market_percent":0.14048815878115772,"total_trades":9,"win_rate":0.5555555555555556}}