{"capital_utilization":{"average_cash_percent":0.8058583812188993,"average_exposure_percent":0.1941416187811007,"average_leverage":0.1941416187811007,"average_position_value":207.5929380865246,"max_exposure_percent":0.4064001787412108},"closed_trades":30,"equity_curve":[],"final_equity":543.7433595721958,"max_drawdown":0.03939480520451103,"open_trades":0,"profit_factor":1.6043863507064633,"sharpe":0.7606047843455713,"signal_diagnostics":{"buy_signals":30,"duplicate_buy_skips":0,"flat_sell_skips":0,"hold_signals":492,"risk_blocked_signals":0,"sell_signals":3,"stop_loss_exits":25,"take_profit_exits":2},"starting_equity":500,"total_return":0.08748671914439154,"trade_analysis":{"average_loss":-4.257440286923647,"average_trade_duration_days":11.801388888888889,"average_win":8.93229572691522,"expectancy":1.458111985739861,"largest_loss":-8.211272483178961,"largest_win":24.140666688981714,"max_trade_duration_days":27.0,"median_trade_duration_days":8.0,"profit_factor":1.6043863507064633,"time_in_market_percent":0.440327512048505,"total_trades":30,"win_rate":0.43333333333333335}}