{"capital_utilization":{"average_cash_percent":0.8646082859830009,"average_exposure_percent":0.13539171401699912,"average_leverage":0.13539171401699912,"average_position_value":198.99997011738833,"max_exposure_percent":0.4037842486939074},"closed_trades":15,"equity_curve":[],"final_equity":510.80861673921095,"max_drawdown":0.025300792737634845,"open_trades":0,"profit_factor":1.4508991639801065,"sharpe":0.5079877738699049,"signal_diagnostics":{"buy_signals":15,"duplicate_buy_skips":0,"flat_sell_skips":0,"hold_signals":411,"risk_blocked_signals":0,"sell_signals":1,"stop_loss_exits":11,"take_profit_exits":2},"starting_equity":500,"total_return":0.021617233478421927,"trade_analysis":{"average_loss":-2.1792045766352337,"average_trade_duration_days":13.333333333333334,"average_win":8.694966770549627,"expectancy":0.7205744492807294,"largest_loss":-4.532217282212408,"largest_win":14.714803730363705,"max_trade_duration_days":36.0,"median_trade_duration_days":8.0,"profit_factor":1.4508991639801065,"time_in_market_percent":0.31345915235420885,"total_trades":15,"win_rate":0.26666666666666666}}