{"capital_utilization":{"average_cash_percent":0.8432450820349369,"average_exposure_percent":0.15675491796506308,"average_leverage":0.15675491796506308,"average_position_value":184.4354986958305,"max_exposure_percent":0.40940187180989945},"closed_trades":31,"equity_curve":[],"final_equity":464.1774543685521,"max_drawdown":0.11894589585310655,"open_trades":0,"profit_factor":0.651155404723827,"sharpe":-0.49427289168035515,"signal_diagnostics":{"buy_signals":31,"duplicate_buy_skips":0,"flat_sell_skips":0,"hold_signals":379,"risk_blocked_signals":0,"sell_signals":11,"stop_loss_exits":19,"take_profit_exits":0},"starting_equity":500,"total_return":-0.07164509126289575,"trade_analysis":{"average_loss":-5.404690696166958,"average_trade_duration_days":6.645161290322581,"average_win":5.572214799643689,"expectancy":-1.1555659881112228,"largest_loss":-10.594602922369111,"largest_win":14.421855429112254,"max_trade_duration_days":17.0,"median_trade_duration_days":6.0,"profit_factor":0.651155404723827,"time_in_market_percent":0.32286292692483515,"total_trades":31,"win_rate":0.3870967741935484}}