{"capital_utilization":{"average_cash_percent":0.745409729350186,"average_exposure_percent":0.25459027064981393,"average_leverage":0.25459027064981393,"average_position_value":218.9214656831376,"max_exposure_percent":0.40547803473931543},"closed_trades":24,"equity_curve":[],"final_equity":579.8775751176117,"max_drawdown":0.039157060398270334,"open_trades":0,"profit_factor":4.346246699368837,"sharpe":1.385194864852009,"signal_diagnostics":{"buy_signals":24,"duplicate_buy_skips":0,"flat_sell_skips":0,"hold_signals":506,"risk_blocked_signals":0,"sell_signals":8,"stop_loss_exits":12,"take_profit_exits":3},"starting_equity":500,"total_return":0.15975515023522346,"trade_analysis":{"average_loss":-2.9838496042699885,"average_trade_duration_days":19.914930555555554,"average_win":6.484273246985724,"expectancy":3.3282322965671534,"largest_loss":-7.054468946434925,"largest_win":20.32372512353282,"max_trade_duration_days":43.0,"median_trade_duration_days":19.0,"profit_factor":4.346246699368837,"time_in_market_percent":0.5944447323418148,"total_trades":24,"win_rate":0.6666666666666666}}