{"capital_utilization":{"average_cash_percent":0.9601215352817485,"average_exposure_percent":0.03987846471825155,"average_leverage":0.03987846471825155,"average_position_value":194.11673778785607,"max_exposure_percent":0.4112551864813572},"closed_trades":5,"equity_curve":[],"final_equity":494.9152459094585,"max_drawdown":0.08412974486611316,"open_trades":0,"profit_factor":0.8174561828946438,"sharpe":-0.11565869585407552,"signal_diagnostics":{"buy_signals":5,"duplicate_buy_skips":0,"flat_sell_skips":0,"hold_signals":430,"risk_blocked_signals":0,"sell_signals":0,"stop_loss_exits":3,"take_profit_exits":2},"starting_equity":500,"total_return":-0.010169508181082976,"trade_analysis":{"average_loss":-9.28499281464166,"average_trade_duration_days":11.191666666666666,"average_win":11.385112176691749,"expectancy":-1.0169508181082965,"largest_loss":-13.339650143459801,"largest_win":12.094809784221134,"max_trade_duration_days":20.958333333333332,"median_trade_duration_days":7.0,"profit_factor":0.8174561828946438,"time_in_market_percent":0.08770325866910468,"total_trades":5,"win_rate":0.4}}