{"capital_utilization":{"average_cash_percent":0.8245371967502989,"average_exposure_percent":0.17546280324970112,"average_leverage":0.17546280324970112,"average_position_value":196.79124789089403,"max_exposure_percent":0.4112326235344351},"closed_trades":16,"equity_curve":[],"final_equity":523.3730505144453,"max_drawdown":0.06797988362668947,"open_trades":0,"profit_factor":1.2801570075512592,"sharpe":0.3475363203183112,"signal_diagnostics":{"buy_signals":16,"duplicate_buy_skips":0,"flat_sell_skips":0,"hold_signals":408,"risk_blocked_signals":0,"sell_signals":6,"stop_loss_exits":9,"take_profit_exits":1},"starting_equity":500,"total_return":0.04674610102889054,"trade_analysis":{"average_loss":-9.269822073756195,"average_trade_duration_days":16.5,"average_win":15.257349882607292,"expectancy":1.4608156571528308,"largest_loss":-13.275370786180016,"largest_win":24.085173609470555,"max_trade_duration_days":32.0,"median_trade_duration_days":15.0,"profit_factor":1.2801570075512592,"time_in_market_percent":0.4137660811075557,"total_trades":16,"win_rate":0.4375}}