{"capital_utilization":{"average_cash_percent":0.7442539295026664,"average_exposure_percent":0.25574607049733356,"average_leverage":0.25574607049733356,"average_position_value":204.89502170314793,"max_exposure_percent":0.40379283834007096},"closed_trades":22,"equity_curve":[],"final_equity":543.593748548822,"max_drawdown":0.031216368744947546,"open_trades":0,"profit_factor":2.221957891176769,"sharpe":1.1554425693732469,"signal_diagnostics":{"buy_signals":22,"duplicate_buy_skips":0,"flat_sell_skips":0,"hold_signals":509,"risk_blocked_signals":0,"sell_signals":0,"stop_loss_exits":17,"take_profit_exits":5},"starting_equity":500,"total_return":0.08718749709764384,"trade_analysis":{"average_loss":-2.972943998561219,"average_trade_duration_days":21.99810606060606,"average_win":7.926907653155661,"expectancy":1.981534024946454,"largest_loss":-4.565783389435911,"largest_win":14.79160568083297,"max_trade_duration_days":55.958333333333336,"median_trade_duration_days":21.5,"profit_factor":2.221957891176769,"time_in_market_percent":0.601907032181168,"total_trades":22,"win_rate":0.45454545454545453}}