{"capital_utilization":{"average_cash_percent":0.7113923659526022,"average_exposure_percent":0.2886076340473977,"average_leverage":0.2886076340473977,"average_position_value":214.85031550550644,"max_exposure_percent":0.40439789958731936},"closed_trades":31,"equity_curve":[],"final_equity":553.0281117446897,"max_drawdown":0.03318480574578714,"open_trades":0,"profit_factor":2.277883366790623,"sharpe":0.9433937819042564,"signal_diagnostics":{"buy_signals":31,"duplicate_buy_skips":0,"flat_sell_skips":0,"hold_signals":491,"risk_blocked_signals":0,"sell_signals":8,"stop_loss_exits":19,"take_profit_exits":3},"starting_equity":500,"total_return":0.10605622348937938,"trade_analysis":{"average_loss":-2.4409901340982,"average_trade_duration_days":17.35483870967742,"average_win":6.751781716025652,"expectancy":1.7105842498287005,"largest_loss":-5.802577602538153,"largest_win":20.622868069675384,"max_trade_duration_days":61.0,"median_trade_duration_days":14.0,"profit_factor":2.277883366790623,"time_in_market_percent":0.6691195522620097,"total_trades":31,"win_rate":0.45161290322580644}}