{"capital_utilization":{"average_cash_percent":0.7722207768940503,"average_exposure_percent":0.2277792231059497,"average_leverage":0.2277792231059497,"average_position_value":218.8757498442122,"max_exposure_percent":0.40751513903855935},"closed_trades":24,"equity_curve":[],"final_equity":569.8583533511003,"max_drawdown":0.057587679254220286,"open_trades":0,"profit_factor":2.2491518394012346,"sharpe":0.9611824896412593,"signal_diagnostics":{"buy_signals":24,"duplicate_buy_skips":0,"flat_sell_skips":0,"hold_signals":505,"risk_blocked_signals":0,"sell_signals":12,"stop_loss_exits":12,"take_profit_exits":0},"starting_equity":500,"total_return":0.1397167067022005,"trade_analysis":{"average_loss":-4.301894548802012,"average_trade_duration_days":18.291666666666664,"average_win":11.434816589593312,"expectancy":2.9107647229625115,"largest_loss":-10.025259741420147,"largest_win":25.07124403915489,"max_trade_duration_days":61.0,"median_trade_duration_days":11.0,"profit_factor":2.2491518394012346,"time_in_market_percent":0.5459916049126807,"total_trades":24,"win_rate":0.4583333333333333}}