{"capital_utilization":{"average_cash_percent":0.8967388493084851,"average_exposure_percent":0.10326115069151492,"average_leverage":0.10326115069151492,"average_position_value":208.2877404979303,"max_exposure_percent":0.405936476616695},"closed_trades":30,"equity_curve":[],"final_equity":535.3939508704918,"max_drawdown":0.0666149650834772,"open_trades":0,"profit_factor":1.547235282890762,"sharpe":0.7310485569532233,"signal_diagnostics":{"buy_signals":30,"duplicate_buy_skips":0,"flat_sell_skips":0,"hold_signals":492,"risk_blocked_signals":0,"sell_signals":16,"stop_loss_exits":14,"take_profit_exits":0},"starting_equity":500,"total_return":0.0707879017409836,"trade_analysis":{"average_loss":-4.97521210810878,"average_trade_duration_days":5.469444444444444,"average_win":5.886571075053296,"expectancy":1.1797983623497297,"largest_loss":-7.54318674012643,"largest_win":12.532918614259511,"max_trade_duration_days":18.0,"median_trade_duration_days":4.5,"profit_factor":1.547235282890762,"time_in_market_percent":0.20407317199564698,"total_trades":30,"win_rate":0.5666666666666667}}