{"capital_utilization":{"average_cash_percent":0.9209731124802361,"average_exposure_percent":0.07902688751976399,"average_leverage":0.07902688751976399,"average_position_value":203.47433781394642,"max_exposure_percent":0.40855218165692725},"closed_trades":9,"equity_curve":[],"final_equity":518.5322260255713,"max_drawdown":0.06035040801414112,"open_trades":0,"profit_factor":1.749367684150527,"sharpe":0.4359963225046082,"signal_diagnostics":{"buy_signals":9,"duplicate_buy_skips":0,"flat_sell_skips":0,"hold_signals":422,"risk_blocked_signals":0,"sell_signals":6,"stop_loss_exits":3,"take_profit_exits":0},"starting_equity":500,"total_return":0.037064452051142505,"trade_analysis":{"average_loss":-8.24349489021942,"average_trade_duration_days":12.217592592592592,"average_win":7.210451782704925,"expectancy":2.0591362250634764,"largest_loss":-10.526161819191273,"largest_win":11.473580441096722,"max_trade_duration_days":20.0,"median_trade_duration_days":12.958333333333334,"profit_factor":1.749367684150527,"time_in_market_percent":0.17233722980474106,"total_trades":9,"win_rate":0.6666666666666666}}