{"capital_utilization":{"average_cash_percent":0.8810807291008468,"average_exposure_percent":0.11891927089915319,"average_leverage":0.11891927089915319,"average_position_value":205.78347738280047,"max_exposure_percent":0.4189619961274654},"closed_trades":13,"equity_curve":[],"final_equity":605.9654124280577,"max_drawdown":0.1285712932017455,"open_trades":0,"profit_factor":2.1312560420843147,"sharpe":0.6903664642993176,"signal_diagnostics":{"buy_signals":13,"duplicate_buy_skips":0,"flat_sell_skips":0,"hold_signals":528,"risk_blocked_signals":0,"sell_signals":1,"stop_loss_exits":11,"take_profit_exits":0},"starting_equity":500,"total_return":0.21193082485611536,"trade_analysis":{"average_loss":-13.381511786898225,"average_trade_duration_days":17.69551282051282,"average_win":33.2726658227242,"expectancy":8.15118557138905,"largest_loss":-23.699575743158945,"largest_win":135.68262515236768,"max_trade_duration_days":43.0,"median_trade_duration_days":11.041666666666666,"profit_factor":2.1312560420843147,"time_in_market_percent":0.28610664870187075,"total_trades":13,"win_rate":0.46153846153846156}}