{"capital_utilization":{"average_cash_percent":0.848801543882814,"average_exposure_percent":0.15119845611718596,"average_leverage":0.15119845611718596,"average_position_value":205.42482738861904,"max_exposure_percent":0.40916351535733997},"closed_trades":32,"equity_curve":[],"final_equity":523.9078041095074,"max_drawdown":0.05525509090015561,"open_trades":0,"profit_factor":1.2869667821964945,"sharpe":0.37726726170658725,"signal_diagnostics":{"buy_signals":32,"duplicate_buy_skips":0,"flat_sell_skips":0,"hold_signals":490,"risk_blocked_signals":0,"sell_signals":14,"stop_loss_exits":17,"take_profit_exits":0},"starting_equity":500,"total_return":0.04781560821901487,"trade_analysis":{"average_loss":-5.207006000510068,"average_trade_duration_days":8.001302083333332,"average_win":6.701243757354281,"expectancy":0.7471188784221059,"largest_loss":-11.23627678810073,"largest_win":18.064640240044394,"max_trade_duration_days":20.0,"median_trade_duration_days":7.0,"profit_factor":1.2869667821964945,"time_in_market_percent":0.31844328133906824,"total_trades":32,"win_rate":0.5}}