{"capital_utilization":{"average_cash_percent":0.9476061886321351,"average_exposure_percent":0.05239381136786495,"average_leverage":0.05239381136786495,"average_position_value":205.8702164135899,"max_exposure_percent":0.40446306403229726},"closed_trades":9,"equity_curve":[],"final_equity":560.1769345800047,"max_drawdown":0.020925282579327263,"open_trades":0,"profit_factor":6.760787620822073,"sharpe":1.7613523251502161,"signal_diagnostics":{"buy_signals":9,"duplicate_buy_skips":0,"flat_sell_skips":0,"hold_signals":535,"risk_blocked_signals":0,"sell_signals":4,"stop_loss_exits":4,"take_profit_exits":1},"starting_equity":500,"total_return":0.12035386916000945,"trade_analysis":{"average_loss":-3.481985366173328,"average_trade_duration_days":10.11111111111111,"average_win":11.770481779754126,"expectancy":6.686326064444975,"largest_loss":-5.386755117904885,"largest_win":22.29678416066877,"max_trade_duration_days":18.0,"median_trade_duration_days":8.0,"profit_factor":6.760787620822073,"time_in_market_percent":0.11317821423019123,"total_trades":9,"win_rate":0.6666666666666666}}