{"capital_utilization":{"average_cash_percent":0.8367570707649008,"average_exposure_percent":0.16324292923509925,"average_leverage":0.16324292923509925,"average_position_value":203.4626932210287,"max_exposure_percent":0.4112249489947897},"closed_trades":35,"equity_curve":[],"final_equity":524.9441701804043,"max_drawdown":0.07730029547290522,"open_trades":0,"profit_factor":1.2124417544086368,"sharpe":0.38885578093666373,"signal_diagnostics":{"buy_signals":35,"duplicate_buy_skips":0,"flat_sell_skips":0,"hold_signals":483,"risk_blocked_signals":0,"sell_signals":4,"stop_loss_exits":17,"take_profit_exits":13},"starting_equity":500,"total_return":0.04988834036080858,"trade_analysis":{"average_loss":-6.90685375077765,"average_trade_duration_days":7.798809523809525,"average_win":7.908926885756908,"expectancy":0.7126905765829797,"largest_loss":-13.961344331838324,"largest_win":13.606403651833455,"max_trade_duration_days":20.041666666666668,"median_trade_duration_days":7.0,"profit_factor":1.2124417544086368,"time_in_market_percent":0.33948282116391154,"total_trades":35,"win_rate":0.5142857142857142}}