{"capital_utilization":{"average_cash_percent":0.7736738564191383,"average_exposure_percent":0.22632614358086173,"average_leverage":0.22632614358086173,"average_position_value":217.4125456921514,"max_exposure_percent":0.40730210911172327},"closed_trades":31,"equity_curve":[],"final_equity":557.9575664388719,"max_drawdown":0.0755660183000877,"open_trades":0,"profit_factor":1.760430380095309,"sharpe":0.9722081843314047,"signal_diagnostics":{"buy_signals":31,"duplicate_buy_skips":0,"flat_sell_skips":0,"hold_signals":490,"risk_blocked_signals":0,"sell_signals":0,"stop_loss_exits":28,"take_profit_exits":3},"starting_equity":500,"total_return":0.11591513287774391,"trade_analysis":{"average_loss":-5.081119670820074,"average_trade_duration_days":13.51747311827957,"average_win":8.385897593823314,"expectancy":1.8695989173829655,"largest_loss":-9.502635216645407,"largest_win":27.19657029518897,"max_trade_duration_days":47.0,"median_trade_duration_days":11.0,"profit_factor":1.760430380095309,"time_in_market_percent":0.5211690936414988,"total_trades":31,"win_rate":0.5161290322580645}}