{"capital_utilization":{"average_cash_percent":0.9725483424898268,"average_exposure_percent":0.027451657510173165,"average_leverage":0.027451657510173165,"average_position_value":205.25289083319626,"max_exposure_percent":0.4045613275563637},"closed_trades":5,"equity_curve":[],"final_equity":507.07617284739143,"max_drawdown":0.03530228246843614,"open_trades":0,"profit_factor":1.434902046079607,"sharpe":0.292188170182805,"signal_diagnostics":{"buy_signals":5,"duplicate_buy_skips":0,"flat_sell_skips":0,"hold_signals":543,"risk_blocked_signals":0,"sell_signals":0,"stop_loss_exits":3,"take_profit_exits":2},"starting_equity":500,"total_return":0.014152345694782964,"trade_analysis":{"average_loss":-5.423575960900524,"average_trade_duration_days":9.8,"average_win":11.673450365046497,"expectancy":1.4152345694782844,"largest_loss":-5.759007428504939,"largest_win":12.06230092424602,"max_trade_duration_days":22.0,"median_trade_duration_days":7.0,"profit_factor":1.434902046079607,"time_in_market_percent":0.06094211535471835,"total_trades":5,"win_rate":0.4}}