{"capital_utilization":{"average_cash_percent":0.8665873438572211,"average_exposure_percent":0.13341265614277892,"average_leverage":0.13341265614277892,"average_position_value":172.26548179080615,"max_exposure_percent":0.42219083459089957},"closed_trades":20,"equity_curve":[],"final_equity":416.4394097820369,"max_drawdown":0.2853477676422076,"open_trades":0,"profit_factor":0.5744822592052471,"sharpe":-0.6682552683230873,"signal_diagnostics":{"buy_signals":20,"duplicate_buy_skips":0,"flat_sell_skips":0,"hold_signals":400,"risk_blocked_signals":0,"sell_signals":1,"stop_loss_exits":14,"take_profit_exits":5},"starting_equity":500,"total_return":-0.16712118043592628,"trade_analysis":{"average_loss":-16.364494004780774,"average_trade_duration_days":9.347916666666666,"average_win":14.101667229925772,"expectancy":-4.178029510898156,"largest_loss":-25.163149068479154,"largest_win":25.84073879207971,"max_trade_duration_days":26.0,"median_trade_duration_days":7.5,"profit_factor":0.5744822592052471,"time_in_market_percent":0.2930190034611115,"total_trades":20,"win_rate":0.4}}