{"capital_utilization":{"average_cash_percent":0.9232464881820492,"average_exposure_percent":0.0767535118179508,"average_leverage":0.0767535118179508,"average_position_value":213.93186981167648,"max_exposure_percent":0.40841752175097096},"closed_trades":9,"equity_curve":[],"final_equity":566.5207816100288,"max_drawdown":0.020455416316754915,"open_trades":0,"profit_factor":3.712200144097082,"sharpe":1.5154799975866682,"signal_diagnostics":{"buy_signals":9,"duplicate_buy_skips":0,"flat_sell_skips":0,"hold_signals":535,"risk_blocked_signals":0,"sell_signals":5,"stop_loss_exits":3,"take_profit_exits":1},"starting_equity":500,"total_return":0.13304156322005767,"trade_analysis":{"average_loss":-8.17550058695665,"average_trade_duration_days":14.550925925925927,"average_win":15.174547228483126,"expectancy":7.391197956669867,"largest_loss":-10.94611444510031,"largest_win":21.491938190806298,"max_trade_duration_days":22.0,"median_trade_duration_days":15.958333333333334,"profit_factor":3.712200144097082,"time_in_market_percent":0.1628750582992175,"total_trades":9,"win_rate":0.6666666666666666}}