{"capital_utilization":{"average_cash_percent":0.8382672277057601,"average_exposure_percent":0.1617327722942399,"average_leverage":0.1617327722942399,"average_position_value":201.8309145958927,"max_exposure_percent":0.4094340140373104},"closed_trades":18,"equity_curve":[],"final_equity":520.5200830154565,"max_drawdown":0.05358100032683344,"open_trades":0,"profit_factor":1.4548069159814008,"sharpe":0.46415099578148195,"signal_diagnostics":{"buy_signals":18,"duplicate_buy_skips":0,"flat_sell_skips":0,"hold_signals":405,"risk_blocked_signals":0,"sell_signals":2,"stop_loss_exits":15,"take_profit_exits":0},"starting_equity":500,"total_return":0.04104016603091298,"trade_analysis":{"average_loss":-5.639778743023681,"average_trade_duration_days":12.891203703703702,"average_win":6.563831295964595,"expectancy":1.1400046119698044,"largest_loss":-11.391868586328568,"largest_win":25.40217745087658,"max_trade_duration_days":38.0,"median_trade_duration_days":8.5,"profit_factor":1.4548069159814008,"time_in_market_percent":0.36367792072095606,"total_trades":18,"win_rate":0.5555555555555556}}