{"capital_utilization":{"average_cash_percent":0.8259652126691931,"average_exposure_percent":0.1740347873308069,"average_leverage":0.1740347873308069,"average_position_value":197.94306178742727,"max_exposure_percent":0.41820569367130933},"closed_trades":33,"equity_curve":[],"final_equity":492.946946382108,"max_drawdown":0.2130140882949836,"open_trades":0,"profit_factor":0.969759244063167,"sharpe":0.023589870804073952,"signal_diagnostics":{"buy_signals":33,"duplicate_buy_skips":0,"flat_sell_skips":0,"hold_signals":487,"risk_blocked_signals":0,"sell_signals":8,"stop_loss_exits":24,"take_profit_exits":0},"starting_equity":500,"total_return":-0.014106107235783982,"trade_analysis":{"average_loss":-9.329202791920181,"average_trade_duration_days":9.123737373737375,"average_win":28.27212702251407,"expectancy":-0.2137288975118786,"largest_loss":-20.659455531549458,"largest_win":78.04823627980768,"max_trade_duration_days":33.0,"median_trade_duration_days":7.0,"profit_factor":0.969759244063167,"time_in_market_percent":0.37446235166088,"total_trades":33,"win_rate":0.24242424242424243}}