{"capital_utilization":{"average_cash_percent":0.8537684784593255,"average_exposure_percent":0.1462315215406745,"average_leverage":0.1462315215406745,"average_position_value":201.3433389727054,"max_exposure_percent":0.4115297505273371},"closed_trades":24,"equity_curve":[],"final_equity":518.5960218140799,"max_drawdown":0.07346343200940528,"open_trades":0,"profit_factor":1.184982951156456,"sharpe":0.33652960302093904,"signal_diagnostics":{"buy_signals":24,"duplicate_buy_skips":0,"flat_sell_skips":0,"hold_signals":392,"risk_blocked_signals":0,"sell_signals":2,"stop_loss_exits":12,"take_profit_exits":10},"starting_equity":500,"total_return":0.037192043628159865,"trade_analysis":{"average_loss":-8.377358425836622,"average_trade_duration_days":8.458333333333334,"average_win":9.927026910343283,"expectancy":0.7748342422533309,"largest_loss":-13.702124823860798,"largest_win":14.578421748122736,"max_trade_duration_days":20.0,"median_trade_duration_days":8.0,"profit_factor":1.184982951156456,"time_in_market_percent":0.31816103963952197,"total_trades":24,"win_rate":0.5}}