{"capital_utilization":{"average_cash_percent":0.9030474583107458,"average_exposure_percent":0.09695254168925413,"average_leverage":0.09695254168925413,"average_position_value":200.33016990505635,"max_exposure_percent":0.4073587152005777},"closed_trades":15,"equity_curve":[],"final_equity":520.9654875697637,"max_drawdown":0.03624494735481535,"open_trades":0,"profit_factor":1.9647293703554043,"sharpe":0.5460375410480024,"signal_diagnostics":{"buy_signals":15,"duplicate_buy_skips":0,"flat_sell_skips":0,"hold_signals":410,"risk_blocked_signals":0,"sell_signals":4,"stop_loss_exits":10,"take_profit_exits":1},"starting_equity":500,"total_return":0.04193097513952737,"trade_analysis":{"average_loss":-3.1045697838762902,"average_trade_duration_days":8.930555555555554,"average_win":5.337184507112218,"expectancy":1.3976991713175801,"largest_loss":-8.783138935300448,"largest_win":11.323903751008888,"max_trade_duration_days":20.0,"median_trade_duration_days":8.0,"profit_factor":1.9647293703554043,"time_in_market_percent":0.20995232808724612,"total_trades":15,"win_rate":0.5333333333333333}}