{"capital_utilization":{"average_cash_percent":0.9125193384872634,"average_exposure_percent":0.08748066151273658,"average_leverage":0.08748066151273658,"average_position_value":199.30241798522113,"max_exposure_percent":0.40839308812917086},"closed_trades":22,"equity_curve":[],"final_equity":523.1406341422361,"max_drawdown":0.03550901768156655,"open_trades":0,"profit_factor":1.3895776656234629,"sharpe":0.5298328314806517,"signal_diagnostics":{"buy_signals":22,"duplicate_buy_skips":0,"flat_sell_skips":0,"hold_signals":509,"risk_blocked_signals":0,"sell_signals":3,"stop_loss_exits":11,"take_profit_exits":8},"starting_equity":500,"total_return":0.04628126828447221,"trade_analysis":{"average_loss":-5.939928333725915,"average_trade_duration_days":6.452651515151515,"average_win":6.8783264566246025,"expectancy":1.0518470064652758,"largest_loss":-10.146487903599505,"largest_win":13.305140266566475,"max_trade_duration_days":15.0,"median_trade_duration_days":6.0,"profit_factor":1.3895776656234629,"time_in_market_percent":0.1765559413380318,"total_trades":22,"win_rate":0.5454545454545454}}