{"capital_utilization":{"average_cash_percent":0.92997164439096,"average_exposure_percent":0.07002835560904,"average_leverage":0.07002835560904,"average_position_value":202.23082318769755,"max_exposure_percent":0.41409673672750064},"closed_trades":12,"equity_curve":[],"final_equity":572.6362830222065,"max_drawdown":0.10085223773249147,"open_trades":0,"profit_factor":1.694410605443072,"sharpe":0.6373588618970959,"signal_diagnostics":{"buy_signals":12,"duplicate_buy_skips":0,"flat_sell_skips":0,"hold_signals":530,"risk_blocked_signals":0,"sell_signals":0,"stop_loss_exits":8,"take_profit_exits":3},"starting_equity":500,"total_return":0.14527256604441297,"trade_analysis":{"average_loss":-13.075168072904903,"average_trade_duration_days":10.253472222222223,"average_win":44.30940690136145,"expectancy":6.053023585183879,"largest_loss":-16.522987582270478,"largest_win":71.71664757314598,"max_trade_duration_days":32.0,"median_trade_duration_days":8.5,"profit_factor":1.694410605443072,"time_in_market_percent":0.15302896823340417,"total_trades":12,"win_rate":0.3333333333333333}}