{"capital_utilization":{"average_cash_percent":0.8433008251706342,"average_exposure_percent":0.1566991748293658,"average_leverage":0.1566991748293658,"average_position_value":205.06086597852627,"max_exposure_percent":0.4094340140373104},"closed_trades":22,"equity_curve":[],"final_equity":526.5777826317568,"max_drawdown":0.049439377575671954,"open_trades":0,"profit_factor":1.5699112053594242,"sharpe":0.6097256991120135,"signal_diagnostics":{"buy_signals":22,"duplicate_buy_skips":0,"flat_sell_skips":0,"hold_signals":397,"risk_blocked_signals":0,"sell_signals":7,"stop_loss_exits":13,"take_profit_exits":1},"starting_equity":500,"total_return":0.053155565263513616,"trade_analysis":{"average_loss":-5.829369203004846,"average_trade_duration_days":9.910984848484848,"average_win":5.229481161128254,"expectancy":1.2080810287162171,"largest_loss":-11.391868586328568,"largest_win":27.30807085767964,"max_trade_duration_days":38.0,"median_trade_duration_days":6.5,"profit_factor":1.5699112053594242,"time_in_market_percent":0.34173578005616145,"total_trades":22,"win_rate":0.6363636363636364}}