{"capital_utilization":{"average_cash_percent":0.944619206581162,"average_exposure_percent":0.05538079341883797,"average_leverage":0.05538079341883797,"average_position_value":208.04457375969508,"max_exposure_percent":0.40611480734180627},"closed_trades":8,"equity_curve":[],"final_equity":544.7460386865871,"max_drawdown":0.032706401205754215,"open_trades":0,"profit_factor":3.433922091076832,"sharpe":0.8272697159751846,"signal_diagnostics":{"buy_signals":8,"duplicate_buy_skips":0,"flat_sell_skips":0,"hold_signals":536,"risk_blocked_signals":0,"sell_signals":4,"stop_loss_exits":3,"take_profit_exits":1},"starting_equity":500,"total_return":0.08949207737317422,"trade_analysis":{"average_loss":-6.128111611930606,"average_trade_duration_days":12.25,"average_win":12.62607470447578,"expectancy":5.593254835823385,"largest_loss":-7.757615897684544,"largest_win":21.280666465308585,"max_trade_duration_days":21.0,"median_trade_duration_days":9.5,"profit_factor":3.433922091076832,"time_in_market_percent":0.1218842307094367,"total_trades":8,"win_rate":0.625}}