{"capital_utilization":{"average_cash_percent":0.885838194766714,"average_exposure_percent":0.11416180523328597,"average_leverage":0.11416180523328597,"average_position_value":216.76842550659217,"max_exposure_percent":0.4135527288909632},"closed_trades":16,"equity_curve":[],"final_equity":664.1798541653288,"max_drawdown":0.09924157861809661,"open_trades":0,"profit_factor":2.8915692504463313,"sharpe":1.0807936862837448,"signal_diagnostics":{"buy_signals":16,"duplicate_buy_skips":0,"flat_sell_skips":0,"hold_signals":522,"risk_blocked_signals":0,"sell_signals":0,"stop_loss_exits":15,"take_profit_exits":0},"starting_equity":500,"total_return":0.32835970833065775,"trade_analysis":{"average_loss":-10.849447761864209,"average_trade_duration_days":13.440104166666666,"average_win":31.371929532530316,"expectancy":10.261240885333054,"largest_loss":-18.132529440091613,"largest_win":91.77295832406745,"max_trade_duration_days":33.0,"median_trade_duration_days":11.5,"profit_factor":2.8915692504463313,"time_in_market_percent":0.26745089910348757,"total_trades":16,"win_rate":0.5}}