{"capital_utilization":{"average_cash_percent":0.7030529905414211,"average_exposure_percent":0.2969470094585789,"average_leverage":0.2969470094585789,"average_position_value":215.68486021468146,"max_exposure_percent":0.4045771359493306},"closed_trades":20,"equity_curve":[],"final_equity":554.743228016745,"max_drawdown":0.02395378688850107,"open_trades":0,"profit_factor":3.664954966069429,"sharpe":1.391753802563507,"signal_diagnostics":{"buy_signals":20,"duplicate_buy_skips":0,"flat_sell_skips":0,"hold_signals":513,"risk_blocked_signals":0,"sell_signals":0,"stop_loss_exits":16,"take_profit_exits":3},"starting_equity":500,"total_return":0.10948645603349005,"trade_analysis":{"average_loss":-3.423649349535181,"average_trade_duration_days":28.45,"average_win":5.3775088652825715,"expectancy":2.737161400837246,"largest_loss":-6.034729580489637,"largest_win":16.982024417754793,"max_trade_duration_days":66.0,"median_trade_duration_days":25.5,"profit_factor":3.664954966069429,"time_in_market_percent":0.7076747680986682,"total_trades":20,"win_rate":0.7}}