{"capital_utilization":{"average_cash_percent":0.8519791228810057,"average_exposure_percent":0.14802087711899428,"average_leverage":0.14802087711899428,"average_position_value":200.68802650037745,"max_exposure_percent":0.4078830389423942},"closed_trades":25,"equity_curve":[],"final_equity":501.1932077877735,"max_drawdown":0.05478734308556701,"open_trades":0,"profit_factor":1.017670429983782,"sharpe":0.04674052595332329,"signal_diagnostics":{"buy_signals":25,"duplicate_buy_skips":0,"flat_sell_skips":0,"hold_signals":502,"risk_blocked_signals":0,"sell_signals":5,"stop_loss_exits":20,"take_profit_exits":0},"starting_equity":500,"total_return":0.002386415575546863,"trade_analysis":{"average_loss":-4.823262805507878,"average_trade_duration_days":10.438333333333334,"average_win":6.247171551353071,"expectancy":0.04772831151093955,"largest_loss":-9.324553687828619,"largest_win":14.044783083850593,"max_trade_duration_days":21.0,"median_trade_duration_days":11.0,"profit_factor":1.017670429983782,"time_in_market_percent":0.324558221485205,"total_trades":25,"win_rate":0.44}}