{"capital_utilization":{"average_cash_percent":0.8067403158332949,"average_exposure_percent":0.19325968416670508,"average_leverage":0.19325968416670508,"average_position_value":205.25639973697406,"max_exposure_percent":0.41820461204298576},"closed_trades":34,"equity_curve":[],"final_equity":515.1036181662553,"max_drawdown":0.20499885892071276,"open_trades":0,"profit_factor":1.065971754197006,"sharpe":0.16580025630178308,"signal_diagnostics":{"buy_signals":34,"duplicate_buy_skips":0,"flat_sell_skips":0,"hold_signals":485,"risk_blocked_signals":0,"sell_signals":8,"stop_loss_exits":25,"take_profit_exits":0},"starting_equity":500,"total_return":0.030207236332510545,"trade_analysis":{"average_loss":-9.157627139125372,"average_trade_duration_days":10.002450980392156,"average_win":27.116032960487733,"expectancy":0.44422406371339207,"largest_loss":-21.37744071435469,"largest_win":80.75073909108646,"max_trade_duration_days":33.0,"median_trade_duration_days":8.0,"profit_factor":1.065971754197006,"time_in_market_percent":0.42296730061667615,"total_trades":34,"win_rate":0.2647058823529412}}