{"capital_utilization":{"average_cash_percent":0.8043082979587227,"average_exposure_percent":0.19569170204127728,"average_leverage":0.19569170204127728,"average_position_value":208.03585957569405,"max_exposure_percent":0.4057836901511548},"closed_trades":29,"equity_curve":[],"final_equity":552.1671430692346,"max_drawdown":0.035317446717287766,"open_trades":0,"profit_factor":1.9231493978299017,"sharpe":0.8972576981240115,"signal_diagnostics":{"buy_signals":29,"duplicate_buy_skips":0,"flat_sell_skips":0,"hold_signals":494,"risk_blocked_signals":0,"sell_signals":3,"stop_loss_exits":24,"take_profit_exits":2},"starting_equity":500,"total_return":0.10433428613846929,"trade_analysis":{"average_loss":-3.5318730093868607,"average_trade_duration_days":12.277298850574713,"average_win":8.359777786109568,"expectancy":1.7988670023873998,"largest_loss":-6.99808680040013,"largest_win":24.61792881165668,"max_trade_duration_days":27.0,"median_trade_duration_days":9.0,"profit_factor":1.9231493978299017,"time_in_market_percent":0.4428149453282894,"total_trades":29,"win_rate":0.4482758620689655}}