{"capital_utilization":{"average_cash_percent":0.8977959862157464,"average_exposure_percent":0.10220401378425356,"average_leverage":0.10220401378425356,"average_position_value":215.7864982440271,"max_exposure_percent":0.40794131902050146},"closed_trades":22,"equity_curve":[],"final_equity":562.6543471820607,"max_drawdown":0.07224839023089344,"open_trades":0,"profit_factor":2.1016966903282106,"sharpe":1.2188826631303824,"signal_diagnostics":{"buy_signals":22,"duplicate_buy_skips":0,"flat_sell_skips":0,"hold_signals":509,"risk_blocked_signals":0,"sell_signals":10,"stop_loss_exits":10,"take_profit_exits":1},"starting_equity":500,"total_return":0.1253086943641215,"trade_analysis":{"average_loss":-6.318975261027727,"average_trade_duration_days":7.681818181818182,"average_win":9.194240348562335,"expectancy":2.8479248719118533,"largest_loss":-10.501684096837883,"largest_win":18.246567102216154,"max_trade_duration_days":18.0,"median_trade_duration_days":7.0,"profit_factor":2.1016966903282106,"time_in_market_percent":0.2101881121417837,"total_trades":22,"win_rate":0.5909090909090909}}