{"capital_utilization":{"average_cash_percent":0.8675989390462986,"average_exposure_percent":0.13240106095370144,"average_leverage":0.13240106095370144,"average_position_value":180.45751384723096,"max_exposure_percent":0.42219083459089957},"closed_trades":20,"equity_curve":[],"final_equity":455.4171651560938,"max_drawdown":0.23886077816976412,"open_trades":0,"profit_factor":0.7696306335100588,"sharpe":-0.308017454793273,"signal_diagnostics":{"buy_signals":20,"duplicate_buy_skips":0,"flat_sell_skips":0,"hold_signals":400,"risk_blocked_signals":0,"sell_signals":8,"stop_loss_exits":11,"take_profit_exits":1},"starting_equity":500,"total_return":-0.08916566968781237,"trade_analysis":{"average_loss":-17.593419852489905,"average_trade_duration_days":9.4,"average_win":16.549420392609196,"expectancy":-2.229141742195311,"largest_loss":-25.163149068479154,"largest_win":27.005255110444676,"max_trade_duration_days":21.0,"median_trade_duration_days":8.520833333333332,"profit_factor":0.7696306335100588,"time_in_market_percent":0.2946516032129563,"total_trades":20,"win_rate":0.45}}