{"capital_utilization":{"average_cash_percent":0.7024436803383068,"average_exposure_percent":0.29755631966169316,"average_leverage":0.29755631966169316,"average_position_value":209.4615595135716,"max_exposure_percent":0.40532281832360006},"closed_trades":47,"equity_curve":[],"final_equity":527.0426502829379,"max_drawdown":0.04490813825738343,"open_trades":0,"profit_factor":1.3794774274482795,"sharpe":0.5310258524629312,"signal_diagnostics":{"buy_signals":47,"duplicate_buy_skips":0,"flat_sell_skips":0,"hold_signals":459,"risk_blocked_signals":0,"sell_signals":8,"stop_loss_exits":38,"take_profit_exits":0},"starting_equity":500,"total_return":0.05408530056587568,"trade_analysis":{"average_loss":-2.9692862173626455,"average_trade_duration_days":11.25531914893617,"average_win":4.274153021723536,"expectancy":0.5753755379348475,"largest_loss":-6.9311049704368335,"largest_win":11.206543767119507,"max_trade_duration_days":37.0,"median_trade_duration_days":9.0,"profit_factor":1.3794774274482795,"time_in_market_percent":0.6579261025029798,"total_trades":47,"win_rate":0.48936170212765956}}