{"capital_utilization":{"average_cash_percent":0.9009378587545417,"average_exposure_percent":0.09906214124545834,"average_leverage":0.09906214124545834,"average_position_value":206.16421545316362,"max_exposure_percent":0.40478057109548743},"closed_trades":28,"equity_curve":[],"final_equity":537.0541562445176,"max_drawdown":0.044382048542571634,"open_trades":0,"profit_factor":1.7877045435390648,"sharpe":0.8822336093916501,"signal_diagnostics":{"buy_signals":28,"duplicate_buy_skips":0,"flat_sell_skips":0,"hold_signals":496,"risk_blocked_signals":0,"sell_signals":2,"stop_loss_exits":12,"take_profit_exits":14},"starting_equity":500,"total_return":0.07410831248903516,"trade_analysis":{"average_loss":-3.920056547898605,"average_trade_duration_days":5.714285714285714,"average_win":5.255927176206298,"expectancy":1.3233627230184826,"largest_loss":-5.937140216219064,"largest_win":11.562810817237859,"max_trade_duration_days":20.0,"median_trade_duration_days":5.0,"profit_factor":1.7877045435390648,"time_in_market_percent":0.19899466238275382,"total_trades":28,"win_rate":0.5714285714285714}}