{"capital_utilization":{"average_cash_percent":0.8185660236751771,"average_exposure_percent":0.18143397632482294,"average_leverage":0.18143397632482294,"average_position_value":206.8483320627821,"max_exposure_percent":0.4112321729108677},"closed_trades":36,"equity_curve":[],"final_equity":535.7128561949608,"max_drawdown":0.07736240311929439,"open_trades":0,"profit_factor":1.2899706923954601,"sharpe":0.5107847427546751,"signal_diagnostics":{"buy_signals":36,"duplicate_buy_skips":0,"flat_sell_skips":0,"hold_signals":481,"risk_blocked_signals":0,"sell_signals":8,"stop_loss_exits":24,"take_profit_exits":3},"starting_equity":500,"total_return":0.07142571238992157,"trade_analysis":{"average_loss":-6.158011332099682,"average_trade_duration_days":8.722222222222221,"average_win":9.929567677309647,"expectancy":0.9920237831933536,"largest_loss":-14.201131825149156,"largest_win":19.17416318417801,"max_trade_duration_days":21.041666666666668,"median_trade_duration_days":9.5,"profit_factor":1.2899706923954601,"time_in_market_percent":0.3905270249261543,"total_trades":36,"win_rate":0.4444444444444444}}