{"capital_utilization":{"average_cash_percent":0.8086153395059141,"average_exposure_percent":0.19138466049408584,"average_leverage":0.19138466049408584,"average_position_value":193.41830174570515,"max_exposure_percent":0.4076413884486524},"closed_trades":27,"equity_curve":[],"final_equity":492.86375067176516,"max_drawdown":0.06854702743455508,"open_trades":0,"profit_factor":0.9044657839472188,"sharpe":-0.11505016000569651,"signal_diagnostics":{"buy_signals":27,"duplicate_buy_skips":0,"flat_sell_skips":0,"hold_signals":386,"risk_blocked_signals":0,"sell_signals":9,"stop_loss_exits":17,"take_profit_exits":1},"starting_equity":500,"total_return":-0.014272498656469734,"trade_analysis":{"average_loss":-4.394021216620287,"average_trade_duration_days":9.961419753086421,"average_win":6.756211135431006,"expectancy":-0.2643055306753638,"largest_loss":-8.847078721659036,"largest_win":12.296868690312492,"max_trade_duration_days":25.0,"median_trade_duration_days":7.0,"profit_factor":0.9044657839472188,"time_in_market_percent":0.4215372559263372,"total_trades":27,"win_rate":0.37037037037037035}}