{"capital_utilization":{"average_cash_percent":0.8893753684237183,"average_exposure_percent":0.11062463157628168,"average_leverage":0.11062463157628168,"average_position_value":198.30054211100625,"max_exposure_percent":0.4083813475253352},"closed_trades":28,"equity_curve":[],"final_equity":512.428488513596,"max_drawdown":0.04584311400299871,"open_trades":0,"profit_factor":1.1593161937841825,"sharpe":0.26350952680136913,"signal_diagnostics":{"buy_signals":28,"duplicate_buy_skips":0,"flat_sell_skips":0,"hold_signals":497,"risk_blocked_signals":0,"sell_signals":5,"stop_loss_exits":15,"take_profit_exits":8},"starting_equity":500,"total_return":0.02485697702719203,"trade_analysis":{"average_loss":-5.572246979143618,"average_trade_duration_days":6.499999999999999,"average_win":6.459996158686188,"expectancy":0.44387458977128497,"largest_loss":-10.110952329389534,"largest_win":13.235898561706263,"max_trade_duration_days":19.041666666666668,"median_trade_duration_days":6.0,"profit_factor":1.1593161937841825,"time_in_market_percent":0.22635642846038243,"total_trades":28,"win_rate":0.5}}