{"capital_utilization":{"average_cash_percent":0.8972344640670508,"average_exposure_percent":0.10276553593294926,"average_leverage":0.10276553593294926,"average_position_value":204.45930583505518,"max_exposure_percent":0.4240525153032387},"closed_trades":19,"equity_curve":[],"final_equity":615.6776774454761,"max_drawdown":0.14687904425924325,"open_trades":0,"profit_factor":1.8867465333009852,"sharpe":0.7869276888047241,"signal_diagnostics":{"buy_signals":19,"duplicate_buy_skips":0,"flat_sell_skips":0,"hold_signals":514,"risk_blocked_signals":0,"sell_signals":5,"stop_loss_exits":11,"take_profit_exits":3},"starting_equity":500,"total_return":0.23135535489095216,"trade_analysis":{"average_loss":-14.49464394732163,"average_trade_duration_days":9.787280701754387,"average_win":24.612947297137076,"expectancy":6.088298812919795,"largest_loss":-30.011026878176526,"largest_win":52.37136617840731,"max_trade_duration_days":18.0,"median_trade_duration_days":10.0,"profit_factor":1.8867465333009852,"time_in_market_percent":0.23127947349328914,"total_trades":19,"win_rate":0.5263157894736842}}