{"capital_utilization":{"average_cash_percent":0.8292094515026195,"average_exposure_percent":0.17079054849738054,"average_leverage":0.17079054849738054,"average_position_value":207.74043284643136,"max_exposure_percent":0.41822624852082385},"closed_trades":21,"equity_curve":[],"final_equity":508.7444707944895,"max_drawdown":0.20445967988382527,"open_trades":0,"profit_factor":1.0394305642853832,"sharpe":0.12646420873167044,"signal_diagnostics":{"buy_signals":21,"duplicate_buy_skips":0,"flat_sell_skips":0,"hold_signals":511,"risk_blocked_signals":0,"sell_signals":2,"stop_loss_exits":14,"take_profit_exits":4},"starting_equity":500,"total_return":0.017488941588978957,"trade_analysis":{"average_loss":-15.840631958208958,"average_trade_duration_days":15.099206349206352,"average_win":32.93047402991642,"expectancy":0.41640337116616555,"largest_loss":-24.407197601438817,"largest_win":72.1037369759674,"max_trade_duration_days":41.0,"median_trade_duration_days":12.0,"profit_factor":1.0394305642853832,"time_in_market_percent":0.39436181789915536,"total_trades":21,"win_rate":0.3333333333333333}}