{"capital_utilization":{"average_cash_percent":0.9171913496351018,"average_exposure_percent":0.08280865036489815,"average_leverage":0.08280865036489815,"average_position_value":211.0731065838426,"max_exposure_percent":0.41125111963731725},"closed_trades":17,"equity_curve":[],"final_equity":540.3368890081623,"max_drawdown":0.033999844682661665,"open_trades":0,"profit_factor":1.7443584764202742,"sharpe":0.7537180612225642,"signal_diagnostics":{"buy_signals":17,"duplicate_buy_skips":0,"flat_sell_skips":0,"hold_signals":519,"risk_blocked_signals":0,"sell_signals":7,"stop_loss_exits":7,"take_profit_exits":2},"starting_equity":500,"total_return":0.0806737780163247,"trade_analysis":{"average_loss":-7.741448371977994,"average_trade_duration_days":8.294117647058824,"average_win":9.452702761200822,"expectancy":2.3727581769507218,"largest_loss":-14.996510820162108,"largest_win":21.880806034875047,"max_trade_duration_days":19.0,"median_trade_duration_days":7.0,"profit_factor":1.7443584764202742,"time_in_market_percent":0.17536404622480178,"total_trades":17,"win_rate":0.5882352941176471}}