{"capital_utilization":{"average_cash_percent":0.8752591691325424,"average_exposure_percent":0.12474083086745752,"average_leverage":0.12474083086745752,"average_position_value":206.3451737322903,"max_exposure_percent":0.409020816510913},"closed_trades":23,"equity_curve":[],"final_equity":543.7676253046844,"max_drawdown":0.03740048379784673,"open_trades":0,"profit_factor":1.6142761940609476,"sharpe":0.7545604322722339,"signal_diagnostics":{"buy_signals":23,"duplicate_buy_skips":0,"flat_sell_skips":0,"hold_signals":507,"risk_blocked_signals":0,"sell_signals":8,"stop_loss_exits":14,"take_profit_exits":1},"starting_equity":500,"total_return":0.08753525060936895,"trade_analysis":{"average_loss":-6.477338803241664,"average_trade_duration_days":9.697463768115943,"average_win":9.584862678361892,"expectancy":1.9029402306384513,"largest_loss":-10.873825332099482,"largest_win":16.834793078237066,"max_trade_duration_days":20.0,"median_trade_duration_days":10.0,"profit_factor":1.6142761940609476,"time_in_market_percent":0.27740063222262534,"total_trades":23,"win_rate":0.5217391304347826}}