{"capital_utilization":{"average_cash_percent":0.7869325730105989,"average_exposure_percent":0.21306742698940112,"average_leverage":0.21306742698940112,"average_position_value":212.9617235364167,"max_exposure_percent":0.40636151955967},"closed_trades":22,"equity_curve":[],"final_equity":533.8896225345078,"max_drawdown":0.051731418321345854,"open_trades":0,"profit_factor":1.5304226305795179,"sharpe":0.5220937611975124,"signal_diagnostics":{"buy_signals":22,"duplicate_buy_skips":0,"flat_sell_skips":0,"hold_signals":509,"risk_blocked_signals":0,"sell_signals":0,"stop_loss_exits":19,"take_profit_exits":3},"starting_equity":500,"total_return":0.06777924506901556,"trade_analysis":{"average_loss":-4.563695408788786,"average_trade_duration_days":18.592803030303028,"average_win":12.222669782193853,"expectancy":1.540437387932173,"largest_loss":-8.056083101798693,"largest_win":29.74166205236625,"max_trade_duration_days":49.0,"median_trade_duration_days":18.5,"profit_factor":1.5304226305795179,"time_in_market_percent":0.5087319272425765,"total_trades":22,"win_rate":0.36363636363636365}}