{"capital_utilization":{"average_cash_percent":0.7994880053220668,"average_exposure_percent":0.20051199467793318,"average_leverage":0.20051199467793318,"average_position_value":195.41859079684136,"max_exposure_percent":0.4066900889956362},"closed_trades":22,"equity_curve":[],"final_equity":494.12976319865686,"max_drawdown":0.06876594790034107,"open_trades":0,"profit_factor":0.9096593522044228,"sharpe":-0.09192010656173837,"signal_diagnostics":{"buy_signals":22,"duplicate_buy_skips":0,"flat_sell_skips":0,"hold_signals":396,"risk_blocked_signals":0,"sell_signals":8,"stop_loss_exits":14,"take_profit_exits":0},"starting_equity":500,"total_return":-0.011740473602686263,"trade_analysis":{"average_loss":-4.641350697597017,"average_trade_duration_days":12.954545454545457,"average_win":7.388584120626884,"expectancy":-0.26682894551559766,"largest_loss":-8.047809157954571,"largest_win":10.608277810962909,"max_trade_duration_days":27.0,"median_trade_duration_days":12.0,"profit_factor":0.9096593522044228,"time_in_market_percent":0.4466792921047477,"total_trades":22,"win_rate":0.36363636363636365}}