{"capital_utilization":{"average_cash_percent":0.8426731538090992,"average_exposure_percent":0.1573268461909007,"average_leverage":0.1573268461909007,"average_position_value":197.8300195792079,"max_exposure_percent":0.41820461204298565},"closed_trades":28,"equity_curve":[],"final_equity":481.8506404471662,"max_drawdown":0.2194789887376673,"open_trades":0,"profit_factor":0.9272003402772343,"sharpe":-0.05424805168787365,"signal_diagnostics":{"buy_signals":28,"duplicate_buy_skips":0,"flat_sell_skips":0,"hold_signals":496,"risk_blocked_signals":0,"sell_signals":1,"stop_loss_exits":23,"take_profit_exits":4},"starting_equity":500,"total_return":-0.03629871910566762,"trade_analysis":{"average_loss":-12.465277737526405,"average_trade_duration_days":9.967261904761907,"average_win":28.89452439971179,"expectancy":-0.648191412601207,"largest_loss":-21.929731603151577,"largest_win":69.34573709432968,"max_trade_duration_days":28.0,"median_trade_duration_days":8.0,"profit_factor":0.9272003402772343,"time_in_market_percent":0.34710058558325135,"total_trades":28,"win_rate":0.2857142857142857}}