{"capital_utilization":{"average_cash_percent":0.8886736418478535,"average_exposure_percent":0.11132635815214656,"average_leverage":0.11132635815214656,"average_position_value":196.29964769634677,"max_exposure_percent":0.40839610507384644},"closed_trades":28,"equity_curve":[],"final_equity":510.5015207952335,"max_drawdown":0.05709250544625447,"open_trades":0,"profit_factor":1.1225452035853,"sharpe":0.22270968536848051,"signal_diagnostics":{"buy_signals":28,"duplicate_buy_skips":0,"flat_sell_skips":0,"hold_signals":497,"risk_blocked_signals":0,"sell_signals":5,"stop_loss_exits":14,"take_profit_exits":9},"starting_equity":500,"total_return":0.021003041590466953,"trade_analysis":{"average_loss":-6.121077009014358,"average_trade_duration_days":6.57142857142857,"average_win":6.871185637245321,"expectancy":0.3750543141154816,"largest_loss":-9.996577228041993,"largest_win":13.186125471755876,"max_trade_duration_days":19.041666666666668,"median_trade_duration_days":6.0,"profit_factor":1.1225452035853,"time_in_market_percent":0.22884386174016685,"total_trades":28,"win_rate":0.5}}