{"capital_utilization":{"average_cash_percent":0.7098948386389756,"average_exposure_percent":0.2901051613610244,"average_leverage":0.2901051613610244,"average_position_value":214.7235741873004,"max_exposure_percent":0.405300005765037},"closed_trades":29,"equity_curve":[],"final_equity":557.6853747817651,"max_drawdown":0.03628612681227831,"open_trades":0,"profit_factor":2.5581149473263793,"sharpe":1.0228525491865246,"signal_diagnostics":{"buy_signals":29,"duplicate_buy_skips":0,"flat_sell_skips":0,"hold_signals":495,"risk_blocked_signals":0,"sell_signals":8,"stop_loss_exits":17,"take_profit_exits":3},"starting_equity":500,"total_return":0.1153707495635301,"trade_analysis":{"average_loss":-2.468169411195636,"average_trade_duration_days":18.689655172413794,"average_win":6.764851139264254,"expectancy":1.9891508545436214,"largest_loss":-7.318400033611896,"largest_win":20.735787203600395,"max_trade_duration_days":61.0,"median_trade_duration_days":16.0,"profit_factor":2.5581149473263793,"time_in_market_percent":0.6740944188215785,"total_trades":29,"win_rate":0.4827586206896552}}