{"capital_utilization":{"average_cash_percent":0.9091722299143469,"average_exposure_percent":0.09082777008565308,"average_leverage":0.09082777008565308,"average_position_value":205.9345502393882,"max_exposure_percent":0.40914923617349425},"closed_trades":21,"equity_curve":[],"final_equity":524.4783197550433,"max_drawdown":0.04644561432796411,"open_trades":0,"profit_factor":1.4605800259095507,"sharpe":0.5126522327812582,"signal_diagnostics":{"buy_signals":21,"duplicate_buy_skips":0,"flat_sell_skips":0,"hold_signals":512,"risk_blocked_signals":0,"sell_signals":9,"stop_loss_exits":10,"take_profit_exits":1},"starting_equity":500,"total_return":0.048956639510086664,"trade_analysis":{"average_loss":-4.831520410635531,"average_trade_duration_days":6.9523809523809526,"average_win":7.7625044272034245,"expectancy":1.165634274049685,"largest_loss":-11.051785390259287,"largest_win":16.923818802876294,"max_trade_duration_days":17.0,"median_trade_duration_days":6.0,"profit_factor":1.4605800259095507,"time_in_market_percent":0.18158262942426284,"total_trades":21,"win_rate":0.47619047619047616}}