{"capital_utilization":{"average_cash_percent":0.7013066427203034,"average_exposure_percent":0.29869335727969665,"average_leverage":0.29869335727969665,"average_position_value":215.94389631736473,"max_exposure_percent":0.40559090156956534},"closed_trades":26,"equity_curve":[],"final_equity":560.1947398262525,"max_drawdown":0.03623985961652946,"open_trades":0,"profit_factor":2.3787386320110233,"sharpe":1.0292443119611878,"signal_diagnostics":{"buy_signals":26,"duplicate_buy_skips":0,"flat_sell_skips":0,"hold_signals":501,"risk_blocked_signals":0,"sell_signals":1,"stop_loss_exits":20,"take_profit_exits":4},"starting_equity":500,"total_return":0.12038947965250513,"trade_analysis":{"average_loss":-3.3584063683379877,"average_trade_duration_days":21.807692307692307,"average_win":7.988770970357413,"expectancy":2.3151823010097123,"largest_loss":-7.33637845578854,"largest_win":22.707230043793356,"max_trade_duration_days":77.0,"median_trade_duration_days":17.0,"profit_factor":2.3787386320110233,"time_in_market_percent":0.7051873348188838,"total_trades":26,"win_rate":0.5}}