{"capital_utilization":{"average_cash_percent":0.9131850324464127,"average_exposure_percent":0.0868149675535873,"average_leverage":0.0868149675535873,"average_position_value":194.32589178621856,"max_exposure_percent":0.41211544814192347},"closed_trades":11,"equity_curve":[],"final_equity":480.10759739784174,"max_drawdown":0.1066976674108844,"open_trades":0,"profit_factor":0.7682902961707453,"sharpe":-0.2126527884322024,"signal_diagnostics":{"buy_signals":11,"duplicate_buy_skips":0,"flat_sell_skips":0,"hold_signals":419,"risk_blocked_signals":0,"sell_signals":1,"stop_loss_exits":8,"take_profit_exits":1},"starting_equity":500,"total_return":-0.03978480520431649,"trade_analysis":{"average_loss":-10.731317179111771,"average_trade_duration_days":11.272727272727273,"average_win":21.986044943578637,"expectancy":-1.8084002365598417,"largest_loss":-13.733644171425235,"largest_win":42.230575100439886,"max_trade_duration_days":24.0,"median_trade_duration_days":11.0,"profit_factor":0.7682902961707453,"time_in_market_percent":0.19434467445960948,"total_trades":11,"win_rate":0.2727272727272727}}