{"capital_utilization":{"average_cash_percent":0.8708071438909278,"average_exposure_percent":0.12919285610907216,"average_leverage":0.12919285610907216,"average_position_value":204.9610271204299,"max_exposure_percent":0.41122909550966874},"closed_trades":19,"equity_curve":[],"final_equity":554.2914363331988,"max_drawdown":0.052924645849134075,"open_trades":0,"profit_factor":1.8623026209328946,"sharpe":0.8909075930306093,"signal_diagnostics":{"buy_signals":19,"duplicate_buy_skips":0,"flat_sell_skips":0,"hold_signals":515,"risk_blocked_signals":0,"sell_signals":11,"stop_loss_exits":7,"take_profit_exits":1},"starting_equity":500,"total_return":0.10858287266639755,"trade_analysis":{"average_loss":-8.994428739855161,"average_trade_duration_days":12.578947368421053,"average_win":9.771036459348744,"expectancy":2.8574440175367797,"largest_loss":-13.332447322121505,"largest_win":17.098617116903867,"max_trade_duration_days":21.958333333333332,"median_trade_duration_days":13.0,"profit_factor":1.8623026209328946,"time_in_market_percent":0.2972482769342385,"total_trades":19,"win_rate":0.631578947368421}}