{"capital_utilization":{"average_cash_percent":0.8771123799544108,"average_exposure_percent":0.12288762004558919,"average_leverage":0.12288762004558919,"average_position_value":214.51569115520593,"max_exposure_percent":0.40914923617349425},"closed_trades":18,"equity_curve":[],"final_equity":565.0159340322328,"max_drawdown":0.04486394118011448,"open_trades":0,"profit_factor":2.232572399855,"sharpe":1.1356573735845483,"signal_diagnostics":{"buy_signals":18,"duplicate_buy_skips":0,"flat_sell_skips":0,"hold_signals":518,"risk_blocked_signals":0,"sell_signals":10,"stop_loss_exits":6,"take_profit_exits":1},"starting_equity":500,"total_return":0.13003186806446565,"trade_analysis":{"average_loss":-7.535452341076199,"average_trade_duration_days":12.497685185185185,"average_win":10.705827310887843,"expectancy":3.611996335124048,"largest_loss":-11.051785390259287,"largest_win":17.257421792236027,"max_trade_duration_days":27.0,"median_trade_duration_days":14.0,"profit_factor":2.232572399855,"time_in_market_percent":0.27978442244908536,"total_trades":18,"win_rate":0.6111111111111112}}