{"capital_utilization":{"average_cash_percent":0.884307914501865,"average_exposure_percent":0.11569208549813505,"average_leverage":0.11569208549813505,"average_position_value":215.9947263607213,"max_exposure_percent":0.41822326245204106},"closed_trades":15,"equity_curve":[],"final_equity":657.8838415237292,"max_drawdown":0.10316646487799754,"open_trades":0,"profit_factor":2.7447618975884667,"sharpe":1.026505622815264,"signal_diagnostics":{"buy_signals":15,"duplicate_buy_skips":0,"flat_sell_skips":0,"hold_signals":524,"risk_blocked_signals":0,"sell_signals":1,"stop_loss_exits":13,"take_profit_exits":0},"starting_equity":500,"total_return":0.3157676830474583,"trade_analysis":{"average_loss":-11.311274173137129,"average_trade_duration_days":14.53611111111111,"average_win":35.48200498697518,"expectancy":10.525589434915277,"largest_loss":-24.032377563144593,"largest_win":90.93193801074159,"max_trade_duration_days":33.0,"median_trade_duration_days":13.041666666666666,"profit_factor":2.7447618975884667,"time_in_market_percent":0.27118204902316423,"total_trades":15,"win_rate":0.4666666666666667}}