{"capital_utilization":{"average_cash_percent":0.8958523583184499,"average_exposure_percent":0.10414764168155007,"average_leverage":0.10414764168155007,"average_position_value":208.10124229041918,"max_exposure_percent":0.42405251530323873},"closed_trades":19,"equity_curve":[],"final_equity":636.0748862475081,"max_drawdown":0.1468790442592432,"open_trades":0,"profit_factor":2.0250763857340734,"sharpe":0.8932969674729583,"signal_diagnostics":{"buy_signals":19,"duplicate_buy_skips":0,"flat_sell_skips":0,"hold_signals":514,"risk_blocked_signals":0,"sell_signals":5,"stop_loss_exits":11,"take_profit_exits":3},"starting_equity":500,"total_return":0.27214977249501615,"trade_analysis":{"average_loss":-14.749565998880573,"average_trade_duration_days":9.892543859649123,"average_win":26.88209802374333,"expectancy":7.161836118289898,"largest_loss":-30.77373518350937,"largest_win":53.70234615813421,"max_trade_duration_days":18.0,"median_trade_duration_days":10.0,"profit_factor":2.0250763857340734,"time_in_market_percent":0.23376690677307355,"total_trades":19,"win_rate":0.5263157894736842}}