{"capital_utilization":{"average_cash_percent":0.7680309099047227,"average_exposure_percent":0.2319690900952773,"average_leverage":0.2319690900952773,"average_position_value":211.9060958830952,"max_exposure_percent":0.40751454720464897},"closed_trades":35,"equity_curve":[],"final_equity":554.4759551684815,"max_drawdown":0.049448499817346926,"open_trades":0,"profit_factor":1.716220244607419,"sharpe":0.8231104805282006,"signal_diagnostics":{"buy_signals":35,"duplicate_buy_skips":0,"flat_sell_skips":0,"hold_signals":483,"risk_blocked_signals":0,"sell_signals":9,"stop_loss_exits":26,"take_profit_exits":0},"starting_equity":500,"total_return":0.10895191033696294,"trade_analysis":{"average_loss":-5.070689319255547,"average_trade_duration_days":12.057142857142855,"average_win":6.526814747865737,"expectancy":1.5564558619566156,"largest_loss":-9.702778097429354,"largest_win":26.074301582149086,"max_trade_duration_days":41.0,"median_trade_duration_days":8.0,"profit_factor":1.716220244607419,"time_in_market_percent":0.5248484220345131,"total_trades":35,"win_rate":0.5714285714285714}}