{"capital_utilization":{"average_cash_percent":0.8613706207061671,"average_exposure_percent":0.13862937929383293,"average_leverage":0.13862937929383293,"average_position_value":202.6009124250284,"max_exposure_percent":0.4056225808061604},"closed_trades":15,"equity_curve":[],"final_equity":524.1647809278562,"max_drawdown":0.03150029404512067,"open_trades":0,"profit_factor":1.8574842783095886,"sharpe":0.8155657512512691,"signal_diagnostics":{"buy_signals":15,"duplicate_buy_skips":0,"flat_sell_skips":0,"hold_signals":411,"risk_blocked_signals":0,"sell_signals":0,"stop_loss_exits":12,"take_profit_exits":2},"starting_equity":500,"total_return":0.048329561855712466,"trade_analysis":{"average_loss":-3.13122435777335,"average_trade_duration_days":13.533333333333333,"average_win":8.724300024636054,"expectancy":1.6109853951904112,"largest_loss":-6.8006614957891385,"largest_win":14.014202730290032,"max_trade_duration_days":36.0,"median_trade_duration_days":11.0,"profit_factor":1.8574842783095886,"time_in_market_percent":0.31816103963952197,"total_trades":15,"win_rate":0.4}}