{"capital_utilization":{"average_cash_percent":0.8134708684785235,"average_exposure_percent":0.18652913152147654,"average_leverage":0.18652913152147654,"average_position_value":200.95995742750196,"max_exposure_percent":0.4171630076436925},"closed_trades":32,"equity_curve":[],"final_equity":677.7218075368046,"max_drawdown":0.1485021867356035,"open_trades":0,"profit_factor":1.9776803135812395,"sharpe":0.9761620880974935,"signal_diagnostics":{"buy_signals":32,"duplicate_buy_skips":0,"flat_sell_skips":0,"hold_signals":488,"risk_blocked_signals":0,"sell_signals":11,"stop_loss_exits":19,"take_profit_exits":2},"starting_equity":500,"total_return":0.3554436150736091,"trade_analysis":{"average_loss":-11.361191195886047,"average_trade_duration_days":10.376302083333334,"average_win":22.468804166936334,"expectancy":5.553806485525144,"largest_loss":-20.34478566687866,"largest_win":38.47526131211131,"max_trade_duration_days":25.0,"median_trade_duration_days":9.0,"profit_factor":1.9776803135812395,"time_in_market_percent":0.4129657459708763,"total_trades":32,"win_rate":0.5}}