{"capital_utilization":{"average_cash_percent":0.749059098413435,"average_exposure_percent":0.250940901586565,"average_leverage":0.250940901586565,"average_position_value":215.98629899251577,"max_exposure_percent":0.40548868808185834},"closed_trades":41,"equity_curve":[],"final_equity":551.3364815306662,"max_drawdown":0.06136070610113942,"open_trades":0,"profit_factor":1.6018953786515,"sharpe":0.8685311968309192,"signal_diagnostics":{"buy_signals":41,"duplicate_buy_skips":0,"flat_sell_skips":0,"hold_signals":470,"risk_blocked_signals":0,"sell_signals":9,"stop_loss_exits":29,"take_profit_exits":3},"starting_equity":500,"total_return":0.10267296306133233,"trade_analysis":{"average_loss":-4.061493816550111,"average_trade_duration_days":11.074186991869919,"average_win":6.831392583910929,"expectancy":1.252109305626006,"largest_loss":-7.128821672599892,"largest_win":27.19657029518897,"max_trade_duration_days":45.0,"median_trade_duration_days":8.0,"profit_factor":1.6018953786515,"time_in_market_percent":0.5646991760377261,"total_trades":41,"win_rate":0.4878048780487805}}