{"capital_utilization":{"average_cash_percent":0.811384072183451,"average_exposure_percent":0.18861592781654898,"average_leverage":0.18861592781654898,"average_position_value":200.1792451433889,"max_exposure_percent":0.4112307091222447},"closed_trades":21,"equity_curve":[],"final_equity":541.2876917037618,"max_drawdown":0.0774610602927935,"open_trades":0,"profit_factor":1.4556579961401428,"sharpe":0.5519459471011926,"signal_diagnostics":{"buy_signals":21,"duplicate_buy_skips":0,"flat_sell_skips":0,"hold_signals":399,"risk_blocked_signals":0,"sell_signals":10,"stop_loss_exits":10,"take_profit_exits":0},"starting_equity":500,"total_return":0.08257538340752357,"trade_analysis":{"average_loss":-8.237376607716511,"average_trade_duration_days":13.000000000000004,"average_win":13.189883438864333,"expectancy":1.9660805573219888,"largest_loss":-13.620324444977472,"largest_win":23.88181174085016,"max_trade_duration_days":28.0,"median_trade_duration_days":13.0,"profit_factor":1.4556579961401428,"time_in_market_percent":0.42787174296349517,"total_trades":21,"win_rate":0.47619047619047616}}