{"capital_utilization":{"average_cash_percent":0.8537739200642949,"average_exposure_percent":0.14622607993570516,"average_leverage":0.14622607993570516,"average_position_value":200.73195261286634,"max_exposure_percent":0.40755146665997105},"closed_trades":19,"equity_curve":[],"final_equity":517.6808755827037,"max_drawdown":0.05166125974129601,"open_trades":0,"profit_factor":1.4151570212313103,"sharpe":0.41669335087485193,"signal_diagnostics":{"buy_signals":19,"duplicate_buy_skips":0,"flat_sell_skips":0,"hold_signals":403,"risk_blocked_signals":0,"sell_signals":1,"stop_loss_exits":17,"take_profit_exits":0},"starting_equity":500,"total_return":0.03536175116540741,"trade_analysis":{"average_loss":-6.08405793419152,"average_trade_duration_days":10.844298245614034,"average_win":5.022440093503694,"expectancy":0.9305723990896684,"largest_loss":-9.153850069386012,"largest_win":20.45053437911365,"max_trade_duration_days":33.0,"median_trade_duration_days":7.0,"profit_factor":1.4151570212313103,"time_in_market_percent":0.3229282309149089,"total_trades":19,"win_rate":0.631578947368421}}