{"capital_utilization":{"average_cash_percent":0.8777623589840206,"average_exposure_percent":0.12223764101597949,"average_leverage":0.12223764101597949,"average_position_value":210.68886689907362,"max_exposure_percent":0.4182215334708348},"closed_trades":21,"equity_curve":[],"final_equity":571.6515435712176,"max_drawdown":0.10736440404134717,"open_trades":0,"profit_factor":1.4223666188294828,"sharpe":0.5444655196945889,"signal_diagnostics":{"buy_signals":21,"duplicate_buy_skips":0,"flat_sell_skips":0,"hold_signals":512,"risk_blocked_signals":0,"sell_signals":2,"stop_loss_exits":15,"take_profit_exits":3},"starting_equity":500,"total_return":0.14330308714243523,"trade_analysis":{"average_loss":-13.049462130933993,"average_trade_duration_days":10.287698412698413,"average_win":30.161818909169938,"expectancy":3.4119782652960757,"largest_loss":-23.2854217930155,"largest_win":73.52426220045099,"max_trade_duration_days":28.0,"median_trade_duration_days":8.0,"profit_factor":1.4223666188294828,"time_in_market_percent":0.2686946157433798,"total_trades":21,"win_rate":0.38095238095238093}}