{"capital_utilization":{"average_cash_percent":0.6946041625726489,"average_exposure_percent":0.30539583742735116,"average_leverage":0.30539583742735116,"average_position_value":211.3816808683103,"max_exposure_percent":0.40535515657948873},"closed_trades":22,"equity_curve":[],"final_equity":541.4990061355672,"max_drawdown":0.03568782017859892,"open_trades":0,"profit_factor":2.5070131543543357,"sharpe":0.9988767488076962,"signal_diagnostics":{"buy_signals":22,"duplicate_buy_skips":0,"flat_sell_skips":0,"hold_signals":509,"risk_blocked_signals":0,"sell_signals":5,"stop_loss_exits":16,"take_profit_exits":0},"starting_equity":500,"total_return":0.08299801227113446,"trade_analysis":{"average_loss":-3.4421569260743374,"average_trade_duration_days":26.59090909090909,"average_win":4.931161538868714,"expectancy":1.8863184607076038,"largest_loss":-6.898160661469118,"largest_win":13.964042111475493,"max_trade_duration_days":78.0,"median_trade_duration_days":23.520833333333336,"profit_factor":2.5070131543543357,"time_in_market_percent":0.7275742343369436,"total_trades":22,"win_rate":0.6363636363636364}}