{"capital_utilization":{"average_cash_percent":0.8655378107577962,"average_exposure_percent":0.13446218924220374,"average_leverage":0.13446218924220374,"average_position_value":201.0998727399131,"max_exposure_percent":0.4070218982003456},"closed_trades":11,"equity_curve":[],"final_equity":519.7239879202064,"max_drawdown":0.05610758256674652,"open_trades":0,"profit_factor":1.6167915734695721,"sharpe":0.45171394601887643,"signal_diagnostics":{"buy_signals":11,"duplicate_buy_skips":0,"flat_sell_skips":0,"hold_signals":419,"risk_blocked_signals":0,"sell_signals":2,"stop_loss_exits":8,"take_profit_exits":0},"starting_equity":500,"total_return":0.03944797584041271,"trade_analysis":{"average_loss":-5.329728001215236,"average_trade_duration_days":18.549242424242422,"average_win":10.340471185499542,"expectancy":1.7930898109278453,"largest_loss":-8.414118205454132,"largest_win":23.64369005186411,"max_trade_duration_days":61.0,"median_trade_duration_days":7.0,"profit_factor":1.6167915734695721,"time_in_market_percent":0.3197936393913668,"total_trades":11,"win_rate":0.45454545454545453}}