{"capital_utilization":{"average_cash_percent":0.7092491180351663,"average_exposure_percent":0.2907508819648337,"average_leverage":0.2907508819648337,"average_position_value":215.49554579575857,"max_exposure_percent":0.4043972491177992},"closed_trades":30,"equity_curve":[],"final_equity":550.2340967657271,"max_drawdown":0.03316443529158646,"open_trades":0,"profit_factor":1.9799009630445417,"sharpe":0.8878227434853644,"signal_diagnostics":{"buy_signals":30,"duplicate_buy_skips":0,"flat_sell_skips":0,"hold_signals":493,"risk_blocked_signals":0,"sell_signals":1,"stop_loss_exits":24,"take_profit_exits":4},"starting_equity":500,"total_return":0.1004681935314542,"trade_analysis":{"average_loss":-3.0155566531858504,"average_trade_duration_days":18.233333333333334,"average_win":7.807581528452821,"expectancy":1.6744698921909065,"largest_loss":-5.77382220859799,"largest_win":20.52271743402005,"max_trade_duration_days":61.0,"median_trade_duration_days":15.0,"profit_factor":1.9799009630445417,"time_in_market_percent":0.6803130020210396,"total_trades":30,"win_rate":0.43333333333333335}}