{"capital_utilization":{"average_cash_percent":0.9085368662336472,"average_exposure_percent":0.09146313376635286,"average_leverage":0.09146313376635286,"average_position_value":193.95660398813683,"max_exposure_percent":0.40666739628372367},"closed_trades":13,"equity_curve":[],"final_equity":486.5334431351554,"max_drawdown":0.07479688867697569,"open_trades":0,"profit_factor":0.6350402384429488,"sharpe":-0.2433980140283009,"signal_diagnostics":{"buy_signals":13,"duplicate_buy_skips":0,"flat_sell_skips":0,"hold_signals":414,"risk_blocked_signals":0,"sell_signals":1,"stop_loss_exits":12,"take_profit_exits":0},"starting_equity":500,"total_return":-0.026933113729689206,"trade_analysis":{"average_loss":-5.271249163544337,"average_trade_duration_days":9.153846153846153,"average_win":3.9053645466609552,"expectancy":-1.035888989603433,"largest_loss":-7.929353885549872,"largest_win":12.278075246465297,"max_trade_duration_days":21.0,"median_trade_duration_days":10.0,"profit_factor":0.6350402384429488,"time_in_market_percent":0.18650819565075427,"total_trades":13,"win_rate":0.46153846153846156}}