{"capital_utilization":{"average_cash_percent":0.845802293044822,"average_exposure_percent":0.15419770695517795,"average_leverage":0.15419770695517795,"average_position_value":188.176713029702,"max_exposure_percent":0.40940187180989945},"closed_trades":33,"equity_curve":[],"final_equity":476.98848513755405,"max_drawdown":0.10349337343765672,"open_trades":0,"profit_factor":0.7930730014926162,"sharpe":-0.3098795220372193,"signal_diagnostics":{"buy_signals":33,"duplicate_buy_skips":0,"flat_sell_skips":0,"hold_signals":375,"risk_blocked_signals":0,"sell_signals":8,"stop_loss_exits":18,"take_profit_exits":6},"starting_equity":500,"total_return":-0.04602302972489192,"trade_analysis":{"average_loss":-5.560297841372501,"average_trade_duration_days":5.968434343434343,"average_win":6.784187843461852,"expectancy":-0.6973186321953313,"largest_loss":-10.594602922369111,"largest_win":16.785843451822785,"max_trade_duration_days":15.0,"median_trade_duration_days":5.0,"profit_factor":0.7930730014926162,"time_in_market_percent":0.30869196107882196,"total_trades":33,"win_rate":0.3939393939393939}}