{"capital_utilization":{"average_cash_percent":0.8072048004632396,"average_exposure_percent":0.19279519953676041,"average_leverage":0.19279519953676041,"average_position_value":210.0336357704628,"max_exposure_percent":0.4057843801456051},"closed_trades":28,"equity_curve":[],"final_equity":556.8705485686963,"max_drawdown":0.035326269396805235,"open_trades":0,"profit_factor":2.0920760823844557,"sharpe":0.9723114364858482,"signal_diagnostics":{"buy_signals":28,"duplicate_buy_skips":0,"flat_sell_skips":0,"hold_signals":496,"risk_blocked_signals":0,"sell_signals":3,"stop_loss_exits":23,"take_profit_exits":2},"starting_equity":500,"total_return":0.11374109713739267,"trade_analysis":{"average_loss":-3.471708579407417,"average_trade_duration_days":12.608630952380953,"average_win":8.380475173831353,"expectancy":2.031091020310583,"largest_loss":-7.044987316317192,"largest_win":24.828157324572327,"max_trade_duration_days":27.0,"median_trade_duration_days":12.0,"profit_factor":2.0920760823844557,"time_in_market_percent":0.4390837954086128,"total_trades":28,"win_rate":0.4642857142857143}}