{"capital_utilization":{"average_cash_percent":0.8468394840742516,"average_exposure_percent":0.1531605159257484,"average_leverage":0.1531605159257484,"average_position_value":204.22351930796367,"max_exposure_percent":0.40608641806890744},"closed_trades":26,"equity_curve":[],"final_equity":565.888376678237,"max_drawdown":0.060241533302741936,"open_trades":0,"profit_factor":2.0064002290377103,"sharpe":1.175582089515851,"signal_diagnostics":{"buy_signals":26,"duplicate_buy_skips":0,"flat_sell_skips":0,"hold_signals":501,"risk_blocked_signals":0,"sell_signals":8,"stop_loss_exits":14,"take_profit_exits":4},"starting_equity":500,"total_return":0.13177675335647399,"trade_analysis":{"average_loss":-4.676382699529098,"average_trade_duration_days":10.118589743589743,"average_win":10.946477872637027,"expectancy":2.5341683337783456,"largest_loss":-7.240482189302962,"largest_win":18.527276795147507,"max_trade_duration_days":21.0,"median_trade_duration_days":9.0,"profit_factor":2.0064002290377103,"time_in_market_percent":0.3272011193449759,"total_trades":26,"win_rate":0.46153846153846156}}