{"capital_utilization":{"average_cash_percent":0.7525864297013598,"average_exposure_percent":0.2474135702986402,"average_leverage":0.2474135702986402,"average_position_value":174.02988498326104,"max_exposure_percent":0.42278734284385716},"closed_trades":18,"equity_curve":[],"final_equity":348.3089135118271,"max_drawdown":0.3220938792971641,"open_trades":0,"profit_factor":0.2874033712356447,"sharpe":-2.2506982347599056,"signal_diagnostics":{"buy_signals":18,"duplicate_buy_skips":0,"flat_sell_skips":0,"hold_signals":155,"risk_blocked_signals":0,"sell_signals":1,"stop_loss_exits":15,"take_profit_exits":2},"starting_equity":500,"total_return":-0.30338217297634584,"trade_analysis":{"average_loss":-15.205064364514504,"average_trade_duration_days":8.222222222222221,"average_win":15.29495365375752,"expectancy":-8.427282582676275,"largest_loss":-24.32236929938684,"largest_win":24.695180516174926,"max_trade_duration_days":25.0,"median_trade_duration_days":7.0,"profit_factor":0.2874033712356447,"time_in_market_percent":0.5322943203956241,"total_trades":18,"win_rate":0.2222222222222222}}