{"capital_utilization":{"average_cash_percent":0.794884939899401,"average_exposure_percent":0.205115060100599,"average_leverage":0.205115060100599,"average_position_value":211.17373624725238,"max_exposure_percent":0.4054864241378508},"closed_trades":17,"equity_curve":[],"final_equity":542.9855328507363,"max_drawdown":0.07295025264299558,"open_trades":0,"profit_factor":1.8307520959981076,"sharpe":0.7396988320464609,"signal_diagnostics":{"buy_signals":17,"duplicate_buy_skips":0,"flat_sell_skips":0,"hold_signals":518,"risk_blocked_signals":0,"sell_signals":0,"stop_loss_exits":17,"take_profit_exits":0},"starting_equity":500,"total_return":0.0859710657014725,"trade_analysis":{"average_loss":-5.174291230537465,"average_trade_duration_days":23.35539215686274,"average_win":13.53263502230156,"expectancy":2.528560755925663,"largest_loss":-6.8400290081281065,"largest_win":45.160378095299734,"max_trade_duration_days":86.0,"median_trade_duration_days":15.0,"profit_factor":1.8307520959981076,"time_in_market_percent":0.49380732756387,"total_trades":17,"win_rate":0.4117647058823529}}