{"capital_utilization":{"average_cash_percent":0.9293823328935815,"average_exposure_percent":0.07061766710641845,"average_leverage":0.07061766710641845,"average_position_value":193.80950151039966,"max_exposure_percent":0.4189727856361628},"closed_trades":10,"equity_curve":[],"final_equity":510.9698552473075,"max_drawdown":0.12490954206961086,"open_trades":0,"profit_factor":1.096327495626676,"sharpe":0.1465677411121654,"signal_diagnostics":{"buy_signals":10,"duplicate_buy_skips":0,"flat_sell_skips":0,"hold_signals":534,"risk_blocked_signals":0,"sell_signals":0,"stop_loss_exits":7,"take_profit_exits":2},"starting_equity":500,"total_return":0.021939710494615072,"trade_analysis":{"average_loss":-16.268690138693945,"average_trade_duration_days":12.304166666666667,"average_win":41.61689540605504,"expectancy":1.0969855247307518,"largest_loss":-21.82700691317343,"largest_win":65.72139852976491,"max_trade_duration_days":45.0,"median_trade_duration_days":8.0,"profit_factor":1.096327495626676,"time_in_market_percent":0.15302896823340417,"total_trades":10,"win_rate":0.3}}