{"capital_utilization":{"average_cash_percent":0.788999612508793,"average_exposure_percent":0.211000387491207,"average_leverage":0.211000387491207,"average_position_value":213.48238577705263,"max_exposure_percent":0.4075158823057003},"closed_trades":19,"equity_curve":[],"final_equity":542.736998681529,"max_drawdown":0.054972352384825555,"open_trades":0,"profit_factor":2.086391006119481,"sharpe":0.6728117596203964,"signal_diagnostics":{"buy_signals":19,"duplicate_buy_skips":0,"flat_sell_skips":0,"hold_signals":515,"risk_blocked_signals":0,"sell_signals":7,"stop_loss_exits":12,"take_profit_exits":0},"starting_equity":500,"total_return":0.08547399736305805,"trade_analysis":{"average_loss":-3.933850560322921,"average_trade_duration_days":21.739035087719298,"average_win":9.119500476084248,"expectancy":2.2493157200804745,"largest_loss":-9.571176744963047,"largest_win":24.243102409543482,"max_trade_duration_days":61.0,"median_trade_duration_days":19.0,"profit_factor":2.086391006119481,"time_in_market_percent":0.5137067938021453,"total_trades":19,"win_rate":0.47368421052631576}}