{"capital_utilization":{"average_cash_percent":0.7063501088121451,"average_exposure_percent":0.2936498911878549,"average_leverage":0.2936498911878549,"average_position_value":214.22488783226035,"max_exposure_percent":0.40439789958731936},"closed_trades":31,"equity_curve":[],"final_equity":550.2982549246638,"max_drawdown":0.0373013625980778,"open_trades":0,"profit_factor":2.1303642969262637,"sharpe":0.892457979027374,"signal_diagnostics":{"buy_signals":31,"duplicate_buy_skips":0,"flat_sell_skips":0,"hold_signals":491,"risk_blocked_signals":0,"sell_signals":8,"stop_loss_exits":19,"take_profit_exits":3},"starting_equity":500,"total_return":0.10059650984932755,"trade_analysis":{"average_loss":-2.6174932152111348,"average_trade_duration_days":17.64516129032258,"average_win":6.771117113089505,"expectancy":1.6225243524085093,"largest_loss":-5.802577602538153,"largest_win":20.938519678871696,"max_trade_duration_days":65.0,"median_trade_duration_days":14.0,"profit_factor":2.1303642969262637,"time_in_market_percent":0.6803130020210396,"total_trades":31,"win_rate":0.45161290322580644}}