{"capital_utilization":{"average_cash_percent":0.8056957982383398,"average_exposure_percent":0.19430420176166016,"average_leverage":0.19430420176166016,"average_position_value":206.5205331750406,"max_exposure_percent":0.4052107191216743},"closed_trades":29,"equity_curve":[],"final_equity":542.6174968546842,"max_drawdown":0.04238377769749876,"open_trades":0,"profit_factor":1.679713047715312,"sharpe":0.7370311973561788,"signal_diagnostics":{"buy_signals":29,"duplicate_buy_skips":0,"flat_sell_skips":0,"hold_signals":494,"risk_blocked_signals":0,"sell_signals":2,"stop_loss_exits":25,"take_profit_exits":2},"starting_equity":500,"total_return":0.08523499370936838,"trade_analysis":{"average_loss":-3.9187029914620193,"average_trade_duration_days":12.311781609195403,"average_win":8.10128805523665,"expectancy":1.469568857058074,"largest_loss":-6.729089014365935,"largest_win":24.337059361983947,"max_trade_duration_days":27.0,"median_trade_duration_days":11.0,"profit_factor":1.679713047715312,"time_in_market_percent":0.4440586619681816,"total_trades":29,"win_rate":0.4482758620689655}}