{"capital_utilization":{"average_cash_percent":0.7891700167664909,"average_exposure_percent":0.21082998323350913,"average_leverage":0.21082998323350913,"average_position_value":172.3663758820137,"max_exposure_percent":0.4227873428438571},"closed_trades":17,"equity_curve":[],"final_equity":341.2824330784867,"max_drawdown":0.324019597713166,"open_trades":0,"profit_factor":0.2909041858482707,"sharpe":-2.4999254953825107,"signal_diagnostics":{"buy_signals":17,"duplicate_buy_skips":0,"flat_sell_skips":0,"hold_signals":157,"risk_blocked_signals":0,"sell_signals":3,"stop_loss_exits":13,"take_profit_exits":1},"starting_equity":500,"total_return":-0.3174351338430266,"trade_analysis":{"average_loss":-17.21776291114129,"average_trade_duration_days":7.352941176470588,"average_win":16.278337730830852,"expectancy":-9.33632746597137,"largest_loss":-23.855348905451862,"largest_win":23.394176826322198,"max_trade_duration_days":21.0,"median_trade_duration_days":7.0,"profit_factor":0.2909041858482707,"time_in_market_percent":0.4495729057395474,"total_trades":17,"win_rate":0.23529411764705882}}