{"capital_utilization":{"average_cash_percent":0.9120112709034277,"average_exposure_percent":0.08798872909657225,"average_leverage":0.08798872909657225,"average_position_value":200.68161025108947,"max_exposure_percent":0.40469785218642884},"closed_trades":23,"equity_curve":[],"final_equity":518.3589952388928,"max_drawdown":0.026976346781733117,"open_trades":0,"profit_factor":1.5378188182230865,"sharpe":0.6300392073402045,"signal_diagnostics":{"buy_signals":23,"duplicate_buy_skips":0,"flat_sell_skips":0,"hold_signals":508,"risk_blocked_signals":0,"sell_signals":3,"stop_loss_exits":11,"take_profit_exits":8},"starting_equity":500,"total_return":0.03671799047778568,"trade_analysis":{"average_loss":-2.8446685353302876,"average_trade_duration_days":6.3478260869565215,"average_win":4.772274332986933,"expectancy":0.7982171842996874,"largest_loss":-5.6737082859226895,"largest_win":7.789136966131955,"max_trade_duration_days":20.0,"median_trade_duration_days":6.0,"profit_factor":1.5378188182230865,"time_in_market_percent":0.18158262942426284,"total_trades":23,"win_rate":0.4782608695652174}}