{"capital_utilization":{"average_cash_percent":0.8473689389187571,"average_exposure_percent":0.15263106108124289,"average_leverage":0.15263106108124289,"average_position_value":186.10169627325868,"max_exposure_percent":0.41227289729972566},"closed_trades":23,"equity_curve":[],"final_equity":492.80834381989735,"max_drawdown":0.1264837696418482,"open_trades":0,"profit_factor":0.9162245742065375,"sharpe":-0.08557766392500958,"signal_diagnostics":{"buy_signals":23,"duplicate_buy_skips":0,"flat_sell_skips":0,"hold_signals":394,"risk_blocked_signals":0,"sell_signals":7,"stop_loss_exits":15,"take_profit_exits":1},"starting_equity":500,"total_return":-0.014383312360205291,"trade_analysis":{"average_loss":-7.153704991637131,"average_trade_duration_days":8.954710144927537,"average_win":7.150254883594813,"expectancy":-0.31268070348272503,"largest_loss":-14.023694536027632,"largest_win":13.814110963108288,"max_trade_duration_days":18.0,"median_trade_duration_days":8.0,"profit_factor":0.9162245742065375,"time_in_market_percent":0.32279762293476133,"total_trades":23,"win_rate":0.4782608695652174}}