{"capital_utilization":{"average_cash_percent":0.7359598748584573,"average_exposure_percent":0.2640401251415427,"average_leverage":0.2640401251415427,"average_position_value":217.2649004561859,"max_exposure_percent":0.4039441902804709},"closed_trades":40,"equity_curve":[],"final_equity":566.8837755370446,"max_drawdown":0.03303681879671218,"open_trades":0,"profit_factor":2.364418850263126,"sharpe":1.1975814341778308,"signal_diagnostics":{"buy_signals":40,"duplicate_buy_skips":0,"flat_sell_skips":0,"hold_signals":473,"risk_blocked_signals":0,"sell_signals":8,"stop_loss_exits":32,"take_profit_exits":0},"starting_equity":500,"total_return":0.13376755107408922,"trade_analysis":{"average_loss":-2.4509986623296105,"average_trade_duration_days":12.123958333333333,"average_win":5.795187439181836,"expectancy":1.6720943884261132,"largest_loss":-5.364180746163635,"largest_win":13.781393331277526,"max_trade_duration_days":38.0,"median_trade_duration_days":9.5,"profit_factor":2.364418850263126,"time_in_market_percent":0.6031507488210602,"total_trades":40,"win_rate":0.5}}