{"capital_utilization":{"average_cash_percent":0.8576313925888986,"average_exposure_percent":0.14236860741110138,"average_leverage":0.14236860741110138,"average_position_value":197.0777363674256,"max_exposure_percent":0.40947714211372416},"closed_trades":15,"equity_curve":[],"final_equity":517.8417742537116,"max_drawdown":0.07492257352363127,"open_trades":0,"profit_factor":1.3005597609571824,"sharpe":0.34496846595380615,"signal_diagnostics":{"buy_signals":15,"duplicate_buy_skips":0,"flat_sell_skips":0,"hold_signals":410,"risk_blocked_signals":0,"sell_signals":6,"stop_loss_exits":8,"take_profit_exits":1},"starting_equity":500,"total_return":0.03568354850742317,"trade_analysis":{"average_loss":-7.420227427022952,"average_trade_duration_days":13.466666666666667,"average_win":11.029084809985026,"expectancy":1.1894516169141045,"largest_loss":-11.258914407703966,"largest_win":17.0232743966771,"max_trade_duration_days":24.0,"median_trade_duration_days":13.0,"profit_factor":1.3005597609571824,"time_in_market_percent":0.31659374387775097,"total_trades":15,"win_rate":0.4666666666666667}}