{"capital_utilization":{"average_cash_percent":0.8673807148404928,"average_exposure_percent":0.13261928515950716,"average_leverage":0.13261928515950716,"average_position_value":224.2204322670699,"max_exposure_percent":0.40685858888961485},"closed_trades":19,"equity_curve":[],"final_equity":608.1981096734735,"max_drawdown":0.034317503208422535,"open_trades":0,"profit_factor":3.145712563874667,"sharpe":1.7483426530185422,"signal_diagnostics":{"buy_signals":19,"duplicate_buy_skips":0,"flat_sell_skips":0,"hold_signals":516,"risk_blocked_signals":0,"sell_signals":9,"stop_loss_exits":7,"take_profit_exits":2},"starting_equity":500,"total_return":0.21639621934694686,"trade_analysis":{"average_loss":-6.3031572526944375,"average_trade_duration_days":12.524122807017545,"average_win":14.420306154093543,"expectancy":5.694637351235446,"largest_loss":-8.298966768904425,"largest_win":22.807944616613536,"max_trade_duration_days":28.0,"median_trade_duration_days":14.0,"profit_factor":3.145712563874667,"time_in_market_percent":0.29595273876768413,"total_trades":19,"win_rate":0.5789473684210527}}