{"capital_utilization":{"average_cash_percent":0.9027100921194966,"average_exposure_percent":0.09728990788050336,"average_leverage":0.09728990788050336,"average_position_value":208.18848923252955,"max_exposure_percent":0.41023312557357605},"closed_trades":15,"equity_curve":[],"final_equity":557.8183702595461,"max_drawdown":0.03791936713550721,"open_trades":0,"profit_factor":2.2596785942982174,"sharpe":1.1034563661687269,"signal_diagnostics":{"buy_signals":15,"duplicate_buy_skips":0,"flat_sell_skips":0,"hold_signals":523,"risk_blocked_signals":0,"sell_signals":8,"stop_loss_exits":5,"take_profit_exits":2},"starting_equity":500,"total_return":0.11563674051909212,"trade_analysis":{"average_loss":-9.17986072340262,"average_trade_duration_days":11.8,"average_win":10.371767387655924,"expectancy":3.854558017303076,"largest_loss":-12.343650317703833,"largest_win":15.017167005818196,"max_trade_duration_days":20.0,"median_trade_duration_days":13.0,"profit_factor":2.2596785942982174,"time_in_market_percent":0.2201378452609214,"total_trades":15,"win_rate":0.6666666666666666}}