{"capital_utilization":{"average_cash_percent":0.8365144380661859,"average_exposure_percent":0.16348556193381414,"average_leverage":0.16348556193381414,"average_position_value":204.22314356043657,"max_exposure_percent":0.40547121866764185},"closed_trades":17,"equity_curve":[],"final_equity":537.1713930369955,"max_drawdown":0.033029576117611675,"open_trades":0,"profit_factor":2.589915609877792,"sharpe":1.0123779686251995,"signal_diagnostics":{"buy_signals":17,"duplicate_buy_skips":0,"flat_sell_skips":0,"hold_signals":407,"risk_blocked_signals":0,"sell_signals":5,"stop_loss_exits":11,"take_profit_exits":0},"starting_equity":500,"total_return":0.07434278607399092,"trade_analysis":{"average_loss":-2.3379475492949386,"average_trade_duration_days":13.882352941176471,"average_win":8.650124075706414,"expectancy":2.1865525315879712,"largest_loss":-6.616550507992634,"largest_win":13.563936996305024,"max_trade_duration_days":38.0,"median_trade_duration_days":11.0,"profit_factor":2.589915609877792,"time_in_market_percent":0.3698817997779665,"total_trades":17,"win_rate":0.4117647058823529}}