{"capital_utilization":{"average_cash_percent":0.9044840131966763,"average_exposure_percent":0.09551598680332374,"average_leverage":0.09551598680332374,"average_position_value":204.4783173762679,"max_exposure_percent":0.40603877515469305},"closed_trades":18,"equity_curve":[],"final_equity":523.6456782680367,"max_drawdown":0.03992022517668365,"open_trades":0,"profit_factor":1.4605202746027015,"sharpe":0.4489367202929028,"signal_diagnostics":{"buy_signals":18,"duplicate_buy_skips":0,"flat_sell_skips":0,"hold_signals":516,"risk_blocked_signals":0,"sell_signals":9,"stop_loss_exits":8,"take_profit_exits":1},"starting_equity":500,"total_return":0.047291356536073303,"trade_analysis":{"average_loss":-6.418196866695021,"average_trade_duration_days":9.108796296296296,"average_win":7.4991253201596875,"expectancy":1.3136487926687075,"largest_loss":-7.575835372404467,"largest_win":19.772502473049897,"max_trade_duration_days":23.0,"median_trade_duration_days":7.5,"profit_factor":1.4605202746027015,"time_in_market_percent":0.20391770741566045,"total_trades":18,"win_rate":0.5555555555555556}}