{"capital_utilization":{"average_cash_percent":0.9630916589175883,"average_exposure_percent":0.03690834108241172,"average_leverage":0.03690834108241172,"average_position_value":202.77840947263124,"max_exposure_percent":0.4084413454646964},"closed_trades":6,"equity_curve":[],"final_equity":519.7641913246314,"max_drawdown":0.04595336926738364,"open_trades":0,"profit_factor":2.7626359919897525,"sharpe":0.6253568843870233,"signal_diagnostics":{"buy_signals":6,"duplicate_buy_skips":0,"flat_sell_skips":0,"hold_signals":540,"risk_blocked_signals":0,"sell_signals":1,"stop_loss_exits":3,"take_profit_exits":2},"starting_equity":500,"total_return":0.03952838264926273,"trade_analysis":{"average_loss":-3.7376201353066563,"average_trade_duration_days":11.340277777777777,"average_win":10.325683910183777,"expectancy":3.294031887438561,"largest_loss":-6.55972897403468,"largest_win":14.710782254665762,"max_trade_duration_days":21.0,"median_trade_duration_days":10.520833333333332,"profit_factor":2.7626359919897525,"time_in_market_percent":0.08462455303933253,"total_trades":6,"win_rate":0.5}}