{"capital_utilization":{"average_cash_percent":0.8293568208661648,"average_exposure_percent":0.1706431791338352,"average_leverage":0.1706431791338352,"average_position_value":207.5683607595373,"max_exposure_percent":0.4063306972320446},"closed_trades":12,"equity_curve":[],"final_equity":534.7090152991004,"max_drawdown":0.06091692886399661,"open_trades":0,"profit_factor":1.9689355722146415,"sharpe":0.6639173060386055,"signal_diagnostics":{"buy_signals":12,"duplicate_buy_skips":0,"flat_sell_skips":0,"hold_signals":417,"risk_blocked_signals":0,"sell_signals":2,"stop_loss_exits":9,"take_profit_exits":0},"starting_equity":500,"total_return":0.06941803059820084,"trade_analysis":{"average_loss":-5.117399855267103,"average_trade_duration_days":21.753472222222218,"average_win":14.106162857194041,"expectancy":2.8924179415917073,"largest_loss":-8.177533630987412,"largest_win":24.564672812311695,"max_trade_duration_days":61.0,"median_trade_duration_days":13.0,"profit_factor":1.9689355722146415,"time_in_market_percent":0.4091294978123163,"total_trades":12,"win_rate":0.4166666666666667}}