{"capital_utilization":{"average_cash_percent":0.7580308740128088,"average_exposure_percent":0.24196912598719122,"average_leverage":0.24196912598719122,"average_position_value":217.80476702244184,"max_exposure_percent":0.40636151955967},"closed_trades":27,"equity_curve":[],"final_equity":552.2618142279607,"max_drawdown":0.053808694006558334,"open_trades":0,"profit_factor":1.610293861072056,"sharpe":0.7331347665511841,"signal_diagnostics":{"buy_signals":27,"duplicate_buy_skips":0,"flat_sell_skips":0,"hold_signals":499,"risk_blocked_signals":0,"sell_signals":3,"stop_loss_exits":19,"take_profit_exits":5},"starting_equity":500,"total_return":0.10452362845592145,"trade_analysis":{"average_loss":-4.757436226992942,"average_trade_duration_days":16.85185185185185,"average_win":15.32174070153708,"expectancy":1.9356227491837321,"largest_loss":-8.286344583578986,"largest_win":30.157411154455463,"max_trade_duration_days":49.0,"median_trade_duration_days":15.0,"profit_factor":1.610293861072056,"time_in_market_percent":0.565891071150956,"total_trades":27,"win_rate":0.3333333333333333}}