{"capital_utilization":{"average_cash_percent":0.9392777786996303,"average_exposure_percent":0.06072222130036976,"average_leverage":0.06072222130036976,"average_position_value":206.13575821320777,"max_exposure_percent":0.4059717325890194},"closed_trades":16,"equity_curve":[],"final_equity":516.4874325036607,"max_drawdown":0.034764348198411225,"open_trades":0,"profit_factor":1.6219648203209558,"sharpe":0.5470018712169681,"signal_diagnostics":{"buy_signals":16,"duplicate_buy_skips":0,"flat_sell_skips":0,"hold_signals":520,"risk_blocked_signals":0,"sell_signals":4,"stop_loss_exits":11,"take_profit_exits":1},"starting_equity":500,"total_return":0.032974865007321386,"trade_analysis":{"average_loss":-2.6508625512215493,"average_trade_duration_days":5.752604166666666,"average_win":7.166009669312685,"expectancy":1.0304645314787886,"largest_loss":-7.459372337873922,"largest_win":11.139968154873115,"max_trade_duration_days":18.0,"median_trade_duration_days":4.5,"profit_factor":1.6219648203209558,"time_in_market_percent":0.1144737523967456,"total_trades":16,"win_rate":0.375}}