{"capital_utilization":{"average_cash_percent":0.7363966521764757,"average_exposure_percent":0.26360334782352435,"average_leverage":0.26360334782352435,"average_position_value":215.41173073616957,"max_exposure_percent":0.4073318257746647},"closed_trades":26,"equity_curve":[],"final_equity":556.8590199914885,"max_drawdown":0.07511682535296174,"open_trades":0,"profit_factor":1.7259008365170236,"sharpe":0.8502562628810832,"signal_diagnostics":{"buy_signals":26,"duplicate_buy_skips":0,"flat_sell_skips":0,"hold_signals":501,"risk_blocked_signals":0,"sell_signals":4,"stop_loss_exits":16,"take_profit_exits":5},"starting_equity":500,"total_return":0.11371803998297692,"trade_analysis":{"average_loss":-4.895556762985893,"average_trade_duration_days":19.42467948717949,"average_win":13.518792819926281,"expectancy":2.1868853842880194,"largest_loss":-9.361877192696197,"largest_win":32.1988070547699,"max_trade_duration_days":67.0,"median_trade_duration_days":17.0,"profit_factor":1.7259008365170236,"time_in_market_percent":0.6281287246722289,"total_trades":26,"win_rate":0.38461538461538464}}