{"capital_utilization":{"average_cash_percent":0.8108838712579682,"average_exposure_percent":0.18911612874203182,"average_leverage":0.18911612874203182,"average_position_value":201.35165665954963,"max_exposure_percent":0.40556303632419155},"closed_trades":28,"equity_curve":[],"final_equity":527.1436396352028,"max_drawdown":0.05971331457389268,"open_trades":0,"profit_factor":1.3503797095413086,"sharpe":0.4679520668674102,"signal_diagnostics":{"buy_signals":28,"duplicate_buy_skips":0,"flat_sell_skips":0,"hold_signals":497,"risk_blocked_signals":0,"sell_signals":3,"stop_loss_exits":14,"take_profit_exits":10},"starting_equity":500,"total_return":0.054287279270405664,"trade_analysis":{"average_loss":-5.164614064122475,"average_trade_duration_days":12.214285714285714,"average_win":8.047142353618458,"expectancy":0.9694157012572445,"largest_loss":-6.577101636384483,"largest_win":12.13256464392923,"max_trade_duration_days":41.0,"median_trade_duration_days":7.020833333333334,"profit_factor":1.3503797095413086,"time_in_market_percent":0.42535109084313627,"total_trades":28,"win_rate":0.4642857142857143}}