{"capital_utilization":{"average_cash_percent":0.8620963618282254,"average_exposure_percent":0.1379036381717747,"average_leverage":0.1379036381717747,"average_position_value":189.10334463668488,"max_exposure_percent":0.4115326414523928},"closed_trades":20,"equity_curve":[],"final_equity":470.44518955620924,"max_drawdown":0.10268499070495833,"open_trades":0,"profit_factor":0.6621290134254718,"sharpe":-0.4405287331067119,"signal_diagnostics":{"buy_signals":20,"duplicate_buy_skips":0,"flat_sell_skips":0,"hold_signals":400,"risk_blocked_signals":0,"sell_signals":8,"stop_loss_exits":12,"take_profit_exits":0},"starting_equity":500,"total_return":-0.05910962088758154,"trade_analysis":{"average_loss":-7.2894713313083725,"average_trade_duration_days":9.702083333333333,"average_win":7.23985569148871,"expectancy":-1.477740522189539,"largest_loss":-13.443311012268845,"largest_win":11.896945140830557,"max_trade_duration_days":19.0,"median_trade_duration_days":9.0,"profit_factor":0.6621290134254718,"time_in_market_percent":0.30412068177365637,"total_trades":20,"win_rate":0.4}}