{"capital_utilization":{"average_cash_percent":0.8489650707074442,"average_exposure_percent":0.15103492929255577,"average_leverage":0.15103492929255577,"average_position_value":196.34362510504934,"max_exposure_percent":0.4112249593569008},"closed_trades":40,"equity_curve":[],"final_equity":484.74890258009543,"max_drawdown":0.08332085185261695,"open_trades":0,"profit_factor":0.8766913935466546,"sharpe":-0.20614398794784222,"signal_diagnostics":{"buy_signals":40,"duplicate_buy_skips":0,"flat_sell_skips":0,"hold_signals":473,"risk_blocked_signals":0,"sell_signals":8,"stop_loss_exits":23,"take_profit_exits":8},"starting_equity":500,"total_return":-0.030502194839809094,"trade_analysis":{"average_loss":-5.6219247045585705,"average_trade_duration_days":6.148958333333334,"average_win":6.023958115576888,"expectancy":-0.3812774354976138,"largest_loss":-13.200760907212311,"largest_win":13.221024137808852,"max_trade_duration_days":19.041666666666668,"median_trade_duration_days":4.0,"profit_factor":0.8766913935466546,"time_in_market_percent":0.3059024718868218,"total_trades":40,"win_rate":0.45}}