{"capital_utilization":{"average_cash_percent":0.8598639880076187,"average_exposure_percent":0.14013601199238135,"average_leverage":0.14013601199238135,"average_position_value":205.55688317864963,"max_exposure_percent":0.4083842827797276},"closed_trades":32,"equity_curve":[],"final_equity":538.2969651014728,"max_drawdown":0.04581833782548403,"open_trades":0,"profit_factor":1.5141613187375211,"sharpe":0.6021533403669121,"signal_diagnostics":{"buy_signals":32,"duplicate_buy_skips":0,"flat_sell_skips":0,"hold_signals":489,"risk_blocked_signals":0,"sell_signals":15,"stop_loss_exits":16,"take_profit_exits":1},"starting_equity":500,"total_return":0.07659393020294547,"trade_analysis":{"average_loss":-4.6552710824673325,"average_trade_duration_days":7.5,"average_win":7.048831401309384,"expectancy":1.1967801594210254,"largest_loss":-10.400430113087294,"largest_win":16.747270967738977,"max_trade_duration_days":19.041666666666668,"median_trade_duration_days":7.0,"profit_factor":1.5141613187375211,"time_in_market_percent":0.2984919935741307,"total_trades":32,"win_rate":0.5}}