{"capital_utilization":{"average_cash_percent":0.9018768634006424,"average_exposure_percent":0.09812313659935754,"average_leverage":0.09812313659935754,"average_position_value":200.79828335730738,"max_exposure_percent":0.40839308812917086},"closed_trades":20,"equity_curve":[],"final_equity":531.1441355946808,"max_drawdown":0.03550901768156655,"open_trades":0,"profit_factor":1.5508497105827188,"sharpe":0.626686392128478,"signal_diagnostics":{"buy_signals":20,"duplicate_buy_skips":0,"flat_sell_skips":0,"hold_signals":513,"risk_blocked_signals":0,"sell_signals":9,"stop_loss_exits":9,"take_profit_exits":2},"starting_equity":500,"total_return":0.062288271189361755,"trade_analysis":{"average_loss":-6.282039264138725,"average_trade_duration_days":8.35,"average_win":7.971135361084487,"expectancy":1.5572067797340412,"largest_loss":-10.146487903599505,"largest_win":14.495406640771584,"max_trade_duration_days":18.958333333333332,"median_trade_duration_days":7.0,"profit_factor":1.5508497105827188,"time_in_market_percent":0.20770067886199928,"total_trades":20,"win_rate":0.55}}