{"capital_utilization":{"average_cash_percent":0.7969694048403273,"average_exposure_percent":0.20303059515967276,"average_leverage":0.20303059515967276,"average_position_value":204.27112575299483,"max_exposure_percent":0.407433057692556},"closed_trades":23,"equity_curve":[],"final_equity":534.4560641886668,"max_drawdown":0.06731202985688294,"open_trades":0,"profit_factor":1.4220989661905012,"sharpe":0.5138395951254001,"signal_diagnostics":{"buy_signals":23,"duplicate_buy_skips":0,"flat_sell_skips":0,"hold_signals":507,"risk_blocked_signals":0,"sell_signals":7,"stop_loss_exits":12,"take_profit_exits":3},"starting_equity":500,"total_return":0.06891212837733351,"trade_analysis":{"average_loss":-6.802524792474887,"average_trade_duration_days":16.73913043478261,"average_win":10.553305608942317,"expectancy":1.4980897473333408,"largest_loss":-9.358437494853206,"largest_win":21.571929641060155,"max_trade_duration_days":41.0,"median_trade_duration_days":14.0,"profit_factor":1.4220989661905012,"time_in_market_percent":0.47883090635850134,"total_trades":23,"win_rate":0.4782608695652174}}