{"capital_utilization":{"average_cash_percent":0.8603060268575149,"average_exposure_percent":0.13969397314248508,"average_leverage":0.13969397314248508,"average_position_value":202.0550710927651,"max_exposure_percent":0.40370828182324764},"closed_trades":15,"equity_curve":[],"final_equity":515.958614572998,"max_drawdown":0.0256224158947245,"open_trades":0,"profit_factor":1.8358117701367334,"sharpe":0.7072935730009303,"signal_diagnostics":{"buy_signals":15,"duplicate_buy_skips":0,"flat_sell_skips":0,"hold_signals":411,"risk_blocked_signals":0,"sell_signals":3,"stop_loss_exits":11,"take_profit_exits":0},"starting_equity":500,"total_return":0.03191722914599615,"trade_analysis":{"average_loss":-2.1215056551664717,"average_trade_duration_days":13.533333333333333,"average_win":5.842027578249376,"expectancy":1.0639076381998678,"largest_loss":-4.566662859559291,"largest_win":11.886016843129628,"max_trade_duration_days":45.0,"median_trade_duration_days":10.0,"profit_factor":1.8358117701367334,"time_in_market_percent":0.31816103963952197,"total_trades":15,"win_rate":0.4}}