{"capital_utilization":{"average_cash_percent":0.9205452777240494,"average_exposure_percent":0.07945472227595061,"average_leverage":0.07945472227595061,"average_position_value":192.6629923601902,"max_exposure_percent":0.4142102895345693},"closed_trades":8,"equity_curve":[],"final_equity":480.43671874239425,"max_drawdown":0.09761161562272665,"open_trades":0,"profit_factor":0.6668387631643704,"sharpe":-0.21790915169281797,"signal_diagnostics":{"buy_signals":8,"duplicate_buy_skips":0,"flat_sell_skips":0,"hold_signals":425,"risk_blocked_signals":0,"sell_signals":1,"stop_loss_exits":6,"take_profit_exits":0},"starting_equity":500,"total_return":-0.039126562515211516,"trade_analysis":{"average_loss":-11.74403207493049,"average_trade_duration_days":14.75,"average_win":13.052293039015568,"expectancy":-2.4454101572007176,"largest_loss":-17.026028588618438,"largest_win":16.336691005011115,"max_trade_duration_days":24.0,"median_trade_duration_days":14.0,"profit_factor":0.6668387631643704,"time_in_market_percent":0.18494089988898324,"total_trades":8,"win_rate":0.375}}