{"capital_utilization":{"average_cash_percent":0.8005042393069991,"average_exposure_percent":0.1994957606930009,"average_leverage":0.1994957606930009,"average_position_value":212.08888686341027,"max_exposure_percent":0.4055144836172231},"closed_trades":22,"equity_curve":[],"final_equity":551.6762000165237,"max_drawdown":0.06705957596074912,"open_trades":0,"profit_factor":2.0059569615778026,"sharpe":0.9012845734656367,"signal_diagnostics":{"buy_signals":22,"duplicate_buy_skips":0,"flat_sell_skips":0,"hold_signals":508,"risk_blocked_signals":0,"sell_signals":5,"stop_loss_exits":13,"take_profit_exits":4},"starting_equity":500,"total_return":0.10335240003304746,"trade_analysis":{"average_loss":-3.9515530592169608,"average_trade_duration_days":17.09280303030303,"average_win":11.44959886514936,"expectancy":2.348918182569261,"largest_loss":-6.8575754787503955,"largest_win":32.7614775960971,"max_trade_duration_days":63.0,"median_trade_duration_days":17.0,"profit_factor":2.0059569615778026,"time_in_market_percent":0.46768927812613365,"total_trades":22,"win_rate":0.4090909090909091}}