{"capital_utilization":{"average_cash_percent":0.9301063696361742,"average_exposure_percent":0.06989363036382573,"average_leverage":0.06989363036382573,"average_position_value":205.68296522131226,"max_exposure_percent":0.40567794480041136},"closed_trades":14,"equity_curve":[],"final_equity":551.1325795715496,"max_drawdown":0.026746844591893686,"open_trades":0,"profit_factor":2.9735377501276026,"sharpe":1.358138151224465,"signal_diagnostics":{"buy_signals":14,"duplicate_buy_skips":0,"flat_sell_skips":0,"hold_signals":525,"risk_blocked_signals":0,"sell_signals":8,"stop_loss_exits":5,"take_profit_exits":1},"starting_equity":500,"total_return":0.1022651591430992,"trade_analysis":{"average_loss":-5.1818192551162054,"average_trade_duration_days":8.214285714285714,"average_win":8.56018620523674,"expectancy":3.6523271122535452,"largest_loss":-6.867969777374319,"largest_win":14.842427838338272,"max_trade_duration_days":18.0,"median_trade_duration_days":8.5,"profit_factor":2.9735377501276026,"time_in_market_percent":0.1430274135876043,"total_trades":14,"win_rate":0.6428571428571429}}