{"capital_utilization":{"average_cash_percent":0.9672741520760748,"average_exposure_percent":0.03272584792392521,"average_leverage":0.03272584792392521,"average_position_value":193.38772876011217,"max_exposure_percent":0.4112813128172444},"closed_trades":6,"equity_curve":[],"final_equity":481.37962047690894,"max_drawdown":0.08548913600566911,"open_trades":0,"profit_factor":0.40891020072159545,"sharpe":-0.5793017995801476,"signal_diagnostics":{"buy_signals":6,"duplicate_buy_skips":0,"flat_sell_skips":0,"hold_signals":428,"risk_blocked_signals":0,"sell_signals":0,"stop_loss_exits":5,"take_profit_exits":1},"starting_equity":500,"total_return":-0.03724075904618207,"trade_analysis":{"average_loss":-7.875444452696783,"average_trade_duration_days":7.166666666666667,"average_win":6.440699143848034,"expectancy":-3.103396587181844,"largest_loss":-13.244790491131969,"largest_win":10.37419602216971,"max_trade_duration_days":11.0,"median_trade_duration_days":6.5,"profit_factor":0.40891020072159545,"time_in_market_percent":0.06739371775615491,"total_trades":6,"win_rate":0.3333333333333333}}