{"capital_utilization":{"average_cash_percent":0.8362661239120739,"average_exposure_percent":0.16373387608792606,"average_leverage":0.16373387608792606,"average_position_value":196.70483935828196,"max_exposure_percent":0.4115326414523928},"closed_trades":20,"equity_curve":[],"final_equity":514.3941732585279,"max_drawdown":0.07379842179812295,"open_trades":0,"profit_factor":1.1594142474799074,"sharpe":0.24231947175766916,"signal_diagnostics":{"buy_signals":20,"duplicate_buy_skips":0,"flat_sell_skips":0,"hold_signals":400,"risk_blocked_signals":0,"sell_signals":7,"stop_loss_exits":12,"take_profit_exits":1},"starting_equity":500,"total_return":0.028788346517055752,"trade_analysis":{"average_loss":-7.524512125943101,"average_trade_duration_days":11.85,"average_win":13.086039846230639,"expectancy":0.7197086629263956,"largest_loss":-13.443311012268845,"largest_win":24.20535143756652,"max_trade_duration_days":28.0,"median_trade_duration_days":11.0,"profit_factor":1.1594142474799074,"time_in_market_percent":0.3714490955397375,"total_trades":20,"win_rate":0.4}}