{"capital_utilization":{"average_cash_percent":0.8166287741718546,"average_exposure_percent":0.18337122582814533,"average_leverage":0.18337122582814533,"average_position_value":203.3600824877911,"max_exposure_percent":0.4228521203679284},"closed_trades":33,"equity_curve":[],"final_equity":656.6257281096125,"max_drawdown":0.17863553461997597,"open_trades":0,"profit_factor":1.8010489310256552,"sharpe":0.8898142697615362,"signal_diagnostics":{"buy_signals":33,"duplicate_buy_skips":0,"flat_sell_skips":0,"hold_signals":486,"risk_blocked_signals":0,"sell_signals":15,"stop_loss_exits":16,"take_profit_exits":2},"starting_equity":500,"total_return":0.313251456219225,"trade_analysis":{"average_loss":-13.966128128409128,"average_trade_duration_days":9.847222222222223,"average_win":18.534290626702123,"expectancy":4.746234185139773,"largest_loss":-27.174545783739454,"largest_win":39.6084926585497,"max_trade_duration_days":22.0,"median_trade_duration_days":8.0,"profit_factor":1.8010489310256552,"time_in_market_percent":0.4041560864383065,"total_trades":33,"win_rate":0.5757575757575758}}