{"capital_utilization":{"average_cash_percent":0.8491065543894329,"average_exposure_percent":0.15089344561056706,"average_leverage":0.15089344561056706,"average_position_value":200.52853470575312,"max_exposure_percent":0.4093734500907265},"closed_trades":15,"equity_curve":[],"final_equity":506.50706576226156,"max_drawdown":0.057565688181582926,"open_trades":0,"profit_factor":1.1345169750954152,"sharpe":0.16378507006339463,"signal_diagnostics":{"buy_signals":15,"duplicate_buy_skips":0,"flat_sell_skips":0,"hold_signals":411,"risk_blocked_signals":0,"sell_signals":7,"stop_loss_exits":7,"take_profit_exits":0},"starting_equity":500,"total_return":0.013014131524523131,"trade_analysis":{"average_loss":-5.374840657880631,"average_trade_duration_days":15.136111111111111,"average_win":9.146771947197877,"expectancy":0.43380438415077255,"largest_loss":-11.160076066606807,"largest_win":23.415351520690823,"max_trade_duration_days":61.0,"median_trade_duration_days":6.0,"profit_factor":1.1345169750954152,"time_in_market_percent":0.3558414419121008,"total_trades":15,"win_rate":0.4}}