{"capital_utilization":{"average_cash_percent":0.8624072137723124,"average_exposure_percent":0.13759278622768753,"average_leverage":0.13759278622768753,"average_position_value":205.0774176785841,"max_exposure_percent":0.4057882901297951},"closed_trades":12,"equity_curve":[],"final_equity":531.6736542838735,"max_drawdown":0.03550187552548358,"open_trades":0,"profit_factor":2.2011262305675925,"sharpe":0.7626449801899787,"signal_diagnostics":{"buy_signals":12,"duplicate_buy_skips":0,"flat_sell_skips":0,"hold_signals":416,"risk_blocked_signals":0,"sell_signals":5,"stop_loss_exits":6,"take_profit_exits":1},"starting_equity":500,"total_return":0.06334730856774695,"trade_analysis":{"average_loss":-4.394993836868439,"average_trade_duration_days":16.913194444444446,"average_win":9.673936217514028,"expectancy":2.639471190322794,"largest_loss":-7.00206634355947,"largest_win":11.641235095274329,"max_trade_duration_days":28.0,"median_trade_duration_days":17.979166666666664,"profit_factor":2.2011262305675925,"time_in_market_percent":0.3180957356494482,"total_trades":12,"win_rate":0.5}}