{"capital_utilization":{"average_cash_percent":0.7880787921947645,"average_exposure_percent":0.21192120780523555,"average_leverage":0.21192120780523555,"average_position_value":174.27005317864172,"max_exposure_percent":0.42278734284385716},"closed_trades":33,"equity_curve":[],"final_equity":359.4106352781647,"max_drawdown":0.3004868378354341,"open_trades":0,"profit_factor":0.5255755560028175,"sharpe":-1.3640875344269667,"signal_diagnostics":{"buy_signals":33,"duplicate_buy_skips":0,"flat_sell_skips":0,"hold_signals":280,"risk_blocked_signals":0,"sell_signals":9,"stop_loss_exits":20,"take_profit_exits":3},"starting_equity":500,"total_return":-0.2811787294436706,"trade_analysis":{"average_loss":-14.11127048390552,"average_trade_duration_days":6.577020202020202,"average_win":12.978942953348385,"expectancy":-4.260283779449554,"largest_loss":-24.32236929938684,"largest_win":27.200950838419033,"max_trade_duration_days":20.0,"median_trade_duration_days":6.0,"profit_factor":0.5255755560028175,"time_in_market_percent":0.43235391766268266,"total_trades":33,"win_rate":0.36363636363636365}}