{"capital_utilization":{"average_cash_percent":0.8855858722353379,"average_exposure_percent":0.11441412776466205,"average_leverage":0.11441412776466205,"average_position_value":192.41413276551285,"max_exposure_percent":0.4070293465083041},"closed_trades":18,"equity_curve":[],"final_equity":497.9077528790877,"max_drawdown":0.08756675990585683,"open_trades":0,"profit_factor":0.9667710902670643,"sharpe":-0.014011315270577506,"signal_diagnostics":{"buy_signals":18,"duplicate_buy_skips":0,"flat_sell_skips":0,"hold_signals":404,"risk_blocked_signals":0,"sell_signals":7,"stop_loss_exits":10,"take_profit_exits":1},"starting_equity":500,"total_return":-0.0041844942418246545,"trade_analysis":{"average_loss":-6.296466353328744,"average_trade_duration_days":8.5,"average_win":7.609052051546895,"expectancy":-0.11623595116179401,"largest_loss":-8.252685504258215,"largest_win":13.950610464235735,"max_trade_duration_days":19.0,"median_trade_duration_days":8.0,"profit_factor":0.9667710902670643,"time_in_market_percent":0.23979625155096979,"total_trades":18,"win_rate":0.4444444444444444}}