{"capital_utilization":{"average_cash_percent":0.8271799230772651,"average_exposure_percent":0.17282007692273496,"average_leverage":0.17282007692273496,"average_position_value":196.7095535759857,"max_exposure_percent":0.4200371207554409},"closed_trades":23,"equity_curve":[],"final_equity":488.4156754427385,"max_drawdown":0.24474444204853407,"open_trades":0,"profit_factor":0.9420395153487752,"sharpe":0.0032129132014997643,"signal_diagnostics":{"buy_signals":23,"duplicate_buy_skips":0,"flat_sell_skips":0,"hold_signals":507,"risk_blocked_signals":0,"sell_signals":9,"stop_loss_exits":13,"take_profit_exits":0},"starting_equity":500,"total_return":-0.023168649114522988,"trade_analysis":{"average_loss":-11.756817776973138,"average_trade_duration_days":14.003623188405799,"average_win":31.380262941880314,"expectancy":-0.5036662850983258,"largest_loss":-24.376196380889855,"largest_win":125.27872124966137,"max_trade_duration_days":43.0,"median_trade_duration_days":9.0,"profit_factor":0.9420395153487752,"time_in_market_percent":0.4005804010986164,"total_trades":23,"win_rate":0.2608695652173913}}