{"capital_utilization":{"average_cash_percent":0.8568644134451197,"average_exposure_percent":0.14313558655488037,"average_leverage":0.14313558655488037,"average_position_value":205.2632783026817,"max_exposure_percent":0.40748434019912994},"closed_trades":15,"equity_curve":[],"final_equity":532.1661096661094,"max_drawdown":0.03303681879671217,"open_trades":0,"profit_factor":2.3287447802562142,"sharpe":1.008746432467051,"signal_diagnostics":{"buy_signals":15,"duplicate_buy_skips":0,"flat_sell_skips":0,"hold_signals":411,"risk_blocked_signals":0,"sell_signals":3,"stop_loss_exits":9,"take_profit_exits":2},"starting_equity":500,"total_return":0.06433221933221867,"trade_analysis":{"average_loss":-2.6897657384844846,"average_trade_duration_days":13.8,"average_win":9.395666885411618,"expectancy":2.144407311073957,"largest_loss":-9.05404502610555,"largest_win":14.18235333298601,"max_trade_duration_days":32.0,"median_trade_duration_days":11.0,"profit_factor":2.3287447802562142,"time_in_market_percent":0.32443022268660615,"total_trades":15,"win_rate":0.4}}