{"capital_utilization":{"average_cash_percent":0.9102046150375391,"average_exposure_percent":0.08979538496246083,"average_leverage":0.08979538496246083,"average_position_value":199.0195094938451,"max_exposure_percent":0.40674549810973193},"closed_trades":11,"equity_curve":[],"final_equity":522.809227150085,"max_drawdown":0.06584595682995814,"open_trades":0,"profit_factor":1.669122311653065,"sharpe":0.49512749282122637,"signal_diagnostics":{"buy_signals":11,"duplicate_buy_skips":0,"flat_sell_skips":0,"hold_signals":418,"risk_blocked_signals":0,"sell_signals":5,"stop_loss_exits":5,"take_profit_exits":1},"starting_equity":500,"total_return":0.045618454300170086,"trade_analysis":{"average_loss":-6.817655532584136,"average_trade_duration_days":11.818181818181818,"average_win":9.482917468834284,"expectancy":2.0735661045531844,"largest_loss":-8.162255106265823,"largest_win":14.645213276585082,"max_trade_duration_days":20.0,"median_trade_duration_days":10.0,"profit_factor":1.669122311653065,"time_in_market_percent":0.20374844903023576,"total_trades":11,"win_rate":0.5454545454545454}}