{"capital_utilization":{"average_cash_percent":0.834195134186676,"average_exposure_percent":0.16580486581332401,"average_leverage":0.16580486581332401,"average_position_value":201.17777901777754,"max_exposure_percent":0.40706790201578164},"closed_trades":9,"equity_curve":[],"final_equity":529.5374195180701,"max_drawdown":0.04776406858628743,"open_trades":0,"profit_factor":1.8818888509945675,"sharpe":0.7581459083648446,"signal_diagnostics":{"buy_signals":9,"duplicate_buy_skips":0,"flat_sell_skips":0,"hold_signals":423,"risk_blocked_signals":0,"sell_signals":2,"stop_loss_exits":6,"take_profit_exits":0},"starting_equity":500,"total_return":0.05907483903614019,"trade_analysis":{"average_loss":-5.58222643075687,"average_trade_duration_days":28.555555555555557,"average_win":21.010259367537103,"expectancy":3.281935502007787,"largest_loss":-8.551798003927882,"largest_win":32.93034722556228,"max_trade_duration_days":97.0,"median_trade_duration_days":20.0,"profit_factor":1.8818888509945675,"time_in_market_percent":0.4027950107751584,"total_trades":9,"win_rate":0.3333333333333333}}