{"capital_utilization":{"average_cash_percent":0.8912675282749167,"average_exposure_percent":0.10873247172508331,"average_leverage":0.10873247172508331,"average_position_value":227.61166631752187,"max_exposure_percent":0.4213222408867894},"closed_trades":14,"equity_curve":[],"final_equity":703.4046769012768,"max_drawdown":0.12755642852327462,"open_trades":0,"profit_factor":2.827728024355781,"sharpe":1.2377756676743885,"signal_diagnostics":{"buy_signals":14,"duplicate_buy_skips":0,"flat_sell_skips":0,"hold_signals":524,"risk_blocked_signals":0,"sell_signals":6,"stop_loss_exits":5,"take_profit_exits":3},"starting_equity":500,"total_return":0.4068093538025537,"trade_analysis":{"average_loss":-22.257652581868236,"average_trade_duration_days":14.357142857142858,"average_win":34.96588220117978,"expectancy":14.528905492948345,"largest_loss":-29.658475337230588,"largest_win":59.38972843406135,"max_trade_duration_days":27.958333333333332,"median_trade_duration_days":13.0,"profit_factor":2.827728024355781,"time_in_market_percent":0.24998704461833446,"total_trades":14,"win_rate":0.6428571428571429}}