{"capital_utilization":{"average_cash_percent":0.8345148629404664,"average_exposure_percent":0.16548513705953358,"average_leverage":0.16548513705953358,"average_position_value":189.1989903683387,"max_exposure_percent":0.4076413884486524},"closed_trades":30,"equity_curve":[],"final_equity":469.06618176831404,"max_drawdown":0.0961306360515242,"open_trades":0,"profit_factor":0.6320463943152103,"sharpe":-0.6997670681947801,"signal_diagnostics":{"buy_signals":30,"duplicate_buy_skips":0,"flat_sell_skips":0,"hold_signals":380,"risk_blocked_signals":0,"sell_signals":8,"stop_loss_exits":17,"take_profit_exits":5},"starting_equity":500,"total_return":-0.0618676364633719,"trade_analysis":{"average_loss":-4.945287499447875,"average_trade_duration_days":7.531944444444445,"average_win":4.087389942994454,"expectancy":-1.0311272743895323,"largest_loss":-8.847078721659036,"largest_win":8.60335221332148,"max_trade_duration_days":22.0,"median_trade_duration_days":6.0,"profit_factor":0.6320463943152103,"time_in_market_percent":0.35414353817018224,"total_trades":30,"win_rate":0.43333333333333335}}