{"capital_utilization":{"average_cash_percent":0.9135048498612358,"average_exposure_percent":0.08649515013876416,"average_leverage":0.08649515013876416,"average_position_value":207.01774435427453,"max_exposure_percent":0.40685858888961485},"closed_trades":19,"equity_curve":[],"final_equity":532.4330541267339,"max_drawdown":0.038182001665375366,"open_trades":0,"profit_factor":1.692525437817241,"sharpe":0.7500918383127414,"signal_diagnostics":{"buy_signals":19,"duplicate_buy_skips":0,"flat_sell_skips":0,"hold_signals":516,"risk_blocked_signals":0,"sell_signals":3,"stop_loss_exits":7,"take_profit_exits":8},"starting_equity":500,"total_return":0.06486610825346761,"trade_analysis":{"average_loss":-5.20366831882243,"average_trade_duration_days":7.4714912280701755,"average_win":7.926606899613576,"expectancy":1.7070028487754665,"largest_loss":-8.298966768904425,"largest_win":12.200715166830598,"max_trade_duration_days":19.0,"median_trade_duration_days":6.0,"profit_factor":1.692525437817241,"time_in_market_percent":0.17655594133803185,"total_trades":19,"win_rate":0.5263157894736842}}