{"capital_utilization":{"average_cash_percent":0.7042000239859805,"average_exposure_percent":0.2957999760140196,"average_leverage":0.2957999760140196,"average_position_value":214.89711234029195,"max_exposure_percent":0.4052926238421878},"closed_trades":28,"equity_curve":[],"final_equity":563.4946374932066,"max_drawdown":0.03627645565860311,"open_trades":0,"profit_factor":2.88952613423241,"sharpe":1.105553651025934,"signal_diagnostics":{"buy_signals":28,"duplicate_buy_skips":0,"flat_sell_skips":0,"hold_signals":497,"risk_blocked_signals":0,"sell_signals":8,"stop_loss_exits":16,"take_profit_exits":3},"starting_equity":500,"total_return":0.12698927498641321,"trade_analysis":{"average_loss":-2.4002479602417175,"average_trade_duration_days":19.857142857142858,"average_win":6.935579209756478,"expectancy":2.2676656247573796,"largest_loss":-7.378308213498458,"largest_win":23.02573373414377,"max_trade_duration_days":78.0,"median_trade_duration_days":16.0,"profit_factor":2.88952613423241,"time_in_market_percent":0.6915064517800694,"total_trades":28,"win_rate":0.5}}