{"capital_utilization":{"average_cash_percent":0.8684228977021367,"average_exposure_percent":0.1315771022978634,"average_leverage":0.1315771022978634,"average_position_value":211.8085004974064,"max_exposure_percent":0.40481015415893185},"closed_trades":24,"equity_curve":[],"final_equity":559.7003859976037,"max_drawdown":0.05334541159345834,"open_trades":0,"profit_factor":2.2715511141321274,"sharpe":1.1764764030826658,"signal_diagnostics":{"buy_signals":24,"duplicate_buy_skips":0,"flat_sell_skips":0,"hold_signals":505,"risk_blocked_signals":0,"sell_signals":4,"stop_loss_exits":13,"take_profit_exits":6},"starting_equity":500,"total_return":0.11940077199520749,"trade_analysis":{"average_loss":-3.611602658667373,"average_trade_duration_days":9.958333333333334,"average_win":9.695565505479957,"expectancy":2.487516083233487,"largest_loss":-6.158526128065906,"largest_win":19.274322966061238,"max_trade_duration_days":21.0,"median_trade_duration_days":8.5,"profit_factor":2.2715511141321274,"time_in_market_percent":0.29724827693423855,"total_trades":24,"win_rate":0.4583333333333333}}