{"capital_utilization":{"average_cash_percent":0.9037232299424917,"average_exposure_percent":0.0962767700575083,"average_leverage":0.0962767700575083,"average_position_value":199.7110922764401,"max_exposure_percent":0.4089967602385921},"closed_trades":9,"equity_curve":[],"final_equity":526.5975019364878,"max_drawdown":0.05725392068476704,"open_trades":0,"profit_factor":1.995018676548632,"sharpe":0.5349627998211547,"signal_diagnostics":{"buy_signals":9,"duplicate_buy_skips":0,"flat_sell_skips":0,"hold_signals":422,"risk_blocked_signals":0,"sell_signals":5,"stop_loss_exits":3,"take_profit_exits":1},"starting_equity":500,"total_return":0.0531950038729756,"trade_analysis":{"average_loss":-8.910218659997113,"average_trade_duration_days":15.777777777777779,"average_win":8.888026319413184,"expectancy":2.955277992943085,"largest_loss":-10.869503173407814,"largest_win":14.753659434459777,"max_trade_duration_days":22.0,"median_trade_duration_days":16.0,"profit_factor":1.995018676548632,"time_in_market_percent":0.2225559981714883,"total_trades":9,"win_rate":0.6666666666666666}}