{"capital_utilization":{"average_cash_percent":0.8785533019426387,"average_exposure_percent":0.12144669805736134,"average_leverage":0.12144669805736134,"average_position_value":208.45296111800803,"max_exposure_percent":0.41822326245204106},"closed_trades":17,"equity_curve":[],"final_equity":558.7698527909356,"max_drawdown":0.11299224713926587,"open_trades":0,"profit_factor":1.391307434480674,"sharpe":0.45733396626848866,"signal_diagnostics":{"buy_signals":17,"duplicate_buy_skips":0,"flat_sell_skips":0,"hold_signals":520,"risk_blocked_signals":0,"sell_signals":1,"stop_loss_exits":12,"take_profit_exits":3},"starting_equity":500,"total_return":0.11753970558187121,"trade_analysis":{"average_loss":-15.01884390950363,"average_trade_duration_days":13.17892156862745,"average_win":29.851184555138843,"expectancy":3.457050164172682,"largest_loss":-22.994825900544274,"largest_win":71.87033646600345,"max_trade_duration_days":43.0,"median_trade_duration_days":11.0,"profit_factor":1.391307434480674,"time_in_market_percent":0.2786443488625175,"total_trades":17,"win_rate":0.4117647058823529}}