{"capital_utilization":{"average_cash_percent":0.9086939661197269,"average_exposure_percent":0.09130603388027317,"average_leverage":0.09130603388027317,"average_position_value":204.99113991977273,"max_exposure_percent":0.4035834747337823},"closed_trades":16,"equity_curve":[],"final_equity":541.5947526337017,"max_drawdown":0.023818474971601403,"open_trades":0,"profit_factor":2.6836762017578706,"sharpe":1.2570333055327765,"signal_diagnostics":{"buy_signals":16,"duplicate_buy_skips":0,"flat_sell_skips":0,"hold_signals":522,"risk_blocked_signals":0,"sell_signals":5,"stop_loss_exits":7,"take_profit_exits":3},"starting_equity":500,"total_return":0.08318950526740343,"trade_analysis":{"average_loss":-3.5292460111369848,"average_trade_duration_days":9.999999999999998,"average_win":7.366608301295615,"expectancy":2.5996720396063533,"largest_loss":-4.371999914552361,"largest_win":16.13467138294991,"max_trade_duration_days":21.0,"median_trade_duration_days":9.5,"profit_factor":2.6836762017578706,"time_in_market_percent":0.19899466238275376,"total_trades":16,"win_rate":0.5625}}