{"capital_utilization":{"average_cash_percent":0.8524207649088087,"average_exposure_percent":0.14757923509119134,"average_leverage":0.14757923509119134,"average_position_value":193.5857171553032,"max_exposure_percent":0.4228756421966926},"closed_trades":25,"equity_curve":[],"final_equity":583.8150602598556,"max_drawdown":0.16943031417624757,"open_trades":0,"profit_factor":1.4771397620448188,"sharpe":0.5678521610014527,"signal_diagnostics":{"buy_signals":25,"duplicate_buy_skips":0,"flat_sell_skips":0,"hold_signals":502,"risk_blocked_signals":0,"sell_signals":6,"stop_loss_exits":16,"take_profit_exits":3},"starting_equity":500,"total_return":0.16763012051971127,"trade_analysis":{"average_loss":-13.512418877124714,"average_trade_duration_days":10.678333333333335,"average_win":21.623042138539745,"expectancy":3.352602410394226,"largest_loss":-26.16157398749625,"largest_win":48.01469481374523,"max_trade_duration_days":21.0,"median_trade_duration_days":9.0,"profit_factor":1.4771397620448188,"time_in_market_percent":0.3320205213245583,"total_trades":25,"win_rate":0.48}}