{"capital_utilization":{"average_cash_percent":0.7039788802104872,"average_exposure_percent":0.2960211197895128,"average_leverage":0.2960211197895128,"average_position_value":209.51303199370616,"max_exposure_percent":0.4043695889213364},"closed_trades":47,"equity_curve":[],"final_equity":520.6161531485443,"max_drawdown":0.04765692608730229,"open_trades":0,"profit_factor":1.2543811101326041,"sharpe":0.40540517925278574,"signal_diagnostics":{"buy_signals":47,"duplicate_buy_skips":0,"flat_sell_skips":0,"hold_signals":459,"risk_blocked_signals":0,"sell_signals":2,"stop_loss_exits":44,"take_profit_exits":0},"starting_equity":500,"total_return":0.04123230629708852,"trade_analysis":{"average_loss":-3.3768481501695002,"average_trade_duration_days":11.25531914893617,"average_win":4.420022119678798,"expectancy":0.438641556352007,"largest_loss":-5.637166479434434,"largest_win":11.249696621208965,"max_trade_duration_days":37.0,"median_trade_duration_days":9.0,"profit_factor":1.2543811101326041,"time_in_market_percent":0.6579261025029798,"total_trades":47,"win_rate":0.48936170212765956}}