{"capital_utilization":{"average_cash_percent":0.8616981001210324,"average_exposure_percent":0.1383018998789676,"average_leverage":0.1383018998789676,"average_position_value":203.03823782773125,"max_exposure_percent":0.40748434019912994},"closed_trades":6,"equity_curve":[],"final_equity":534.6125288241632,"max_drawdown":0.036208906129806664,"open_trades":0,"profit_factor":2.771299546583358,"sharpe":1.0363474051181156,"signal_diagnostics":{"buy_signals":6,"duplicate_buy_skips":0,"flat_sell_skips":0,"hold_signals":429,"risk_blocked_signals":0,"sell_signals":1,"stop_loss_exits":4,"take_profit_exits":0},"starting_equity":500,"total_return":0.06922505764832643,"trade_analysis":{"average_loss":-6.51358469001416,"average_trade_duration_days":36.5,"average_win":18.051094298068545,"expectancy":5.768754804027192,"largest_loss":-9.05404502610555,"largest_win":31.364456191556293,"max_trade_duration_days":96.0,"median_trade_duration_days":28.5,"profit_factor":2.771299546583358,"time_in_market_percent":0.3432377718278587,"total_trades":6,"win_rate":0.5}}