{"capital_utilization":{"average_cash_percent":0.7593704945194764,"average_exposure_percent":0.24062950548052361,"average_leverage":0.24062950548052361,"average_position_value":210.89822611422196,"max_exposure_percent":0.40754212156748437},"closed_trades":35,"equity_curve":[],"final_equity":547.4999122634003,"max_drawdown":0.05357269216965389,"open_trades":0,"profit_factor":1.5902954406867096,"sharpe":0.7174942849079948,"signal_diagnostics":{"buy_signals":35,"duplicate_buy_skips":0,"flat_sell_skips":0,"hold_signals":483,"risk_blocked_signals":0,"sell_signals":2,"stop_loss_exits":30,"take_profit_exits":3},"starting_equity":500,"total_return":0.09499982452680067,"trade_analysis":{"average_loss":-5.029251984411211,"average_trade_duration_days":12.542857142857141,"average_win":6.735154948104198,"expectancy":1.3571403503828685,"largest_loss":-9.6235334566045,"largest_win":27.28975592727962,"max_trade_duration_days":38.0,"median_trade_duration_days":11.0,"profit_factor":1.5902954406867096,"time_in_market_percent":0.5459916049126807,"total_trades":35,"win_rate":0.5428571428571428}}