{"capital_utilization":{"average_cash_percent":0.9581352944496125,"average_exposure_percent":0.04186470555038747,"average_leverage":0.04186470555038747,"average_position_value":207.5025228475554,"max_exposure_percent":0.40790802135030113},"closed_trades":9,"equity_curve":[],"final_equity":517.094051986332,"max_drawdown":0.03542100474962429,"open_trades":0,"profit_factor":1.9961910195348824,"sharpe":0.6262449676561814,"signal_diagnostics":{"buy_signals":9,"duplicate_buy_skips":0,"flat_sell_skips":0,"hold_signals":534,"risk_blocked_signals":0,"sell_signals":2,"stop_loss_exits":6,"take_profit_exits":1},"starting_equity":500,"total_return":0.03418810397266414,"trade_analysis":{"average_loss":-3.4318823701729855,"average_trade_duration_days":7.222222222222222,"average_win":8.56336595929925,"expectancy":1.8993391095924528,"largest_loss":-10.061271390890157,"largest_win":14.555879495049323,"max_trade_duration_days":18.0,"median_trade_duration_days":4.0,"profit_factor":1.9961910195348824,"time_in_market_percent":0.08084158159299373,"total_trades":9,"win_rate":0.4444444444444444}}