{"capital_utilization":{"average_cash_percent":0.7303248815085288,"average_exposure_percent":0.2696751184914712,"average_leverage":0.2696751184914712,"average_position_value":213.358626514133,"max_exposure_percent":0.4043789749871544},"closed_trades":40,"equity_curve":[],"final_equity":551.6383754503743,"max_drawdown":0.03950526697060696,"open_trades":0,"profit_factor":1.783860325330723,"sharpe":0.928352183598007,"signal_diagnostics":{"buy_signals":40,"duplicate_buy_skips":0,"flat_sell_skips":0,"hold_signals":473,"risk_blocked_signals":0,"sell_signals":2,"stop_loss_exits":38,"take_profit_exits":0},"starting_equity":500,"total_return":0.10327675090074862,"trade_analysis":{"average_loss":-3.137000534507409,"average_trade_duration_days":12.423958333333333,"average_win":6.185020351317359,"expectancy":1.2909593862593556,"largest_loss":-5.49096608137533,"largest_win":13.64912982066386,"max_trade_duration_days":42.0,"median_trade_duration_days":10.0,"profit_factor":1.783860325330723,"time_in_market_percent":0.6180753484997669,"total_trades":40,"win_rate":0.475}}