{"capital_utilization":{"average_cash_percent":0.9331016102933242,"average_exposure_percent":0.06689838970667586,"average_leverage":0.06689838970667586,"average_position_value":196.5261931956513,"max_exposure_percent":0.41409673672750064},"closed_trades":8,"equity_curve":[],"final_equity":581.7811209481938,"max_drawdown":0.10085223773249147,"open_trades":0,"profit_factor":2.064524193793741,"sharpe":0.6431531189201628,"signal_diagnostics":{"buy_signals":8,"duplicate_buy_skips":0,"flat_sell_skips":0,"hold_signals":538,"risk_blocked_signals":0,"sell_signals":0,"stop_loss_exits":7,"take_profit_exits":0},"starting_equity":500,"total_return":0.16356224189638757,"trade_analysis":{"average_loss":-12.804017892842666,"average_trade_duration_days":16.005208333333336,"average_win":79.30261415262491,"expectancy":10.222640118524229,"largest_loss":-16.513223365113692,"largest_win":130.2703661998903,"max_trade_duration_days":43.0,"median_trade_duration_days":10.0,"profit_factor":2.064524193793741,"time_in_market_percent":0.15924755143286523,"total_trades":8,"win_rate":0.25}}