{"capital_utilization":{"average_cash_percent":0.8872572401284423,"average_exposure_percent":0.11274275987155764,"average_leverage":0.11274275987155764,"average_position_value":188.76166930320508,"max_exposure_percent":0.41820599641197853},"closed_trades":19,"equity_curve":[],"final_equity":496.35871279801194,"max_drawdown":0.1684243582603357,"open_trades":0,"profit_factor":0.9760378359461472,"sharpe":0.0310486856175265,"signal_diagnostics":{"buy_signals":19,"duplicate_buy_skips":0,"flat_sell_skips":0,"hold_signals":516,"risk_blocked_signals":0,"sell_signals":1,"stop_loss_exits":15,"take_profit_exits":2},"starting_equity":500,"total_return":-0.007282574403976172,"trade_analysis":{"average_loss":-10.854276033442346,"average_trade_duration_days":10.212719298245613,"average_win":29.663715453240957,"expectancy":-0.1916466948414758,"largest_loss":-20.126403061651196,"largest_win":63.83431612166574,"max_trade_duration_days":28.0,"median_trade_duration_days":8.0,"profit_factor":0.9760378359461472,"time_in_market_percent":0.24133284966575116,"total_trades":19,"win_rate":0.2631578947368421}}