{"capital_utilization":{"average_cash_percent":0.8691973688416268,"average_exposure_percent":0.13080263115837326,"average_leverage":0.13080263115837326,"average_position_value":206.3088418133333,"max_exposure_percent":0.40624098654921476},"closed_trades":18,"equity_curve":[],"final_equity":554.5779021587894,"max_drawdown":0.021429975601539353,"open_trades":0,"profit_factor":2.7299660155567076,"sharpe":1.4232044675994522,"signal_diagnostics":{"buy_signals":18,"duplicate_buy_skips":0,"flat_sell_skips":0,"hold_signals":518,"risk_blocked_signals":0,"sell_signals":4,"stop_loss_exits":8,"take_profit_exits":5},"starting_equity":500,"total_return":0.10915580431757865,"trade_analysis":{"average_loss":-3.9435675085520434,"average_trade_duration_days":13.333333333333332,"average_win":8.612644222720572,"expectancy":3.032105675488298,"largest_loss":-7.551440746283723,"largest_win":16.195151306595715,"max_trade_duration_days":27.0,"median_trade_duration_days":12.0,"profit_factor":2.7299660155567076,"time_in_market_percent":0.2984919935741307,"total_trades":18,"win_rate":0.5555555555555556}}