{"capital_utilization":{"average_cash_percent":0.8858951434644918,"average_exposure_percent":0.11410485653550821,"average_leverage":0.11410485653550821,"average_position_value":201.99115907961846,"max_exposure_percent":0.409020816510913},"closed_trades":23,"equity_curve":[],"final_equity":527.0966274044531,"max_drawdown":0.03740048379784679,"open_trades":0,"profit_factor":1.3883294117574907,"sharpe":0.49731168966571737,"signal_diagnostics":{"buy_signals":23,"duplicate_buy_skips":0,"flat_sell_skips":0,"hold_signals":507,"risk_blocked_signals":0,"sell_signals":9,"stop_loss_exits":13,"take_profit_exits":1},"starting_equity":500,"total_return":0.05419325480890613,"trade_analysis":{"average_loss":-6.343402506888986,"average_trade_duration_days":8.740942028985508,"average_win":8.07283791501933,"expectancy":1.1781142349762215,"largest_loss":-10.873825332099482,"largest_win":16.331551319074325,"max_trade_duration_days":19.041666666666668,"median_trade_duration_days":8.0,"profit_factor":1.3883294117574907,"time_in_market_percent":0.25003886614499665,"total_trades":23,"win_rate":0.5217391304347826}}