{"capital_utilization":{"average_cash_percent":0.9272144963888777,"average_exposure_percent":0.07278550361112239,"average_leverage":0.07278550361112239,"average_position_value":205.2481322755383,"max_exposure_percent":0.40791192021186723},"closed_trades":15,"equity_curve":[],"final_equity":528.24937545283,"max_drawdown":0.03758582885742515,"open_trades":0,"profit_factor":1.8694572195825214,"sharpe":0.7322141104662605,"signal_diagnostics":{"buy_signals":15,"duplicate_buy_skips":0,"flat_sell_skips":0,"hold_signals":524,"risk_blocked_signals":0,"sell_signals":7,"stop_loss_exits":7,"take_profit_exits":0},"starting_equity":500,"total_return":0.05649875090566003,"trade_analysis":{"average_loss":-4.641545292622609,"average_trade_duration_days":8.2,"average_win":7.592524062648527,"expectancy":1.8832916968553306,"largest_loss":-9.818934326768213,"largest_win":14.88451026633061,"max_trade_duration_days":14.0,"median_trade_duration_days":8.0,"profit_factor":1.8694572195825214,"time_in_market_percent":0.15297714670674198,"total_trades":15,"win_rate":0.5333333333333333}}