{"capital_utilization":{"average_cash_percent":0.841129142475984,"average_exposure_percent":0.15887085752401597,"average_leverage":0.15887085752401597,"average_position_value":198.43379556505542,"max_exposure_percent":0.4059142773430421},"closed_trades":39,"equity_curve":[],"final_equity":487.56837470406697,"max_drawdown":0.08580451127236784,"open_trades":0,"profit_factor":0.8724871019519728,"sharpe":-0.20936833058284907,"signal_diagnostics":{"buy_signals":39,"duplicate_buy_skips":0,"flat_sell_skips":0,"hold_signals":475,"risk_blocked_signals":0,"sell_signals":6,"stop_loss_exits":24,"take_profit_exits":8},"starting_equity":500,"total_return":-0.024863250591866115,"trade_analysis":{"average_loss":-4.238829608010968,"average_trade_duration_days":6.666666666666667,"average_win":5.316340980519953,"expectancy":-0.3187596229726417,"largest_loss":-7.037241818531216,"largest_win":11.110343710940523,"max_trade_duration_days":21.0,"median_trade_duration_days":6.0,"profit_factor":0.8724871019519728,"time_in_market_percent":0.32336632637197493,"total_trades":39,"win_rate":0.41025641025641024}}