{"capital_utilization":{"average_cash_percent":0.920143689071091,"average_exposure_percent":0.07985631092890905,"average_leverage":0.07985631092890905,"average_position_value":200.02451300888444,"max_exposure_percent":0.4073055802016701},"closed_trades":15,"equity_curve":[],"final_equity":512.5116488269406,"max_drawdown":0.04085326841239405,"open_trades":0,"profit_factor":1.3336357526737894,"sharpe":0.29096034781363705,"signal_diagnostics":{"buy_signals":15,"duplicate_buy_skips":0,"flat_sell_skips":0,"hold_signals":524,"risk_blocked_signals":0,"sell_signals":5,"stop_loss_exits":9,"take_profit_exits":0},"starting_equity":500,"total_return":0.025023297653881116,"trade_analysis":{"average_loss":-5.35727478102819,"average_trade_duration_days":9.2,"average_win":6.251571536767236,"expectancy":0.8341099217960365,"largest_loss":-8.838576586855124,"largest_win":12.344511874455538,"max_trade_duration_days":20.0,"median_trade_duration_days":10.0,"profit_factor":1.3336357526737894,"time_in_market_percent":0.17163289630512515,"total_trades":15,"win_rate":0.5333333333333333}}