{"capital_utilization":{"average_cash_percent":0.6941175841851612,"average_exposure_percent":0.3058824158148387,"average_leverage":0.3058824158148387,"average_position_value":204.39242835267703,"max_exposure_percent":0.4053471588149217},"closed_trades":41,"equity_curve":[],"final_equity":518.062562899913,"max_drawdown":0.03537094518441664,"open_trades":0,"profit_factor":1.3399110716148426,"sharpe":0.47869197888602555,"signal_diagnostics":{"buy_signals":41,"duplicate_buy_skips":0,"flat_sell_skips":0,"hold_signals":471,"risk_blocked_signals":0,"sell_signals":0,"stop_loss_exits":38,"take_profit_exits":2},"starting_equity":500,"total_return":0.036125125799826074,"trade_analysis":{"average_loss":-2.5304325592183656,"average_trade_duration_days":13.585365853658537,"average_win":3.5600823321749373,"expectancy":0.4405503146320262,"largest_loss":-6.674921993276292,"largest_win":14.705513221989058,"max_trade_duration_days":41.0,"median_trade_duration_days":12.0,"profit_factor":1.3399110716148426,"time_in_market_percent":0.6927501684199617,"total_trades":41,"win_rate":0.4878048780487805}}