{"capital_utilization":{"average_cash_percent":0.8371408784840513,"average_exposure_percent":0.16285912151594867,"average_leverage":0.16285912151594867,"average_position_value":187.12108887602236,"max_exposure_percent":0.409153449959333},"closed_trades":32,"equity_curve":[],"final_equity":478.4635056416541,"max_drawdown":0.10327636744443638,"open_trades":0,"profit_factor":0.7812364245096274,"sharpe":-0.3475648807485764,"signal_diagnostics":{"buy_signals":32,"duplicate_buy_skips":0,"flat_sell_skips":0,"hold_signals":376,"risk_blocked_signals":0,"sell_signals":9,"stop_loss_exits":17,"take_profit_exits":6},"starting_equity":500,"total_return":-0.04307298871669185,"trade_analysis":{"average_loss":-5.790966830171492,"average_trade_duration_days":6.498697916666667,"average_win":5.12732945030463,"expectancy":-0.6730154486983092,"largest_loss":-10.453897151503025,"largest_win":12.532349480136698,"max_trade_duration_days":18.0,"median_trade_duration_days":5.0,"profit_factor":0.7812364245096274,"time_in_market_percent":0.32593221445830345,"total_trades":32,"win_rate":0.46875}}