{"capital_utilization":{"average_cash_percent":0.700685219469495,"average_exposure_percent":0.29931478053050503,"average_leverage":0.29931478053050503,"average_position_value":216.90618894338823,"max_exposure_percent":0.40559090156956534},"closed_trades":22,"equity_curve":[],"final_equity":557.9136345458619,"max_drawdown":0.03625467455053678,"open_trades":0,"profit_factor":2.80632432651929,"sharpe":0.9863980309240846,"signal_diagnostics":{"buy_signals":22,"duplicate_buy_skips":0,"flat_sell_skips":0,"hold_signals":509,"risk_blocked_signals":0,"sell_signals":1,"stop_loss_exits":20,"take_profit_exits":0},"starting_equity":500,"total_return":0.1158272690917237,"trade_analysis":{"average_loss":-3.2061592536628813,"average_trade_duration_days":26.045454545454547,"average_win":7.497935590207562,"expectancy":2.6324379339028154,"largest_loss":-7.313109520871165,"largest_win":17.121971839288307,"max_trade_duration_days":79.0,"median_trade_duration_days":20.0,"profit_factor":2.80632432651929,"time_in_market_percent":0.712649634658237,"total_trades":22,"win_rate":0.5454545454545454}}