{"capital_utilization":{"average_cash_percent":0.8517580149991459,"average_exposure_percent":0.148241985000854,"average_leverage":0.148241985000854,"average_position_value":206.7887483594156,"max_exposure_percent":0.4063615195596699},"closed_trades":11,"equity_curve":[],"final_equity":538.9648209070551,"max_drawdown":0.05610758256674641,"open_trades":0,"profit_factor":2.476316027856353,"sharpe":0.7818642850060437,"signal_diagnostics":{"buy_signals":11,"duplicate_buy_skips":0,"flat_sell_skips":0,"hold_signals":419,"risk_blocked_signals":0,"sell_signals":2,"stop_loss_exits":8,"take_profit_exits":0},"starting_equity":500,"total_return":0.07792964181411022,"trade_analysis":{"average_loss":-4.398879843682361,"average_trade_duration_days":20.821969696969695,"average_win":13.071619993829856,"expectancy":3.54225644609592,"largest_loss":-8.076588858590421,"largest_win":24.51900907129444,"max_trade_duration_days":61.0,"median_trade_duration_days":11.0,"profit_factor":2.476316027856353,"time_in_market_percent":0.35897603343564294,"total_trades":11,"win_rate":0.45454545454545453}}