{"capital_utilization":{"average_cash_percent":0.9311955416844471,"average_exposure_percent":0.06880445831555296,"average_leverage":0.06880445831555296,"average_position_value":210.14694367769684,"max_exposure_percent":0.40611480734180627},"closed_trades":8,"equity_curve":[],"final_equity":560.0455572636929,"max_drawdown":0.03339509215178603,"open_trades":0,"profit_factor":4.228690901224326,"sharpe":1.062913076007498,"signal_diagnostics":{"buy_signals":8,"duplicate_buy_skips":0,"flat_sell_skips":0,"hold_signals":536,"risk_blocked_signals":0,"sell_signals":3,"stop_loss_exits":3,"take_profit_exits":2},"starting_equity":500,"total_return":0.12009111452738574,"trade_analysis":{"average_loss":-6.199164418921153,"average_trade_duration_days":15.75,"average_win":15.72861010409128,"expectancy":7.505694657961618,"largest_loss":-7.7989514517881755,"largest_win":24.093736869857445,"max_trade_duration_days":21.0,"median_trade_duration_days":18.0,"profit_factor":4.228690901224326,"time_in_market_percent":0.1567082966264186,"total_trades":8,"win_rate":0.625}}