{"capital_utilization":{"average_cash_percent":0.8330019910623622,"average_exposure_percent":0.1669980089376378,"average_leverage":0.1669980089376378,"average_position_value":170.14688737131854,"max_exposure_percent":0.421813862629503},"closed_trades":35,"equity_curve":[],"final_equity":462.68709476168095,"max_drawdown":0.24902146302502645,"open_trades":0,"profit_factor":0.8671968436807099,"sharpe":-0.16642000785114297,"signal_diagnostics":{"buy_signals":35,"duplicate_buy_skips":0,"flat_sell_skips":0,"hold_signals":483,"risk_blocked_signals":0,"sell_signals":13,"stop_loss_exits":20,"take_profit_exits":2},"starting_equity":500,"total_return":-0.07462581047663808,"trade_analysis":{"average_loss":-14.04819970867636,"average_trade_duration_days":8.257142857142858,"average_win":16.24340592901388,"expectancy":-1.0660830068091156,"largest_loss":-22.419734261383706,"largest_win":33.4536697121966,"max_trade_duration_days":20.0,"median_trade_duration_days":6.958333333333333,"profit_factor":0.8671968436807099,"time_in_market_percent":0.3594341089288491,"total_trades":35,"win_rate":0.42857142857142855}}