{"capital_utilization":{"average_cash_percent":0.7464221383511438,"average_exposure_percent":0.2535778616488562,"average_leverage":0.2535778616488562,"average_position_value":203.76253651436085,"max_exposure_percent":0.40379283834007096},"closed_trades":22,"equity_curve":[],"final_equity":537.6790789665528,"max_drawdown":0.028566284969736785,"open_trades":0,"profit_factor":2.203764500695904,"sharpe":1.004864078481852,"signal_diagnostics":{"buy_signals":22,"duplicate_buy_skips":0,"flat_sell_skips":0,"hold_signals":509,"risk_blocked_signals":0,"sell_signals":4,"stop_loss_exits":15,"take_profit_exits":3},"starting_equity":500,"total_return":0.07535815793310552,"trade_analysis":{"average_loss":-2.8455489534380956,"average_trade_duration_days":21.861742424242422,"average_win":6.270919768579256,"expectancy":1.71268540757058,"largest_loss":-4.565783389435911,"largest_win":14.77752096987787,"max_trade_duration_days":55.958333333333336,"median_trade_duration_days":21.5,"profit_factor":2.203764500695904,"time_in_market_percent":0.5981758822614914,"total_trades":22,"win_rate":0.5}}