{"capital_utilization":{"average_cash_percent":0.9320278738760697,"average_exposure_percent":0.06797212612393029,"average_leverage":0.06797212612393029,"average_position_value":201.6468414380661,"max_exposure_percent":0.4079395420783001},"closed_trades":14,"equity_curve":[],"final_equity":508.3098927992603,"max_drawdown":0.04411518842128891,"open_trades":0,"profit_factor":1.1833744943858573,"sharpe":0.23387221781658793,"signal_diagnostics":{"buy_signals":14,"duplicate_buy_skips":0,"flat_sell_skips":0,"hold_signals":412,"risk_blocked_signals":0,"sell_signals":2,"stop_loss_exits":9,"take_profit_exits":3},"starting_equity":500,"total_return":0.01661978559852062,"trade_analysis":{"average_loss":-5.664564220811576,"average_trade_duration_days":6.5,"average_win":8.937734427625488,"expectancy":0.5935637713757368,"largest_loss":-9.711084527584514,"largest_win":13.856284653677893,"max_trade_duration_days":12.0,"median_trade_duration_days":7.0,"profit_factor":1.1833744943858573,"time_in_market_percent":0.14262391432116503,"total_trades":14,"win_rate":0.42857142857142855}}