{"capital_utilization":{"average_cash_percent":0.8723670942049371,"average_exposure_percent":0.12763290579506287,"average_leverage":0.12763290579506287,"average_position_value":217.5905115903306,"max_exposure_percent":0.4079025016778959},"closed_trades":20,"equity_curve":[],"final_equity":584.1768592704755,"max_drawdown":0.0719909892363968,"open_trades":0,"profit_factor":2.439050414680445,"sharpe":1.278526254113645,"signal_diagnostics":{"buy_signals":20,"duplicate_buy_skips":0,"flat_sell_skips":0,"hold_signals":513,"risk_blocked_signals":0,"sell_signals":8,"stop_loss_exits":8,"take_profit_exits":3},"starting_equity":500,"total_return":0.16835371854095094,"trade_analysis":{"average_loss":-7.311840712089271,"average_trade_duration_days":11.3,"average_win":11.889298747265798,"expectancy":4.20884296352377,"largest_loss":-10.371306224860835,"largest_win":24.269421843641446,"max_trade_duration_days":21.0,"median_trade_duration_days":11.0,"profit_factor":2.439050414680445,"time_in_market_percent":0.2810799606156397,"total_trades":20,"win_rate":0.6}}