{"capital_utilization":{"average_cash_percent":0.9203613495765638,"average_exposure_percent":0.0796386504234362,"average_leverage":0.0796386504234362,"average_position_value":199.13428248815805,"max_exposure_percent":0.40883090844840353},"closed_trades":13,"equity_curve":[],"final_equity":512.9603055714285,"max_drawdown":0.05398619679605759,"open_trades":0,"profit_factor":1.3395827300386491,"sharpe":0.3104463080189318,"signal_diagnostics":{"buy_signals":13,"duplicate_buy_skips":0,"flat_sell_skips":0,"hold_signals":414,"risk_blocked_signals":0,"sell_signals":3,"stop_loss_exits":9,"take_profit_exits":1},"starting_equity":500,"total_return":0.025920611142857153,"trade_analysis":{"average_loss":-5.452197831965924,"average_trade_duration_days":8.849358974358974,"average_win":8.520948399198335,"expectancy":0.9969465824175803,"largest_loss":-10.671075982952882,"largest_win":14.654271288482185,"max_trade_duration_days":13.0,"median_trade_duration_days":8.0,"profit_factor":1.3395827300386491,"time_in_market_percent":0.1803043165937439,"total_trades":13,"win_rate":0.46153846153846156}}