{"capital_utilization":{"average_cash_percent":0.7049087949095124,"average_exposure_percent":0.2950912050904876,"average_leverage":0.2950912050904876,"average_position_value":214.87920915282524,"max_exposure_percent":0.4052926238421878},"closed_trades":28,"equity_curve":[],"final_equity":563.3173124885195,"max_drawdown":0.03627645565860289,"open_trades":0,"profit_factor":2.884490350782357,"sharpe":1.102688618402539,"signal_diagnostics":{"buy_signals":28,"duplicate_buy_skips":0,"flat_sell_skips":0,"hold_signals":497,"risk_blocked_signals":0,"sell_signals":8,"stop_loss_exits":16,"take_profit_exits":3},"starting_equity":500,"total_return":0.12663462497703915,"trade_analysis":{"average_loss":-2.399940745716093,"average_trade_duration_days":19.821428571428573,"average_win":6.922605923467484,"expectancy":2.261332588875695,"largest_loss":-7.3759863483883255,"largest_win":22.847037808881087,"max_trade_duration_days":77.0,"median_trade_duration_days":16.0,"profit_factor":2.884490350782357,"time_in_market_percent":0.6902627351401772,"total_trades":28,"win_rate":0.5}}