{"capital_utilization":{"average_cash_percent":0.8832531899229294,"average_exposure_percent":0.11674681007707058,"average_leverage":0.11674681007707058,"average_position_value":202.57687328034925,"max_exposure_percent":0.40624098654921476},"closed_trades":21,"equity_curve":[],"final_equity":540.2086568823746,"max_drawdown":0.03303767649195109,"open_trades":0,"profit_factor":2.297726533123018,"sharpe":1.135235444945427,"signal_diagnostics":{"buy_signals":21,"duplicate_buy_skips":0,"flat_sell_skips":0,"hold_signals":511,"risk_blocked_signals":0,"sell_signals":3,"stop_loss_exits":14,"take_profit_exits":4},"starting_equity":500,"total_return":0.08041731376474925,"trade_analysis":{"average_loss":-2.581993448805382,"average_trade_duration_days":9.714285714285714,"average_win":7.910286474226581,"expectancy":1.9146979467797445,"largest_loss":-7.551440746283723,"largest_win":15.812485581550801,"max_trade_duration_days":21.0,"median_trade_duration_days":8.0,"profit_factor":2.297726533123018,"time_in_market_percent":0.2537181945380111,"total_trades":21,"win_rate":0.42857142857142855}}