{"capital_utilization":{"average_cash_percent":0.885905444485348,"average_exposure_percent":0.114094555514652,"average_leverage":0.114094555514652,"average_position_value":199.15588929221866,"max_exposure_percent":0.4083813475253352},"closed_trades":25,"equity_curve":[],"final_equity":524.0985469160083,"max_drawdown":0.04584311400299871,"open_trades":0,"profit_factor":1.3538063565503666,"sharpe":0.4475697529598613,"signal_diagnostics":{"buy_signals":25,"duplicate_buy_skips":0,"flat_sell_skips":0,"hold_signals":503,"risk_blocked_signals":0,"sell_signals":9,"stop_loss_exits":15,"take_profit_exits":1},"starting_equity":500,"total_return":0.048197093832016646,"trade_analysis":{"average_loss":-5.2394038259473685,"average_trade_duration_days":7.841666666666666,"average_win":7.6842330544436805,"expectancy":0.9639418766403353,"largest_loss":-10.110952329389534,"largest_win":16.161153330823353,"max_trade_duration_days":19.041666666666668,"median_trade_duration_days":7.0,"profit_factor":1.3538063565503666,"time_in_market_percent":0.24382028294553557,"total_trades":25,"win_rate":0.48}}