{"capital_utilization":{"average_cash_percent":0.8975265819071031,"average_exposure_percent":0.10247341809289691,"average_leverage":0.10247341809289691,"average_position_value":195.97524790935785,"max_exposure_percent":0.4172271080888838},"closed_trades":25,"equity_curve":[],"final_equity":542.9999612958027,"max_drawdown":0.13319544561690835,"open_trades":0,"profit_factor":1.2397706978658496,"sharpe":0.4047568773240234,"signal_diagnostics":{"buy_signals":25,"duplicate_buy_skips":0,"flat_sell_skips":0,"hold_signals":502,"risk_blocked_signals":0,"sell_signals":6,"stop_loss_exits":12,"take_profit_exits":7},"starting_equity":500,"total_return":0.08599992259160527,"trade_analysis":{"average_loss":-14.94482078034577,"average_trade_duration_days":6.718333333333334,"average_win":17.102908512303994,"expectancy":1.7199984518321074,"largest_loss":-20.576472753945648,"largest_win":35.367767641252534,"max_trade_duration_days":19.0,"median_trade_duration_days":6.0,"profit_factor":1.2397706978658496,"time_in_market_percent":0.20889257397522934,"total_trades":25,"win_rate":0.52}}