{"capital_utilization":{"average_cash_percent":0.9430273038018593,"average_exposure_percent":0.0569726961981407,"average_leverage":0.0569726961981407,"average_position_value":204.75272478331348,"max_exposure_percent":0.40321141171464175},"closed_trades":9,"equity_curve":[],"final_equity":539.4695987304324,"max_drawdown":0.014892944949413534,"open_trades":0,"profit_factor":7.264634920178924,"sharpe":1.4857776997288605,"signal_diagnostics":{"buy_signals":9,"duplicate_buy_skips":0,"flat_sell_skips":0,"hold_signals":535,"risk_blocked_signals":0,"sell_signals":6,"stop_loss_exits":2,"take_profit_exits":1},"starting_equity":500,"total_return":0.07893919746086486,"trade_analysis":{"average_loss":-3.150191450366683,"average_trade_duration_days":11.328703703703704,"average_win":6.5385688044522565,"expectancy":4.385510970048049,"largest_loss":-3.970588277216097,"largest_win":11.422703630232776,"max_trade_duration_days":20.0,"median_trade_duration_days":10.958333333333334,"profit_factor":7.264634920178924,"time_in_market_percent":0.12680727574234338,"total_trades":9,"win_rate":0.7777777777777778}}