{"capital_utilization":{"average_cash_percent":0.8741579726005544,"average_exposure_percent":0.12584202739944556,"average_leverage":0.12584202739944556,"average_position_value":198.76754497678323,"max_exposure_percent":0.4076644641527178},"closed_trades":14,"equity_curve":[],"final_equity":520.1566363609353,"max_drawdown":0.04790539246363339,"open_trades":0,"profit_factor":1.5687828190198112,"sharpe":0.4961957254420268,"signal_diagnostics":{"buy_signals":14,"duplicate_buy_skips":0,"flat_sell_skips":0,"hold_signals":412,"risk_blocked_signals":0,"sell_signals":6,"stop_loss_exits":7,"take_profit_exits":1},"starting_equity":500,"total_return":0.040313272721870685,"trade_analysis":{"average_loss":-5.062599262572506,"average_trade_duration_days":13.068452380952381,"average_win":7.942118742706113,"expectancy":1.4397597400668043,"largest_loss":-9.042832904996901,"largest_win":11.354836532029239,"max_trade_duration_days":22.0,"median_trade_duration_days":12.5,"profit_factor":1.5687828190198112,"time_in_market_percent":0.28674982041402736,"total_trades":14,"win_rate":0.5}}