{"capital_utilization":{"average_cash_percent":0.7994272594839736,"average_exposure_percent":0.2005727405160264,"average_leverage":0.2005727405160264,"average_position_value":215.18690036470838,"max_exposure_percent":0.40584272658960124},"closed_trades":15,"equity_curve":[],"final_equity":565.0604268523954,"max_drawdown":0.04378508005548493,"open_trades":0,"profit_factor":2.8228142130144764,"sharpe":1.0786396933323794,"signal_diagnostics":{"buy_signals":15,"duplicate_buy_skips":0,"flat_sell_skips":0,"hold_signals":524,"risk_blocked_signals":0,"sell_signals":2,"stop_loss_exits":12,"take_profit_exits":0},"starting_equity":500,"total_return":0.13012085370479065,"trade_analysis":{"average_loss":-5.09889961732788,"average_trade_duration_days":25.8,"average_win":12.594090521711312,"expectancy":4.337361790159689,"largest_loss":-7.803503855168149,"largest_win":45.06709242879144,"max_trade_duration_days":119.0,"median_trade_duration_days":10.0,"profit_factor":2.8228142130144764,"time_in_market_percent":0.48131833963828574,"total_trades":15,"win_rate":0.5333333333333333}}