{"capital_utilization":{"average_cash_percent":0.747114808018304,"average_exposure_percent":0.252885191981696,"average_leverage":0.252885191981696,"average_position_value":207.00632450988212,"max_exposure_percent":0.40415073828299397},"closed_trades":17,"equity_curve":[],"final_equity":536.3075893336681,"max_drawdown":0.026813351339803133,"open_trades":0,"profit_factor":2.480691528950466,"sharpe":0.9688034984847981,"signal_diagnostics":{"buy_signals":17,"duplicate_buy_skips":0,"flat_sell_skips":0,"hold_signals":519,"risk_blocked_signals":0,"sell_signals":0,"stop_loss_exits":14,"take_profit_exits":3},"starting_equity":500,"total_return":0.07261517866733636,"trade_analysis":{"average_loss":-3.5029568109400793,"average_trade_duration_days":28.82107843137255,"average_win":6.082828701024875,"expectancy":2.1357405490393053,"largest_loss":-5.1112409321708325,"largest_win":14.181325812187485,"max_trade_duration_days":66.0,"median_trade_duration_days":27.0,"profit_factor":2.480691528950466,"time_in_market_percent":0.6093693320205213,"total_trades":17,"win_rate":0.5882352941176471}}