{"capital_utilization":{"average_cash_percent":0.8936299135510957,"average_exposure_percent":0.10637008644890429,"average_leverage":0.10637008644890429,"average_position_value":192.49831412846814,"max_exposure_percent":0.418223262452041},"closed_trades":15,"equity_curve":[],"final_equity":559.3462290627292,"max_drawdown":0.1585427180532207,"open_trades":0,"profit_factor":1.583677607683078,"sharpe":0.47881573491094154,"signal_diagnostics":{"buy_signals":15,"duplicate_buy_skips":0,"flat_sell_skips":0,"hold_signals":524,"risk_blocked_signals":0,"sell_signals":1,"stop_loss_exits":13,"take_profit_exits":0},"starting_equity":500,"total_return":0.11869245812545848,"trade_analysis":{"average_loss":-9.243307712953733,"average_trade_duration_days":12.93611111111111,"average_win":40.255653476305056,"expectancy":3.95641527084861,"largest_loss":-20.43281642884341,"largest_win":77.31218403217098,"max_trade_duration_days":33.0,"median_trade_duration_days":11.0,"profit_factor":1.583677607683078,"time_in_market_percent":0.24133284966575116,"total_trades":15,"win_rate":0.26666666666666666}}