{"capital_utilization":{"average_cash_percent":0.8447050254911742,"average_exposure_percent":0.1552949745088258,"average_leverage":0.1552949745088258,"average_position_value":206.6702898787915,"max_exposure_percent":0.4058435856913263},"closed_trades":13,"equity_curve":[],"final_equity":536.9825689949616,"max_drawdown":0.04064835180229987,"open_trades":0,"profit_factor":2.645686517672239,"sharpe":1.0816491202359217,"signal_diagnostics":{"buy_signals":13,"duplicate_buy_skips":0,"flat_sell_skips":0,"hold_signals":415,"risk_blocked_signals":0,"sell_signals":1,"stop_loss_exits":11,"take_profit_exits":0},"starting_equity":500,"total_return":0.07396513798992332,"trade_analysis":{"average_loss":-3.21034661547225,"average_trade_duration_days":17.923076923076923,"average_win":9.909165883877908,"expectancy":2.8448129996124383,"largest_loss":-7.379457690692827,"largest_win":13.64912982066386,"max_trade_duration_days":42.0,"median_trade_duration_days":12.0,"profit_factor":2.645686517672239,"time_in_market_percent":0.3651799124926533,"total_trades":13,"win_rate":0.46153846153846156}}