{"capital_utilization":{"average_cash_percent":0.8869193056464645,"average_exposure_percent":0.11308069435353549,"average_leverage":0.11308069435353549,"average_position_value":212.88955581310694,"max_exposure_percent":0.408875672847092},"closed_trades":16,"equity_curve":[],"final_equity":598.59547743999,"max_drawdown":0.043692143844503366,"open_trades":0,"profit_factor":3.120339771203365,"sharpe":1.2483584993256744,"signal_diagnostics":{"buy_signals":16,"duplicate_buy_skips":0,"flat_sell_skips":0,"hold_signals":521,"risk_blocked_signals":0,"sell_signals":5,"stop_loss_exits":7,"take_profit_exits":3},"starting_equity":500,"total_return":0.19719095487997995,"trade_analysis":{"average_loss":-7.749974695803402,"average_trade_duration_days":12.6875,"average_win":14.509532561481034,"expectancy":6.162217339999372,"largest_loss":-11.972297528166818,"largest_win":35.128976663241865,"max_trade_duration_days":25.958333333333332,"median_trade_duration_days":12.020833333333332,"profit_factor":3.120339771203365,"time_in_market_percent":0.2524744778981189,"total_trades":16,"win_rate":0.625}}