{"capital_utilization":{"average_cash_percent":0.7977033756827279,"average_exposure_percent":0.2022966243172722,"average_leverage":0.2022966243172722,"average_position_value":206.57360599889319,"max_exposure_percent":0.40485488117383855},"closed_trades":30,"equity_curve":[],"final_equity":537.4107952020074,"max_drawdown":0.054920791026503324,"open_trades":0,"profit_factor":1.6446288739417054,"sharpe":0.6864885901185938,"signal_diagnostics":{"buy_signals":30,"duplicate_buy_skips":0,"flat_sell_skips":0,"hold_signals":493,"risk_blocked_signals":0,"sell_signals":1,"stop_loss_exits":29,"take_profit_exits":0},"starting_equity":500,"total_return":0.07482159040401481,"trade_analysis":{"average_loss":-3.4138014923634854,"average_trade_duration_days":12.466666666666667,"average_win":7.341955428629741,"expectancy":1.2470265067335793,"largest_loss":-6.226122270553491,"largest_win":19.745632793884212,"max_trade_duration_days":30.0,"median_trade_duration_days":8.5,"profit_factor":1.6446288739417054,"time_in_market_percent":0.465150023319687,"total_trades":30,"win_rate":0.43333333333333335}}