{"capital_utilization":{"average_cash_percent":0.7802395387711637,"average_exposure_percent":0.2197604612288363,"average_leverage":0.2197604612288363,"average_position_value":172.78836223626726,"max_exposure_percent":0.42219083459089957},"closed_trades":12,"equity_curve":[],"final_equity":346.0525955528748,"max_drawdown":0.3312772317220031,"open_trades":0,"profit_factor":0.06310941993843557,"sharpe":-2.3397701557683774,"signal_diagnostics":{"buy_signals":12,"duplicate_buy_skips":0,"flat_sell_skips":0,"hold_signals":167,"risk_blocked_signals":0,"sell_signals":1,"stop_loss_exits":11,"take_profit_exits":0},"starting_equity":500,"total_return":-0.30789480889425047,"trade_analysis":{"average_loss":-16.43173789163395,"average_trade_duration_days":11.670138888888891,"average_win":5.184987234607155,"expectancy":-12.828950370593768,"largest_loss":-25.163149068479154,"largest_win":7.497573325777292,"max_trade_duration_days":27.041666666666668,"median_trade_duration_days":8.0,"profit_factor":0.06310941993843557,"time_in_market_percent":0.5036715120635397,"total_trades":12,"win_rate":0.16666666666666666}}