{"capital_utilization":{"average_cash_percent":0.7282230604312993,"average_exposure_percent":0.27177693956870075,"average_leverage":0.27177693956870075,"average_position_value":203.89963824817147,"max_exposure_percent":0.40426754786368774},"closed_trades":43,"equity_curve":[],"final_equity":501.0552715742245,"max_drawdown":0.06710873424137755,"open_trades":0,"profit_factor":1.0127143181918459,"sharpe":0.04502174147564459,"signal_diagnostics":{"buy_signals":43,"duplicate_buy_skips":0,"flat_sell_skips":0,"hold_signals":466,"risk_blocked_signals":0,"sell_signals":2,"stop_loss_exits":39,"take_profit_exits":2},"starting_equity":500,"total_return":0.00211054314844894,"trade_analysis":{"average_loss":-3.458278160304252,"average_trade_duration_days":11.395348837209303,"average_win":4.4238919695540275,"expectancy":0.024541199400568935,"largest_loss":-5.215768362236963,"largest_win":13.313880056701622,"max_trade_duration_days":37.0,"median_trade_duration_days":10.0,"profit_factor":1.0127143181918459,"time_in_market_percent":0.6094211535471835,"total_trades":43,"win_rate":0.4418604651162791}}