{"capital_utilization":{"average_cash_percent":0.8703766943686914,"average_exposure_percent":0.1296233056313086,"average_leverage":0.1296233056313086,"average_position_value":214.55674108545477,"max_exposure_percent":0.40913906134489864},"closed_trades":19,"equity_curve":[],"final_equity":580.5198808631604,"max_drawdown":0.06487546080498999,"open_trades":0,"profit_factor":2.6127259887730703,"sharpe":1.2685639470972094,"signal_diagnostics":{"buy_signals":19,"duplicate_buy_skips":0,"flat_sell_skips":0,"hold_signals":402,"risk_blocked_signals":0,"sell_signals":12,"stop_loss_exits":6,"take_profit_exits":1},"starting_equity":500,"total_return":0.16103976172632084,"trade_analysis":{"average_loss":-8.321302091789148,"average_trade_duration_days":9.524122807017545,"average_win":10.034437954915026,"expectancy":4.237888466482129,"largest_loss":-11.9054148196326,"largest_win":18.328955077432887,"max_trade_duration_days":20.0,"median_trade_duration_days":8.0,"profit_factor":2.6127259887730703,"time_in_market_percent":0.28361522889048524,"total_trades":19,"win_rate":0.6842105263157895}}