{"capital_utilization":{"average_cash_percent":0.7038566446679694,"average_exposure_percent":0.2961433553320306,"average_leverage":0.2961433553320306,"average_position_value":209.26216418148272,"max_exposure_percent":0.4043872855581506},"closed_trades":49,"equity_curve":[],"final_equity":519.3346441222233,"max_drawdown":0.047659488481826176,"open_trades":0,"profit_factor":1.2204218865700256,"sharpe":0.3828779186933835,"signal_diagnostics":{"buy_signals":49,"duplicate_buy_skips":0,"flat_sell_skips":0,"hold_signals":455,"risk_blocked_signals":0,"sell_signals":2,"stop_loss_exits":44,"take_profit_exits":2},"starting_equity":500,"total_return":0.0386692882444466,"trade_analysis":{"average_loss":-3.3737128835924555,"average_trade_duration_days":10.755102040816327,"average_win":4.6543990911142235,"expectancy":0.3945845739229249,"largest_loss":-5.629893312356401,"largest_win":13.364696703147636,"max_trade_duration_days":37.0,"median_trade_duration_days":8.0,"profit_factor":1.2204218865700256,"time_in_market_percent":0.6554386692231954,"total_trades":49,"win_rate":0.46938775510204084}}