{"capital_utilization":{"average_cash_percent":0.7606477903221742,"average_exposure_percent":0.23935220967782578,"average_leverage":0.23935220967782578,"average_position_value":216.76836256037487,"max_exposure_percent":0.40634336955473493},"closed_trades":20,"equity_curve":[],"final_equity":558.3500542871129,"max_drawdown":0.060933705657740284,"open_trades":0,"profit_factor":2.1189288251066967,"sharpe":0.7925201680976918,"signal_diagnostics":{"buy_signals":20,"duplicate_buy_skips":0,"flat_sell_skips":0,"hold_signals":513,"risk_blocked_signals":0,"sell_signals":3,"stop_loss_exits":17,"take_profit_exits":0},"starting_equity":500,"total_return":0.11670010857422586,"trade_analysis":{"average_loss":-4.740739777824308,"average_trade_duration_days":23.249999999999996,"average_win":12.277576871464474,"expectancy":2.9175027143556447,"largest_loss":-8.276737434546407,"largest_win":24.833752476331046,"max_trade_duration_days":61.0,"median_trade_duration_days":16.5,"profit_factor":2.1189288251066967,"time_in_market_percent":0.5783282375498782,"total_trades":20,"win_rate":0.45}}