{"capital_utilization":{"average_cash_percent":0.731472312032374,"average_exposure_percent":0.26852768796762605,"average_leverage":0.26852768796762605,"average_position_value":214.62481614496392,"max_exposure_percent":0.40411578005841514},"closed_trades":46,"equity_curve":[],"final_equity":558.849124749162,"max_drawdown":0.035304999349958045,"open_trades":0,"profit_factor":1.9188580382414413,"sharpe":1.0379389332075304,"signal_diagnostics":{"buy_signals":46,"duplicate_buy_skips":0,"flat_sell_skips":0,"hold_signals":461,"risk_blocked_signals":0,"sell_signals":8,"stop_loss_exits":35,"take_profit_exits":3},"starting_equity":500,"total_return":0.11769824949832408,"trade_analysis":{"average_loss":-2.6685807409828732,"average_trade_duration_days":10.542572463768115,"average_win":5.586139206034132,"expectancy":1.2793287988948252,"largest_loss":-5.243186476925027,"largest_win":14.510514970070965,"max_trade_duration_days":38.0,"median_trade_duration_days":9.0,"profit_factor":1.9188580382414413,"time_in_market_percent":0.6031507488210602,"total_trades":46,"win_rate":0.4782608695652174}}