{"capital_utilization":{"average_cash_percent":0.7071905905319691,"average_exposure_percent":0.29280940946803086,"average_leverage":0.29280940946803086,"average_position_value":216.87903366984293,"max_exposure_percent":0.40559090156956534},"closed_trades":22,"equity_curve":[],"final_equity":557.7023129326673,"max_drawdown":0.03625467455053666,"open_trades":0,"profit_factor":2.800021636890661,"sharpe":0.9941359780525076,"signal_diagnostics":{"buy_signals":22,"duplicate_buy_skips":0,"flat_sell_skips":0,"hold_signals":509,"risk_blocked_signals":0,"sell_signals":1,"stop_loss_exits":20,"take_profit_exits":0},"starting_equity":500,"total_return":0.11540462586533451,"trade_analysis":{"average_loss":-3.2056455183695247,"average_trade_duration_days":25.40909090909091,"average_win":7.479897343030207,"expectancy":2.622832406030329,"largest_loss":-7.31033952565017,"largest_win":16.90899608874597,"max_trade_duration_days":65.0,"median_trade_duration_days":20.0,"profit_factor":2.800021636890661,"time_in_market_percent":0.6952376016997461,"total_trades":22,"win_rate":0.5454545454545454}}