{"capital_utilization":{"average_cash_percent":0.9313903807777928,"average_exposure_percent":0.06860961922220718,"average_leverage":0.06860961922220718,"average_position_value":199.56314213712815,"max_exposure_percent":0.4035919095423626},"closed_trades":17,"equity_curve":[],"final_equity":513.5126843221341,"max_drawdown":0.0415309467473247,"open_trades":0,"profit_factor":1.4937606509426857,"sharpe":0.48936655976558247,"signal_diagnostics":{"buy_signals":17,"duplicate_buy_skips":0,"flat_sell_skips":0,"hold_signals":519,"risk_blocked_signals":0,"sell_signals":5,"stop_loss_exits":11,"take_profit_exits":1},"starting_equity":500,"total_return":0.027025368644268077,"trade_analysis":{"average_loss":-2.4878974157244538,"average_trade_duration_days":6.529411764705883,"average_win":6.813259315850508,"expectancy":0.7948637836549445,"largest_loss":-4.330933538901386,"largest_win":10.920401782712112,"max_trade_duration_days":20.0,"median_trade_duration_days":5.041666666666667,"profit_factor":1.4937606509426857,"time_in_market_percent":0.13805254702803546,"total_trades":17,"win_rate":0.35294117647058826}}