{"capital_utilization":{"average_cash_percent":0.9021100567222674,"average_exposure_percent":0.09788994327773264,"average_leverage":0.09788994327773264,"average_position_value":198.1501829966953,"max_exposure_percent":0.4095118580981245},"closed_trades":9,"equity_curve":[],"final_equity":514.6533159781509,"max_drawdown":0.07054638964277193,"open_trades":0,"profit_factor":1.3195506961174956,"sharpe":0.303122497194758,"signal_diagnostics":{"buy_signals":9,"duplicate_buy_skips":0,"flat_sell_skips":0,"hold_signals":422,"risk_blocked_signals":0,"sell_signals":3,"stop_loss_exits":5,"take_profit_exits":1},"starting_equity":500,"total_return":0.029306631956301787,"trade_analysis":{"average_loss":-9.171199534963922,"average_trade_duration_days":15.884259259259258,"average_win":15.12732841324262,"expectancy":1.6281462197945418,"largest_loss":-11.214785514950078,"largest_win":20.4857487124239,"max_trade_duration_days":25.0,"median_trade_duration_days":16.0,"profit_factor":1.3195506961174956,"time_in_market_percent":0.22405798994318551,"total_trades":9,"win_rate":0.4444444444444444}}