{"capital_utilization":{"average_cash_percent":0.9159427066605752,"average_exposure_percent":0.08405729333942484,"average_leverage":0.08405729333942484,"average_position_value":201.08288571146798,"max_exposure_percent":0.40883090844840353},"closed_trades":13,"equity_curve":[],"final_equity":525.3701681314985,"max_drawdown":0.053986196796057595,"open_trades":0,"profit_factor":1.659370434553089,"sharpe":0.5676858350307055,"signal_diagnostics":{"buy_signals":13,"duplicate_buy_skips":0,"flat_sell_skips":0,"hold_signals":414,"risk_blocked_signals":0,"sell_signals":3,"stop_loss_exits":9,"take_profit_exits":1},"starting_equity":500,"total_return":0.05074033626299701,"trade_analysis":{"average_loss":-5.496621539495819,"average_trade_duration_days":9.46474358974359,"average_win":10.641086484661555,"expectancy":1.9515513947306606,"largest_loss":-10.671075982952882,"largest_win":16.83836433685372,"max_trade_duration_days":14.0,"median_trade_duration_days":9.0,"profit_factor":1.659370434553089,"time_in_market_percent":0.19284268268791224,"total_trades":13,"win_rate":0.46153846153846156}}