{"capital_utilization":{"average_cash_percent":0.9172482163182232,"average_exposure_percent":0.08275178368177687,"average_leverage":0.08275178368177687,"average_position_value":205.09624820546932,"max_exposure_percent":0.4035834747337823},"closed_trades":16,"equity_curve":[],"final_equity":539.123310753572,"max_drawdown":0.018143708983141642,"open_trades":0,"profit_factor":2.5816833018470935,"sharpe":1.2091355440162808,"signal_diagnostics":{"buy_signals":16,"duplicate_buy_skips":0,"flat_sell_skips":0,"hold_signals":522,"risk_blocked_signals":0,"sell_signals":7,"stop_loss_exits":7,"take_profit_exits":1},"starting_equity":500,"total_return":0.07824662150714401,"trade_analysis":{"average_loss":-3.5336052336397086,"average_trade_duration_days":8.6875,"average_win":7.095394154338881,"expectancy":2.445206922098248,"largest_loss":-4.371999914552361,"largest_win":14.613605355802035,"max_trade_duration_days":21.0,"median_trade_duration_days":7.5,"profit_factor":2.5816833018470935,"time_in_market_percent":0.17287661294501735,"total_trades":16,"win_rate":0.5625}}