{"capital_utilization":{"average_cash_percent":0.7570151886450154,"average_exposure_percent":0.2429848113549846,"average_leverage":0.2429848113549846,"average_position_value":211.8443699151669,"max_exposure_percent":0.40408364787154855},"closed_trades":20,"equity_curve":[],"final_equity":541.2188896507149,"max_drawdown":0.03939884293585878,"open_trades":0,"profit_factor":2.167404640953453,"sharpe":0.7836388927371418,"signal_diagnostics":{"buy_signals":20,"duplicate_buy_skips":0,"flat_sell_skips":0,"hold_signals":513,"risk_blocked_signals":0,"sell_signals":7,"stop_loss_exits":13,"take_profit_exits":0},"starting_equity":500,"total_return":0.08243777930142993,"trade_analysis":{"average_loss":-3.530814269939026,"average_trade_duration_days":23.597916666666666,"average_win":7.652703235010523,"expectancy":2.0609444825357484,"largest_loss":-5.463856479941914,"largest_win":26.631751270931087,"max_trade_duration_days":63.0,"median_trade_duration_days":20.0,"profit_factor":2.167404640953453,"time_in_market_percent":0.5869824325024615,"total_trades":20,"win_rate":0.5}}