{"capital_utilization":{"average_cash_percent":0.8683891127020816,"average_exposure_percent":0.13161088729791834,"average_leverage":0.13161088729791834,"average_position_value":205.67921961390434,"max_exposure_percent":0.40411851217973255},"closed_trades":14,"equity_curve":[],"final_equity":531.5994511408295,"max_drawdown":0.03302654032583296,"open_trades":0,"profit_factor":2.775068071612739,"sharpe":1.074697798962041,"signal_diagnostics":{"buy_signals":14,"duplicate_buy_skips":0,"flat_sell_skips":0,"hold_signals":413,"risk_blocked_signals":0,"sell_signals":3,"stop_loss_exits":8,"take_profit_exits":2},"starting_equity":500,"total_return":0.06319890228165903,"trade_analysis":{"average_loss":-1.9779805534831472,"average_trade_duration_days":13.571428571428571,"average_win":9.880255224435555,"expectancy":2.2571036529163897,"largest_loss":-3.955714371240949,"largest_win":14.154129923454578,"max_trade_duration_days":27.0,"median_trade_duration_days":11.5,"profit_factor":2.775068071612739,"time_in_market_percent":0.2977861947364984,"total_trades":14,"win_rate":0.35714285714285715}}