{"capital_utilization":{"average_cash_percent":0.910530637567397,"average_exposure_percent":0.08946936243260291,"average_leverage":0.08946936243260291,"average_position_value":203.4884657615948,"max_exposure_percent":0.41023312557357605},"closed_trades":15,"equity_curve":[],"final_equity":538.7853684643059,"max_drawdown":0.03791936713550721,"open_trades":0,"profit_factor":1.8607963553025,"sharpe":0.7792913067621334,"signal_diagnostics":{"buy_signals":15,"duplicate_buy_skips":0,"flat_sell_skips":0,"hold_signals":523,"risk_blocked_signals":0,"sell_signals":9,"stop_loss_exits":5,"take_profit_exits":1},"starting_equity":500,"total_return":0.07757073692861183,"trade_analysis":{"average_loss":-9.011508523563837,"average_trade_duration_days":10.733333333333333,"average_win":8.3842911082125,"expectancy":2.5856912309537208,"largest_loss":-12.343650317703833,"largest_win":14.650010217651094,"max_trade_duration_days":19.0,"median_trade_duration_days":11.041666666666666,"profit_factor":1.8607963553025,"time_in_market_percent":0.20023837902264602,"total_trades":15,"win_rate":0.6666666666666666}}