{"capital_utilization":{"average_cash_percent":0.8012472378078639,"average_exposure_percent":0.19875276219213614,"average_leverage":0.19875276219213614,"average_position_value":208.45448031106505,"max_exposure_percent":0.41489249530272637},"closed_trades":25,"equity_curve":[],"final_equity":527.3215741013853,"max_drawdown":0.2314505410773709,"open_trades":0,"profit_factor":1.1183216854662308,"sharpe":0.23885480614915663,"signal_diagnostics":{"buy_signals":25,"duplicate_buy_skips":0,"flat_sell_skips":0,"hold_signals":503,"risk_blocked_signals":0,"sell_signals":1,"stop_loss_exits":19,"take_profit_exits":4},"starting_equity":500,"total_return":0.0546431482027705,"trade_analysis":{"average_loss":-13.582898277655337,"average_trade_duration_days":14.683333333333332,"average_win":32.27885560269075,"expectancy":1.0928629640554106,"largest_loss":-19.212372303445083,"largest_win":73.62513288567992,"max_trade_duration_days":54.0,"median_trade_duration_days":9.0,"profit_factor":1.1183216854662308,"time_in_market_percent":0.4565476498937659,"total_trades":25,"win_rate":0.32}}