{"capital_utilization":{"average_cash_percent":0.9229647520727411,"average_exposure_percent":0.07703524792725888,"average_leverage":0.07703524792725888,"average_position_value":197.44133172920655,"max_exposure_percent":0.4118597302461745},"closed_trades":9,"equity_curve":[],"final_equity":509.59375796533914,"max_drawdown":0.09207703496978634,"open_trades":0,"profit_factor":1.2288046717792676,"sharpe":0.17236365545904178,"signal_diagnostics":{"buy_signals":9,"duplicate_buy_skips":0,"flat_sell_skips":0,"hold_signals":422,"risk_blocked_signals":0,"sell_signals":0,"stop_loss_exits":9,"take_profit_exits":0},"starting_equity":500,"total_return":0.019187515930678245,"trade_analysis":{"average_loss":-6.98831736457025,"average_trade_duration_days":12.555555555555555,"average_win":17.174554050920204,"expectancy":1.065973107259901,"largest_loss":-14.174215156239756,"largest_win":25.11298940232997,"max_trade_duration_days":27.0,"median_trade_duration_days":14.0,"profit_factor":1.2288046717792676,"time_in_market_percent":0.177104421080128,"total_trades":9,"win_rate":0.3333333333333333}}