{"capital_utilization":{"average_cash_percent":0.7226677211759832,"average_exposure_percent":0.2773322788240168,"average_leverage":0.2773322788240168,"average_position_value":211.24931107945756,"max_exposure_percent":0.40568431552656115},"closed_trades":25,"equity_curve":[],"final_equity":533.9842986350557,"max_drawdown":0.06319718789187764,"open_trades":0,"profit_factor":1.6081006635673565,"sharpe":0.647848137773136,"signal_diagnostics":{"buy_signals":25,"duplicate_buy_skips":0,"flat_sell_skips":0,"hold_signals":502,"risk_blocked_signals":0,"sell_signals":1,"stop_loss_exits":20,"take_profit_exits":4},"starting_equity":500,"total_return":0.0679685972701114,"trade_analysis":{"average_loss":-3.991855375167004,"average_trade_duration_days":21.04,"average_win":8.170024898853972,"expectancy":1.3593719454022257,"largest_loss":-7.226927273920892,"largest_win":21.834522871992036,"max_trade_duration_days":78.0,"median_trade_duration_days":16.0,"profit_factor":1.6081006635673565,"time_in_market_percent":0.6541949525833032,"total_trades":25,"win_rate":0.44}}