{"capital_utilization":{"average_cash_percent":0.7288263531238968,"average_exposure_percent":0.27117364687610324,"average_leverage":0.27117364687610324,"average_position_value":207.1613436858157,"max_exposure_percent":0.40439699302108467},"closed_trades":24,"equity_curve":[],"final_equity":519.1488803657127,"max_drawdown":0.06271007411106846,"open_trades":0,"profit_factor":1.4264848714428002,"sharpe":0.3932133686636941,"signal_diagnostics":{"buy_signals":24,"duplicate_buy_skips":0,"flat_sell_skips":0,"hold_signals":504,"risk_blocked_signals":0,"sell_signals":5,"stop_loss_exits":19,"take_profit_exits":0},"starting_equity":500,"total_return":0.038297760731425434,"trade_analysis":{"average_loss":-3.207094226700898,"average_trade_duration_days":21.416666666666668,"average_win":6.404819953952528,"expectancy":0.7978700152380296,"largest_loss":-5.446020808686555,"largest_win":15.79298243699518,"max_trade_duration_days":66.0,"median_trade_duration_days":17.0,"profit_factor":1.4264848714428002,"time_in_market_percent":0.6392703529045966,"total_trades":24,"win_rate":0.4166666666666667}}