{"capital_utilization":{"average_cash_percent":0.8967246511894323,"average_exposure_percent":0.1032753488105677,"average_leverage":0.1032753488105677,"average_position_value":213.66563498011323,"max_exposure_percent":0.40729746629130426},"closed_trades":14,"equity_curve":[],"final_equity":554.8936914502024,"max_drawdown":0.055503091748112014,"open_trades":0,"profit_factor":2.417680686278631,"sharpe":1.0210102763084141,"signal_diagnostics":{"buy_signals":14,"duplicate_buy_skips":0,"flat_sell_skips":0,"hold_signals":412,"risk_blocked_signals":0,"sell_signals":9,"stop_loss_exits":5,"take_profit_exits":0},"starting_equity":500,"total_return":0.1097873829004048,"trade_analysis":{"average_loss":-7.744154516811061,"average_trade_duration_days":10.354166666666666,"average_win":10.401607114917516,"expectancy":3.9209779607287385,"largest_loss":-9.515234773885428,"largest_win":15.881314236082774,"max_trade_duration_days":20.0,"median_trade_duration_days":11.0,"profit_factor":2.417680686278631,"time_in_market_percent":0.2271925814667276,"total_trades":14,"win_rate":0.6428571428571429}}