{"capital_utilization":{"average_cash_percent":0.9027173260859713,"average_exposure_percent":0.09728267391402863,"average_leverage":0.09728267391402863,"average_position_value":200.78791017035547,"max_exposure_percent":0.40685858888961485},"closed_trades":22,"equity_curve":[],"final_equity":512.8726467391982,"max_drawdown":0.05619156828642188,"open_trades":0,"profit_factor":1.2245180362652457,"sharpe":0.30342953345716334,"signal_diagnostics":{"buy_signals":22,"duplicate_buy_skips":0,"flat_sell_skips":0,"hold_signals":510,"risk_blocked_signals":0,"sell_signals":1,"stop_loss_exits":13,"take_profit_exits":7},"starting_equity":500,"total_return":0.02574529347839638,"trade_analysis":{"average_loss":-4.777881454176515,"average_trade_duration_days":7.409090909090909,"average_win":7.020722418931635,"expectancy":0.5851203063271897,"largest_loss":-8.298966768904425,"largest_win":12.200715166830598,"max_trade_duration_days":19.0,"median_trade_duration_days":6.0,"profit_factor":1.2245180362652457,"time_in_market_percent":0.20272581230243045,"total_trades":22,"win_rate":0.45454545454545453}}