{"capital_utilization":{"average_cash_percent":0.910465439175385,"average_exposure_percent":0.08953456082461499,"average_leverage":0.08953456082461499,"average_position_value":212.7610260785113,"max_exposure_percent":0.4178144664739947},"closed_trades":18,"equity_curve":[],"final_equity":648.6311301116567,"max_drawdown":0.1428044359904689,"open_trades":0,"profit_factor":2.1206281614033555,"sharpe":1.0267924720209813,"signal_diagnostics":{"buy_signals":18,"duplicate_buy_skips":0,"flat_sell_skips":0,"hold_signals":516,"risk_blocked_signals":0,"sell_signals":8,"stop_loss_exits":8,"take_profit_exits":2},"starting_equity":500,"total_return":0.2972622602233135,"trade_analysis":{"average_loss":-16.57899730155885,"average_trade_duration_days":8.942129629629628,"average_win":28.12631085241275,"expectancy":8.25728500620315,"largest_loss":-23.193447024749062,"largest_win":56.067732517131624,"max_trade_duration_days":19.0,"median_trade_duration_days":7.520833333333333,"profit_factor":2.1206281614033555,"time_in_market_percent":0.20018655749598382,"total_trades":18,"win_rate":0.5555555555555556}}