{"capital_utilization":{"average_cash_percent":0.8201398817186084,"average_exposure_percent":0.1798601182813916,"average_leverage":0.1798601182813916,"average_position_value":208.53528863810462,"max_exposure_percent":0.4148734993623507},"closed_trades":20,"equity_curve":[],"final_equity":554.8247787285134,"max_drawdown":0.23943330918768915,"open_trades":0,"profit_factor":1.2706353125473613,"sharpe":0.3794568564955677,"signal_diagnostics":{"buy_signals":20,"duplicate_buy_skips":0,"flat_sell_skips":0,"hold_signals":513,"risk_blocked_signals":0,"sell_signals":1,"stop_loss_exits":18,"take_profit_exits":0},"starting_equity":500,"total_return":0.10964955745702665,"trade_analysis":{"average_loss":-13.505204528429504,"average_trade_duration_days":17.25416666666667,"average_win":51.48056933099118,"expectancy":2.7412389364256695,"largest_loss":-19.56377023296838,"largest_win":134.04771347439154,"max_trade_duration_days":50.0,"median_trade_duration_days":11.020833333333332,"profit_factor":1.2706353125473613,"time_in_market_percent":0.4291858838161373,"total_trades":20,"win_rate":0.25}}