{"capital_utilization":{"average_cash_percent":0.823711906057617,"average_exposure_percent":0.17628809394238293,"average_leverage":0.17628809394238293,"average_position_value":192.76392132459512,"max_exposure_percent":0.40669008899563613},"closed_trades":24,"equity_curve":[],"final_equity":486.4007325224687,"max_drawdown":0.0762121396518073,"open_trades":0,"profit_factor":0.7981640531027678,"sharpe":-0.26169883506561203,"signal_diagnostics":{"buy_signals":24,"duplicate_buy_skips":0,"flat_sell_skips":0,"hold_signals":392,"risk_blocked_signals":0,"sell_signals":11,"stop_loss_exits":13,"take_profit_exits":0},"starting_equity":500,"total_return":-0.027198534955062637,"trade_analysis":{"average_loss":-5.182909755933017,"average_trade_duration_days":10.25,"average_win":4.8889599408725335,"expectancy":-0.5666361448971394,"largest_loss":-7.921837185159839,"largest_win":9.663731800349378,"max_trade_duration_days":22.0,"median_trade_duration_days":9.520833333333332,"profit_factor":0.7981640531027678,"time_in_market_percent":0.3855547573956769,"total_trades":24,"win_rate":0.4583333333333333}}