{"capital_utilization":{"average_cash_percent":0.9051418493115968,"average_exposure_percent":0.09485815068840324,"average_leverage":0.09485815068840324,"average_position_value":204.36543494862127,"max_exposure_percent":0.4089581693962544},"closed_trades":32,"equity_curve":[],"final_equity":505.569592234223,"max_drawdown":0.07661656383097157,"open_trades":0,"profit_factor":1.0893462271198495,"sharpe":0.16342898256346025,"signal_diagnostics":{"buy_signals":32,"duplicate_buy_skips":0,"flat_sell_skips":0,"hold_signals":488,"risk_blocked_signals":0,"sell_signals":7,"stop_loss_exits":16,"take_profit_exits":9},"starting_equity":500,"total_return":0.011139184468446084,"trade_analysis":{"average_loss":-3.8960740241666305,"average_trade_duration_days":4.407552083333333,"average_win":4.244173538805568,"expectancy":0.1740497573194689,"largest_loss":-10.95178983813032,"largest_win":7.880699383597118,"max_trade_duration_days":18.0,"median_trade_duration_days":3.5,"profit_factor":1.0893462271198495,"time_in_market_percent":0.17541586775146395,"total_trades":32,"win_rate":0.5}}