{"capital_utilization":{"average_cash_percent":0.8597546680425582,"average_exposure_percent":0.1402453319574418,"average_leverage":0.1402453319574418,"average_position_value":199.75299479090594,"max_exposure_percent":0.4076644641527178},"closed_trades":14,"equity_curve":[],"final_equity":519.8994789116896,"max_drawdown":0.04790539246363339,"open_trades":0,"profit_factor":1.512732458665237,"sharpe":0.47948307313852573,"signal_diagnostics":{"buy_signals":14,"duplicate_buy_skips":0,"flat_sell_skips":0,"hold_signals":412,"risk_blocked_signals":0,"sell_signals":5,"stop_loss_exits":8,"take_profit_exits":1},"starting_equity":500,"total_return":0.03979895782337928,"trade_analysis":{"average_loss":-4.85133098543551,"average_trade_duration_days":14.711309523809524,"average_win":9.785021132528941,"expectancy":1.4213913508349694,"largest_loss":-9.042832904996901,"largest_win":11.377627000935744,"max_trade_duration_days":28.0,"median_trade_duration_days":12.5,"profit_factor":1.512732458665237,"time_in_market_percent":0.32279762293476133,"total_trades":14,"win_rate":0.42857142857142855}}