{"capital_utilization":{"average_cash_percent":0.7434385802326133,"average_exposure_percent":0.2565614197673867,"average_leverage":0.2565614197673867,"average_position_value":216.6172790231531,"max_exposure_percent":0.40731991273750634},"closed_trades":36,"equity_curve":[],"final_equity":546.9146050339541,"max_drawdown":0.08138518135195554,"open_trades":0,"profit_factor":1.5588307092432332,"sharpe":0.7653590717462936,"signal_diagnostics":{"buy_signals":36,"duplicate_buy_skips":0,"flat_sell_skips":0,"hold_signals":481,"risk_blocked_signals":0,"sell_signals":1,"stop_loss_exits":31,"take_profit_exits":3},"starting_equity":500,"total_return":0.09382921006790812,"trade_analysis":{"average_loss":-4.663965138673779,"average_trade_duration_days":13.167824074074074,"average_win":7.270332085004562,"expectancy":1.3031834731653922,"largest_loss":-9.618230695866057,"largest_win":27.19657029518897,"max_trade_duration_days":35.0,"median_trade_duration_days":11.0,"profit_factor":1.5588307092432332,"time_in_market_percent":0.5895735088355704,"total_trades":36,"win_rate":0.5}}