{"capital_utilization":{"average_cash_percent":0.8780482582791697,"average_exposure_percent":0.12195174172083031,"average_leverage":0.12195174172083031,"average_position_value":203.59900061812445,"max_exposure_percent":0.40469785218642884},"closed_trades":28,"equity_curve":[],"final_equity":543.5618073296912,"max_drawdown":0.02185937894554555,"open_trades":0,"profit_factor":2.1453842282932,"sharpe":1.2179597241102795,"signal_diagnostics":{"buy_signals":28,"duplicate_buy_skips":0,"flat_sell_skips":0,"hold_signals":497,"risk_blocked_signals":0,"sell_signals":11,"stop_loss_exits":14,"take_profit_exits":3},"starting_equity":500,"total_return":0.08712361465938234,"trade_analysis":{"average_loss":-2.7166059995807856,"average_trade_duration_days":7.142857142857143,"average_win":5.8281636659873,"expectancy":1.5557788332032574,"largest_loss":-5.6737082859226895,"largest_win":14.475208013203831,"max_trade_duration_days":21.0,"median_trade_duration_days":6.020833333333334,"profit_factor":2.1453842282932,"time_in_market_percent":0.24874332797844226,"total_trades":28,"win_rate":0.5}}