{"capital_utilization":{"average_cash_percent":0.8342579790021879,"average_exposure_percent":0.1657420209978121,"average_leverage":0.1657420209978121,"average_position_value":204.0317669146508,"max_exposure_percent":0.4141229635613717},"closed_trades":24,"equity_curve":[],"final_equity":513.2171001863753,"max_drawdown":0.18158136663712304,"open_trades":0,"profit_factor":1.072181202396406,"sharpe":0.15565452420072592,"signal_diagnostics":{"buy_signals":24,"duplicate_buy_skips":0,"flat_sell_skips":0,"hold_signals":505,"risk_blocked_signals":0,"sell_signals":5,"stop_loss_exits":15,"take_profit_exits":3},"starting_equity":500,"total_return":0.026434200372750682,"trade_analysis":{"average_loss":-11.444375186656552,"average_trade_duration_days":12.753472222222223,"average_win":24.540887896610027,"expectancy":0.5507125077656392,"largest_loss":-18.291586315835985,"largest_win":70.0958966175221,"max_trade_duration_days":50.0,"median_trade_duration_days":9.0,"profit_factor":1.072181202396406,"time_in_market_percent":0.38068093486034105,"total_trades":24,"win_rate":0.3333333333333333}}