{"capital_utilization":{"average_cash_percent":0.7113747690324568,"average_exposure_percent":0.2886252309675433,"average_leverage":0.2886252309675433,"average_position_value":204.75793214658566,"max_exposure_percent":0.4034142817300199},"closed_trades":41,"equity_curve":[],"final_equity":518.0070933801512,"max_drawdown":0.024258255117851155,"open_trades":0,"profit_factor":1.3612204807571366,"sharpe":0.511277241174509,"signal_diagnostics":{"buy_signals":41,"duplicate_buy_skips":0,"flat_sell_skips":0,"hold_signals":471,"risk_blocked_signals":0,"sell_signals":3,"stop_loss_exits":35,"take_profit_exits":2},"starting_equity":500,"total_return":0.03601418676030255,"trade_analysis":{"average_loss":-2.1674216861784763,"average_trade_duration_days":12.731707317073171,"average_win":3.769877342347562,"expectancy":0.43919739951588227,"largest_loss":-4.100876949487699,"largest_win":13.626654899493019,"max_trade_duration_days":41.0,"median_trade_duration_days":11.0,"profit_factor":1.3612204807571366,"time_in_market_percent":0.6492200860237343,"total_trades":41,"win_rate":0.43902439024390244}}