{"capital_utilization":{"average_cash_percent":0.9080873370845561,"average_exposure_percent":0.09191266291544381,"average_leverage":0.09191266291544381,"average_position_value":208.7154004071537,"max_exposure_percent":0.4079086334603791},"closed_trades":13,"equity_curve":[],"final_equity":548.5973151347368,"max_drawdown":0.02949358145973935,"open_trades":0,"profit_factor":1.9379903016848201,"sharpe":0.9189192876303635,"signal_diagnostics":{"buy_signals":13,"duplicate_buy_skips":0,"flat_sell_skips":0,"hold_signals":414,"risk_blocked_signals":0,"sell_signals":5,"stop_loss_exits":7,"take_profit_exits":1},"starting_equity":500,"total_return":0.09719463026947373,"trade_analysis":{"average_loss":-7.4014342986346575,"average_trade_duration_days":10.233974358974358,"average_win":16.734559204196582,"expectancy":3.7382550103643757,"largest_loss":-10.252382380262151,"largest_win":25.848700783985365,"max_trade_duration_days":28.0,"median_trade_duration_days":8.0,"profit_factor":1.9379903016848201,"time_in_market_percent":0.20851564030562267,"total_trades":13,"win_rate":0.46153846153846156}}