{"capital_utilization":{"average_cash_percent":0.7836385557409576,"average_exposure_percent":0.21636144425904238,"average_leverage":0.21636144425904238,"average_position_value":172.30489463629263,"max_exposure_percent":0.4246499388818238},"closed_trades":25,"equity_curve":[],"final_equity":350.16538812466035,"max_drawdown":0.3064250691245018,"open_trades":0,"profit_factor":0.40134378804225074,"sharpe":-1.4448214995936077,"signal_diagnostics":{"buy_signals":25,"duplicate_buy_skips":0,"flat_sell_skips":0,"hold_signals":296,"risk_blocked_signals":0,"sell_signals":11,"stop_loss_exits":13,"take_profit_exits":0},"starting_equity":500,"total_return":-0.2996692237506793,"trade_analysis":{"average_loss":-17.87749306369064,"average_trade_duration_days":9.440000000000001,"average_win":9.131844637848117,"expectancy":-5.993384475013586,"largest_loss":-22.969991216317617,"largest_win":28.540110019981263,"max_trade_duration_days":21.0,"median_trade_duration_days":8.0,"profit_factor":0.40134378804225074,"time_in_market_percent":0.4701195219123507,"total_trades":25,"win_rate":0.44}}