{"capital_utilization":{"average_cash_percent":0.8468782984379133,"average_exposure_percent":0.1531217015620867,"average_leverage":0.1531217015620867,"average_position_value":195.6224286254551,"max_exposure_percent":0.40392621001122375},"closed_trades":12,"equity_curve":[],"final_equity":500.3994639111267,"max_drawdown":0.04242379924745853,"open_trades":0,"profit_factor":1.0152857235734563,"sharpe":0.0302435394918372,"signal_diagnostics":{"buy_signals":12,"duplicate_buy_skips":0,"flat_sell_skips":0,"hold_signals":417,"risk_blocked_signals":0,"sell_signals":0,"stop_loss_exits":11,"take_profit_exits":0},"starting_equity":500,"total_return":0.0007989278222533258,"trade_analysis":{"average_loss":-3.2666421482033283,"average_trade_duration_days":19.25,"average_win":6.633150274188331,"expectancy":0.03328865926055835,"largest_loss":-4.599649036800157,"largest_win":11.54634732306121,"max_trade_duration_days":45.0,"median_trade_duration_days":11.0,"profit_factor":1.0152857235734563,"time_in_market_percent":0.36204532096911124,"total_trades":12,"win_rate":0.3333333333333333}}