{"capital_utilization":{"average_cash_percent":0.9625167227435971,"average_exposure_percent":0.03748327725640288,"average_leverage":0.03748327725640288,"average_position_value":202.3563496872122,"max_exposure_percent":0.4074168259087126},"closed_trades":7,"equity_curve":[],"final_equity":519.9448376847213,"max_drawdown":0.04158676276274119,"open_trades":0,"profit_factor":2.068406222672278,"sharpe":0.6587365852372835,"signal_diagnostics":{"buy_signals":7,"duplicate_buy_skips":0,"flat_sell_skips":0,"hold_signals":538,"risk_blocked_signals":0,"sell_signals":1,"stop_loss_exits":4,"take_profit_exits":2},"starting_equity":500,"total_return":0.039889675369442656,"trade_analysis":{"average_loss":-4.666960295971422,"average_trade_duration_days":9.720238095238093,"average_win":12.870892956202326,"expectancy":2.849262526388756,"largest_loss":-9.07532464799282,"largest_win":14.710782254665762,"max_trade_duration_days":19.0,"median_trade_duration_days":10.0,"profit_factor":2.068406222672278,"time_in_market_percent":0.08462455303933253,"total_trades":7,"win_rate":0.42857142857142855}}