{"capital_utilization":{"average_cash_percent":0.8985525119750046,"average_exposure_percent":0.10144748802499531,"average_leverage":0.10144748802499531,"average_position_value":210.18972921018351,"max_exposure_percent":0.4073230327189233},"closed_trades":16,"equity_curve":[],"final_equity":543.7308164487049,"max_drawdown":0.05510945388904845,"open_trades":0,"profit_factor":2.0294568987180694,"sharpe":0.8369887958688536,"signal_diagnostics":{"buy_signals":16,"duplicate_buy_skips":0,"flat_sell_skips":0,"hold_signals":408,"risk_blocked_signals":0,"sell_signals":7,"stop_loss_exits":9,"take_profit_exits":0},"starting_equity":500,"total_return":0.08746163289740982,"trade_analysis":{"average_loss":-6.0685002941371495,"average_trade_duration_days":8.3125,"average_win":9.578924278629433,"expectancy":2.733176028044053,"largest_loss":-9.384754719035472,"largest_win":15.666215843265807,"max_trade_duration_days":17.0,"median_trade_duration_days":9.0,"profit_factor":2.0294568987180694,"time_in_market_percent":0.20845033631554888,"total_trades":16,"win_rate":0.5625}}