{"capital_utilization":{"average_cash_percent":0.9380815946899261,"average_exposure_percent":0.06191840531007389,"average_leverage":0.06191840531007389,"average_position_value":205.0111811046592,"max_exposure_percent":0.4022176065069764},"closed_trades":10,"equity_curve":[],"final_equity":544.5072116272538,"max_drawdown":0.016655318163485654,"open_trades":0,"profit_factor":9.446066204512091,"sharpe":1.6383129085912942,"signal_diagnostics":{"buy_signals":10,"duplicate_buy_skips":0,"flat_sell_skips":0,"hold_signals":533,"risk_blocked_signals":0,"sell_signals":5,"stop_loss_exits":4,"take_profit_exits":1},"starting_equity":500,"total_return":0.08901442325450759,"trade_analysis":{"average_loss":-1.7565262750556012,"average_trade_duration_days":10.795833333333333,"average_win":7.110970064631524,"expectancy":4.450721162725387,"largest_loss":-2.704310958081289,"largest_win":14.96849998942022,"max_trade_duration_days":21.0,"median_trade_duration_days":8.0,"profit_factor":9.446066204512091,"time_in_market_percent":0.13426957558169664,"total_trades":10,"win_rate":0.7}}