{"capital_utilization":{"average_cash_percent":0.8504558140934492,"average_exposure_percent":0.14954418590655086,"average_leverage":0.14954418590655086,"average_position_value":172.38086663997035,"max_exposure_percent":0.421813862629503},"closed_trades":38,"equity_curve":[],"final_equity":460.6042485153884,"max_drawdown":0.22661822859082942,"open_trades":0,"profit_factor":0.854176128592625,"sharpe":-0.222955241002337,"signal_diagnostics":{"buy_signals":38,"duplicate_buy_skips":0,"flat_sell_skips":0,"hold_signals":477,"risk_blocked_signals":0,"sell_signals":7,"stop_loss_exits":21,"take_profit_exits":10},"starting_equity":500,"total_return":-0.07879150296922321,"trade_analysis":{"average_loss":-12.86475354020128,"average_trade_duration_days":6.472587719298246,"average_win":13.574357227036197,"expectancy":-1.0367303022266214,"largest_loss":-22.597650246479166,"largest_win":26.974395947415466,"max_trade_duration_days":14.0,"median_trade_duration_days":6.0,"profit_factor":0.854176128592625,"time_in_market_percent":0.3059024718868218,"total_trades":38,"win_rate":0.4473684210526316}}