{"capital_utilization":{"average_cash_percent":0.8614823865592527,"average_exposure_percent":0.1385176134407473,"average_leverage":0.1385176134407473,"average_position_value":209.90982505363846,"max_exposure_percent":0.4097715415824939},"closed_trades":32,"equity_curve":[],"final_equity":546.2039806393072,"max_drawdown":0.055633702594022144,"open_trades":0,"profit_factor":1.56217072726744,"sharpe":0.7765722780585119,"signal_diagnostics":{"buy_signals":32,"duplicate_buy_skips":0,"flat_sell_skips":0,"hold_signals":490,"risk_blocked_signals":0,"sell_signals":8,"stop_loss_exits":12,"take_profit_exits":11},"starting_equity":500,"total_return":0.09240796127861439,"trade_analysis":{"average_loss":-5.8706086448522115,"average_trade_duration_days":7.095052083333333,"average_win":7.132916759291011,"expectancy":1.4438743949783515,"largest_loss":-11.7943335855226,"largest_win":14.783686293154894,"max_trade_duration_days":20.0,"median_trade_duration_days":6.020833333333334,"profit_factor":1.56217072726744,"time_in_market_percent":0.28237549878219415,"total_trades":32,"win_rate":0.5625}}