{"capital_utilization":{"average_cash_percent":0.859496013831182,"average_exposure_percent":0.140503986168818,"average_leverage":0.140503986168818,"average_position_value":204.11655146133356,"max_exposure_percent":0.40748434019912994},"closed_trades":13,"equity_curve":[],"final_equity":528.1172851544078,"max_drawdown":0.03452363307171903,"open_trades":0,"profit_factor":2.204109923477624,"sharpe":0.9093533311756546,"signal_diagnostics":{"buy_signals":13,"duplicate_buy_skips":0,"flat_sell_skips":0,"hold_signals":415,"risk_blocked_signals":0,"sell_signals":0,"stop_loss_exits":10,"take_profit_exits":2},"starting_equity":500,"total_return":0.05623457030881562,"trade_analysis":{"average_loss":-3.3358707072667846,"average_trade_duration_days":16.153846153846153,"average_win":8.578063350879214,"expectancy":2.1628680888005993,"largest_loss":-9.05404502610555,"largest_win":14.07646082481952,"max_trade_duration_days":36.0,"median_trade_duration_days":12.0,"profit_factor":2.204109923477624,"time_in_market_percent":0.32913210997191933,"total_trades":13,"win_rate":0.46153846153846156}}