{"capital_utilization":{"average_cash_percent":0.8379592001433557,"average_exposure_percent":0.1620407998566443,"average_leverage":0.1620407998566443,"average_position_value":201.28469818110216,"max_exposure_percent":0.4189991823636797},"closed_trades":16,"equity_curve":[],"final_equity":526.5717769060552,"max_drawdown":0.219016860076559,"open_trades":0,"profit_factor":1.150745070169583,"sharpe":0.2327019411206313,"signal_diagnostics":{"buy_signals":16,"duplicate_buy_skips":0,"flat_sell_skips":0,"hold_signals":521,"risk_blocked_signals":0,"sell_signals":2,"stop_loss_exits":13,"take_profit_exits":0},"starting_equity":500,"total_return":0.05314355381211033,"trade_analysis":{"average_loss":-16.02451131337943,"average_trade_duration_days":19.567708333333336,"average_win":40.568280270645786,"expectancy":1.6607360566284481,"largest_loss":-24.589419646169695,"largest_win":126.39619032845461,"max_trade_duration_days":50.0,"median_trade_duration_days":13.0,"profit_factor":1.150745070169583,"time_in_market_percent":0.3893869513395865,"total_trades":16,"win_rate":0.3125}}