{"capital_utilization":{"average_cash_percent":0.9473570329903229,"average_exposure_percent":0.05264296700967709,"average_leverage":0.05264296700967709,"average_position_value":205.62522167257083,"max_exposure_percent":0.40243645913910453},"closed_trades":10,"equity_curve":[],"final_equity":535.4437735231816,"max_drawdown":0.017190079781181877,"open_trades":0,"profit_factor":7.349127936503453,"sharpe":1.4854231359775296,"signal_diagnostics":{"buy_signals":10,"duplicate_buy_skips":0,"flat_sell_skips":0,"hold_signals":533,"risk_blocked_signals":0,"sell_signals":1,"stop_loss_exits":3,"take_profit_exits":6},"starting_equity":500,"total_return":0.07088754704636302,"trade_analysis":{"average_loss":-1.8608210911088243,"average_trade_duration_days":9.495833333333334,"average_win":5.860890970929728,"expectancy":3.544377352318162,"largest_loss":-3.001384359965945,"largest_win":8.208246662948056,"max_trade_duration_days":21.0,"median_trade_duration_days":7.0,"profit_factor":7.349127936503453,"time_in_market_percent":0.1181012592630979,"total_trades":10,"win_rate":0.7}}