{"capital_utilization":{"average_cash_percent":0.8461945238848445,"average_exposure_percent":0.1538054761151555,"average_leverage":0.1538054761151555,"average_position_value":206.66711011150394,"max_exposure_percent":0.407502452122163},"closed_trades":11,"equity_curve":[],"final_equity":539.7600420359125,"max_drawdown":0.035256109984712736,"open_trades":0,"profit_factor":2.404210487902637,"sharpe":0.8096948059128305,"signal_diagnostics":{"buy_signals":11,"duplicate_buy_skips":0,"flat_sell_skips":0,"hold_signals":419,"risk_blocked_signals":0,"sell_signals":0,"stop_loss_exits":8,"take_profit_exits":2},"starting_equity":500,"total_return":0.07952008407182509,"trade_analysis":{"average_loss":-4.719145548150586,"average_trade_duration_days":21.458333333333332,"average_win":13.614983064963212,"expectancy":3.614549275992049,"largest_loss":-9.586526339710238,"largest_win":29.4206935260182,"max_trade_duration_days":49.0,"median_trade_duration_days":21.0,"profit_factor":2.404210487902637,"time_in_market_percent":0.36994710376804024,"total_trades":11,"win_rate":0.45454545454545453}}