{"capital_utilization":{"average_cash_percent":0.8466656006928164,"average_exposure_percent":0.15333439930718362,"average_leverage":0.15333439930718362,"average_position_value":196.5200296236636,"max_exposure_percent":0.40392621001122375},"closed_trades":14,"equity_curve":[],"final_equity":505.15270717980513,"max_drawdown":0.04242379924745853,"open_trades":0,"profit_factor":1.1674558776050743,"sharpe":0.21063369118470843,"signal_diagnostics":{"buy_signals":14,"duplicate_buy_skips":0,"flat_sell_skips":0,"hold_signals":413,"risk_blocked_signals":0,"sell_signals":0,"stop_loss_exits":11,"take_profit_exits":2},"starting_equity":500,"total_return":0.010305414359610188,"trade_analysis":{"average_loss":-3.0770536415313106,"average_trade_duration_days":16.214285714285715,"average_win":8.980810898779565,"expectancy":0.368050512843225,"largest_loss":-4.599649036800157,"largest_win":13.074100921579971,"max_trade_duration_days":45.0,"median_trade_duration_days":11.0,"profit_factor":1.1674558776050743,"time_in_market_percent":0.35577613792202706,"total_trades":14,"win_rate":0.2857142857142857}}