{"capital_utilization":{"average_cash_percent":0.8677711925958715,"average_exposure_percent":0.13222880740412843,"average_leverage":0.13222880740412843,"average_position_value":197.8462690747779,"max_exposure_percent":0.4037842486939074},"closed_trades":11,"equity_curve":[],"final_equity":507.8474012023982,"max_drawdown":0.02962777249133999,"open_trades":0,"profit_factor":1.355734272173028,"sharpe":0.36194641805366673,"signal_diagnostics":{"buy_signals":11,"duplicate_buy_skips":0,"flat_sell_skips":0,"hold_signals":419,"risk_blocked_signals":0,"sell_signals":3,"stop_loss_exits":7,"take_profit_exits":0},"starting_equity":500,"total_return":0.015694802404796482,"trade_analysis":{"average_loss":-3.1513896813491122,"average_trade_duration_days":18.09090909090909,"average_win":7.476782242960502,"expectancy":0.7134001093089293,"largest_loss":-4.532217282212408,"largest_win":17.169799883598532,"max_trade_duration_days":52.0,"median_trade_duration_days":11.0,"profit_factor":1.355734272173028,"time_in_market_percent":0.31189185659243784,"total_trades":11,"win_rate":0.36363636363636365}}