{"capital_utilization":{"average_cash_percent":0.9380811989347143,"average_exposure_percent":0.06191880106528569,"average_leverage":0.06191880106528569,"average_position_value":204.95489678624114,"max_exposure_percent":0.40243645913910453},"closed_trades":10,"equity_curve":[],"final_equity":544.2110982066848,"max_drawdown":0.01719007978118186,"open_trades":0,"profit_factor":8.971749472190737,"sharpe":1.6234948928706814,"signal_diagnostics":{"buy_signals":10,"duplicate_buy_skips":0,"flat_sell_skips":0,"hold_signals":533,"risk_blocked_signals":0,"sell_signals":5,"stop_loss_exits":4,"take_profit_exits":1},"starting_equity":500,"total_return":0.08842219641336957,"trade_analysis":{"average_loss":-1.848657284949984,"average_trade_duration_days":10.795833333333333,"average_win":7.108152865933534,"expectancy":4.421109820668479,"largest_loss":-2.981764925439304,"largest_win":14.960359833260654,"max_trade_duration_days":21.0,"median_trade_duration_days":8.0,"profit_factor":8.971749472190737,"time_in_market_percent":0.13426957558169664,"total_trades":10,"win_rate":0.7}}