{"capital_utilization":{"average_cash_percent":0.8210021519228121,"average_exposure_percent":0.17899784807718785,"average_leverage":0.17899784807718785,"average_position_value":185.0148857165016,"max_exposure_percent":0.41227289729972566},"closed_trades":28,"equity_curve":[],"final_equity":479.7097026333197,"max_drawdown":0.12963351617370783,"open_trades":0,"profit_factor":0.7914680619038598,"sharpe":-0.2902021061197383,"signal_diagnostics":{"buy_signals":28,"duplicate_buy_skips":0,"flat_sell_skips":0,"hold_signals":384,"risk_blocked_signals":0,"sell_signals":8,"stop_loss_exits":19,"take_profit_exits":1},"starting_equity":500,"total_return":-0.04058059473336062,"trade_analysis":{"average_loss":-6.486711356839665,"average_trade_duration_days":8.571428571428571,"average_win":5.923874845070362,"expectancy":-0.7246534773814393,"largest_loss":-14.023694536027632,"largest_win":13.195786907142308,"max_trade_duration_days":19.0,"median_trade_duration_days":7.0,"profit_factor":0.7914680619038598,"time_in_market_percent":0.3761509828250506,"total_trades":28,"win_rate":0.4642857142857143}}