{"capital_utilization":{"average_cash_percent":0.7585621602205831,"average_exposure_percent":0.2414378397794169,"average_leverage":0.2414378397794169,"average_position_value":213.37728444963292,"max_exposure_percent":0.40751588230570035},"closed_trades":27,"equity_curve":[],"final_equity":546.7142156952561,"max_drawdown":0.06656507309450214,"open_trades":0,"profit_factor":1.7344198287823962,"sharpe":0.6860172567674228,"signal_diagnostics":{"buy_signals":27,"duplicate_buy_skips":0,"flat_sell_skips":0,"hold_signals":499,"risk_blocked_signals":0,"sell_signals":15,"stop_loss_exits":12,"take_profit_exits":0},"starting_equity":500,"total_return":0.09342843139051227,"trade_analysis":{"average_loss":-3.975435257234295,"average_trade_duration_days":17.148148148148145,"average_win":10.02919816463681,"expectancy":1.7301561368613403,"largest_loss":-9.676657067517779,"largest_win":24.243102409543482,"max_trade_duration_days":61.0,"median_trade_duration_days":8.0,"profit_factor":1.7344198287823962,"time_in_market_percent":0.5758408042700938,"total_trades":27,"win_rate":0.4074074074074074}}