{"capital_utilization":{"average_cash_percent":0.9037918945619193,"average_exposure_percent":0.09620810543808067,"average_leverage":0.09620810543808067,"average_position_value":214.1699847797983,"max_exposure_percent":0.40731220967840703},"closed_trades":15,"equity_curve":[],"final_equity":554.8434381303387,"max_drawdown":0.044881427253836544,"open_trades":0,"profit_factor":2.323303216367298,"sharpe":1.1167313783760622,"signal_diagnostics":{"buy_signals":15,"duplicate_buy_skips":0,"flat_sell_skips":0,"hold_signals":410,"risk_blocked_signals":0,"sell_signals":4,"stop_loss_exits":5,"take_profit_exits":6},"starting_equity":500,"total_return":0.1096868762606773,"trade_analysis":{"average_loss":-8.288869467255378,"average_trade_duration_days":8.663888888888888,"average_win":9.628778546661556,"expectancy":3.6562292086892443,"largest_loss":-9.5534133541211,"largest_win":15.064618658591193,"max_trade_duration_days":20.0,"median_trade_duration_days":9.0,"profit_factor":2.323303216367298,"time_in_market_percent":0.20368314504016194,"total_trades":15,"win_rate":0.6666666666666666}}