{"capital_utilization":{"average_cash_percent":0.9310708480863171,"average_exposure_percent":0.0689291519136829,"average_leverage":0.0689291519136829,"average_position_value":195.84199373695782,"max_exposure_percent":0.4182025686730712},"closed_trades":11,"equity_curve":[],"final_equity":585.9328480526324,"max_drawdown":0.10200338373380932,"open_trades":0,"profit_factor":2.1546814692287146,"sharpe":0.7144531954162613,"signal_diagnostics":{"buy_signals":11,"duplicate_buy_skips":0,"flat_sell_skips":0,"hold_signals":532,"risk_blocked_signals":0,"sell_signals":1,"stop_loss_exits":9,"take_profit_exits":0},"starting_equity":500,"total_return":0.1718656961052647,"trade_analysis":{"average_loss":-10.631608350462272,"average_trade_duration_days":11.367424242424242,"average_win":40.08852662646706,"expectancy":7.812077095693849,"largest_loss":-21.435622375759692,"largest_win":80.97658839075442,"max_trade_duration_days":33.0,"median_trade_duration_days":8.0,"profit_factor":2.1546814692287146,"time_in_market_percent":0.1555164015131886,"total_trades":11,"win_rate":0.36363636363636365}}