{"capital_utilization":{"average_cash_percent":0.8816896343883158,"average_exposure_percent":0.1183103656116842,"average_leverage":0.1183103656116842,"average_position_value":205.12143668602423,"max_exposure_percent":0.4141173093664799},"closed_trades":14,"equity_curve":[],"final_equity":617.4153828523799,"max_drawdown":0.1081660101555628,"open_trades":0,"profit_factor":2.1632220171259355,"sharpe":0.7536375171558635,"signal_diagnostics":{"buy_signals":14,"duplicate_buy_skips":0,"flat_sell_skips":0,"hold_signals":526,"risk_blocked_signals":0,"sell_signals":0,"stop_loss_exits":13,"take_profit_exits":0},"starting_equity":500,"total_return":0.23483076570475991,"trade_analysis":{"average_loss":-12.617473397564225,"average_trade_duration_days":16.360119047619047,"average_win":36.392528338815616,"expectancy":8.386813060884279,"largest_loss":-17.530960125597456,"largest_win":138.22609070452407,"max_trade_duration_days":43.0,"median_trade_duration_days":11.020833333333332,"profit_factor":2.1632220171259355,"time_in_market_percent":0.28486293206197855,"total_trades":14,"win_rate":0.42857142857142855}}