{"capital_utilization":{"average_cash_percent":0.7779360350476379,"average_exposure_percent":0.22206396495236208,"average_leverage":0.22206396495236208,"average_position_value":216.5275175926707,"max_exposure_percent":0.4073176586389191},"closed_trades":31,"equity_curve":[],"final_equity":554.2291075045104,"max_drawdown":0.07612839673924877,"open_trades":0,"profit_factor":1.728307157210814,"sharpe":0.916979484527488,"signal_diagnostics":{"buy_signals":31,"duplicate_buy_skips":0,"flat_sell_skips":0,"hold_signals":490,"risk_blocked_signals":0,"sell_signals":5,"stop_loss_exits":26,"take_profit_exits":0},"starting_equity":500,"total_return":0.10845821500902075,"trade_analysis":{"average_loss":-4.963941103475321,"average_trade_duration_days":13.22715053763441,"average_win":8.043014003540009,"expectancy":1.7493260485325908,"largest_loss":-9.493507455584055,"largest_win":25.63992485048172,"max_trade_duration_days":47.0,"median_trade_duration_days":11.0,"profit_factor":1.728307157210814,"time_in_market_percent":0.5099756438824689,"total_trades":31,"win_rate":0.5161290322580645}}