{"capital_utilization":{"average_cash_percent":0.8074461121255633,"average_exposure_percent":0.19255388787443675,"average_leverage":0.19255388787443675,"average_position_value":209.5276280179106,"max_exposure_percent":0.40564790076859325},"closed_trades":16,"equity_curve":[],"final_equity":545.2136838904611,"max_drawdown":0.0423143200614413,"open_trades":0,"profit_factor":2.987046117346928,"sharpe":0.7810544800507062,"signal_diagnostics":{"buy_signals":16,"duplicate_buy_skips":0,"flat_sell_skips":0,"hold_signals":520,"risk_blocked_signals":0,"sell_signals":5,"stop_loss_exits":11,"take_profit_exits":0},"starting_equity":500,"total_return":0.0904273677809222,"trade_analysis":{"average_loss":-3.792369948516818,"average_trade_duration_days":22.940104166666668,"average_win":6.796790358156199,"expectancy":2.825855243153817,"largest_loss":-6.988825290376443,"largest_win":16.84484873862083,"max_trade_duration_days":48.0,"median_trade_duration_days":25.0,"profit_factor":2.987046117346928,"time_in_market_percent":0.45649582836710373,"total_trades":16,"win_rate":0.625}}