{"capital_utilization":{"average_cash_percent":0.9097054503921984,"average_exposure_percent":0.09029454960780155,"average_leverage":0.09029454960780155,"average_position_value":199.70461245588086,"max_exposure_percent":0.40624098654921476},"closed_trades":21,"equity_curve":[],"final_equity":524.4590474005756,"max_drawdown":0.03185737245170446,"open_trades":0,"profit_factor":1.7976374040762155,"sharpe":0.7710896518138979,"signal_diagnostics":{"buy_signals":21,"duplicate_buy_skips":0,"flat_sell_skips":0,"hold_signals":511,"risk_blocked_signals":0,"sell_signals":7,"stop_loss_exits":12,"take_profit_exits":2},"starting_equity":500,"total_return":0.04891809480115117,"trade_analysis":{"average_loss":-2.555364053430483,"average_trade_duration_days":7.285714285714286,"average_win":6.124824004637933,"expectancy":1.1647165428845525,"largest_loss":-7.551440746283723,"largest_win":10.89982970335333,"max_trade_duration_days":17.0,"median_trade_duration_days":6.041666666666667,"profit_factor":1.7976374040762155,"time_in_market_percent":0.19028864590350833,"total_trades":21,"win_rate":0.42857142857142855}}