{"capital_utilization":{"average_cash_percent":0.8812362964700338,"average_exposure_percent":0.11876370352996621,"average_leverage":0.11876370352996621,"average_position_value":217.53966506114884,"max_exposure_percent":0.40792664866241796},"closed_trades":28,"equity_curve":[],"final_equity":577.8943420998615,"max_drawdown":0.0684946890153164,"open_trades":0,"profit_factor":2.258565396601404,"sharpe":1.425791963582208,"signal_diagnostics":{"buy_signals":28,"duplicate_buy_skips":0,"flat_sell_skips":0,"hold_signals":497,"risk_blocked_signals":0,"sell_signals":13,"stop_loss_exits":13,"take_profit_exits":1},"starting_equity":500,"total_return":0.15578868419972314,"trade_analysis":{"average_loss":-5.157614528825527,"average_trade_duration_days":6.967261904761904,"average_win":8.736607277860493,"expectancy":2.781940789280769,"largest_loss":-10.772928392426792,"largest_win":18.327420263929145,"max_trade_duration_days":18.0,"median_trade_duration_days":6.520833333333334,"profit_factor":2.258565396601404,"time_in_market_percent":0.24262838783230553,"total_trades":28,"win_rate":0.5714285714285714}}