{"capital_utilization":{"average_cash_percent":0.8365419728316206,"average_exposure_percent":0.16345802716837937,"average_leverage":0.16345802716837937,"average_position_value":204.57361579408325,"max_exposure_percent":0.40706790201578164},"closed_trades":12,"equity_curve":[],"final_equity":538.2397954603484,"max_drawdown":0.03922150300000462,"open_trades":0,"profit_factor":2.4005792190407513,"sharpe":1.005020765473725,"signal_diagnostics":{"buy_signals":12,"duplicate_buy_skips":0,"flat_sell_skips":0,"hold_signals":417,"risk_blocked_signals":0,"sell_signals":4,"stop_loss_exits":5,"take_profit_exits":2},"starting_equity":500,"total_return":0.07647959092069678,"trade_analysis":{"average_loss":-5.460568733347143,"average_trade_duration_days":20.166666666666668,"average_win":9.363234161012022,"expectancy":3.186649621695704,"largest_loss":-8.551798003927882,"largest_win":20.13910714645567,"max_trade_duration_days":38.0,"median_trade_duration_days":20.5,"profit_factor":2.4005792190407513,"time_in_market_percent":0.3792855743485927,"total_trades":12,"win_rate":0.5833333333333334}}