{"capital_utilization":{"average_cash_percent":0.9423432149400288,"average_exposure_percent":0.05765678505997119,"average_leverage":0.05765678505997119,"average_position_value":205.3741790849672,"max_exposure_percent":0.40631937443589444},"closed_trades":11,"equity_curve":[],"final_equity":527.7922801147504,"max_drawdown":0.02968881950022309,"open_trades":0,"profit_factor":2.012117395437306,"sharpe":0.7648841621883806,"signal_diagnostics":{"buy_signals":11,"duplicate_buy_skips":0,"flat_sell_skips":0,"hold_signals":531,"risk_blocked_signals":0,"sell_signals":0,"stop_loss_exits":5,"take_profit_exits":6},"starting_equity":500,"total_return":0.05558456022950087,"trade_analysis":{"average_loss":-6.864885496494745,"average_trade_duration_days":8.909090909090908,"average_win":7.893117442961339,"expectancy":2.5265709195227632,"largest_loss":-7.8341110829335765,"largest_win":12.162348523604612,"max_trade_duration_days":19.0,"median_trade_duration_days":7.0,"profit_factor":2.012117395437306,"time_in_market_percent":0.1218842307094367,"total_trades":11,"win_rate":0.6363636363636364}}