{"capital_utilization":{"average_cash_percent":0.742323240049265,"average_exposure_percent":0.25767675995073497,"average_leverage":0.25767675995073497,"average_position_value":215.97179548332178,"max_exposure_percent":0.4054770935427867},"closed_trades":33,"equity_curve":[],"final_equity":561.1982414326374,"max_drawdown":0.05497061760882796,"open_trades":0,"profit_factor":1.7936249357143004,"sharpe":0.9803684802301758,"signal_diagnostics":{"buy_signals":33,"duplicate_buy_skips":0,"flat_sell_skips":0,"hold_signals":487,"risk_blocked_signals":0,"sell_signals":1,"stop_loss_exits":31,"take_profit_exits":0},"starting_equity":500,"total_return":0.12239648286527482,"trade_analysis":{"average_loss":-4.536017447109249,"average_trade_duration_days":14.667929292929294,"average_win":8.644408627093414,"expectancy":1.8544921646253751,"largest_loss":-7.13721293005482,"largest_win":25.63992485048172,"max_trade_duration_days":45.0,"median_trade_duration_days":11.0,"profit_factor":1.7936249357143004,"time_in_market_percent":0.6020106752344925,"total_trades":33,"win_rate":0.48484848484848486}}