{"capital_utilization":{"average_cash_percent":0.849502898585834,"average_exposure_percent":0.15049710141416592,"average_leverage":0.15049710141416592,"average_position_value":195.74361213731618,"max_exposure_percent":0.40392621001122375},"closed_trades":13,"equity_curve":[],"final_equity":499.83923150703845,"max_drawdown":0.03976137220298449,"open_trades":0,"profit_factor":0.9936532054612196,"sharpe":0.008856977454162685,"signal_diagnostics":{"buy_signals":13,"duplicate_buy_skips":0,"flat_sell_skips":0,"hold_signals":415,"risk_blocked_signals":0,"sell_signals":3,"stop_loss_exits":9,"take_profit_exits":0},"starting_equity":500,"total_return":-0.00032153698592307656,"trade_analysis":{"average_loss":-3.1663324686823944,"average_trade_duration_days":17.307692307692307,"average_win":5.033978251299517,"expectancy":-0.012366807150890224,"largest_loss":-4.599649036800157,"largest_win":11.51798567118896,"max_trade_duration_days":45.0,"median_trade_duration_days":11.0,"profit_factor":0.9936532054612196,"time_in_market_percent":0.352641546398485,"total_trades":13,"win_rate":0.38461538461538464}}