{"capital_utilization":{"average_cash_percent":0.94331792524563,"average_exposure_percent":0.056682074754370024,"average_leverage":0.056682074754370024,"average_position_value":209.0587812063639,"max_exposure_percent":0.40567794480041136},"closed_trades":8,"equity_curve":[],"final_equity":569.5982256338771,"max_drawdown":0.023857310460030406,"open_trades":0,"profit_factor":6.351100699576603,"sharpe":1.897668560721177,"signal_diagnostics":{"buy_signals":8,"duplicate_buy_skips":0,"flat_sell_skips":0,"hold_signals":537,"risk_blocked_signals":0,"sell_signals":4,"stop_loss_exits":2,"take_profit_exits":2},"starting_equity":500,"total_return":0.13919645126775415,"trade_analysis":{"average_loss":-6.503169118026875,"average_trade_duration_days":12.5,"average_win":13.767427311655148,"expectancy":8.69977820423464,"largest_loss":-6.867969777374319,"largest_win":22.66378776068542,"max_trade_duration_days":20.0,"median_trade_duration_days":12.0,"profit_factor":6.351100699576603,"time_in_market_percent":0.12437166398922113,"total_trades":8,"win_rate":0.75}}