{"capital_utilization":{"average_cash_percent":0.916513486882865,"average_exposure_percent":0.08348651311713501,"average_leverage":0.08348651311713501,"average_position_value":202.5012143623685,"max_exposure_percent":0.40651198542898903},"closed_trades":12,"equity_curve":[],"final_equity":530.8066693867436,"max_drawdown":0.03930612641261104,"open_trades":0,"profit_factor":1.821937342402381,"sharpe":0.696035812054776,"signal_diagnostics":{"buy_signals":12,"duplicate_buy_skips":0,"flat_sell_skips":0,"hold_signals":416,"risk_blocked_signals":0,"sell_signals":1,"stop_loss_exits":5,"take_profit_exits":6},"starting_equity":500,"total_return":0.06161333877348718,"trade_analysis":{"average_loss":-7.496111393771445,"average_trade_duration_days":9.57986111111111,"average_win":9.75531805080011,"expectancy":2.5672224488952957,"largest_loss":-8.009156898600336,"largest_win":12.490352513085792,"max_trade_duration_days":21.0,"median_trade_duration_days":9.0,"profit_factor":1.821937342402381,"time_in_market_percent":0.1801737086135963,"total_trades":12,"win_rate":0.5833333333333334}}