{"capital_utilization":{"average_cash_percent":0.7497592257353006,"average_exposure_percent":0.2502407742646994,"average_leverage":0.2502407742646994,"average_position_value":217.04587798725566,"max_exposure_percent":0.40731991273750634},"closed_trades":37,"equity_curve":[],"final_equity":550.4552882006817,"max_drawdown":0.0720539923163853,"open_trades":0,"profit_factor":1.598832039760584,"sharpe":0.8217925056174552,"signal_diagnostics":{"buy_signals":37,"duplicate_buy_skips":0,"flat_sell_skips":0,"hold_signals":478,"risk_blocked_signals":0,"sell_signals":9,"stop_loss_exits":28,"take_profit_exits":0},"starting_equity":500,"total_return":0.10091057640136336,"trade_analysis":{"average_loss":-4.434534740840033,"average_trade_duration_days":12.433558558558559,"average_win":7.483969348702356,"expectancy":1.363656437856264,"largest_loss":-9.542120967550657,"largest_win":25.63992485048172,"max_trade_duration_days":45.0,"median_trade_duration_days":8.0,"profit_factor":1.598832039760584,"time_in_market_percent":0.5721614758770794,"total_trades":37,"win_rate":0.4864864864864865}}