{"capital_utilization":{"average_cash_percent":0.8744149352638262,"average_exposure_percent":0.12558506473617376,"average_leverage":0.12558506473617376,"average_position_value":211.1157839222118,"max_exposure_percent":0.40615164674707444},"closed_trades":30,"equity_curve":[],"final_equity":567.9305858760034,"max_drawdown":0.03202223914858937,"open_trades":0,"profit_factor":2.235399113737299,"sharpe":1.3517950619518253,"signal_diagnostics":{"buy_signals":30,"duplicate_buy_skips":0,"flat_sell_skips":0,"hold_signals":493,"risk_blocked_signals":0,"sell_signals":0,"stop_loss_exits":12,"take_profit_exits":18},"starting_equity":500,"total_return":0.13586117175200685,"trade_analysis":{"average_loss":-4.582229413463363,"average_trade_duration_days":7.033333333333332,"average_win":6.828741046531324,"expectancy":2.264352862533449,"largest_loss":-8.194929729334694,"largest_win":12.102374823670145,"max_trade_duration_days":21.0,"median_trade_duration_days":6.0,"profit_factor":2.235399113737299,"time_in_market_percent":0.26242421101725655,"total_trades":30,"win_rate":0.6}}