{"capital_utilization":{"average_cash_percent":0.9113252824369729,"average_exposure_percent":0.08867471756302714,"average_leverage":0.08867471756302714,"average_position_value":201.5354354176019,"max_exposure_percent":0.40685858888961485},"closed_trades":22,"equity_curve":[],"final_equity":509.1327470801357,"max_drawdown":0.049126040327965186,"open_trades":0,"profit_factor":1.1580372146093072,"sharpe":0.22894921601047222,"signal_diagnostics":{"buy_signals":22,"duplicate_buy_skips":0,"flat_sell_skips":0,"hold_signals":510,"risk_blocked_signals":0,"sell_signals":2,"stop_loss_exits":12,"take_profit_exits":7},"starting_equity":500,"total_return":0.018265494160271345,"trade_analysis":{"average_loss":-4.445275803556911,"average_trade_duration_days":6.363636363636363,"average_win":7.435703614041726,"expectancy":0.41512486727889525,"largest_loss":-8.298966768904425,"largest_win":12.200715166830598,"max_trade_duration_days":15.0,"median_trade_duration_days":5.5,"profit_factor":1.1580372146093072,"time_in_market_percent":0.17412032958490958,"total_trades":22,"win_rate":0.4090909090909091}}