{"capital_utilization":{"average_cash_percent":0.9164799860417994,"average_exposure_percent":0.08352001395820058,"average_leverage":0.08352001395820058,"average_position_value":198.47738692569996,"max_exposure_percent":0.41275583677588035},"closed_trades":10,"equity_curve":[],"final_equity":498.8316471982808,"max_drawdown":0.08487317148416272,"open_trades":0,"profit_factor":0.9779035947349205,"sharpe":0.028948934398062225,"signal_diagnostics":{"buy_signals":10,"duplicate_buy_skips":0,"flat_sell_skips":0,"hold_signals":420,"risk_blocked_signals":0,"sell_signals":1,"stop_loss_exits":9,"take_profit_exits":0},"starting_equity":500,"total_return":-0.0023367056034384603,"trade_analysis":{"average_loss":-7.553606168082079,"average_trade_duration_days":12.2,"average_win":17.23563012495178,"expectancy":-0.11683528017192168,"largest_loss":-15.014530440503796,"largest_win":25.31224699833568,"max_trade_duration_days":27.0,"median_trade_duration_days":12.5,"profit_factor":0.9779035947349205,"time_in_market_percent":0.1912100829360674,"total_trades":10,"win_rate":0.3}}