{"capital_utilization":{"average_cash_percent":0.8721074688583936,"average_exposure_percent":0.12789253114160637,"average_leverage":0.12789253114160637,"average_position_value":197.97684059501478,"max_exposure_percent":0.4037842486939074},"closed_trades":13,"equity_curve":[],"final_equity":508.86348008133547,"max_drawdown":0.025755561698152008,"open_trades":0,"profit_factor":1.4181982078016078,"sharpe":0.4181313472478163,"signal_diagnostics":{"buy_signals":13,"duplicate_buy_skips":0,"flat_sell_skips":0,"hold_signals":415,"risk_blocked_signals":0,"sell_signals":1,"stop_loss_exits":11,"take_profit_exits":0},"starting_equity":500,"total_return":0.017726960162670835,"trade_analysis":{"average_loss":-2.3549386433898527,"average_trade_duration_days":14.615384615384615,"average_win":7.5144819679610375,"expectancy":0.6818061601027287,"largest_loss":-4.532217282212408,"largest_win":17.208750526968313,"max_trade_duration_days":52.0,"median_trade_duration_days":9.0,"profit_factor":1.4181982078016078,"time_in_market_percent":0.2977861947364984,"total_trades":13,"win_rate":0.3076923076923077}}