{"capital_utilization":{"average_cash_percent":0.8896991897344853,"average_exposure_percent":0.11030081026551472,"average_leverage":0.11030081026551472,"average_position_value":202.71995641898346,"max_exposure_percent":0.40624098654921476},"closed_trades":21,"equity_curve":[],"final_equity":543.5543052845902,"max_drawdown":0.028522352666692077,"open_trades":0,"profit_factor":2.407962804075523,"sharpe":1.2528420827532345,"signal_diagnostics":{"buy_signals":21,"duplicate_buy_skips":0,"flat_sell_skips":0,"hold_signals":511,"risk_blocked_signals":0,"sell_signals":5,"stop_loss_exits":12,"take_profit_exits":4},"starting_equity":500,"total_return":0.08710861056918051,"trade_analysis":{"average_loss":-2.5778560554841414,"average_trade_duration_days":9.285714285714286,"average_win":8.276508661155548,"expectancy":2.07401453736144,"largest_loss":-7.551440746283723,"largest_win":15.910416291188598,"max_trade_duration_days":19.0,"median_trade_duration_days":8.0,"profit_factor":2.407962804075523,"time_in_market_percent":0.2425247447789812,"total_trades":21,"win_rate":0.42857142857142855}}