{"capital_utilization":{"average_cash_percent":0.865740983563484,"average_exposure_percent":0.1342590164365161,"average_leverage":0.1342590164365161,"average_position_value":215.51613091402666,"max_exposure_percent":0.405966121001772},"closed_trades":26,"equity_curve":[],"final_equity":578.2153381932256,"max_drawdown":0.05829455106362266,"open_trades":0,"profit_factor":2.1233450985159057,"sharpe":1.1767351951171838,"signal_diagnostics":{"buy_signals":26,"duplicate_buy_skips":0,"flat_sell_skips":0,"hold_signals":501,"risk_blocked_signals":0,"sell_signals":9,"stop_loss_exits":13,"take_profit_exits":3},"starting_equity":500,"total_return":0.15643067638645136,"trade_analysis":{"average_loss":-5.355936020329538,"average_trade_duration_days":9.003205128205128,"average_win":11.372500496731512,"expectancy":3.0082822382009855,"largest_loss":-7.838164871466854,"largest_win":24.504358913183857,"max_trade_duration_days":22.0,"median_trade_duration_days":7.5,"profit_factor":2.1233450985159057,"time_in_market_percent":0.29113333678810177,"total_trades":26,"win_rate":0.5}}