{"capital_utilization":{"average_cash_percent":0.8233230008590668,"average_exposure_percent":0.17667699914093313,"average_leverage":0.17667699914093313,"average_position_value":198.73916280112707,"max_exposure_percent":0.41820569367130933},"closed_trades":29,"equity_curve":[],"final_equity":507.48617923005094,"max_drawdown":0.224936870275397,"open_trades":0,"profit_factor":1.0326179637578432,"sharpe":0.11860363157023444,"signal_diagnostics":{"buy_signals":29,"duplicate_buy_skips":0,"flat_sell_skips":0,"hold_signals":495,"risk_blocked_signals":0,"sell_signals":3,"stop_loss_exits":25,"take_profit_exits":0},"starting_equity":500,"total_return":0.014972358460101809,"trade_analysis":{"average_loss":-11.475546551018002,"average_trade_duration_days":10.727011494252874,"average_win":26.33301225004567,"expectancy":0.2581441113810669,"largest_loss":-20.659455531549458,"largest_win":78.96749478628823,"max_trade_duration_days":33.0,"median_trade_duration_days":8.0,"profit_factor":1.0326179637578432,"time_in_market_percent":0.3868995180598021,"total_trades":29,"win_rate":0.3103448275862069}}