{"capital_utilization":{"average_cash_percent":0.7367380833772604,"average_exposure_percent":0.26326191662273957,"average_leverage":0.26326191662273957,"average_position_value":215.53425137448994,"max_exposure_percent":0.4041267168382387},"closed_trades":42,"equity_curve":[],"final_equity":562.0305924850379,"max_drawdown":0.035289815972954934,"open_trades":0,"profit_factor":2.13300579251149,"sharpe":1.1285648330664675,"signal_diagnostics":{"buy_signals":42,"duplicate_buy_skips":0,"flat_sell_skips":0,"hold_signals":469,"risk_blocked_signals":0,"sell_signals":8,"stop_loss_exits":34,"take_profit_exits":0},"starting_equity":500,"total_return":0.1240611849700759,"trade_analysis":{"average_loss":-2.7374349228849555,"average_trade_duration_days":11.427579365079364,"average_win":5.3081495883062315,"expectancy":1.4769188686913801,"largest_loss":-5.260928007584279,"largest_win":13.781393331277526,"max_trade_duration_days":38.0,"median_trade_duration_days":9.0,"profit_factor":2.13300579251149,"time_in_market_percent":0.5969321656215992,"total_trades":42,"win_rate":0.5238095238095238}}