{"capital_utilization":{"average_cash_percent":0.7575538104772119,"average_exposure_percent":0.24244618952278804,"average_leverage":0.24244618952278804,"average_position_value":210.01529321749132,"max_exposure_percent":0.4057538449944659},"closed_trades":41,"equity_curve":[],"final_equity":540.1384948679867,"max_drawdown":0.05680658729570561,"open_trades":0,"profit_factor":1.4407001696760475,"sharpe":0.6290269018713799,"signal_diagnostics":{"buy_signals":41,"duplicate_buy_skips":0,"flat_sell_skips":0,"hold_signals":471,"risk_blocked_signals":0,"sell_signals":9,"stop_loss_exits":29,"take_profit_exits":3},"starting_equity":500,"total_return":0.08027698973597319,"trade_analysis":{"average_loss":-4.337091360506087,"average_trade_duration_days":10.682926829268292,"average_win":6.560870671930722,"expectancy":0.9789876797069907,"largest_loss":-7.209817454478327,"largest_win":27.112432039135136,"max_trade_duration_days":33.0,"median_trade_duration_days":8.0,"profit_factor":1.4407001696760475,"time_in_market_percent":0.5447478882727884,"total_trades":41,"win_rate":0.4878048780487805}}