{"capital_utilization":{"average_cash_percent":0.8348507360097799,"average_exposure_percent":0.16514926399022012,"average_leverage":0.16514926399022012,"average_position_value":199.56205695297714,"max_exposure_percent":0.4054220637714074},"closed_trades":28,"equity_curve":[],"final_equity":508.8051934828449,"max_drawdown":0.06006958805721821,"open_trades":0,"profit_factor":1.1142159916751835,"sharpe":0.16644984966619425,"signal_diagnostics":{"buy_signals":28,"duplicate_buy_skips":0,"flat_sell_skips":0,"hold_signals":497,"risk_blocked_signals":0,"sell_signals":13,"stop_loss_exits":14,"take_profit_exits":0},"starting_equity":500,"total_return":0.01761038696568984,"trade_analysis":{"average_loss":-5.139498333348276,"average_trade_duration_days":10.392857142857142,"average_win":6.60751296023608,"expectancy":0.3144711958158896,"largest_loss":-6.4870241999477996,"largest_win":15.788246896437384,"max_trade_duration_days":32.0,"median_trade_duration_days":7.5,"profit_factor":1.1142159916751835,"time_in_market_percent":0.3619215422086335,"total_trades":28,"win_rate":0.4642857142857143}}