{"capital_utilization":{"average_cash_percent":0.9741104545509054,"average_exposure_percent":0.02588954544909464,"average_leverage":0.02588954544909464,"average_position_value":204.76034349858895,"max_exposure_percent":0.40400009336396325},"closed_trades":5,"equity_curve":[],"final_equity":511.409907304819,"max_drawdown":0.023277223292261666,"open_trades":0,"profit_factor":2.17532105237153,"sharpe":0.4659520993613568,"signal_diagnostics":{"buy_signals":5,"duplicate_buy_skips":0,"flat_sell_skips":0,"hold_signals":543,"risk_blocked_signals":0,"sell_signals":0,"stop_loss_exits":4,"take_profit_exits":1},"starting_equity":500,"total_return":0.02281981460963811,"trade_analysis":{"average_loss":-3.235968952709108,"average_trade_duration_days":9.208333333333332,"average_win":10.558907081473162,"expectancy":2.2819814609638,"largest_loss":-4.982794146741651,"largest_win":14.889713842732696,"max_trade_duration_days":13.0,"median_trade_duration_days":10.0,"profit_factor":2.17532105237153,"time_in_market_percent":0.05726278696170389,"total_trades":5,"win_rate":0.4}}