{"capital_utilization":{"average_cash_percent":0.8562216745536917,"average_exposure_percent":0.14377832544630828,"average_leverage":0.14377832544630828,"average_position_value":195.14175022057015,"max_exposure_percent":0.41717006974521736},"closed_trades":26,"equity_curve":[],"final_equity":621.1907109117333,"max_drawdown":0.14662424661231932,"open_trades":0,"profit_factor":1.7951929276050993,"sharpe":0.7874832804817504,"signal_diagnostics":{"buy_signals":26,"duplicate_buy_skips":0,"flat_sell_skips":0,"hold_signals":500,"risk_blocked_signals":0,"sell_signals":8,"stop_loss_exits":15,"take_profit_exits":3},"starting_equity":500,"total_return":0.24238142182346656,"trade_analysis":{"average_loss":-11.723396994867667,"average_trade_duration_days":9.807692307692308,"average_win":21.045759372693308,"expectancy":4.66118118891282,"largest_loss":-20.698084808666987,"largest_win":51.464993902625245,"max_trade_duration_days":21.0,"median_trade_duration_days":7.5,"profit_factor":1.7951929276050993,"time_in_market_percent":0.3171477431725139,"total_trades":26,"win_rate":0.5}}