{"capital_utilization":{"average_cash_percent":0.824618154144462,"average_exposure_percent":0.17538184585553793,"average_leverage":0.17538184585553793,"average_position_value":201.3380054146055,"max_exposure_percent":0.4097691820652161},"closed_trades":34,"equity_curve":[],"final_equity":516.914368977786,"max_drawdown":0.06859447895679885,"open_trades":0,"profit_factor":1.1406242404924367,"sharpe":0.2901159434787971,"signal_diagnostics":{"buy_signals":34,"duplicate_buy_skips":0,"flat_sell_skips":0,"hold_signals":372,"risk_blocked_signals":0,"sell_signals":6,"stop_loss_exits":18,"take_profit_exits":10},"starting_equity":500,"total_return":0.03382873795557195,"trade_analysis":{"average_loss":-6.682255933557169,"average_trade_duration_days":6.383578431372549,"average_win":8.57468598636344,"expectancy":0.4974814405231176,"largest_loss":-11.964975020141013,"largest_win":14.976243152368015,"max_trade_duration_days":15.0,"median_trade_duration_days":6.020833333333334,"profit_factor":1.1406242404924367,"time_in_market_percent":0.34016848429439045,"total_trades":34,"win_rate":0.47058823529411764}}