{"capital_utilization":{"average_cash_percent":0.704436036370173,"average_exposure_percent":0.29556396362982695,"average_leverage":0.29556396362982695,"average_position_value":211.62148953027793,"max_exposure_percent":0.4045661885849093},"closed_trades":21,"equity_curve":[],"final_equity":540.9319433043116,"max_drawdown":0.028659499100984333,"open_trades":0,"profit_factor":2.839072394292398,"sharpe":1.0755895792955235,"signal_diagnostics":{"buy_signals":21,"duplicate_buy_skips":0,"flat_sell_skips":0,"hold_signals":511,"risk_blocked_signals":0,"sell_signals":4,"stop_loss_exits":16,"take_profit_exits":0},"starting_equity":500,"total_return":0.0818638866086232,"trade_analysis":{"average_loss":-3.179548825914689,"average_trade_duration_days":26.904761904761905,"average_win":4.5134846489796,"expectancy":1.9491401573481706,"largest_loss":-5.896691781264293,"largest_win":12.58025692765215,"max_trade_duration_days":66.0,"median_trade_duration_days":24.0,"profit_factor":2.839072394292398,"time_in_market_percent":0.7026999015390993,"total_trades":21,"win_rate":0.6666666666666666}}