{"capital_utilization":{"average_cash_percent":0.9156208755984624,"average_exposure_percent":0.0843791244015376,"average_leverage":0.0843791244015376,"average_position_value":195.80026868596858,"max_exposure_percent":0.40710055678916734},"closed_trades":14,"equity_curve":[],"final_equity":501.4882313781721,"max_drawdown":0.07172595994796903,"open_trades":0,"profit_factor":1.034596423153605,"sharpe":0.058847364576827585,"signal_diagnostics":{"buy_signals":14,"duplicate_buy_skips":0,"flat_sell_skips":0,"hold_signals":412,"risk_blocked_signals":0,"sell_signals":3,"stop_loss_exits":10,"take_profit_exits":1},"starting_equity":500,"total_return":0.0029764627563442225,"trade_analysis":{"average_loss":-5.377114317441368,"average_trade_duration_days":8.142857142857142,"average_win":7.417524319617169,"expectancy":0.10630224129800604,"largest_loss":-8.468675592844221,"largest_win":14.620244842312355,"max_trade_duration_days":13.0,"median_trade_duration_days":7.5,"profit_factor":1.034596423153605,"time_in_market_percent":0.17867171684189906,"total_trades":14,"win_rate":0.42857142857142855}}