{"capital_utilization":{"average_cash_percent":0.6953249539718577,"average_exposure_percent":0.3046750460281423,"average_leverage":0.3046750460281423,"average_position_value":210.73614410807795,"max_exposure_percent":0.4040430142524191},"closed_trades":24,"equity_curve":[],"final_equity":536.8528012090532,"max_drawdown":0.04100537608996194,"open_trades":0,"profit_factor":2.1447132683765955,"sharpe":0.9124281889002975,"signal_diagnostics":{"buy_signals":24,"duplicate_buy_skips":0,"flat_sell_skips":0,"hold_signals":505,"risk_blocked_signals":0,"sell_signals":4,"stop_loss_exits":19,"take_profit_exits":0},"starting_equity":500,"total_return":0.07370560241810642,"trade_analysis":{"average_loss":-3.219391460476119,"average_trade_duration_days":24.041666666666668,"average_win":4.931908272415313,"expectancy":1.5355333837105498,"largest_loss":-5.164161841895985,"largest_win":13.968848496394404,"max_trade_duration_days":66.0,"median_trade_duration_days":22.020833333333336,"profit_factor":2.1447132683765955,"time_in_market_percent":0.717624501217806,"total_trades":24,"win_rate":0.5833333333333334}}