{"capital_utilization":{"average_cash_percent":0.8032402127438,"average_exposure_percent":0.19675978725620002,"average_leverage":0.19675978725620002,"average_position_value":205.94412553154925,"max_exposure_percent":0.40586148047379145},"closed_trades":20,"equity_curve":[],"final_equity":534.1825949239341,"max_drawdown":0.04378857415160195,"open_trades":0,"profit_factor":1.7341017631571425,"sharpe":0.5931756819886125,"signal_diagnostics":{"buy_signals":20,"duplicate_buy_skips":0,"flat_sell_skips":0,"hold_signals":512,"risk_blocked_signals":0,"sell_signals":2,"stop_loss_exits":16,"take_profit_exits":2},"starting_equity":500,"total_return":0.0683651898478681,"trade_analysis":{"average_loss":-4.233076101171756,"average_trade_duration_days":18.402083333333334,"average_win":8.971825781869262,"expectancy":1.7091297461967012,"largest_loss":-7.279629254318163,"largest_win":23.87378357413276,"max_trade_duration_days":50.0,"median_trade_duration_days":16.5,"profit_factor":1.7341017631571425,"time_in_market_percent":0.45773954500699593,"total_trades":20,"win_rate":0.45}}