{"capital_utilization":{"average_cash_percent":0.7225274054257713,"average_exposure_percent":0.27747259457422874,"average_leverage":0.27747259457422874,"average_position_value":174.73682311636992,"max_exposure_percent":0.4227873428438571},"closed_trades":22,"equity_curve":[],"final_equity":335.9410046157468,"max_drawdown":0.3345994008646481,"open_trades":0,"profit_factor":0.32565810945043977,"sharpe":-2.4138654610276857,"signal_diagnostics":{"buy_signals":22,"duplicate_buy_skips":0,"flat_sell_skips":0,"hold_signals":147,"risk_blocked_signals":0,"sell_signals":7,"stop_loss_exits":15,"take_profit_exits":0},"starting_equity":500,"total_return":-0.32811799076850634,"trade_analysis":{"average_loss":-15.20547270637377,"average_trade_duration_days":7.50189393939394,"average_win":13.204761319621184,"expectancy":-7.457227062920601,"largest_loss":-23.855348905451862,"largest_win":27.251532735620007,"max_trade_duration_days":21.0,"median_trade_duration_days":6.5,"profit_factor":0.32565810945043977,"time_in_market_percent":0.5935860932114492,"total_trades":22,"win_rate":0.2727272727272727}}