{"capital_utilization":{"average_cash_percent":0.8676888192137342,"average_exposure_percent":0.13231118078626578,"average_leverage":0.13231118078626578,"average_position_value":198.84873574743477,"max_exposure_percent":0.40494408603460846},"closed_trades":9,"equity_curve":[],"final_equity":511.0895149854005,"max_drawdown":0.029465076783466996,"open_trades":0,"profit_factor":1.583505919149483,"sharpe":0.5165564731398179,"signal_diagnostics":{"buy_signals":9,"duplicate_buy_skips":0,"flat_sell_skips":0,"hold_signals":423,"risk_blocked_signals":0,"sell_signals":3,"stop_loss_exits":5,"take_profit_exits":0},"starting_equity":500,"total_return":0.022179029970801123,"trade_analysis":{"average_loss":-3.8009948559098063,"average_trade_duration_days":22.0,"average_win":7.523622316237393,"expectancy":1.2321683317111711,"largest_loss":-5.974292661057205,"largest_win":17.292844545851974,"max_trade_duration_days":52.0,"median_trade_duration_days":20.0,"profit_factor":1.583505919149483,"time_in_market_percent":0.3103245608306668,"total_trades":9,"win_rate":0.4444444444444444}}