{"capital_utilization":{"average_cash_percent":0.8377701240883263,"average_exposure_percent":0.16222987591167368,"average_leverage":0.16222987591167368,"average_position_value":221.07223634814304,"max_exposure_percent":0.42470937133998765},"closed_trades":33,"equity_curve":[],"final_equity":714.7357704247003,"max_drawdown":0.14106343387886042,"open_trades":0,"profit_factor":2.1014119885142932,"sharpe":1.176492746428152,"signal_diagnostics":{"buy_signals":33,"duplicate_buy_skips":0,"flat_sell_skips":0,"hold_signals":486,"risk_blocked_signals":0,"sell_signals":23,"stop_loss_exits":9,"take_profit_exits":1},"starting_equity":500,"total_return":0.42947154084940053,"trade_analysis":{"average_loss":-19.496407580814477,"average_trade_duration_days":8.545454545454545,"average_win":17.81303679273239,"expectancy":6.507144558324249,"largest_loss":-30.486430404210815,"largest_win":51.87912821521408,"max_trade_duration_days":19.958333333333332,"median_trade_duration_days":8.0,"profit_factor":2.1014119885142932,"time_in_market_percent":0.35072809244960357,"total_trades":33,"win_rate":0.696969696969697}}