{"capital_utilization":{"average_cash_percent":0.73650715591785,"average_exposure_percent":0.26349284408214996,"average_leverage":0.26349284408214996,"average_position_value":215.09124584414002,"max_exposure_percent":0.4041545314442284},"closed_trades":45,"equity_curve":[],"final_equity":559.2135313801384,"max_drawdown":0.035248360969185516,"open_trades":0,"profit_factor":1.9291937595249167,"sharpe":1.0841173292135333,"signal_diagnostics":{"buy_signals":45,"duplicate_buy_skips":0,"flat_sell_skips":0,"hold_signals":463,"risk_blocked_signals":0,"sell_signals":8,"stop_loss_exits":34,"take_profit_exits":3},"starting_equity":500,"total_return":0.11842706276027681,"trade_analysis":{"average_loss":-2.7706830119803523,"average_trade_duration_days":10.599074074074073,"average_win":5.588147302531204,"expectancy":1.3158562528919648,"largest_loss":-5.2514854309038554,"largest_win":14.530126234125245,"max_trade_duration_days":38.0,"median_trade_duration_days":9.0,"profit_factor":1.9291937595249167,"time_in_market_percent":0.5932010157019226,"total_trades":45,"win_rate":0.4888888888888889}}