{"capital_utilization":{"average_cash_percent":0.7418908104685229,"average_exposure_percent":0.25810918953147716,"average_leverage":0.25810918953147716,"average_position_value":217.82891476028692,"max_exposure_percent":0.4058173867064209},"closed_trades":17,"equity_curve":[],"final_equity":574.7978991131328,"max_drawdown":0.04777493622338091,"open_trades":0,"profit_factor":3.931943682535627,"sharpe":1.2425658865933196,"signal_diagnostics":{"buy_signals":17,"duplicate_buy_skips":0,"flat_sell_skips":0,"hold_signals":520,"risk_blocked_signals":0,"sell_signals":2,"stop_loss_exits":14,"take_profit_exits":0},"starting_equity":500,"total_return":0.14959579822626545,"trade_analysis":{"average_loss":-4.251894943655345,"average_trade_duration_days":29.526960784313726,"average_win":9.119024434096806,"expectancy":4.399876418419575,"largest_loss":-7.359539224514694,"largest_win":33.39603257358994,"max_trade_duration_days":97.0,"median_trade_duration_days":21.0,"profit_factor":3.931943682535627,"time_in_market_percent":0.6242939316992279,"total_trades":17,"win_rate":0.6470588235294118}}