{"capital_utilization":{"average_cash_percent":0.707515666321854,"average_exposure_percent":0.29248433367814597,"average_leverage":0.29248433367814597,"average_position_value":215.55703508620482,"max_exposure_percent":0.4045183318770791},"closed_trades":17,"equity_curve":[],"final_equity":558.6703105509719,"max_drawdown":0.023521426254166918,"open_trades":0,"profit_factor":4.674592218827357,"sharpe":1.4647675490422176,"signal_diagnostics":{"buy_signals":17,"duplicate_buy_skips":0,"flat_sell_skips":0,"hold_signals":519,"risk_blocked_signals":0,"sell_signals":0,"stop_loss_exits":16,"take_profit_exits":0},"starting_equity":500,"total_return":0.11734062110194365,"trade_analysis":{"average_loss":-3.991620502158387,"average_trade_duration_days":33.588235294117645,"average_win":5.741291735354259,"expectancy":3.4511947382924606,"largest_loss":-5.454332297703682,"largest_win":23.1016868717578,"max_trade_duration_days":92.0,"median_trade_duration_days":29.0,"profit_factor":4.674592218827357,"time_in_market_percent":0.7101622013784527,"total_trades":17,"win_rate":0.7647058823529411}}