{"capital_utilization":{"average_cash_percent":0.8507638176013547,"average_exposure_percent":0.14923618239864533,"average_leverage":0.14923618239864533,"average_position_value":201.8942182756401,"max_exposure_percent":0.40754212156748437},"closed_trades":16,"equity_curve":[],"final_equity":522.501168394019,"max_drawdown":0.047432567074633,"open_trades":0,"profit_factor":1.6933353650913727,"sharpe":0.5253347699344607,"signal_diagnostics":{"buy_signals":16,"duplicate_buy_skips":0,"flat_sell_skips":0,"hold_signals":409,"risk_blocked_signals":0,"sell_signals":0,"stop_loss_exits":15,"take_profit_exits":0},"starting_equity":500,"total_return":0.04500233678803811,"trade_analysis":{"average_loss":-6.490702631634451,"average_trade_duration_days":13.502604166666666,"average_win":4.995880141108299,"expectancy":1.4063230246261897,"largest_loss":-9.37140137703847,"largest_win":20.630902587998783,"max_trade_duration_days":38.0,"median_trade_duration_days":11.5,"profit_factor":1.6933353650913727,"time_in_market_percent":0.33860118853261933,"total_trades":16,"win_rate":0.6875}}