{"capital_utilization":{"average_cash_percent":0.9311030880295639,"average_exposure_percent":0.06889691197043611,"average_leverage":0.06889691197043611,"average_position_value":198.11529615485074,"max_exposure_percent":0.4182025686730712},"closed_trades":10,"equity_curve":[],"final_equity":592.743417647742,"max_drawdown":0.09158656119808128,"open_trades":0,"profit_factor":2.324730369760235,"sharpe":0.7628532955930806,"signal_diagnostics":{"buy_signals":10,"duplicate_buy_skips":0,"flat_sell_skips":0,"hold_signals":534,"risk_blocked_signals":0,"sell_signals":0,"stop_loss_exits":9,"take_profit_exits":0},"starting_equity":500,"total_return":0.18548683529548415,"trade_analysis":{"average_loss":-11.668213115263077,"average_trade_duration_days":12.604166666666668,"average_win":40.68817408483014,"expectancy":9.27434176477421,"largest_loss":-21.435622375759692,"largest_win":81.91160237775223,"max_trade_duration_days":33.0,"median_trade_duration_days":10.0,"profit_factor":2.324730369760235,"time_in_market_percent":0.1567601181530808,"total_trades":10,"win_rate":0.4}}