{"capital_utilization":{"average_cash_percent":0.9646610292615363,"average_exposure_percent":0.03533897073846371,"average_leverage":0.03533897073846371,"average_position_value":205.39014369052995,"max_exposure_percent":0.4060526694210715},"closed_trades":4,"equity_curve":[],"final_equity":511.4635257066547,"max_drawdown":0.0283736104752997,"open_trades":0,"profit_factor":1.9064062410447264,"sharpe":0.4288630042046666,"signal_diagnostics":{"buy_signals":4,"duplicate_buy_skips":0,"flat_sell_skips":0,"hold_signals":545,"risk_blocked_signals":0,"sell_signals":0,"stop_loss_exits":2,"take_profit_exits":2},"starting_equity":500,"total_return":0.022927051413309307,"trade_analysis":{"average_loss":-6.323613622431493,"average_trade_duration_days":16.739583333333332,"average_win":12.055376475758848,"expectancy":2.8658814266636776,"largest_loss":-7.671173723709258,"largest_win":12.809682681018005,"max_trade_duration_days":22.0,"median_trade_duration_days":18.979166666666664,"profit_factor":1.9064062410447264,"time_in_market_percent":0.08327719334611597,"total_trades":4,"win_rate":0.5}}