{"capital_utilization":{"average_cash_percent":0.918680068006156,"average_exposure_percent":0.08131993199384406,"average_leverage":0.08131993199384406,"average_position_value":196.14481300833742,"max_exposure_percent":0.41211832183257646},"closed_trades":9,"equity_curve":[],"final_equity":494.84311448925126,"max_drawdown":0.09989118532656835,"open_trades":0,"profit_factor":0.928162863441954,"sharpe":-0.02265101004329695,"signal_diagnostics":{"buy_signals":9,"duplicate_buy_skips":0,"flat_sell_skips":0,"hold_signals":423,"risk_blocked_signals":0,"sell_signals":0,"stop_loss_exits":7,"take_profit_exits":1},"starting_equity":500,"total_return":-0.010313771021497442,"trade_analysis":{"average_loss":-11.964298128220113,"average_trade_duration_days":13.0,"average_win":22.20963441952398,"expectancy":-0.5729872789720816,"largest_loss":-13.849259825226529,"largest_win":42.55184967203208,"max_trade_duration_days":24.0,"median_trade_duration_days":14.0,"profit_factor":0.928162863441954,"time_in_market_percent":0.18337360412721218,"total_trades":9,"win_rate":0.3333333333333333}}