{"capital_utilization":{"average_cash_percent":0.8237627037669453,"average_exposure_percent":0.1762372962330547,"average_leverage":0.1762372962330547,"average_position_value":192.5738496386463,"max_exposure_percent":0.409153449959333},"closed_trades":31,"equity_curve":[],"final_equity":501.4354002903264,"max_drawdown":0.09849837169648945,"open_trades":0,"profit_factor":1.0142891747967413,"sharpe":0.05834575507264439,"signal_diagnostics":{"buy_signals":31,"duplicate_buy_skips":0,"flat_sell_skips":0,"hold_signals":378,"risk_blocked_signals":0,"sell_signals":2,"stop_loss_exits":18,"take_profit_exits":11},"starting_equity":500,"total_return":0.0028708005806528103,"trade_analysis":{"average_loss":-5.5807603803598775,"average_trade_duration_days":7.450268817204301,"average_win":7.83762208744648,"expectancy":0.04630323517182061,"largest_loss":-10.453897151503025,"largest_win":13.072034646909716,"max_trade_duration_days":21.0,"median_trade_duration_days":6.0,"profit_factor":1.0142891747967413,"time_in_market_percent":0.3619800169790375,"total_trades":31,"win_rate":0.41935483870967744}}