{"capital_utilization":{"average_cash_percent":0.8529552611588346,"average_exposure_percent":0.1470447388411654,"average_leverage":0.1470447388411654,"average_position_value":185.84156493353598,"max_exposure_percent":0.4112573168120687},"closed_trades":24,"equity_curve":[],"final_equity":466.77761912365224,"max_drawdown":0.1270847776114962,"open_trades":0,"profit_factor":0.6630437399731771,"sharpe":-0.5012194774162106,"signal_diagnostics":{"buy_signals":24,"duplicate_buy_skips":0,"flat_sell_skips":0,"hold_signals":392,"risk_blocked_signals":0,"sell_signals":5,"stop_loss_exits":18,"take_profit_exits":1},"starting_equity":500,"total_return":-0.06644476175269554,"trade_analysis":{"average_loss":-6.573035300131266,"average_trade_duration_days":8.335069444444445,"average_win":7.263683180624582,"expectancy":-1.3842658698478225,"largest_loss":-12.624700498135576,"largest_win":17.853211631576137,"max_trade_duration_days":21.0,"median_trade_duration_days":7.5,"profit_factor":0.6630437399731771,"time_in_market_percent":0.31352445634428266,"total_trades":24,"win_rate":0.375}}