{"capital_utilization":{"average_cash_percent":0.708354086563854,"average_exposure_percent":0.291645913436146,"average_leverage":0.291645913436146,"average_position_value":211.0683474714323,"max_exposure_percent":0.40363626066314195},"closed_trades":24,"equity_curve":[],"final_equity":544.2318694015381,"max_drawdown":0.023442716470305765,"open_trades":0,"profit_factor":2.6673556907044764,"sharpe":1.1602986462957288,"signal_diagnostics":{"buy_signals":24,"duplicate_buy_skips":0,"flat_sell_skips":0,"hold_signals":505,"risk_blocked_signals":0,"sell_signals":5,"stop_loss_exits":15,"take_profit_exits":3},"starting_equity":500,"total_return":0.08846373880307623,"trade_analysis":{"average_loss":-2.652815451923741,"average_trade_duration_days":22.916666666666668,"average_win":5.054287422912542,"expectancy":1.8429945583974234,"largest_loss":-4.828593907728715,"largest_win":14.577365435870687,"max_trade_duration_days":55.958333333333336,"median_trade_duration_days":22.520833333333336,"profit_factor":2.6673556907044764,"time_in_market_percent":0.6840441519407162,"total_trades":24,"win_rate":0.5833333333333334}}