{"capital_utilization":{"average_cash_percent":0.7436594953836573,"average_exposure_percent":0.2563405046163428,"average_leverage":0.2563405046163428,"average_position_value":175.43203841375595,"max_exposure_percent":0.4227873428438571},"closed_trades":21,"equity_curve":[],"final_equity":351.7778235219028,"max_drawdown":0.3032313075275232,"open_trades":0,"profit_factor":0.3336215254209888,"sharpe":-2.3358659413324063,"signal_diagnostics":{"buy_signals":21,"duplicate_buy_skips":0,"flat_sell_skips":0,"hold_signals":146,"risk_blocked_signals":0,"sell_signals":7,"stop_loss_exits":13,"take_profit_exits":0},"starting_equity":500,"total_return":-0.2964443529561944,"trade_analysis":{"average_loss":-15.887815593912569,"average_trade_duration_days":6.95436507936508,"average_win":10.601034548096967,"expectancy":-7.058198879909391,"largest_loss":-23.855348905451862,"largest_win":27.12901580532709,"max_trade_duration_days":20.0,"median_trade_duration_days":6.0,"profit_factor":0.3336215254209888,"time_in_market_percent":0.5388162951575711,"total_trades":21,"win_rate":0.3333333333333333}}