{"capital_utilization":{"average_cash_percent":0.7686502492995282,"average_exposure_percent":0.23134975070047184,"average_leverage":0.23134975070047184,"average_position_value":213.4673208368519,"max_exposure_percent":0.40733182577466465},"closed_trades":26,"equity_curve":[],"final_equity":534.2212209760787,"max_drawdown":0.08731846327207547,"open_trades":0,"profit_factor":1.4657799576876862,"sharpe":0.5702850512183214,"signal_diagnostics":{"buy_signals":26,"duplicate_buy_skips":0,"flat_sell_skips":0,"hold_signals":500,"risk_blocked_signals":0,"sell_signals":11,"stop_loss_exits":15,"take_profit_exits":0},"starting_equity":500,"total_return":0.06844244195215743,"trade_analysis":{"average_loss":-4.321811115674125,"average_trade_duration_days":16.847756410256412,"average_win":11.965778882504315,"expectancy":1.316200806772258,"largest_loss":-9.33897363025579,"largest_win":34.27246554069273,"max_trade_duration_days":77.0,"median_trade_duration_days":8.5,"profit_factor":1.4657799576876862,"time_in_market_percent":0.5447997097994507,"total_trades":26,"win_rate":0.34615384615384615}}