{"capital_utilization":{"average_cash_percent":0.82933801641745,"average_exposure_percent":0.17066198358255,"average_leverage":0.17066198358255,"average_position_value":201.1385560279514,"max_exposure_percent":0.40531301947691245},"closed_trades":17,"equity_curve":[],"final_equity":523.1579100883015,"max_drawdown":0.039506035436147655,"open_trades":0,"profit_factor":1.6389682619950992,"sharpe":0.6185216856033311,"signal_diagnostics":{"buy_signals":17,"duplicate_buy_skips":0,"flat_sell_skips":0,"hold_signals":407,"risk_blocked_signals":0,"sell_signals":1,"stop_loss_exits":15,"take_profit_exits":0},"starting_equity":500,"total_return":0.04631582017660296,"trade_analysis":{"average_loss":-3.2947873606562585,"average_trade_duration_days":14.588235294117647,"average_win":9.900095175920049,"expectancy":1.362230005194203,"largest_loss":-6.423976229155885,"largest_win":13.349040653095372,"max_trade_duration_days":42.0,"median_trade_duration_days":11.0,"profit_factor":1.6389682619950992,"time_in_market_percent":0.38868934891921897,"total_trades":17,"win_rate":0.35294117647058826}}