{"capital_utilization":{"average_cash_percent":0.746977145386018,"average_exposure_percent":0.253022854613982,"average_leverage":0.253022854613982,"average_position_value":202.76791730940965,"max_exposure_percent":0.40379283834007096},"closed_trades":19,"equity_curve":[],"final_equity":536.4599491435271,"max_drawdown":0.028566284969736785,"open_trades":0,"profit_factor":2.489167526922904,"sharpe":0.9682056808854268,"signal_diagnostics":{"buy_signals":19,"duplicate_buy_skips":0,"flat_sell_skips":0,"hold_signals":515,"risk_blocked_signals":0,"sell_signals":5,"stop_loss_exits":14,"take_profit_exits":0},"starting_equity":500,"total_return":0.07291989828705403,"trade_analysis":{"average_loss":-3.0604304489220993,"average_trade_duration_days":25.682017543859647,"average_win":5.5403084304458,"expectancy":1.91894469176458,"largest_loss":-4.565783389435911,"largest_win":13.902995552278595,"max_trade_duration_days":59.0,"median_trade_duration_days":24.0,"profit_factor":2.489167526922904,"time_in_market_percent":0.606881898740737,"total_trades":19,"win_rate":0.5789473684210527}}