{"capital_utilization":{"average_cash_percent":0.9190770579399178,"average_exposure_percent":0.0809229420600822,"average_leverage":0.0809229420600822,"average_position_value":197.97867590082387,"max_exposure_percent":0.4060383739389098},"closed_trades":16,"equity_curve":[],"final_equity":482.83693401585106,"max_drawdown":0.06777308326153696,"open_trades":0,"profit_factor":0.7193219842185147,"sharpe":-0.3700941889438785,"signal_diagnostics":{"buy_signals":16,"duplicate_buy_skips":0,"flat_sell_skips":0,"hold_signals":520,"risk_blocked_signals":0,"sell_signals":1,"stop_loss_exits":11,"take_profit_exits":4},"starting_equity":500,"total_return":-0.034326131968297924,"trade_analysis":{"average_loss":-5.558963075492295,"average_trade_duration_days":9.0,"average_win":8.797105569253265,"expectancy":-1.0726916240093072,"largest_loss":-7.158399876710672,"largest_win":12.148251054632654,"max_trade_duration_days":29.0,"median_trade_duration_days":6.5,"profit_factor":0.7193219842185147,"time_in_market_percent":0.1790951961444784,"total_trades":16,"win_rate":0.3125}}