{"capital_utilization":{"average_cash_percent":0.7488045531896347,"average_exposure_percent":0.2511954468103653,"average_leverage":0.2511954468103653,"average_position_value":201.6988303142396,"max_exposure_percent":0.4050260010598911},"closed_trades":36,"equity_curve":[],"final_equity":518.5458534973752,"max_drawdown":0.028323929072580523,"open_trades":0,"profit_factor":1.3798612195182296,"sharpe":0.5446230366418688,"signal_diagnostics":{"buy_signals":36,"duplicate_buy_skips":0,"flat_sell_skips":0,"hold_signals":481,"risk_blocked_signals":0,"sell_signals":3,"stop_loss_exits":30,"take_profit_exits":3},"starting_equity":500,"total_return":0.037091706994750506,"trade_analysis":{"average_loss":-2.1227264458064026,"average_trade_duration_days":12.748842592592593,"average_win":5.182197057763266,"expectancy":0.5151625971493112,"largest_loss":-6.074207550967966,"largest_win":14.681179975414661,"max_trade_duration_days":41.0,"median_trade_duration_days":9.5,"profit_factor":1.3798612195182296,"time_in_market_percent":0.5708141161838628,"total_trades":36,"win_rate":0.3611111111111111}}