{"capital_utilization":{"average_cash_percent":0.9655059409997369,"average_exposure_percent":0.03449405900026313,"average_leverage":0.03449405900026313,"average_position_value":193.38772876011217,"max_exposure_percent":0.4112813128172444},"closed_trades":6,"equity_curve":[],"final_equity":484.8534231208073,"max_drawdown":0.08548913600566911,"open_trades":0,"profit_factor":0.5191834260856836,"sharpe":-0.4563322370118031,"signal_diagnostics":{"buy_signals":6,"duplicate_buy_skips":0,"flat_sell_skips":0,"hold_signals":428,"risk_blocked_signals":0,"sell_signals":0,"stop_loss_exits":5,"take_profit_exits":1},"starting_equity":500,"total_return":-0.03029315375838537,"trade_analysis":{"average_loss":-7.875444452696783,"average_trade_duration_days":7.840277777777778,"average_win":8.177600465797214,"expectancy":-2.5244294798654505,"largest_loss":-13.244790491131969,"largest_win":13.84799866606807,"max_trade_duration_days":11.041666666666666,"median_trade_duration_days":6.5,"profit_factor":0.5191834260856836,"time_in_market_percent":0.07372820479331287,"total_trades":6,"win_rate":0.3333333333333333}}