{"capital_utilization":{"average_cash_percent":0.9492333225069954,"average_exposure_percent":0.050766677493004515,"average_leverage":0.050766677493004515,"average_position_value":192.16899582964072,"max_exposure_percent":0.41510356797858766},"closed_trades":5,"equity_curve":[],"final_equity":493.0494340827782,"max_drawdown":0.10162380115292559,"open_trades":0,"profit_factor":0.8115020515886736,"sharpe":-0.13256229418920962,"signal_diagnostics":{"buy_signals":5,"duplicate_buy_skips":0,"flat_sell_skips":0,"hold_signals":430,"risk_blocked_signals":0,"sell_signals":0,"stop_loss_exits":3,"take_profit_exits":2},"starting_equity":500,"total_return":-0.013901131834443636,"trade_analysis":{"average_loss":-12.29114335337448,"average_trade_duration_days":14.4,"average_win":14.96143207145082,"expectancy":-1.39011318344436,"largest_loss":-17.668356826042185,"largest_win":15.831272721630997,"max_trade_duration_days":22.958333333333332,"median_trade_duration_days":15.0,"profit_factor":0.8115020515886736,"time_in_market_percent":0.1128452948475152,"total_trades":5,"win_rate":0.4}}