{"capital_utilization":{"average_cash_percent":0.7493425547154724,"average_exposure_percent":0.25065744528452755,"average_leverage":0.25065744528452755,"average_position_value":202.1013148809972,"max_exposure_percent":0.40379283834007096},"closed_trades":34,"equity_curve":[],"final_equity":521.9339128389457,"max_drawdown":0.02528176525136299,"open_trades":0,"profit_factor":1.4758280700045545,"sharpe":0.6225995896881588,"signal_diagnostics":{"buy_signals":34,"duplicate_buy_skips":0,"flat_sell_skips":0,"hold_signals":485,"risk_blocked_signals":0,"sell_signals":3,"stop_loss_exits":31,"take_profit_exits":0},"starting_equity":500,"total_return":0.04386782567789149,"trade_analysis":{"average_loss":-2.095286303988653,"average_trade_duration_days":13.616421568627452,"average_win":5.669184293891342,"expectancy":0.6451150834984043,"largest_loss":-4.565783389435911,"largest_win":14.886317967862762,"max_trade_duration_days":57.0,"median_trade_duration_days":9.0,"profit_factor":1.4758280700045545,"time_in_market_percent":0.5757889827434317,"total_trades":34,"win_rate":0.35294117647058826}}