{"capital_utilization":{"average_cash_percent":0.8860693558292551,"average_exposure_percent":0.11393064417074499,"average_leverage":0.11393064417074499,"average_position_value":203.6700968003543,"max_exposure_percent":0.40624098654921476},"closed_trades":24,"equity_curve":[],"final_equity":539.2013338103671,"max_drawdown":0.021429975601539353,"open_trades":0,"profit_factor":2.0817684971962636,"sharpe":1.081453234093306,"signal_diagnostics":{"buy_signals":24,"duplicate_buy_skips":0,"flat_sell_skips":0,"hold_signals":506,"risk_blocked_signals":0,"sell_signals":14,"stop_loss_exits":8,"take_profit_exits":1},"starting_equity":500,"total_return":0.07840266762073433,"trade_analysis":{"average_loss":-4.529773920202143,"average_trade_duration_days":8.168402777777777,"average_win":4.714970323249021,"expectancy":1.6333889087652989,"largest_loss":-7.551440746283723,"largest_win":10.152069895216323,"max_trade_duration_days":17.0,"median_trade_duration_days":7.0,"profit_factor":2.0817684971962636,"time_in_market_percent":0.24382028294553557,"total_trades":24,"win_rate":0.6666666666666666}}