{"capital_utilization":{"average_cash_percent":0.9397644275242214,"average_exposure_percent":0.06023557247577856,"average_leverage":0.06023557247577856,"average_position_value":212.16633626487882,"max_exposure_percent":0.4042685330684579},"closed_trades":11,"equity_curve":[],"final_equity":548.3004749594548,"max_drawdown":0.02945992202963751,"open_trades":0,"profit_factor":3.751399132120739,"sharpe":1.2883965218181,"signal_diagnostics":{"buy_signals":11,"duplicate_buy_skips":0,"flat_sell_skips":0,"hold_signals":530,"risk_blocked_signals":0,"sell_signals":3,"stop_loss_exits":7,"take_profit_exits":1},"starting_equity":500,"total_return":0.09660094991890977,"trade_analysis":{"average_loss":-3.510975517552449,"average_trade_duration_days":9.272727272727273,"average_win":10.97589209120285,"expectancy":4.3909522690413505,"largest_loss":-5.602097446339717,"largest_win":18.762159158339085,"max_trade_duration_days":20.0,"median_trade_duration_days":8.0,"profit_factor":3.751399132120739,"time_in_market_percent":0.12685909726900554,"total_trades":11,"win_rate":0.5454545454545454}}