{"capital_utilization":{"average_cash_percent":0.7929040743535173,"average_exposure_percent":0.20709592564648274,"average_leverage":0.20709592564648274,"average_position_value":212.06528711577963,"max_exposure_percent":0.40586367309300175},"closed_trades":21,"equity_curve":[],"final_equity":555.1878982931767,"max_drawdown":0.05029230287428035,"open_trades":0,"profit_factor":2.04464205654089,"sharpe":0.906715790191172,"signal_diagnostics":{"buy_signals":21,"duplicate_buy_skips":0,"flat_sell_skips":0,"hold_signals":512,"risk_blocked_signals":0,"sell_signals":3,"stop_loss_exits":13,"take_profit_exits":4},"starting_equity":500,"total_return":0.11037579658635321,"trade_analysis":{"average_loss":-4.40245679908769,"average_trade_duration_days":18.428571428571427,"average_win":12.00193109802544,"expectancy":2.627995156817937,"largest_loss":-7.623727595085145,"largest_win":26.055048228461192,"max_trade_duration_days":65.0,"median_trade_duration_days":12.0,"profit_factor":2.04464205654089,"time_in_market_percent":0.48131833963828574,"total_trades":21,"win_rate":0.42857142857142855}}