{"capital_utilization":{"average_cash_percent":0.8602132199061091,"average_exposure_percent":0.1397867800938909,"average_leverage":0.1397867800938909,"average_position_value":201.52322207856923,"max_exposure_percent":0.4037591257058696},"closed_trades":16,"equity_curve":[],"final_equity":512.5633742699763,"max_drawdown":0.02562250098255329,"open_trades":0,"profit_factor":1.548867184324966,"sharpe":0.5692458788837917,"signal_diagnostics":{"buy_signals":16,"duplicate_buy_skips":0,"flat_sell_skips":0,"hold_signals":409,"risk_blocked_signals":0,"sell_signals":3,"stop_loss_exits":11,"take_profit_exits":1},"starting_equity":500,"total_return":0.02512674853995267,"trade_analysis":{"average_loss":-2.2889643667488633,"average_trade_duration_days":12.625,"average_win":5.908836322910818,"expectancy":0.7852108918735172,"largest_loss":-4.562135541762856,"largest_win":11.805978882264668,"max_trade_duration_days":45.0,"median_trade_duration_days":9.0,"profit_factor":1.548867184324966,"time_in_market_percent":0.31659374387775097,"total_trades":16,"win_rate":0.375}}