{"capital_utilization":{"average_cash_percent":0.8168496667919065,"average_exposure_percent":0.18315033320809346,"average_leverage":0.18315033320809346,"average_position_value":211.03139328556838,"max_exposure_percent":0.40916351535733997},"closed_trades":32,"equity_curve":[],"final_equity":547.2316338590998,"max_drawdown":0.045312765198687474,"open_trades":0,"profit_factor":1.587330919509191,"sharpe":0.672257294131924,"signal_diagnostics":{"buy_signals":32,"duplicate_buy_skips":0,"flat_sell_skips":0,"hold_signals":490,"risk_blocked_signals":0,"sell_signals":7,"stop_loss_exits":22,"take_profit_exits":2},"starting_equity":500,"total_return":0.09446326771819957,"trade_analysis":{"average_loss":-4.467634125292827,"average_trade_duration_days":10.095052083333334,"average_win":9.117789151026475,"expectancy":1.4759885580968677,"largest_loss":-11.295952791103595,"largest_win":20.761469351666012,"max_trade_duration_days":20.0,"median_trade_duration_days":8.479166666666668,"profit_factor":1.587330919509191,"time_in_market_percent":0.40177229621184646,"total_trades":32,"win_rate":0.4375}}