{"capital_utilization":{"average_cash_percent":0.7140290377867662,"average_exposure_percent":0.28597096221323387,"average_leverage":0.28597096221323387,"average_position_value":170.20716823208613,"max_exposure_percent":0.4227873428438571},"closed_trades":19,"equity_curve":[],"final_equity":340.80381279198764,"max_drawdown":0.3249676041220862,"open_trades":0,"profit_factor":0.30454434270473585,"sharpe":-2.344036159936255,"signal_diagnostics":{"buy_signals":19,"duplicate_buy_skips":0,"flat_sell_skips":0,"hold_signals":150,"risk_blocked_signals":0,"sell_signals":2,"stop_loss_exits":14,"take_profit_exits":2},"starting_equity":500,"total_return":-0.31839237441602475,"trade_analysis":{"average_loss":-15.260612284723873,"average_trade_duration_days":8.844298245614034,"average_win":17.428249265711436,"expectancy":-8.378746695158544,"largest_loss":-23.855348905451862,"largest_win":25.010285982775375,"max_trade_duration_days":24.0,"median_trade_duration_days":7.0,"profit_factor":0.30454434270473585,"time_in_market_percent":0.6199846272098385,"total_trades":19,"win_rate":0.21052631578947367}}