{"capital_utilization":{"average_cash_percent":0.8451275610858332,"average_exposure_percent":0.15487243891416683,"average_leverage":0.15487243891416683,"average_position_value":205.31664809975774,"max_exposure_percent":0.4081037583484874},"closed_trades":21,"equity_curve":[],"final_equity":570.1629774388664,"max_drawdown":0.061506950441944604,"open_trades":0,"profit_factor":2.4115861546144077,"sharpe":1.2393085068901726,"signal_diagnostics":{"buy_signals":21,"duplicate_buy_skips":0,"flat_sell_skips":0,"hold_signals":511,"risk_blocked_signals":0,"sell_signals":9,"stop_loss_exits":9,"take_profit_exits":3},"starting_equity":500,"total_return":0.1403259548777327,"trade_analysis":{"average_loss":-5.522784674964318,"average_trade_duration_days":13.24206349206349,"average_win":9.989003292795436,"expectancy":3.3410941637555416,"largest_loss":-9.61985703300846,"largest_win":16.71760010449026,"max_trade_duration_days":24.0,"median_trade_duration_days":14.0,"profit_factor":2.4115861546144077,"time_in_market_percent":0.34585686894335904,"total_trades":21,"win_rate":0.5714285714285714}}