{"capital_utilization":{"average_cash_percent":0.8810984882217188,"average_exposure_percent":0.11890151177828123,"average_leverage":0.11890151177828123,"average_position_value":206.52349892130886,"max_exposure_percent":0.4189619961274654},"closed_trades":12,"equity_curve":[],"final_equity":608.4131095590799,"max_drawdown":0.12505776604584945,"open_trades":0,"profit_factor":2.1752999377054953,"sharpe":0.7031768165817504,"signal_diagnostics":{"buy_signals":12,"duplicate_buy_skips":0,"flat_sell_skips":0,"hold_signals":530,"risk_blocked_signals":0,"sell_signals":0,"stop_loss_exits":11,"take_profit_exits":0},"starting_equity":500,"total_return":0.2168262191181598,"trade_analysis":{"average_loss":-15.373821620764557,"average_trade_duration_days":19.25347222222222,"average_win":33.44267321394454,"expectancy":9.034425796589991,"largest_loss":-23.699575743158945,"largest_win":136.2053467266177,"max_trade_duration_days":45.0,"median_trade_duration_days":14.520833333333332,"profit_factor":2.1752999377054953,"time_in_market_percent":0.28735036534176295,"total_trades":12,"win_rate":0.5}}