{"capital_utilization":{"average_cash_percent":0.9376712396711124,"average_exposure_percent":0.062328760328887546,"average_leverage":0.062328760328887546,"average_position_value":210.60293440413744,"max_exposure_percent":0.4071619730785926},"closed_trades":10,"equity_curve":[],"final_equity":555.4246797260996,"max_drawdown":0.051546674509815656,"open_trades":0,"profit_factor":2.8083022217697047,"sharpe":0.9505346471035606,"signal_diagnostics":{"buy_signals":10,"duplicate_buy_skips":0,"flat_sell_skips":0,"hold_signals":532,"risk_blocked_signals":0,"sell_signals":4,"stop_loss_exits":5,"take_profit_exits":1},"starting_equity":500,"total_return":0.11084935945219931,"trade_analysis":{"average_loss":-6.130023959364263,"average_trade_duration_days":11.295833333333334,"average_win":17.214959904584184,"expectancy":5.542467972609961,"largest_loss":-9.134310800433537,"largest_win":27.821194048682813,"max_trade_duration_days":20.0,"median_trade_duration_days":11.0,"profit_factor":2.8083022217697047,"time_in_market_percent":0.14048815878115772,"total_trades":10,"win_rate":0.5}}