{"capital_utilization":{"average_cash_percent":0.8554434453047794,"average_exposure_percent":0.1445565546952205,"average_leverage":0.1445565546952205,"average_position_value":191.8891329423015,"max_exposure_percent":0.42462203086874384},"closed_trades":14,"equity_curve":[],"final_equity":526.4075969777505,"max_drawdown":0.16666672993616286,"open_trades":0,"profit_factor":1.237851259980011,"sharpe":0.2794852548370148,"signal_diagnostics":{"buy_signals":14,"duplicate_buy_skips":0,"flat_sell_skips":0,"hold_signals":412,"risk_blocked_signals":0,"sell_signals":8,"stop_loss_exits":5,"take_profit_exits":1},"starting_equity":500,"total_return":0.05281519395550105,"trade_analysis":{"average_loss":-22.205135242899097,"average_trade_duration_days":15.357142857142858,"average_win":15.270363688027333,"expectancy":1.8862569269821798,"largest_loss":-25.39899398618931,"largest_win":29.228350312133003,"max_trade_duration_days":25.041666666666668,"median_trade_duration_days":15.979166666666666,"profit_factor":1.237851259980011,"time_in_market_percent":0.3369685887807745,"total_trades":14,"win_rate":0.6428571428571429}}