{"capital_utilization":{"average_cash_percent":0.8218854504940172,"average_exposure_percent":0.17811454950598285,"average_leverage":0.17811454950598285,"average_position_value":181.82039296415584,"max_exposure_percent":0.40972972921712825},"closed_trades":29,"equity_curve":[],"final_equity":457.10068937859694,"max_drawdown":0.149338567011448,"open_trades":0,"profit_factor":0.6183312497003204,"sharpe":-0.6910183429750801,"signal_diagnostics":{"buy_signals":29,"duplicate_buy_skips":0,"flat_sell_skips":0,"hold_signals":382,"risk_blocked_signals":0,"sell_signals":0,"stop_loss_exits":19,"take_profit_exits":10},"starting_equity":500,"total_return":-0.08579862124280613,"trade_analysis":{"average_loss":-5.915754045845314,"average_trade_duration_days":8.10344827586207,"average_win":6.950001624965793,"expectancy":-1.4792865731518292,"largest_loss":-11.01500947575415,"largest_win":12.196360324250877,"max_trade_duration_days":21.0,"median_trade_duration_days":7.0,"profit_factor":0.6183312497003204,"time_in_market_percent":0.3683145040161954,"total_trades":29,"win_rate":0.3448275862068966}}