{"capital_utilization":{"average_cash_percent":0.7305933625006289,"average_exposure_percent":0.26940663749937116,"average_leverage":0.26940663749937116,"average_position_value":218.9563733869356,"max_exposure_percent":0.40549614817209056},"closed_trades":26,"equity_curve":[],"final_equity":584.7308099160256,"max_drawdown":0.039194086515715314,"open_trades":0,"profit_factor":3.9503413342590026,"sharpe":1.3676156260091377,"signal_diagnostics":{"buy_signals":26,"duplicate_buy_skips":0,"flat_sell_skips":0,"hold_signals":502,"risk_blocked_signals":0,"sell_signals":9,"stop_loss_exits":13,"take_profit_exits":3},"starting_equity":500,"total_return":0.1694616198320511,"trade_analysis":{"average_loss":-3.1909983857777866,"average_trade_duration_days":19.536858974358974,"average_win":6.673517375766218,"expectancy":3.2588773044625237,"largest_loss":-7.1145491122491755,"largest_win":20.506348895309586,"max_trade_duration_days":43.0,"median_trade_duration_days":19.0,"profit_factor":3.9503413342590026,"time_in_market_percent":0.6317562315385812,"total_trades":26,"win_rate":0.6538461538461539}}