{"capital_utilization":{"average_cash_percent":0.8729745711425854,"average_exposure_percent":0.1270254288574146,"average_leverage":0.1270254288574146,"average_position_value":198.94779377906926,"max_exposure_percent":0.40494408603460846},"closed_trades":12,"equity_curve":[],"final_equity":510.4632279115288,"max_drawdown":0.028744443357544495,"open_trades":0,"profit_factor":1.5295338893486492,"sharpe":0.4972098639136058,"signal_diagnostics":{"buy_signals":12,"duplicate_buy_skips":0,"flat_sell_skips":0,"hold_signals":417,"risk_blocked_signals":0,"sell_signals":1,"stop_loss_exits":10,"take_profit_exits":0},"starting_equity":500,"total_return":0.02092645582305752,"trade_analysis":{"average_loss":-2.469914608392448,"average_trade_duration_days":15.583333333333334,"average_win":7.555636194667094,"expectancy":0.8719356592940658,"largest_loss":-5.974292661057205,"largest_win":17.2783663488913,"max_trade_duration_days":52.0,"median_trade_duration_days":12.0,"profit_factor":1.5295338893486492,"time_in_market_percent":0.2930843074511853,"total_trades":12,"win_rate":0.3333333333333333}}