{"capital_utilization":{"average_cash_percent":0.9136143681399971,"average_exposure_percent":0.08638563186000296,"average_leverage":0.08638563186000296,"average_position_value":208.50526776649266,"max_exposure_percent":0.40827819705182167},"closed_trades":16,"equity_curve":[],"final_equity":549.8074636147956,"max_drawdown":0.03430926977566396,"open_trades":0,"profit_factor":2.1663848173063083,"sharpe":1.0790052615319738,"signal_diagnostics":{"buy_signals":16,"duplicate_buy_skips":0,"flat_sell_skips":0,"hold_signals":521,"risk_blocked_signals":0,"sell_signals":6,"stop_loss_exits":9,"take_profit_exits":1},"starting_equity":500,"total_return":0.0996149272295912,"trade_analysis":{"average_loss":-6.100346848995549,"average_trade_duration_days":9.625,"average_win":10.278876839751593,"expectancy":3.1129664759247198,"largest_loss":-10.591193960411813,"largest_win":16.905259455160504,"max_trade_duration_days":16.0,"median_trade_duration_days":9.520833333333332,"profit_factor":2.1663848173063083,"time_in_market_percent":0.19153236254340053,"total_trades":16,"win_rate":0.5625}}