{"capital_utilization":{"average_cash_percent":0.8047730526758506,"average_exposure_percent":0.19522694732414939,"average_leverage":0.19522694732414939,"average_position_value":195.05291340227015,"max_exposure_percent":0.4200693774773832},"closed_trades":27,"equity_curve":[],"final_equity":463.9276435428857,"max_drawdown":0.22419432025313518,"open_trades":0,"profit_factor":0.8410277792394916,"sharpe":-0.1684803896140773,"signal_diagnostics":{"buy_signals":27,"duplicate_buy_skips":0,"flat_sell_skips":0,"hold_signals":499,"risk_blocked_signals":0,"sell_signals":9,"stop_loss_exits":14,"take_profit_exits":3},"starting_equity":500,"total_return":-0.07214471291422864,"trade_analysis":{"average_loss":-11.345490515433285,"average_trade_duration_days":13.18827160493827,"average_win":27.262493407364484,"expectancy":-1.3360132021153444,"largest_loss":-23.225787315816614,"largest_win":68.61361500923313,"max_trade_duration_days":56.0,"median_trade_duration_days":9.0,"profit_factor":0.8410277792394916,"time_in_market_percent":0.4428667668549515,"total_trades":27,"win_rate":0.25925925925925924}}