{"capital_utilization":{"average_cash_percent":0.7620087925425303,"average_exposure_percent":0.23799120745746977,"average_leverage":0.23799120745746977,"average_position_value":215.5425420841173,"max_exposure_percent":0.4094340140373104},"closed_trades":27,"equity_curve":[],"final_equity":555.6261923710892,"max_drawdown":0.05756568818158284,"open_trades":0,"profit_factor":1.7983210224505524,"sharpe":0.7879644108197944,"signal_diagnostics":{"buy_signals":27,"duplicate_buy_skips":0,"flat_sell_skips":0,"hold_signals":499,"risk_blocked_signals":0,"sell_signals":14,"stop_loss_exits":13,"take_profit_exits":0},"starting_equity":500,"total_return":0.11125238474217847,"trade_analysis":{"average_loss":-4.645265150798379,"average_trade_duration_days":16.740740740740737,"average_win":10.442097469422075,"expectancy":2.060229347077378,"largest_loss":-11.391868586328568,"largest_win":24.708701323429512,"max_trade_duration_days":61.0,"median_trade_duration_days":8.0,"profit_factor":1.7983210224505524,"time_in_market_percent":0.5621599212312794,"total_trades":27,"win_rate":0.4444444444444444}}