{"capital_utilization":{"average_cash_percent":0.7441349261853107,"average_exposure_percent":0.2558650738146892,"average_leverage":0.2558650738146892,"average_position_value":216.21485481705562,"max_exposure_percent":0.40730210911172315},"closed_trades":33,"equity_curve":[],"final_equity":546.647176589354,"max_drawdown":0.08199135691485021,"open_trades":0,"profit_factor":1.571518934769736,"sharpe":0.7522402541181362,"signal_diagnostics":{"buy_signals":33,"duplicate_buy_skips":0,"flat_sell_skips":0,"hold_signals":487,"risk_blocked_signals":0,"sell_signals":1,"stop_loss_exits":31,"take_profit_exits":0},"starting_equity":500,"total_return":0.09329435317870804,"trade_analysis":{"average_loss":-4.801156002268208,"average_trade_duration_days":14.516414141414142,"average_win":8.016676789244599,"expectancy":1.413550805738001,"largest_loss":-9.611811744008653,"largest_win":25.63992485048172,"max_trade_duration_days":41.0,"median_trade_duration_days":11.0,"profit_factor":1.571518934769736,"time_in_market_percent":0.5957920920350314,"total_trades":33,"win_rate":0.48484848484848486}}