{"capital_utilization":{"average_cash_percent":0.878152906121047,"average_exposure_percent":0.12184709387895294,"average_leverage":0.12184709387895294,"average_position_value":204.6333985248107,"max_exposure_percent":0.40469785218642884},"closed_trades":30,"equity_curve":[],"final_equity":533.7638788651195,"max_drawdown":0.020105201198242148,"open_trades":0,"profit_factor":1.803933639842295,"sharpe":1.0004057647625564,"signal_diagnostics":{"buy_signals":30,"duplicate_buy_skips":0,"flat_sell_skips":0,"hold_signals":494,"risk_blocked_signals":0,"sell_signals":1,"stop_loss_exits":13,"take_profit_exits":15},"starting_equity":500,"total_return":0.06752775773023911,"trade_analysis":{"average_loss":-2.9998814749136753,"average_trade_duration_days":6.533333333333333,"average_win":4.735138719619436,"expectancy":1.1254626288373175,"largest_loss":-5.6737082859226895,"largest_win":8.024933916195538,"max_trade_duration_days":21.0,"median_trade_duration_days":5.0,"profit_factor":1.803933639842295,"time_in_market_percent":0.2437684614188734,"total_trades":30,"win_rate":0.5333333333333333}}