{"capital_utilization":{"average_cash_percent":0.8338044045246686,"average_exposure_percent":0.16619559547533133,"average_leverage":0.16619559547533133,"average_position_value":185.6498281129899,"max_exposure_percent":0.40909195456063274},"closed_trades":27,"equity_curve":[],"final_equity":453.59682118378157,"max_drawdown":0.12420420420154266,"open_trades":0,"profit_factor":0.47010085065753304,"sharpe":-1.0262204288113954,"signal_diagnostics":{"buy_signals":27,"duplicate_buy_skips":0,"flat_sell_skips":0,"hold_signals":386,"risk_blocked_signals":0,"sell_signals":3,"stop_loss_exits":23,"take_profit_exits":1},"starting_equity":500,"total_return":-0.09280635763243683,"trade_analysis":{"average_loss":-4.378491536908344,"average_trade_duration_days":8.146604938271606,"average_win":5.8809502745640625,"expectancy":-1.7186362524525334,"largest_loss":-10.738281537783621,"largest_win":9.869136624783016,"max_trade_duration_days":21.0,"median_trade_duration_days":7.0,"profit_factor":0.47010085065753304,"time_in_market_percent":0.344739763599556,"total_trades":27,"win_rate":0.25925925925925924}}