{"capital_utilization":{"average_cash_percent":0.80143164873864,"average_exposure_percent":0.19856835126135994,"average_leverage":0.19856835126135994,"average_position_value":207.34034926462635,"max_exposure_percent":0.4051952812200722},"closed_trades":31,"equity_curve":[],"final_equity":542.5520778061918,"max_drawdown":0.03794419164966584,"open_trades":0,"profit_factor":1.6412614158362233,"sharpe":0.7372280959831312,"signal_diagnostics":{"buy_signals":31,"duplicate_buy_skips":0,"flat_sell_skips":0,"hold_signals":490,"risk_blocked_signals":0,"sell_signals":4,"stop_loss_exits":25,"take_profit_exits":2},"starting_equity":500,"total_return":0.08510415561238371,"trade_analysis":{"average_loss":-3.686490819790679,"average_trade_duration_days":11.646505376344086,"average_win":8.377608658648,"expectancy":1.3726476711674775,"largest_loss":-6.717424553115847,"largest_win":24.0923389073322,"max_trade_duration_days":27.0,"median_trade_duration_days":9.0,"profit_factor":1.6412614158362233,"time_in_market_percent":0.44903352852775047,"total_trades":31,"win_rate":0.41935483870967744}}