{"capital_utilization":{"average_cash_percent":0.9595317769204268,"average_exposure_percent":0.04046822307957316,"average_leverage":0.04046822307957316,"average_position_value":200.65161903169258,"max_exposure_percent":0.4074368881110624},"closed_trades":6,"equity_curve":[],"final_equity":511.10517822928375,"max_drawdown":0.043448233854258514,"open_trades":0,"profit_factor":1.5698873382065301,"sharpe":0.40218054182727186,"signal_diagnostics":{"buy_signals":6,"duplicate_buy_skips":0,"flat_sell_skips":0,"hold_signals":540,"risk_blocked_signals":0,"sell_signals":1,"stop_loss_exits":3,"take_profit_exits":2},"starting_equity":500,"total_return":0.022210356458567393,"trade_analysis":{"average_loss":-6.495540132682149,"average_trade_duration_days":12.666666666666666,"average_win":10.19726620911007,"expectancy":1.850863038213961,"largest_loss":-8.99398952231374,"largest_win":11.022958964789387,"max_trade_duration_days":22.0,"median_trade_duration_days":13.5,"profit_factor":1.5698873382065301,"time_in_market_percent":0.09452246463180805,"total_trades":6,"win_rate":0.5}}