{"capital_utilization":{"average_cash_percent":0.9278655222298531,"average_exposure_percent":0.07213447777014692,"average_leverage":0.07213447777014692,"average_position_value":200.49135707997362,"max_exposure_percent":0.4079308764801643},"closed_trades":17,"equity_curve":[],"final_equity":528.0238318266875,"max_drawdown":0.030484957228412397,"open_trades":0,"profit_factor":1.5538181493224243,"sharpe":0.7069982088980912,"signal_diagnostics":{"buy_signals":17,"duplicate_buy_skips":0,"flat_sell_skips":0,"hold_signals":519,"risk_blocked_signals":0,"sell_signals":0,"stop_loss_exits":8,"take_profit_exits":9},"starting_equity":500,"total_return":0.05604766365337488,"trade_analysis":{"average_loss":-6.325142978108774,"average_trade_duration_days":6.821078431372548,"average_win":8.736108405728624,"expectancy":1.648460695687495,"largest_loss":-9.591452693832187,"largest_win":14.187134652677909,"max_trade_duration_days":16.0,"median_trade_duration_days":7.0,"profit_factor":1.5538181493224243,"time_in_market_percent":0.14421930870083433,"total_trades":17,"win_rate":0.5294117647058824}}