{"capital_utilization":{"average_cash_percent":0.7130390459037259,"average_exposure_percent":0.28696095409627403,"average_leverage":0.28696095409627403,"average_position_value":204.61716506540176,"max_exposure_percent":0.40407650760910263},"closed_trades":39,"equity_curve":[],"final_equity":505.78572095817185,"max_drawdown":0.050880809815190185,"open_trades":0,"profit_factor":1.1068555200404218,"sharpe":0.1743688773348456,"signal_diagnostics":{"buy_signals":39,"duplicate_buy_skips":0,"flat_sell_skips":0,"hold_signals":475,"risk_blocked_signals":0,"sell_signals":2,"stop_loss_exits":36,"take_profit_exits":0},"starting_equity":500,"total_return":0.011571441916343739,"trade_analysis":{"average_loss":-2.354142163575149,"average_trade_duration_days":13.435897435897436,"average_win":3.7456869200250162,"expectancy":0.14835181944030373,"largest_loss":-5.016688629531593,"largest_win":15.01566028490264,"max_trade_duration_days":57.0,"median_trade_duration_days":9.0,"profit_factor":1.1068555200404218,"time_in_market_percent":0.6517075193035187,"total_trades":39,"win_rate":0.41025641025641024}}