{"capital_utilization":{"average_cash_percent":0.9263947559938849,"average_exposure_percent":0.0736052440061151,"average_leverage":0.0736052440061151,"average_position_value":204.49139099459774,"max_exposure_percent":0.41123069432827514},"closed_trades":19,"equity_curve":[],"final_equity":511.88843980048915,"max_drawdown":0.040587619906125305,"open_trades":0,"profit_factor":1.1946797225204546,"sharpe":0.2700142188796287,"signal_diagnostics":{"buy_signals":19,"duplicate_buy_skips":0,"flat_sell_skips":0,"hold_signals":515,"risk_blocked_signals":0,"sell_signals":1,"stop_loss_exits":10,"take_profit_exits":7},"starting_equity":500,"total_return":0.023776879600978296,"trade_analysis":{"average_loss":-6.785184088554028,"average_trade_duration_days":6.208333333333334,"average_win":7.2955096597475375,"expectancy":0.6257073579204807,"largest_loss":-14.203339219189015,"largest_win":13.444286734252797,"max_trade_duration_days":21.0,"median_trade_duration_days":6.0,"profit_factor":1.1946797225204546,"time_in_market_percent":0.14670674198061875,"total_trades":19,"win_rate":0.5263157894736842}}