{"capital_utilization":{"average_cash_percent":0.8153678678691089,"average_exposure_percent":0.1846321321308911,"average_leverage":0.1846321321308911,"average_position_value":171.17442573238435,"max_exposure_percent":0.4246961541099068},"closed_trades":27,"equity_curve":[],"final_equity":442.5660091229558,"max_drawdown":0.2348980920046542,"open_trades":0,"profit_factor":0.7777289781906976,"sharpe":-0.28466733628423985,"signal_diagnostics":{"buy_signals":27,"duplicate_buy_skips":0,"flat_sell_skips":0,"hold_signals":499,"risk_blocked_signals":0,"sell_signals":8,"stop_loss_exits":16,"take_profit_exits":3},"starting_equity":500,"total_return":-0.11486798175408841,"trade_analysis":{"average_loss":-16.149763476117847,"average_trade_duration_days":12.407407407407407,"average_win":18.269293158258304,"expectancy":-2.127184847297933,"largest_loss":-25.089418957069377,"largest_win":31.986672614226002,"max_trade_duration_days":25.0,"median_trade_duration_days":12.0,"profit_factor":0.7777289781906976,"time_in_market_percent":0.41664507436389076,"total_trades":27,"win_rate":0.4074074074074074}}