{"capital_utilization":{"average_cash_percent":0.8394261259758057,"average_exposure_percent":0.16057387402419432,"average_leverage":0.16057387402419432,"average_position_value":201.6654281529542,"max_exposure_percent":0.4070697501018377},"closed_trades":20,"equity_curve":[],"final_equity":518.9302707529902,"max_drawdown":0.05833606639120374,"open_trades":0,"profit_factor":1.3658747426733615,"sharpe":0.42526126172624606,"signal_diagnostics":{"buy_signals":20,"duplicate_buy_skips":0,"flat_sell_skips":0,"hold_signals":401,"risk_blocked_signals":0,"sell_signals":2,"stop_loss_exits":17,"take_profit_exits":0},"starting_equity":500,"total_return":0.03786054150598028,"trade_analysis":{"average_loss":-5.173975829725516,"average_trade_duration_days":11.352083333333333,"average_win":7.067002905024532,"expectancy":0.9465135376495079,"largest_loss":-8.554029165956385,"largest_win":25.336899421163974,"max_trade_duration_days":35.041666666666664,"median_trade_duration_days":7.0,"profit_factor":1.3658747426733615,"time_in_market_percent":0.3558414419121008,"total_trades":20,"win_rate":0.5}}