{"capital_utilization":{"average_cash_percent":0.7846291340786415,"average_exposure_percent":0.21537086592135843,"average_leverage":0.21537086592135843,"average_position_value":211.90939285387424,"max_exposure_percent":0.407332488345307},"closed_trades":30,"equity_curve":[],"final_equity":542.654747339215,"max_drawdown":0.06418235548392132,"open_trades":0,"profit_factor":1.673909911450809,"sharpe":0.7570651147619082,"signal_diagnostics":{"buy_signals":30,"duplicate_buy_skips":0,"flat_sell_skips":0,"hold_signals":492,"risk_blocked_signals":0,"sell_signals":4,"stop_loss_exits":26,"take_profit_exits":0},"starting_equity":500,"total_return":0.08530949467842985,"trade_analysis":{"average_loss":-4.521031098248185,"average_trade_duration_days":13.101388888888888,"average_win":6.621823919668102,"expectancy":1.4218249113071668,"largest_loss":-9.242079022485195,"largest_win":20.63609608489911,"max_trade_duration_days":45.0,"median_trade_duration_days":9.0,"profit_factor":1.673909911450809,"time_in_market_percent":0.48883246100430117,"total_trades":30,"win_rate":0.5333333333333333}}