{"capital_utilization":{"average_cash_percent":0.8285024836009407,"average_exposure_percent":0.17149751639905933,"average_leverage":0.17149751639905933,"average_position_value":207.97208135997676,"max_exposure_percent":0.40753333855253815},"closed_trades":14,"equity_curve":[],"final_equity":534.9195484686228,"max_drawdown":0.05111615089295185,"open_trades":0,"profit_factor":1.7110233244706525,"sharpe":0.6892046915118762,"signal_diagnostics":{"buy_signals":14,"duplicate_buy_skips":0,"flat_sell_skips":0,"hold_signals":413,"risk_blocked_signals":0,"sell_signals":2,"stop_loss_exits":8,"take_profit_exits":3},"starting_equity":500,"total_return":0.06983909693724555,"trade_analysis":{"average_loss":-5.4568530965359665,"average_trade_duration_days":18.431547619047617,"average_win":16.8062452674893,"expectancy":2.4942534620444863,"largest_loss":-9.701844184093726,"largest_win":29.75421115094517,"max_trade_duration_days":49.0,"median_trade_duration_days":16.5,"profit_factor":1.7110233244706525,"time_in_market_percent":0.40442761052700316,"total_trades":14,"win_rate":0.35714285714285715}}