{"capital_utilization":{"average_cash_percent":0.8378437637942029,"average_exposure_percent":0.16215623620579706,"average_leverage":0.16215623620579706,"average_position_value":213.89544037819732,"max_exposure_percent":0.4097715415824939},"closed_trades":30,"equity_curve":[],"final_equity":567.2739282426426,"max_drawdown":0.05970250461609308,"open_trades":0,"profit_factor":1.8215965260487845,"sharpe":1.050010304120079,"signal_diagnostics":{"buy_signals":30,"duplicate_buy_skips":0,"flat_sell_skips":0,"hold_signals":494,"risk_blocked_signals":0,"sell_signals":1,"stop_loss_exits":12,"take_profit_exits":16},"starting_equity":500,"total_return":0.1345478564852851,"trade_analysis":{"average_loss":-5.848710938287074,"average_trade_duration_days":9.268055555555554,"average_win":9.322242586166354,"expectancy":2.242464274754754,"largest_loss":-11.7943335855226,"largest_win":14.783686293154894,"max_trade_duration_days":34.0,"median_trade_duration_days":7.0,"profit_factor":1.8215965260487845,"time_in_market_percent":0.3458050474166969,"total_trades":30,"win_rate":0.5333333333333333}}