{"capital_utilization":{"average_cash_percent":0.8499102206404012,"average_exposure_percent":0.15008977935959883,"average_leverage":0.15008977935959883,"average_position_value":198.89406404123557,"max_exposure_percent":0.41353520710560876},"closed_trades":25,"equity_curve":[],"final_equity":520.1104150113961,"max_drawdown":0.19817818067277818,"open_trades":0,"profit_factor":1.1083108008276132,"sharpe":0.20221099577957716,"signal_diagnostics":{"buy_signals":25,"duplicate_buy_skips":0,"flat_sell_skips":0,"hold_signals":502,"risk_blocked_signals":0,"sell_signals":0,"stop_loss_exits":25,"take_profit_exits":0},"starting_equity":500,"total_return":0.0402208300227922,"trade_analysis":{"average_loss":-10.315178817568643,"average_trade_duration_days":10.883333333333335,"average_win":29.39766196109024,"expectancy":0.8044166004558422,"largest_loss":-16.93284035332063,"largest_win":78.35042454553704,"max_trade_duration_days":33.0,"median_trade_duration_days":8.0,"profit_factor":1.1083108008276132,"time_in_market_percent":0.3383945691040059,"total_trades":25,"win_rate":0.28}}