{"capital_utilization":{"average_cash_percent":0.8658256874451774,"average_exposure_percent":0.1341743125548226,"average_leverage":0.1341743125548226,"average_position_value":199.9595135478315,"max_exposure_percent":0.40494408603460846},"closed_trades":13,"equity_curve":[],"final_equity":514.892232725983,"max_drawdown":0.028323022893310623,"open_trades":0,"profit_factor":1.7652939191595338,"sharpe":0.6867458521602049,"signal_diagnostics":{"buy_signals":13,"duplicate_buy_skips":0,"flat_sell_skips":0,"hold_signals":415,"risk_blocked_signals":0,"sell_signals":2,"stop_loss_exits":10,"take_profit_exits":0},"starting_equity":500,"total_return":0.029784465451966113,"trade_analysis":{"average_loss":-2.162166043245778,"average_trade_duration_days":15.076923076923077,"average_win":8.587931778798755,"expectancy":1.1455563635371553,"largest_loss":-5.974292661057205,"largest_win":17.41263094737883,"max_trade_duration_days":52.0,"median_trade_duration_days":14.0,"profit_factor":1.7652939191595338,"time_in_market_percent":0.30718996930712467,"total_trades":13,"win_rate":0.3076923076923077}}