{"capital_utilization":{"average_cash_percent":0.8090046645032437,"average_exposure_percent":0.19099533549675626,"average_leverage":0.19099533549675626,"average_position_value":204.75375501694342,"max_exposure_percent":0.4104551236028539},"closed_trades":26,"equity_curve":[],"final_equity":548.2476914274157,"max_drawdown":0.07360080078737158,"open_trades":0,"profit_factor":1.5496969460134513,"sharpe":0.6323540404231935,"signal_diagnostics":{"buy_signals":26,"duplicate_buy_skips":0,"flat_sell_skips":0,"hold_signals":388,"risk_blocked_signals":0,"sell_signals":13,"stop_loss_exits":13,"take_profit_exits":0},"starting_equity":500,"total_return":0.09649538285483139,"trade_analysis":{"average_loss":-7.314286501759558,"average_trade_duration_days":10.23076923076923,"average_win":9.715652103466455,"expectancy":1.8556804395159874,"largest_loss":-12.190929801146913,"largest_win":19.687223209375944,"max_trade_duration_days":22.0,"median_trade_duration_days":12.0,"profit_factor":1.5496969460134513,"time_in_market_percent":0.41690067263109776,"total_trades":26,"win_rate":0.5384615384615384}}