{"capital_utilization":{"average_cash_percent":0.8645863810701935,"average_exposure_percent":0.13541361892980655,"average_leverage":0.13541361892980655,"average_position_value":199.37875540114285,"max_exposure_percent":0.4037842486939074},"closed_trades":13,"equity_curve":[],"final_equity":511.94892255049484,"max_drawdown":0.030465241289562527,"open_trades":0,"profit_factor":1.4246287540756475,"sharpe":0.5461596137835643,"signal_diagnostics":{"buy_signals":13,"duplicate_buy_skips":0,"flat_sell_skips":0,"hold_signals":415,"risk_blocked_signals":0,"sell_signals":0,"stop_loss_exits":9,"take_profit_exits":3},"starting_equity":500,"total_return":0.02389784510098969,"trade_analysis":{"average_loss":-3.126632495852065,"average_trade_duration_days":15.384615384615385,"average_win":10.022153753290858,"expectancy":0.9191478884996036,"largest_loss":-4.532217282212408,"largest_win":14.746341090013813,"max_trade_duration_days":36.0,"median_trade_duration_days":11.0,"profit_factor":1.4246287540756475,"time_in_market_percent":0.31345915235420885,"total_trades":13,"win_rate":0.3076923076923077}}