{"capital_utilization":{"average_cash_percent":0.898671069048941,"average_exposure_percent":0.10132893095105895,"average_leverage":0.10132893095105895,"average_position_value":213.47169313659998,"max_exposure_percent":0.40685858888961485},"closed_trades":19,"equity_curve":[],"final_equity":555.487417957527,"max_drawdown":0.04014422139817775,"open_trades":0,"profit_factor":2.150815467036442,"sharpe":1.044102832112392,"signal_diagnostics":{"buy_signals":19,"duplicate_buy_skips":0,"flat_sell_skips":0,"hold_signals":516,"risk_blocked_signals":0,"sell_signals":10,"stop_loss_exits":7,"take_profit_exits":1},"starting_equity":500,"total_return":0.11097483591505397,"trade_analysis":{"average_loss":-5.357304310328851,"average_trade_duration_days":9.155701754385966,"average_win":10.370315675048662,"expectancy":2.9203904188172083,"largest_loss":-8.298966768904425,"largest_win":17.354582494835505,"max_trade_duration_days":20.0,"median_trade_duration_days":8.0,"profit_factor":2.150815467036442,"time_in_market_percent":0.2163548738145826,"total_trades":19,"win_rate":0.5263157894736842}}