{"capital_utilization":{"average_cash_percent":0.8055560301796991,"average_exposure_percent":0.1944439698203009,"average_leverage":0.1944439698203009,"average_position_value":207.268380656829,"max_exposure_percent":0.4064376259799463},"closed_trades":21,"equity_curve":[],"final_equity":541.5395444902721,"max_drawdown":0.05073304948492719,"open_trades":0,"profit_factor":1.6989945392048595,"sharpe":0.7109548083867606,"signal_diagnostics":{"buy_signals":21,"duplicate_buy_skips":0,"flat_sell_skips":0,"hold_signals":510,"risk_blocked_signals":0,"sell_signals":1,"stop_loss_exits":17,"take_profit_exits":3},"starting_equity":500,"total_return":0.08307908898054417,"trade_analysis":{"average_loss":-5.402506049166171,"average_trade_duration_days":17.335317460317462,"average_win":10.09671110311,"expectancy":1.9780735471558146,"largest_loss":-8.165294338226296,"largest_win":23.89815182042175,"max_trade_duration_days":52.041666666666664,"median_trade_duration_days":15.0,"profit_factor":1.6989945392048595,"time_in_market_percent":0.4527646784474271,"total_trades":21,"win_rate":0.47619047619047616}}