{"capital_utilization":{"average_cash_percent":0.7094777207271613,"average_exposure_percent":0.2905222792728387,"average_leverage":0.2905222792728387,"average_position_value":215.63845193690454,"max_exposure_percent":0.40542388245039},"closed_trades":17,"equity_curve":[],"final_equity":544.0518735906085,"max_drawdown":0.0393963924562892,"open_trades":0,"profit_factor":2.838390470566126,"sharpe":1.0837103294753174,"signal_diagnostics":{"buy_signals":17,"duplicate_buy_skips":0,"flat_sell_skips":0,"hold_signals":519,"risk_blocked_signals":0,"sell_signals":0,"stop_loss_exits":16,"take_profit_exits":0},"starting_equity":500,"total_return":0.08810374718121694,"trade_analysis":{"average_loss":-3.423170920114927,"average_trade_duration_days":33.294117647058826,"average_win":6.801407003141302,"expectancy":2.591286681800501,"largest_loss":-7.0747370190675785,"largest_win":25.030863974471913,"max_trade_duration_days":98.0,"median_trade_duration_days":29.0,"profit_factor":2.838390470566126,"time_in_market_percent":0.7039436181789915,"total_trades":17,"win_rate":0.5882352941176471}}