{"capital_utilization":{"average_cash_percent":0.8650217062577323,"average_exposure_percent":0.1349782937422676,"average_leverage":0.1349782937422676,"average_position_value":178.19119340475083,"max_exposure_percent":0.42219083459089957},"closed_trades":20,"equity_curve":[],"final_equity":430.5106238287452,"max_drawdown":0.25565492544501905,"open_trades":0,"profit_factor":0.6571663761710338,"sharpe":-0.5312119826097791,"signal_diagnostics":{"buy_signals":20,"duplicate_buy_skips":0,"flat_sell_skips":0,"hold_signals":400,"risk_blocked_signals":0,"sell_signals":6,"stop_loss_exits":13,"take_profit_exits":1},"starting_equity":500,"total_return":-0.13897875234250956,"trade_analysis":{"average_loss":-16.890937600955628,"average_trade_duration_days":9.45,"average_win":16.6502343800266,"expectancy":-3.474468808562738,"largest_loss":-25.163149068479154,"largest_win":26.894010575736598,"max_trade_duration_days":22.0,"median_trade_duration_days":9.5,"profit_factor":0.6571663761710338,"time_in_market_percent":0.29621889897472736,"total_trades":20,"win_rate":0.4}}