{"capital_utilization":{"average_cash_percent":0.8887747396989605,"average_exposure_percent":0.11122526030103957,"average_leverage":0.11122526030103957,"average_position_value":203.85600449516087,"max_exposure_percent":0.40603111608487336},"closed_trades":31,"equity_curve":[],"final_equity":537.6489737399882,"max_drawdown":0.027737836981892475,"open_trades":0,"profit_factor":1.684274358230674,"sharpe":0.8474084199244039,"signal_diagnostics":{"buy_signals":31,"duplicate_buy_skips":0,"flat_sell_skips":0,"hold_signals":491,"risk_blocked_signals":0,"sell_signals":19,"stop_loss_exits":12,"take_profit_exits":0},"starting_equity":500,"total_return":0.0752979474799762,"trade_analysis":{"average_loss":-4.585024180132582,"average_trade_duration_days":5.807795698924731,"average_win":4.87732967903048,"expectancy":1.2144830238705857,"largest_loss":-7.300062843591769,"largest_win":12.659084520605836,"max_trade_duration_days":18.0,"median_trade_duration_days":5.0,"profit_factor":1.684274358230674,"time_in_market_percent":0.2239208167072602,"total_trades":31,"win_rate":0.6129032258064516}}