{"capital_utilization":{"average_cash_percent":0.8089463863354075,"average_exposure_percent":0.19105361366459253,"average_leverage":0.19105361366459253,"average_position_value":208.85694020498636,"max_exposure_percent":0.4056738255681897},"closed_trades":19,"equity_curve":[],"final_equity":545.6395562613839,"max_drawdown":0.04233441858853439,"open_trades":0,"profit_factor":2.246726065114983,"sharpe":0.8077474214402861,"signal_diagnostics":{"buy_signals":19,"duplicate_buy_skips":0,"flat_sell_skips":0,"hold_signals":514,"risk_blocked_signals":0,"sell_signals":6,"stop_loss_exits":11,"take_profit_exits":2},"starting_equity":500,"total_return":0.09127911252276766,"trade_analysis":{"average_loss":-3.660752553302448,"average_trade_duration_days":18.896929824561404,"average_win":9.138564643823152,"expectancy":2.4020819084938894,"largest_loss":-6.931096206360455,"largest_win":24.39141325859342,"max_trade_duration_days":50.0,"median_trade_duration_days":17.0,"profit_factor":2.246726065114983,"time_in_market_percent":0.44654609524796607,"total_trades":19,"win_rate":0.47368421052631576}}