{"capital_utilization":{"average_cash_percent":0.7517560977686342,"average_exposure_percent":0.24824390223136578,"average_leverage":0.24824390223136578,"average_position_value":208.9176755086188,"max_exposure_percent":0.40579788553123286},"closed_trades":34,"equity_curve":[],"final_equity":540.563463337264,"max_drawdown":0.05826138910292325,"open_trades":0,"profit_factor":1.473547346509724,"sharpe":0.6143967692924052,"signal_diagnostics":{"buy_signals":34,"duplicate_buy_skips":0,"flat_sell_skips":0,"hold_signals":485,"risk_blocked_signals":0,"sell_signals":2,"stop_loss_exits":32,"take_profit_exits":0},"starting_equity":500,"total_return":0.08112692667452803,"trade_analysis":{"average_loss":-4.7588182207517455,"average_trade_duration_days":13.64705882352941,"average_win":7.8888869569247175,"expectancy":1.1930430393312956,"largest_loss":-7.20301317382585,"largest_win":25.504575219225433,"max_trade_duration_days":41.0,"median_trade_duration_days":11.5,"profit_factor":1.473547346509724,"time_in_market_percent":0.577084520909986,"total_trades":34,"win_rate":0.47058823529411764}}