{"capital_utilization":{"average_cash_percent":0.7523773761338973,"average_exposure_percent":0.24762262386610265,"average_leverage":0.24762262386610265,"average_position_value":201.84494299525304,"max_exposure_percent":0.4038069930679539},"closed_trades":35,"equity_curve":[],"final_equity":511.2041740224428,"max_drawdown":0.023491539712942724,"open_trades":0,"profit_factor":1.2602455270712867,"sharpe":0.3319243751910638,"signal_diagnostics":{"buy_signals":35,"duplicate_buy_skips":0,"flat_sell_skips":0,"hold_signals":483,"risk_blocked_signals":0,"sell_signals":2,"stop_loss_exits":32,"take_profit_exits":1},"starting_equity":500,"total_return":0.022408348044885562,"trade_analysis":{"average_loss":-2.050110533352815,"average_trade_duration_days":13.084523809523809,"average_win":3.875463944489422,"expectancy":0.32011925778408007,"largest_loss":-4.5487194196290766,"largest_win":9.87683043700288,"max_trade_duration_days":50.0,"median_trade_duration_days":9.0,"profit_factor":1.2602455270712867,"time_in_market_percent":0.5695703995439706,"total_trades":35,"win_rate":0.4}}