{"capital_utilization":{"average_cash_percent":0.7094698437218765,"average_exposure_percent":0.29053015627812356,"average_leverage":0.29053015627812356,"average_position_value":214.40355842262173,"max_exposure_percent":0.4041018924730231},"closed_trades":19,"equity_curve":[],"final_equity":538.2653810457867,"max_drawdown":0.046088906397749325,"open_trades":0,"profit_factor":2.3087307176643392,"sharpe":0.9662152766760336,"signal_diagnostics":{"buy_signals":19,"duplicate_buy_skips":0,"flat_sell_skips":0,"hold_signals":515,"risk_blocked_signals":0,"sell_signals":0,"stop_loss_exits":18,"take_profit_exits":0},"starting_equity":500,"total_return":0.07653076209157339,"trade_analysis":{"average_loss":-3.248727142796293,"average_trade_duration_days":29.526315789473685,"average_win":6.750392533095334,"expectancy":2.013967423462457,"largest_loss":-5.293977553968449,"largest_win":25.030863974471913,"max_trade_duration_days":98.0,"median_trade_duration_days":22.041666666666668,"profit_factor":2.3087307176643392,"time_in_market_percent":0.6977250349795305,"total_trades":19,"win_rate":0.5263157894736842}}