{"capital_utilization":{"average_cash_percent":0.7462181510624957,"average_exposure_percent":0.2537818489375044,"average_leverage":0.2537818489375044,"average_position_value":204.07811131176743,"max_exposure_percent":0.4050260010598911},"closed_trades":18,"equity_curve":[],"final_equity":539.0454513447112,"max_drawdown":0.026437245664869193,"open_trades":0,"profit_factor":2.7588488736986423,"sharpe":1.043848424519692,"signal_diagnostics":{"buy_signals":18,"duplicate_buy_skips":0,"flat_sell_skips":0,"hold_signals":517,"risk_blocked_signals":0,"sell_signals":5,"stop_loss_exits":13,"take_profit_exits":0},"starting_equity":500,"total_return":0.07809090268942231,"trade_analysis":{"average_loss":-3.171347865120065,"average_trade_duration_days":27.219907407407405,"average_win":5.56771694550469,"expectancy":2.1691917413728414,"largest_loss":-6.074207550967966,"largest_win":13.971815132238685,"max_trade_duration_days":59.0,"median_trade_duration_days":24.0,"profit_factor":2.7588488736986423,"time_in_market_percent":0.6093693320205213,"total_trades":18,"win_rate":0.6111111111111112}}