{"capital_utilization":{"average_cash_percent":0.7322867146607557,"average_exposure_percent":0.26771328533924427,"average_leverage":0.26771328533924427,"average_position_value":206.63400157836594,"max_exposure_percent":0.4029580709338755},"closed_trades":16,"equity_curve":[],"final_equity":550.9750278494819,"max_drawdown":0.026708628509187756,"open_trades":0,"profit_factor":4.706308140645823,"sharpe":1.219580934513369,"signal_diagnostics":{"buy_signals":16,"duplicate_buy_skips":0,"flat_sell_skips":0,"hold_signals":521,"risk_blocked_signals":0,"sell_signals":0,"stop_loss_exits":16,"take_profit_exits":0},"starting_equity":500,"total_return":0.10195005569896365,"trade_analysis":{"average_loss":-2.2922643375877687,"average_trade_duration_days":32.80989583333333,"average_win":6.472861387500852,"expectancy":3.18593924059262,"largest_loss":-3.59902791262135,"largest_win":19.30922720199548,"max_trade_duration_days":91.0,"median_trade_duration_days":28.0,"profit_factor":4.706308140645823,"time_in_market_percent":0.6528994144167487,"total_trades":16,"win_rate":0.625}}