{"capital_utilization":{"average_cash_percent":0.7038497823601891,"average_exposure_percent":0.29615021763981086,"average_leverage":0.29615021763981086,"average_position_value":217.38861931128648,"max_exposure_percent":0.4034721827930128},"closed_trades":17,"equity_curve":[],"final_equity":562.0709985865295,"max_drawdown":0.0216579184702383,"open_trades":0,"profit_factor":5.506478914889632,"sharpe":1.5372584993842149,"signal_diagnostics":{"buy_signals":17,"duplicate_buy_skips":0,"flat_sell_skips":0,"hold_signals":519,"risk_blocked_signals":0,"sell_signals":0,"stop_loss_exits":16,"take_profit_exits":0},"starting_equity":500,"total_return":0.12414199717305907,"trade_analysis":{"average_loss":-3.443431099912833,"average_trade_duration_days":34.05882352941177,"average_win":5.834209460475455,"expectancy":3.651235210972328,"largest_loss":-4.556069998030195,"largest_win":19.126092900500737,"max_trade_duration_days":91.0,"median_trade_duration_days":29.0,"profit_factor":5.506478914889632,"time_in_market_percent":0.7201119344975904,"total_trades":17,"win_rate":0.7647058823529411}}