{"capital_utilization":{"average_cash_percent":0.7599795990901006,"average_exposure_percent":0.24002040090989937,"average_leverage":0.24002040090989937,"average_position_value":212.3137898782638,"max_exposure_percent":0.4094340140373104},"closed_trades":33,"equity_curve":[],"final_equity":542.2961665051258,"max_drawdown":0.0647113886554178,"open_trades":0,"profit_factor":1.439466228133501,"sharpe":0.6288448305657713,"signal_diagnostics":{"buy_signals":33,"duplicate_buy_skips":0,"flat_sell_skips":0,"hold_signals":487,"risk_blocked_signals":0,"sell_signals":15,"stop_loss_exits":13,"take_profit_exits":5},"starting_equity":500,"total_return":0.0845923330102516,"trade_analysis":{"average_loss":-4.81222034793958,"average_trade_duration_days":13.393939393939393,"average_win":10.656967189532109,"expectancy":1.2817020153068432,"largest_loss":-11.391868586328568,"largest_win":29.908605650227972,"max_trade_duration_days":49.0,"median_trade_duration_days":9.0,"profit_factor":1.439466228133501,"time_in_market_percent":0.5497227548323573,"total_trades":33,"win_rate":0.3939393939393939}}