{"capital_utilization":{"average_cash_percent":0.8850990144884128,"average_exposure_percent":0.11490098551158724,"average_leverage":0.11490098551158724,"average_position_value":202.38580955417447,"max_exposure_percent":0.4083813475253352},"closed_trades":28,"equity_curve":[],"final_equity":525.9451407985474,"max_drawdown":0.04584311400299871,"open_trades":0,"profit_factor":1.3260897741252744,"sharpe":0.5113665456977186,"signal_diagnostics":{"buy_signals":28,"duplicate_buy_skips":0,"flat_sell_skips":0,"hold_signals":497,"risk_blocked_signals":0,"sell_signals":2,"stop_loss_exits":15,"take_profit_exits":11},"starting_equity":500,"total_return":0.051890281597094745,"trade_analysis":{"average_loss":-5.683172211470294,"average_trade_duration_days":6.892857142857143,"average_win":7.536396554223678,"expectancy":0.9266121713766927,"largest_loss":-10.110952329389534,"largest_win":13.585030279687874,"max_trade_duration_days":21.0,"median_trade_duration_days":6.0,"profit_factor":1.3260897741252744,"time_in_market_percent":0.24003731149919677,"total_trades":28,"win_rate":0.5}}