{"capital_utilization":{"average_cash_percent":0.9186849569153976,"average_exposure_percent":0.08131504308460233,"average_leverage":0.08131504308460233,"average_position_value":207.31896449423348,"max_exposure_percent":0.4178144664739947},"closed_trades":18,"equity_curve":[],"final_equity":584.5064526402855,"max_drawdown":0.14280443599046877,"open_trades":0,"profit_factor":1.6565125067751152,"sharpe":0.7331858698568441,"signal_diagnostics":{"buy_signals":18,"duplicate_buy_skips":0,"flat_sell_skips":0,"hold_signals":516,"risk_blocked_signals":0,"sell_signals":3,"stop_loss_exits":8,"take_profit_exits":7},"starting_equity":500,"total_return":0.1690129052805709,"trade_analysis":{"average_loss":-16.09003099106852,"average_trade_duration_days":7.88425925925926,"average_win":21.322670056883364,"expectancy":4.694802924460306,"largest_loss":-22.06218479238504,"largest_win":36.976004814551885,"max_trade_duration_days":19.0,"median_trade_duration_days":6.5,"profit_factor":1.6565125067751152,"time_in_market_percent":0.17650411981136968,"total_trades":18,"win_rate":0.5555555555555556}}