{"capital_utilization":{"average_cash_percent":0.8375872840558337,"average_exposure_percent":0.16241271594416629,"average_leverage":0.16241271594416629,"average_position_value":194.0062354972118,"max_exposure_percent":0.4048752831706528},"closed_trades":12,"equity_curve":[],"final_equity":499.6156365854068,"max_drawdown":0.055058359947727016,"open_trades":0,"profit_factor":0.9870896810285777,"sharpe":0.0022526230395750924,"signal_diagnostics":{"buy_signals":12,"duplicate_buy_skips":0,"flat_sell_skips":0,"hold_signals":417,"risk_blocked_signals":0,"sell_signals":1,"stop_loss_exits":9,"take_profit_exits":1},"starting_equity":500,"total_return":-0.0007687268291864946,"trade_analysis":{"average_loss":-3.7214748086788156,"average_trade_duration_days":20.416666666666668,"average_win":7.346858763709319,"expectancy":-0.03203028454943727,"largest_loss":-5.84848472906096,"largest_win":13.119336676670297,"max_trade_duration_days":48.0,"median_trade_duration_days":16.0,"profit_factor":0.9870896810285777,"time_in_market_percent":0.38398746163390585,"total_trades":12,"win_rate":0.3333333333333333}}