{"capital_utilization":{"average_cash_percent":0.8875400550148856,"average_exposure_percent":0.11245994498511434,"average_leverage":0.11245994498511434,"average_position_value":189.46642412963945,"max_exposure_percent":0.41355086324382057},"closed_trades":21,"equity_curve":[],"final_equity":536.9824832550129,"max_drawdown":0.1609027410005277,"open_trades":0,"profit_factor":1.276971990890789,"sharpe":0.3418113585213662,"signal_diagnostics":{"buy_signals":21,"duplicate_buy_skips":0,"flat_sell_skips":0,"hold_signals":512,"risk_blocked_signals":0,"sell_signals":1,"stop_loss_exits":17,"take_profit_exits":2},"starting_equity":500,"total_return":0.07396496651002571,"trade_analysis":{"average_loss":-8.901618086861623,"average_trade_duration_days":9.240079365079364,"average_win":28.417792426322862,"expectancy":1.7610706311910875,"largest_loss":-15.230149004368133,"largest_win":66.09268960317624,"max_trade_duration_days":27.0,"median_trade_duration_days":7.0,"profit_factor":1.276971990890789,"time_in_market_percent":0.24133284966575116,"total_trades":21,"win_rate":0.2857142857142857}}