{"capital_utilization":{"average_cash_percent":0.8524851856440118,"average_exposure_percent":0.1475148143559882,"average_leverage":0.1475148143559882,"average_position_value":204.61272571245132,"max_exposure_percent":0.40748434019912994},"closed_trades":10,"equity_curve":[],"final_equity":528.4166797095431,"max_drawdown":0.046543189527514524,"open_trades":0,"profit_factor":1.945655827320936,"sharpe":0.8423425918820738,"signal_diagnostics":{"buy_signals":10,"duplicate_buy_skips":0,"flat_sell_skips":0,"hold_signals":421,"risk_blocked_signals":0,"sell_signals":1,"stop_loss_exits":5,"take_profit_exits":3},"starting_equity":500,"total_return":0.05683335941908618,"trade_analysis":{"average_loss":-6.0099412256673155,"average_trade_duration_days":22.0,"average_win":11.693277167575939,"expectancy":2.8416679709543127,"largest_loss":-9.05404502610555,"largest_win":19.774144120763427,"max_trade_duration_days":44.0,"median_trade_duration_days":20.0,"profit_factor":1.945655827320936,"time_in_market_percent":0.34480506758962975,"total_trades":10,"win_rate":0.5}}