{"capital_utilization":{"average_cash_percent":0.9342069876021776,"average_exposure_percent":0.06579301239782243,"average_leverage":0.06579301239782243,"average_position_value":197.7604438458202,"max_exposure_percent":0.41409673672750064},"closed_trades":11,"equity_curve":[],"final_equity":553.2951770379784,"max_drawdown":0.10235049054767718,"open_trades":0,"profit_factor":1.5940089602946992,"sharpe":0.503430163021841,"signal_diagnostics":{"buy_signals":11,"duplicate_buy_skips":0,"flat_sell_skips":0,"hold_signals":532,"risk_blocked_signals":0,"sell_signals":0,"stop_loss_exits":8,"take_profit_exits":2},"starting_equity":500,"total_return":0.10659035407595674,"trade_analysis":{"average_loss":-12.817309550236345,"average_trade_duration_days":10.731060606060607,"average_win":35.75408597240822,"expectancy":4.845016094361677,"largest_loss":-16.513223365113692,"largest_win":69.28171455255452,"max_trade_duration_days":34.0,"median_trade_duration_days":6.0,"profit_factor":1.5940089602946992,"time_in_market_percent":0.1468103850339431,"total_trades":11,"win_rate":0.36363636363636365}}