{"capital_utilization":{"average_cash_percent":0.8952964322818432,"average_exposure_percent":0.10470356771815677,"average_leverage":0.10470356771815677,"average_position_value":191.28428721872478,"max_exposure_percent":0.41353566853091533},"closed_trades":17,"equity_curve":[],"final_equity":560.0718905993324,"max_drawdown":0.15042581347151585,"open_trades":0,"profit_factor":1.5630982671413427,"sharpe":0.49539871515717754,"signal_diagnostics":{"buy_signals":17,"duplicate_buy_skips":0,"flat_sell_skips":0,"hold_signals":520,"risk_blocked_signals":0,"sell_signals":0,"stop_loss_exits":16,"take_profit_exits":0},"starting_equity":500,"total_return":0.12014378119866476,"trade_analysis":{"average_loss":-8.890083978932138,"average_trade_duration_days":11.17892156862745,"average_win":33.35057966930361,"expectancy":3.5336406234901423,"largest_loss":-15.2908108408681,"largest_win":77.38543288829744,"max_trade_duration_days":33.0,"median_trade_duration_days":8.0,"profit_factor":1.5630982671413427,"time_in_market_percent":0.2363579831061823,"total_trades":17,"win_rate":0.29411764705882354}}