{"capital_utilization":{"average_cash_percent":0.8068482242895736,"average_exposure_percent":0.19315177571042635,"average_leverage":0.19315177571042635,"average_position_value":188.28649737129157,"max_exposure_percent":0.40972972921712825},"closed_trades":27,"equity_curve":[],"final_equity":484.25287475342606,"max_drawdown":0.1011127072480043,"open_trades":0,"profit_factor":0.850718018315344,"sharpe":-0.2157041881671484,"signal_diagnostics":{"buy_signals":27,"duplicate_buy_skips":0,"flat_sell_skips":0,"hold_signals":386,"risk_blocked_signals":0,"sell_signals":8,"stop_loss_exits":18,"take_profit_exits":1},"starting_equity":500,"total_return":-0.03149425049314791,"trade_analysis":{"average_loss":-5.860320727282049,"average_trade_duration_days":9.742283950617285,"average_win":9.97096087161144,"expectancy":-0.5832268609842194,"largest_loss":-11.01500947575415,"largest_win":13.455529271066503,"max_trade_duration_days":25.0,"median_trade_duration_days":9.0,"profit_factor":0.850718018315344,"time_in_market_percent":0.41226408933585845,"total_trades":27,"win_rate":0.3333333333333333}}