{"capital_utilization":{"average_cash_percent":0.7274325342193387,"average_exposure_percent":0.27256746578066127,"average_leverage":0.27256746578066127,"average_position_value":207.57593872677566,"max_exposure_percent":0.4056910690946866},"closed_trades":23,"equity_curve":[],"final_equity":520.9807598811825,"max_drawdown":0.06358610419557927,"open_trades":0,"profit_factor":1.4743762726724066,"sharpe":0.42150293411584766,"signal_diagnostics":{"buy_signals":23,"duplicate_buy_skips":0,"flat_sell_skips":0,"hold_signals":506,"risk_blocked_signals":0,"sell_signals":5,"stop_loss_exits":18,"take_profit_exits":0},"starting_equity":500,"total_return":0.04196151976236506,"trade_analysis":{"average_loss":-3.4021613204911083,"average_trade_duration_days":22.608695652173914,"average_win":6.520885704756687,"expectancy":0.9122069513557594,"largest_loss":-7.117923263648062,"largest_win":16.005766384583726,"max_trade_duration_days":79.0,"median_trade_duration_days":18.0,"profit_factor":1.4743762726724066,"time_in_market_percent":0.6467326527439499,"total_trades":23,"win_rate":0.43478260869565216}}