{"capital_utilization":{"average_cash_percent":0.7430426582493806,"average_exposure_percent":0.25695734175061935,"average_leverage":0.25695734175061935,"average_position_value":170.38406257986762,"max_exposure_percent":0.4227873428438571},"closed_trades":15,"equity_curve":[],"final_equity":347.7016977587102,"max_drawdown":0.311304917142645,"open_trades":0,"profit_factor":0.19109249059942504,"sharpe":-2.3868752922143557,"signal_diagnostics":{"buy_signals":15,"duplicate_buy_skips":0,"flat_sell_skips":0,"hold_signals":155,"risk_blocked_signals":0,"sell_signals":2,"stop_loss_exits":13,"take_profit_exits":0},"starting_equity":500,"total_return":-0.3045966044825795,"trade_analysis":{"average_loss":-15.68971117127959,"average_trade_duration_days":10.2,"average_win":11.992743938021755,"expectancy":-10.15322014941932,"largest_loss":-23.855348905451862,"largest_win":25.99431758106088,"max_trade_duration_days":26.0,"median_trade_duration_days":8.0,"profit_factor":0.19109249059942504,"time_in_market_percent":0.5750978856695379,"total_trades":15,"win_rate":0.2}}