{"capital_utilization":{"average_cash_percent":0.7916035197223372,"average_exposure_percent":0.20839648027766272,"average_leverage":0.20839648027766272,"average_position_value":208.2570798886078,"max_exposure_percent":0.4057538449944659},"closed_trades":30,"equity_curve":[],"final_equity":534.5520395790112,"max_drawdown":0.05166644382801369,"open_trades":0,"profit_factor":1.552624727878236,"sharpe":0.5828446208731611,"signal_diagnostics":{"buy_signals":30,"duplicate_buy_skips":0,"flat_sell_skips":0,"hold_signals":493,"risk_blocked_signals":0,"sell_signals":3,"stop_loss_exits":27,"take_profit_exits":0},"starting_equity":500,"total_return":0.06910407915802241,"trade_analysis":{"average_loss":-4.465965242901729,"average_trade_duration_days":12.768055555555554,"average_win":6.067222061227212,"expectancy":1.1517346526337067,"largest_loss":-7.088731453585262,"largest_win":20.693678807535427,"max_trade_duration_days":33.0,"median_trade_duration_days":10.0,"profit_factor":1.552624727878236,"time_in_market_percent":0.47639529460537905,"total_trades":30,"win_rate":0.5333333333333333}}