{"capital_utilization":{"average_cash_percent":0.8654312740206893,"average_exposure_percent":0.1345687259793107,"average_leverage":0.1345687259793107,"average_position_value":199.70476207900978,"max_exposure_percent":0.40494408603460846},"closed_trades":14,"equity_curve":[],"final_equity":510.92214888389026,"max_drawdown":0.028335108628482878,"open_trades":0,"profit_factor":1.4708106191218215,"sharpe":0.5205923383420973,"signal_diagnostics":{"buy_signals":14,"duplicate_buy_skips":0,"flat_sell_skips":0,"hold_signals":413,"risk_blocked_signals":0,"sell_signals":1,"stop_loss_exits":10,"take_profit_exits":2},"starting_equity":500,"total_return":0.021844297767780407,"trade_analysis":{"average_loss":-2.319860351549159,"average_trade_duration_days":14.071428571428571,"average_win":8.530188099845462,"expectancy":0.7801534917064473,"largest_loss":-5.974292661057205,"largest_win":14.712371463399124,"max_trade_duration_days":36.0,"median_trade_duration_days":11.0,"profit_factor":1.4708106191218215,"time_in_market_percent":0.3087572650688957,"total_trades":14,"win_rate":0.2857142857142857}}