{"capital_utilization":{"average_cash_percent":0.8018687344528254,"average_exposure_percent":0.19813126554717467,"average_leverage":0.19813126554717467,"average_position_value":206.5009507786195,"max_exposure_percent":0.4058306855434964},"closed_trades":17,"equity_curve":[],"final_equity":540.1822842796466,"max_drawdown":0.043603192596703436,"open_trades":0,"profit_factor":2.194157075195815,"sharpe":0.6805969006646014,"signal_diagnostics":{"buy_signals":17,"duplicate_buy_skips":0,"flat_sell_skips":0,"hold_signals":518,"risk_blocked_signals":0,"sell_signals":2,"stop_loss_exits":15,"take_profit_exits":0},"starting_equity":500,"total_return":0.0803645685592933,"trade_analysis":{"average_loss":-4.8070111084193154,"average_trade_duration_days":22.120098039215687,"average_win":7.383136203858183,"expectancy":2.363663781155683,"largest_loss":-7.3331030936177095,"largest_win":16.698517057151644,"max_trade_duration_days":52.041666666666664,"median_trade_duration_days":22.0,"profit_factor":2.194157075195815,"time_in_market_percent":0.46768927812613365,"total_trades":17,"win_rate":0.5882352941176471}}