{"capital_utilization":{"average_cash_percent":0.7281710974751463,"average_exposure_percent":0.2718289025248537,"average_leverage":0.2718289025248537,"average_position_value":208.04221992507064,"max_exposure_percent":0.40429289052390477},"closed_trades":23,"equity_curve":[],"final_equity":525.7693555594655,"max_drawdown":0.05801738362395335,"open_trades":0,"profit_factor":1.6510475656984214,"sharpe":0.5148394227225939,"signal_diagnostics":{"buy_signals":23,"duplicate_buy_skips":0,"flat_sell_skips":0,"hold_signals":506,"risk_blocked_signals":0,"sell_signals":5,"stop_loss_exits":18,"take_profit_exits":0},"starting_equity":500,"total_return":0.051538711118930935,"trade_analysis":{"average_loss":-3.0447208843064777,"average_trade_duration_days":22.565217391304348,"average_win":6.535072705544961,"expectancy":1.1204067634550179,"largest_loss":-5.365200054703398,"largest_win":16.10095040623251,"max_trade_duration_days":79.0,"median_trade_duration_days":18.0,"profit_factor":1.6510475656984214,"time_in_market_percent":0.6454889361040577,"total_trades":23,"win_rate":0.43478260869565216}}