{"capital_utilization":{"average_cash_percent":0.917264480755329,"average_exposure_percent":0.08273551924467108,"average_leverage":0.08273551924467108,"average_position_value":206.56245176091912,"max_exposure_percent":0.4036635757119545},"closed_trades":9,"equity_curve":[],"final_equity":549.143293516834,"max_drawdown":0.017369114043223083,"open_trades":0,"profit_factor":5.472387470348994,"sharpe":1.6177551706967335,"signal_diagnostics":{"buy_signals":9,"duplicate_buy_skips":0,"flat_sell_skips":0,"hold_signals":535,"risk_blocked_signals":0,"sell_signals":4,"stop_loss_exits":3,"take_profit_exits":2},"starting_equity":500,"total_return":0.098286587033668,"trade_analysis":{"average_loss":-3.662718838103354,"average_trade_duration_days":16.995370370370367,"average_win":10.02190833852401,"expectancy":5.460365946314889,"largest_loss":-4.59424930471019,"largest_win":16.61079243688826,"max_trade_duration_days":28.0,"median_trade_duration_days":19.958333333333332,"profit_factor":5.472387470348994,"time_in_market_percent":0.19023682437684614,"total_trades":9,"win_rate":0.6666666666666666}}