{"capital_utilization":{"average_cash_percent":0.892091659770659,"average_exposure_percent":0.1079083402293411,"average_leverage":0.1079083402293411,"average_position_value":214.2020449587246,"max_exposure_percent":0.40931250882622444},"closed_trades":22,"equity_curve":[],"final_equity":604.9499798963158,"max_drawdown":0.03187985888657342,"open_trades":0,"profit_factor":2.6298512214803065,"sharpe":1.278834641766047,"signal_diagnostics":{"buy_signals":22,"duplicate_buy_skips":0,"flat_sell_skips":0,"hold_signals":509,"risk_blocked_signals":0,"sell_signals":8,"stop_loss_exits":8,"take_profit_exits":5},"starting_equity":500,"total_return":0.20989995979263143,"trade_analysis":{"average_loss":-6.439236815799383,"average_trade_duration_days":8.5,"average_win":14.111862337859138,"expectancy":4.770453631650718,"largest_loss":-12.364615451604035,"largest_win":45.93000632556041,"max_trade_duration_days":19.0,"median_trade_duration_days":7.5,"profit_factor":2.6298512214803065,"time_in_market_percent":0.2325750116598435,"total_trades":22,"win_rate":0.5454545454545454}}