{"capital_utilization":{"average_cash_percent":0.8540862481065267,"average_exposure_percent":0.14591375189347336,"average_leverage":0.14591375189347336,"average_position_value":209.3438753876702,"max_exposure_percent":0.4092837036720022},"closed_trades":32,"equity_curve":[],"final_equity":548.2474224855357,"max_drawdown":0.0533437615509659,"open_trades":0,"profit_factor":1.4570365306578787,"sharpe":0.711721741691997,"signal_diagnostics":{"buy_signals":32,"duplicate_buy_skips":0,"flat_sell_skips":0,"hold_signals":489,"risk_blocked_signals":0,"sell_signals":6,"stop_loss_exits":22,"take_profit_exits":3},"starting_equity":500,"total_return":0.09649484497107141,"trade_analysis":{"average_loss":-6.209752361664575,"average_trade_duration_days":7.8125,"average_win":10.254214175588896,"expectancy":1.5077319526729902,"largest_loss":-11.938899395397653,"largest_win":21.375258830414566,"max_trade_duration_days":21.041666666666668,"median_trade_duration_days":5.0,"profit_factor":1.4570365306578787,"time_in_market_percent":0.3109291599730528,"total_trades":32,"win_rate":0.46875}}