{"capital_utilization":{"average_cash_percent":0.8965312508743752,"average_exposure_percent":0.10346874912562479,"average_leverage":0.10346874912562479,"average_position_value":201.1962320482249,"max_exposure_percent":0.4060383739389099},"closed_trades":16,"equity_curve":[],"final_equity":497.7017860202002,"max_drawdown":0.05714333029344532,"open_trades":0,"profit_factor":0.963071195436237,"sharpe":-0.016036133653166407,"signal_diagnostics":{"buy_signals":16,"duplicate_buy_skips":0,"flat_sell_skips":0,"hold_signals":521,"risk_blocked_signals":0,"sell_signals":4,"stop_loss_exits":11,"take_profit_exits":0},"starting_equity":500,"total_return":-0.0045964279595995805,"trade_analysis":{"average_loss":-5.657603761784947,"average_trade_duration_days":11.6875,"average_win":11.987085479966916,"expectancy":-0.14363837373748906,"largest_loss":-7.261816374548186,"largest_win":19.99319520025102,"max_trade_duration_days":36.0,"median_trade_duration_days":12.5,"profit_factor":0.963071195436237,"time_in_market_percent":0.2325750116598435,"total_trades":16,"win_rate":0.3125}}