{"capital_utilization":{"average_cash_percent":0.8447472138105713,"average_exposure_percent":0.15525278618942875,"average_leverage":0.15525278618942875,"average_position_value":206.150855025204,"max_exposure_percent":0.4043789749871544},"closed_trades":14,"equity_curve":[],"final_equity":534.3660380100453,"max_drawdown":0.03950526697060696,"open_trades":0,"profit_factor":2.3049653163793695,"sharpe":1.0242320140749726,"signal_diagnostics":{"buy_signals":14,"duplicate_buy_skips":0,"flat_sell_skips":0,"hold_signals":413,"risk_blocked_signals":0,"sell_signals":1,"stop_loss_exits":12,"take_profit_exits":0},"starting_equity":500,"total_return":0.06873207602009046,"trade_analysis":{"average_loss":-3.291853582112242,"average_trade_duration_days":16.571428571428573,"average_win":10.116811111157206,"expectancy":2.4547170007175225,"largest_loss":-5.49096608137533,"largest_win":13.64912982066386,"max_trade_duration_days":42.0,"median_trade_duration_days":11.5,"profit_factor":2.3049653163793695,"time_in_market_percent":0.3636126167308823,"total_trades":14,"win_rate":0.42857142857142855}}