{"capital_utilization":{"average_cash_percent":0.8419925379017981,"average_exposure_percent":0.15800746209820188,"average_leverage":0.15800746209820188,"average_position_value":193.1068576952198,"max_exposure_percent":0.40487528317065286},"closed_trades":20,"equity_curve":[],"final_equity":493.4057005369456,"max_drawdown":0.05366099387010036,"open_trades":0,"profit_factor":0.8359705591904115,"sharpe":-0.24537303168678423,"signal_diagnostics":{"buy_signals":20,"duplicate_buy_skips":0,"flat_sell_skips":0,"hold_signals":401,"risk_blocked_signals":0,"sell_signals":2,"stop_loss_exits":16,"take_profit_exits":1},"starting_equity":500,"total_return":-0.013188598926108908,"trade_analysis":{"average_loss":-3.0924558563799405,"average_trade_duration_days":11.4,"average_win":4.80108952426926,"expectancy":-0.32971497315272014,"largest_loss":-5.845386745751388,"largest_win":11.36672933838698,"max_trade_duration_days":45.0,"median_trade_duration_days":7.5,"profit_factor":0.8359705591904115,"time_in_market_percent":0.3573434336837981,"total_trades":20,"win_rate":0.35}}