{"capital_utilization":{"average_cash_percent":0.7491751024361006,"average_exposure_percent":0.2508248975638993,"average_leverage":0.2508248975638993,"average_position_value":215.25347610289788,"max_exposure_percent":0.4054994512007749},"closed_trades":30,"equity_curve":[],"final_equity":547.8584643156088,"max_drawdown":0.07067315199846708,"open_trades":0,"profit_factor":1.6169334502736843,"sharpe":0.7638047532312872,"signal_diagnostics":{"buy_signals":30,"duplicate_buy_skips":0,"flat_sell_skips":0,"hold_signals":492,"risk_blocked_signals":0,"sell_signals":12,"stop_loss_exits":18,"take_profit_exits":0},"starting_equity":500,"total_return":0.09571692863121761,"trade_analysis":{"average_loss":-3.87873799794595,"average_trade_duration_days":15.801388888888889,"average_win":12.543322427452775,"expectancy":1.5952821438536253,"largest_loss":-7.072447120675091,"largest_win":43.52492123040889,"max_trade_duration_days":84.0,"median_trade_duration_days":7.0,"profit_factor":1.6169334502736843,"time_in_market_percent":0.5895735088355704,"total_trades":30,"win_rate":0.3333333333333333}}