{"capital_utilization":{"average_cash_percent":0.8252399324375778,"average_exposure_percent":0.17476006756242224,"average_leverage":0.17476006756242224,"average_position_value":207.9081350852986,"max_exposure_percent":0.40753047004861226},"closed_trades":19,"equity_curve":[],"final_equity":576.6888156889554,"max_drawdown":0.07984841264117697,"open_trades":0,"profit_factor":2.2010275165652797,"sharpe":1.0182700627947299,"signal_diagnostics":{"buy_signals":19,"duplicate_buy_skips":0,"flat_sell_skips":0,"hold_signals":403,"risk_blocked_signals":0,"sell_signals":6,"stop_loss_exits":10,"take_profit_exits":2},"starting_equity":500,"total_return":0.15337763137791072,"trade_analysis":{"average_loss":-7.094741297321395,"average_trade_duration_days":13.471491228070176,"average_win":14.054148736484796,"expectancy":4.0362534573134425,"largest_loss":-8.993469337380064,"largest_win":22.81810121025854,"max_trade_duration_days":22.0,"median_trade_duration_days":15.0,"profit_factor":2.2010275165652797,"time_in_market_percent":0.40116241102331357,"total_trades":19,"win_rate":0.5263157894736842}}