{"capital_utilization":{"average_cash_percent":0.8004975118793531,"average_exposure_percent":0.1995024881206469,"average_leverage":0.1995024881206469,"average_position_value":209.37453804119087,"max_exposure_percent":0.4073124092918131},"closed_trades":26,"equity_curve":[],"final_equity":535.9094626228957,"max_drawdown":0.07927638018736743,"open_trades":0,"profit_factor":1.5401617284318931,"sharpe":0.6555230039935688,"signal_diagnostics":{"buy_signals":26,"duplicate_buy_skips":0,"flat_sell_skips":0,"hold_signals":500,"risk_blocked_signals":0,"sell_signals":0,"stop_loss_exits":26,"take_profit_exits":0},"starting_equity":500,"total_return":0.07181892524579148,"trade_analysis":{"average_loss":-5.1137765047262995,"average_trade_duration_days":14.155448717948717,"average_win":7.876042860333663,"expectancy":1.3811331778036815,"largest_loss":-9.027494733872047,"largest_win":20.63609608489911,"max_trade_duration_days":47.0,"median_trade_duration_days":11.5,"profit_factor":1.5401617284318931,"time_in_market_percent":0.4577395450069959,"total_trades":26,"win_rate":0.5}}