{"capital_utilization":{"average_cash_percent":0.9772685403738629,"average_exposure_percent":0.02273145962613713,"average_leverage":0.02273145962613713,"average_position_value":195.02097774425124,"max_exposure_percent":0.41626762654683097},"closed_trades":3,"equity_curve":[],"final_equity":460.70506737534606,"max_drawdown":0.10119649526437777,"open_trades":0,"profit_factor":0.0,"sharpe":-0.8275349928011695,"signal_diagnostics":{"buy_signals":3,"duplicate_buy_skips":0,"flat_sell_skips":0,"hold_signals":434,"risk_blocked_signals":0,"sell_signals":1,"stop_loss_exits":2,"take_profit_exits":0},"starting_equity":500,"total_return":-0.07858986524930789,"trade_analysis":{"average_loss":-13.098310874884646,"average_trade_duration_days":11.0,"average_win":0,"expectancy":-13.098310874884646,"largest_loss":-18.6052830630743,"largest_win":0,"max_trade_duration_days":17.0,"median_trade_duration_days":11.0,"profit_factor":0.0,"time_in_market_percent":0.05172076013844446,"total_trades":3,"win_rate":0.0}}