{"capital_utilization":{"average_cash_percent":0.7360583221685727,"average_exposure_percent":0.2639416778314273,"average_leverage":0.2639416778314273,"average_position_value":203.22244080115817,"max_exposure_percent":0.403787097056262},"closed_trades":37,"equity_curve":[],"final_equity":523.4255559747952,"max_drawdown":0.024192746342158632,"open_trades":0,"profit_factor":1.5065678057467753,"sharpe":0.6401956595991769,"signal_diagnostics":{"buy_signals":37,"duplicate_buy_skips":0,"flat_sell_skips":0,"hold_signals":479,"risk_blocked_signals":0,"sell_signals":1,"stop_loss_exits":34,"take_profit_exits":2},"starting_equity":500,"total_return":0.04685111194959046,"trade_analysis":{"average_loss":-2.1019851375762424,"average_trade_duration_days":13.161036036036036,"average_win":4.644615266764841,"expectancy":0.6331231344539257,"largest_loss":-4.554780729360269,"largest_win":10.995271943994931,"max_trade_duration_days":50.0,"median_trade_duration_days":9.0,"profit_factor":1.5065678057467753,"time_in_market_percent":0.6056381821008447,"total_trades":37,"win_rate":0.40540540540540543}}