{"capital_utilization":{"average_cash_percent":0.8244786673371234,"average_exposure_percent":0.1755213326628766,"average_leverage":0.1755213326628766,"average_position_value":196.6584966139605,"max_exposure_percent":0.41488212730681223},"closed_trades":36,"equity_curve":[],"final_equity":484.0617525049367,"max_drawdown":0.2139775120699614,"open_trades":0,"profit_factor":0.9308040281661157,"sharpe":-0.0497282661708316,"signal_diagnostics":{"buy_signals":36,"duplicate_buy_skips":0,"flat_sell_skips":0,"hold_signals":481,"risk_blocked_signals":0,"sell_signals":6,"stop_loss_exits":26,"take_profit_exits":3},"starting_equity":500,"total_return":-0.03187649499012657,"trade_analysis":{"average_loss":-8.859034750064923,"average_trade_duration_days":8.224537037037038,"average_win":21.439665600662476,"expectancy":-0.4427290970850914,"largest_loss":-18.11473195451027,"largest_win":68.44098292053133,"max_trade_duration_days":27.0,"median_trade_duration_days":6.5,"profit_factor":0.9308040281661157,"time_in_market_percent":0.36824376846141893,"total_trades":36,"win_rate":0.2777777777777778}}