{"capital_utilization":{"average_cash_percent":0.8528606089751858,"average_exposure_percent":0.1471393910248142,"average_leverage":0.1471393910248142,"average_position_value":200.04785252621954,"max_exposure_percent":0.40755146665997105},"closed_trades":19,"equity_curve":[],"final_equity":513.5092861585977,"max_drawdown":0.05930318751172085,"open_trades":0,"profit_factor":1.2946715296443094,"sharpe":0.3235881656841223,"signal_diagnostics":{"buy_signals":19,"duplicate_buy_skips":0,"flat_sell_skips":0,"hold_signals":403,"risk_blocked_signals":0,"sell_signals":0,"stop_loss_exits":18,"take_profit_exits":0},"starting_equity":500,"total_return":0.0270185723171954,"trade_analysis":{"average_loss":-5.730654644047374,"average_trade_duration_days":11.00219298245614,"average_win":5.39586575554333,"expectancy":0.7110150609788234,"largest_loss":-9.153850069386012,"largest_win":20.285739353921343,"max_trade_duration_days":33.0,"median_trade_duration_days":7.0,"profit_factor":1.2946715296443094,"time_in_market_percent":0.32763011820022203,"total_trades":19,"win_rate":0.5789473684210527}}