{"capital_utilization":{"average_cash_percent":0.8272576202329683,"average_exposure_percent":0.1727423797670317,"average_leverage":0.1727423797670317,"average_position_value":205.10008342532498,"max_exposure_percent":0.40775672856546363},"closed_trades":21,"equity_curve":[],"final_equity":527.2879072882638,"max_drawdown":0.06810302866710495,"open_trades":0,"profit_factor":1.3384325604266836,"sharpe":0.4426136855258929,"signal_diagnostics":{"buy_signals":21,"duplicate_buy_skips":0,"flat_sell_skips":0,"hold_signals":511,"risk_blocked_signals":0,"sell_signals":8,"stop_loss_exits":11,"take_profit_exits":1},"starting_equity":500,"total_return":0.054575814576527604,"trade_analysis":{"average_loss":-7.330024159791299,"average_trade_duration_days":15.474206349206352,"average_win":10.79181730459681,"expectancy":1.2994241565839904,"largest_loss":-9.842951989225531,"largest_win":21.74295341866982,"max_trade_duration_days":41.0,"median_trade_duration_days":17.0,"profit_factor":1.3384325604266836,"time_in_market_percent":0.4041560864383065,"total_trades":21,"win_rate":0.47619047619047616}}