{"capital_utilization":{"average_cash_percent":0.8460023291188281,"average_exposure_percent":0.15399767088117183,"average_leverage":0.15399767088117183,"average_position_value":192.44647291048932,"max_exposure_percent":0.4115326414523928},"closed_trades":20,"equity_curve":[],"final_equity":491.68714212044426,"max_drawdown":0.0906121983721019,"open_trades":0,"profit_factor":0.9062674489807674,"sharpe":-0.09005517256481578,"signal_diagnostics":{"buy_signals":20,"duplicate_buy_skips":0,"flat_sell_skips":0,"hold_signals":400,"risk_blocked_signals":0,"sell_signals":7,"stop_loss_exits":12,"take_profit_exits":1},"starting_equity":500,"total_return":-0.016625715759111426,"trade_analysis":{"average_loss":-7.390582557467186,"average_trade_duration_days":11.2,"average_win":10.046766601256314,"expectancy":-0.41564289397778653,"largest_loss":-13.443311012268845,"largest_win":14.079186241834021,"max_trade_duration_days":22.0,"median_trade_duration_days":11.0,"profit_factor":0.9062674489807674,"time_in_market_percent":0.35107425063671394,"total_trades":20,"win_rate":0.4}}