{"capital_utilization":{"average_cash_percent":0.8880143088243376,"average_exposure_percent":0.11198569117566234,"average_leverage":0.11198569117566234,"average_position_value":210.48998337675602,"max_exposure_percent":0.406153009712472},"closed_trades":29,"equity_curve":[],"final_equity":554.5205440780323,"max_drawdown":0.058274417179947406,"open_trades":0,"profit_factor":1.8163481387208256,"sharpe":0.9743730686595953,"signal_diagnostics":{"buy_signals":29,"duplicate_buy_skips":0,"flat_sell_skips":0,"hold_signals":494,"risk_blocked_signals":0,"sell_signals":2,"stop_loss_exits":12,"take_profit_exits":15},"starting_equity":500,"total_return":0.10904108815606461,"trade_analysis":{"average_loss":-5.565491556443792,"average_trade_duration_days":6.346264367816093,"average_win":7.135673103256343,"expectancy":1.8800187613114596,"largest_loss":-7.748813158620994,"largest_win":13.947417385272473,"max_trade_duration_days":22.0,"median_trade_duration_days":4.0,"profit_factor":1.8163481387208256,"time_in_market_percent":0.22889568326682908,"total_trades":29,"win_rate":0.5862068965517241}}