{"capital_utilization":{"average_cash_percent":0.8543034889910788,"average_exposure_percent":0.14569651100892123,"average_leverage":0.14569651100892123,"average_position_value":201.5612907311334,"max_exposure_percent":0.41353520710560876},"closed_trades":26,"equity_curve":[],"final_equity":526.4865743821301,"max_drawdown":0.1745669225240498,"open_trades":0,"profit_factor":1.146375962415768,"sharpe":0.24637809749878964,"signal_diagnostics":{"buy_signals":26,"duplicate_buy_skips":0,"flat_sell_skips":0,"hold_signals":500,"risk_blocked_signals":0,"sell_signals":3,"stop_loss_exits":23,"take_profit_exits":0},"starting_equity":500,"total_return":0.05297314876426018,"trade_analysis":{"average_loss":-9.523628112372776,"average_trade_duration_days":10.041666666666668,"average_win":29.633644073887552,"expectancy":1.018714399312698,"largest_loss":-17.431461936241536,"largest_win":78.35042454553704,"max_trade_duration_days":33.0,"median_trade_duration_days":7.0,"profit_factor":1.146375962415768,"time_in_market_percent":0.3247136860651915,"total_trades":26,"win_rate":0.2692307692307692}}