{"capital_utilization":{"average_cash_percent":0.7032581440675814,"average_exposure_percent":0.2967418559324186,"average_leverage":0.2967418559324186,"average_position_value":209.60445098296609,"max_exposure_percent":0.404366514417513},"closed_trades":47,"equity_curve":[],"final_equity":521.4319126186929,"max_drawdown":0.04616468871303668,"open_trades":0,"profit_factor":1.2670067130058662,"sharpe":0.4206467958032946,"signal_diagnostics":{"buy_signals":47,"duplicate_buy_skips":0,"flat_sell_skips":0,"hold_signals":459,"risk_blocked_signals":0,"sell_signals":2,"stop_loss_exits":44,"take_profit_exits":0},"starting_equity":500,"total_return":0.042863825237385855,"trade_analysis":{"average_loss":-3.3444715642508345,"average_trade_duration_days":11.27659574468085,"average_win":4.4217056591614305,"expectancy":0.4559981408232527,"largest_loss":-5.637166479434434,"largest_win":11.249696621208965,"max_trade_duration_days":37.0,"median_trade_duration_days":9.0,"profit_factor":1.2670067130058662,"time_in_market_percent":0.659169819142872,"total_trades":47,"win_rate":0.48936170212765956}}