{"capital_utilization":{"average_cash_percent":0.75743715171916,"average_exposure_percent":0.2425628482808399,"average_leverage":0.2425628482808399,"average_position_value":217.86842992562313,"max_exposure_percent":0.40520563577609525},"closed_trades":21,"equity_curve":[],"final_equity":553.534498790728,"max_drawdown":0.041360983608435285,"open_trades":0,"profit_factor":2.2367729389218454,"sharpe":1.0059312364164363,"signal_diagnostics":{"buy_signals":21,"duplicate_buy_skips":0,"flat_sell_skips":0,"hold_signals":511,"risk_blocked_signals":0,"sell_signals":2,"stop_loss_exits":14,"take_profit_exits":5},"starting_equity":500,"total_return":0.10706899758145605,"trade_analysis":{"average_loss":-3.9350574904893296,"average_trade_duration_days":22.188492063492063,"average_win":9.682013118611064,"expectancy":2.5492618471775232,"largest_loss":-7.012894377241906,"largest_win":19.712672402838255,"max_trade_duration_days":53.958333333333336,"median_trade_duration_days":19.0,"profit_factor":2.2367729389218454,"time_in_market_percent":0.5795201326631083,"total_trades":21,"win_rate":0.47619047619047616}}