{"capital_utilization":{"average_cash_percent":0.8850785521615634,"average_exposure_percent":0.11492144783843655,"average_leverage":0.11492144783843655,"average_position_value":201.88252333821868,"max_exposure_percent":0.4073587152005777},"closed_trades":15,"equity_curve":[],"final_equity":525.5922328822078,"max_drawdown":0.03624494735481535,"open_trades":0,"profit_factor":2.1721564583724757,"sharpe":0.6360038749144293,"signal_diagnostics":{"buy_signals":15,"duplicate_buy_skips":0,"flat_sell_skips":0,"hold_signals":410,"risk_blocked_signals":0,"sell_signals":3,"stop_loss_exits":11,"take_profit_exits":1},"starting_equity":500,"total_return":0.0511844657644156,"trade_analysis":{"average_loss":-3.1190659256898043,"average_trade_duration_days":10.730555555555554,"average_win":5.928211795254554,"expectancy":1.7061488588138525,"largest_loss":-8.783138935300448,"largest_win":11.424472444806542,"max_trade_duration_days":24.0,"median_trade_duration_days":9.0,"profit_factor":2.1721564583724757,"time_in_market_percent":0.25226931365506433,"total_trades":15,"win_rate":0.5333333333333333}}