{"capital_utilization":{"average_cash_percent":0.7699230180108175,"average_exposure_percent":0.23007698198918244,"average_leverage":0.23007698198918244,"average_position_value":201.08843999785793,"max_exposure_percent":0.41829273003418427},"closed_trades":29,"equity_curve":[],"final_equity":622.3036278460746,"max_drawdown":0.17932884384682293,"open_trades":0,"profit_factor":1.5951624515502694,"sharpe":0.6545219313425459,"signal_diagnostics":{"buy_signals":29,"duplicate_buy_skips":0,"flat_sell_skips":0,"hold_signals":494,"risk_blocked_signals":0,"sell_signals":7,"stop_loss_exits":19,"take_profit_exits":3},"starting_equity":500,"total_return":0.24460725569214925,"trade_analysis":{"average_loss":-13.699747301766111,"average_trade_duration_days":14.966954022988507,"average_win":23.414274098040448,"expectancy":4.21736647745085,"largest_loss":-20.829808757509284,"largest_win":41.77832249984795,"max_trade_duration_days":44.0,"median_trade_duration_days":12.0,"profit_factor":1.5951624515502694,"time_in_market_percent":0.5398248432398819,"total_trades":29,"win_rate":0.4827586206896552}}