{"capital_utilization":{"average_cash_percent":0.883404407871752,"average_exposure_percent":0.11659559212824794,"average_leverage":0.11659559212824794,"average_position_value":215.54774199569349,"max_exposure_percent":0.4182059964119786},"closed_trades":18,"equity_curve":[],"final_equity":585.1418205650236,"max_drawdown":0.10582274977826865,"open_trades":0,"profit_factor":1.5718199554419974,"sharpe":0.6366651295744948,"signal_diagnostics":{"buy_signals":18,"duplicate_buy_skips":0,"flat_sell_skips":0,"hold_signals":518,"risk_blocked_signals":0,"sell_signals":1,"stop_loss_exits":13,"take_profit_exits":3},"starting_equity":500,"total_return":0.17028364113004724,"trade_analysis":{"average_loss":-13.53601851815115,"average_trade_duration_days":11.724537037037036,"average_win":33.434003466383764,"expectancy":4.730101142501313,"largest_loss":-23.805465765754647,"largest_win":75.25812908030512,"max_trade_duration_days":28.0,"median_trade_duration_days":9.5,"profit_factor":1.5718199554419974,"time_in_market_percent":0.26247603254391877,"total_trades":18,"win_rate":0.3888888888888889}}