{"capital_utilization":{"average_cash_percent":0.8677118610721845,"average_exposure_percent":0.13228813892781557,"average_leverage":0.13228813892781557,"average_position_value":206.7826973146294,"max_exposure_percent":0.40547803473931543},"closed_trades":9,"equity_curve":[],"final_equity":535.8113501559988,"max_drawdown":0.03915706039827036,"open_trades":0,"profit_factor":3.131359100715519,"sharpe":1.1534091847008843,"signal_diagnostics":{"buy_signals":9,"duplicate_buy_skips":0,"flat_sell_skips":0,"hold_signals":423,"risk_blocked_signals":0,"sell_signals":3,"stop_loss_exits":3,"take_profit_exits":2},"starting_equity":500,"total_return":0.07162270031199758,"trade_analysis":{"average_loss":-4.200529857213706,"average_trade_duration_days":21.666666666666668,"average_win":10.522693916970717,"expectancy":3.9790389062220846,"largest_loss":-6.960090670925561,"largest_win":20.051823986303383,"max_trade_duration_days":38.0,"median_trade_duration_days":21.0,"profit_factor":3.131359100715519,"time_in_market_percent":0.30562267354535366,"total_trades":9,"win_rate":0.5555555555555556}}