{"capital_utilization":{"average_cash_percent":0.7088893992057187,"average_exposure_percent":0.2911106007942813,"average_leverage":0.2911106007942813,"average_position_value":211.37785749918172,"max_exposure_percent":0.40366578289018396},"closed_trades":21,"equity_curve":[],"final_equity":544.698001891962,"max_drawdown":0.02354282395547783,"open_trades":0,"profit_factor":3.1625850119004912,"sharpe":1.1654377294272062,"signal_diagnostics":{"buy_signals":21,"duplicate_buy_skips":0,"flat_sell_skips":0,"hold_signals":511,"risk_blocked_signals":0,"sell_signals":5,"stop_loss_exits":15,"take_profit_exits":0},"starting_equity":500,"total_return":0.0893960037839241,"trade_analysis":{"average_loss":-2.952683388893607,"average_trade_duration_days":26.523809523809526,"average_win":4.6690561153012355,"expectancy":2.128476280569621,"largest_loss":-4.8401696370929175,"largest_win":12.382049222196187,"max_trade_duration_days":59.0,"median_trade_duration_days":24.0,"profit_factor":3.1625850119004912,"time_in_market_percent":0.6927501684199617,"total_trades":21,"win_rate":0.6666666666666666}}