{"capital_utilization":{"average_cash_percent":0.8175592899763738,"average_exposure_percent":0.18244071002362613,"average_leverage":0.18244071002362613,"average_position_value":190.11230691629834,"max_exposure_percent":0.41261033460385926},"closed_trades":25,"equity_curve":[],"final_equity":512.860925952444,"max_drawdown":0.12001966817796483,"open_trades":0,"profit_factor":1.1319152844518086,"sharpe":0.20999264841367238,"signal_diagnostics":{"buy_signals":25,"duplicate_buy_skips":0,"flat_sell_skips":0,"hold_signals":391,"risk_blocked_signals":0,"sell_signals":8,"stop_loss_exits":16,"take_profit_exits":0},"starting_equity":500,"total_return":0.02572185190488785,"trade_analysis":{"average_loss":-7.499525172181647,"average_trade_duration_days":10.201666666666666,"average_win":9.19622943256711,"expectancy":0.5144370380977562,"largest_loss":-14.417806901676554,"largest_win":17.727904792594142,"max_trade_duration_days":22.0,"median_trade_duration_days":12.0,"profit_factor":1.1319152844518086,"time_in_market_percent":0.3997257232416901,"total_trades":25,"win_rate":0.48}}