{"capital_utilization":{"average_cash_percent":0.801116581662946,"average_exposure_percent":0.19888341833705409,"average_leverage":0.19888341833705409,"average_position_value":208.0748564215337,"max_exposure_percent":0.4065138444752198},"closed_trades":20,"equity_curve":[],"final_equity":545.8540016374377,"max_drawdown":0.043106269817913094,"open_trades":0,"profit_factor":2.2183811407271223,"sharpe":0.7831549172514021,"signal_diagnostics":{"buy_signals":20,"duplicate_buy_skips":0,"flat_sell_skips":0,"hold_signals":512,"risk_blocked_signals":0,"sell_signals":6,"stop_loss_exits":12,"take_profit_exits":2},"starting_equity":500,"total_return":0.09170800327487538,"trade_analysis":{"average_loss":-4.181687405129908,"average_trade_duration_days":18.652083333333334,"average_win":7.58992620760063,"expectancy":2.2927000818718875,"largest_loss":-8.060701759385557,"largest_win":24.242427153547123,"max_trade_duration_days":48.0,"median_trade_duration_days":18.0,"profit_factor":2.2183811407271223,"time_in_market_percent":0.463958128206457,"total_trades":20,"win_rate":0.55}}