{"capital_utilization":{"average_cash_percent":0.8078080018356777,"average_exposure_percent":0.19219199816432236,"average_leverage":0.19219199816432236,"average_position_value":186.54315105760378,"max_exposure_percent":0.41261033460385926},"closed_trades":25,"equity_curve":[],"final_equity":503.0504511382177,"max_drawdown":0.14293086768287003,"open_trades":0,"profit_factor":1.0316795554876104,"sharpe":0.08364584009648135,"signal_diagnostics":{"buy_signals":25,"duplicate_buy_skips":0,"flat_sell_skips":0,"hold_signals":391,"risk_blocked_signals":0,"sell_signals":5,"stop_loss_exits":17,"take_profit_exits":2},"starting_equity":500,"total_return":0.006100902276435338,"trade_analysis":{"average_loss":-7.406988006728017,"average_trade_duration_days":10.801666666666668,"average_win":8.278441268806823,"expectancy":0.1220180455287072,"largest_loss":-14.417806901676554,"largest_win":15.681571574016917,"max_trade_duration_days":22.0,"median_trade_duration_days":12.0,"profit_factor":1.0316795554876104,"time_in_market_percent":0.4232351596682558,"total_trades":25,"win_rate":0.48}}