{"capital_utilization":{"average_cash_percent":0.7941237258747893,"average_exposure_percent":0.20587627412521073,"average_leverage":0.20587627412521073,"average_position_value":211.57477115100664,"max_exposure_percent":0.4055141166151387},"closed_trades":20,"equity_curve":[],"final_equity":553.1017698194737,"max_drawdown":0.07205559814999707,"open_trades":0,"profit_factor":1.9814535927616101,"sharpe":0.8987863567873138,"signal_diagnostics":{"buy_signals":20,"duplicate_buy_skips":0,"flat_sell_skips":0,"hold_signals":512,"risk_blocked_signals":0,"sell_signals":0,"stop_loss_exits":16,"take_profit_exits":4},"starting_equity":500,"total_return":0.10620353963894735,"trade_analysis":{"average_loss":-4.508768950047529,"average_trade_duration_days":19.752083333333335,"average_win":13.400874652505504,"expectancy":2.655088490973683,"largest_loss":-6.83081528323816,"largest_win":32.65146309560636,"max_trade_duration_days":63.0,"median_trade_duration_days":18.5,"profit_factor":1.9814535927616101,"time_in_market_percent":0.4913198942840857,"total_trades":20,"win_rate":0.4}}