{"capital_utilization":{"average_cash_percent":0.857563939902562,"average_exposure_percent":0.14243606009743803,"average_leverage":0.14243606009743803,"average_position_value":203.06455858593364,"max_exposure_percent":0.40376108490484947},"closed_trades":14,"equity_curve":[],"final_equity":517.5101140519222,"max_drawdown":0.02565069403835063,"open_trades":0,"profit_factor":1.8695902699733806,"sharpe":0.7714578446128534,"signal_diagnostics":{"buy_signals":14,"duplicate_buy_skips":0,"flat_sell_skips":0,"hold_signals":413,"risk_blocked_signals":0,"sell_signals":1,"stop_loss_exits":11,"take_profit_exits":1},"starting_equity":500,"total_return":0.03502022810384431,"trade_analysis":{"average_loss":-2.2373390034031875,"average_trade_duration_days":15.071428571428571,"average_win":7.529233016510171,"expectancy":1.2507224322801545,"largest_loss":-4.6027949886742645,"largest_win":11.94728259369364,"max_trade_duration_days":45.0,"median_trade_duration_days":9.0,"profit_factor":1.8695902699733806,"time_in_market_percent":0.33069940573369033,"total_trades":14,"win_rate":0.35714285714285715}}