{"capital_utilization":{"average_cash_percent":0.7407644183938574,"average_exposure_percent":0.2592355816061426,"average_leverage":0.2592355816061426,"average_position_value":161.64840191094913,"max_exposure_percent":0.42181386262950304},"closed_trades":29,"equity_curve":[],"final_equity":350.9447862197446,"max_drawdown":0.3083253756520991,"open_trades":0,"profit_factor":0.4459308753532399,"sharpe":-1.345918633533962,"signal_diagnostics":{"buy_signals":29,"duplicate_buy_skips":0,"flat_sell_skips":0,"hold_signals":322,"risk_blocked_signals":0,"sell_signals":3,"stop_loss_exits":23,"take_profit_exits":2},"starting_equity":500,"total_return":-0.29811042756051076,"trade_analysis":{"average_loss":-12.228143905927034,"average_trade_duration_days":11.068965517241377,"average_win":17.137707450019917,"expectancy":-5.139834957939839,"largest_loss":-20.475483362182477,"largest_win":39.973341613109355,"max_trade_duration_days":39.0,"median_trade_duration_days":7.958333333333333,"profit_factor":0.4459308753532399,"time_in_market_percent":0.5815217391304347,"total_trades":29,"win_rate":0.2413793103448276}}