{"capital_utilization":{"average_cash_percent":0.863603930953621,"average_exposure_percent":0.13639606904637896,"average_leverage":0.13639606904637896,"average_position_value":205.0503316863305,"max_exposure_percent":0.40950129024296045},"closed_trades":29,"equity_curve":[],"final_equity":532.4518127103388,"max_drawdown":0.05472714271244772,"open_trades":0,"profit_factor":1.3594676620358734,"sharpe":0.4857755290617037,"signal_diagnostics":{"buy_signals":29,"duplicate_buy_skips":0,"flat_sell_skips":0,"hold_signals":495,"risk_blocked_signals":0,"sell_signals":8,"stop_loss_exits":18,"take_profit_exits":2},"starting_equity":500,"total_return":0.06490362542067762,"trade_analysis":{"average_loss":-6.448387065025435,"average_trade_duration_days":8.06896551724138,"average_win":8.181948774712996,"expectancy":1.119028024494443,"largest_loss":-11.735455718984774,"largest_win":19.62873372445175,"max_trade_duration_days":21.0,"median_trade_duration_days":7.0,"profit_factor":1.3594676620358734,"time_in_market_percent":0.2910296937347775,"total_trades":29,"win_rate":0.5172413793103449}}