{"capital_utilization":{"average_cash_percent":0.94672600999652,"average_exposure_percent":0.05327399000348001,"average_leverage":0.05327399000348001,"average_position_value":209.99535682523586,"max_exposure_percent":0.4060910588877025},"closed_trades":7,"equity_curve":[],"final_equity":559.6842667364037,"max_drawdown":0.029722998063726812,"open_trades":0,"profit_factor":8.332432014484715,"sharpe":1.6380930011697346,"signal_diagnostics":{"buy_signals":7,"duplicate_buy_skips":0,"flat_sell_skips":0,"hold_signals":539,"risk_blocked_signals":0,"sell_signals":5,"stop_loss_exits":1,"take_profit_exits":1},"starting_equity":500,"total_return":0.1193685334728074,"trade_analysis":{"average_loss":-8.139764080799049,"average_trade_duration_days":14.142857142857142,"average_win":11.304005136200457,"expectancy":8.52632381948624,"largest_loss":-8.139764080799049,"largest_win":17.12212446571814,"max_trade_duration_days":22.0,"median_trade_duration_days":12.0,"profit_factor":8.332432014484715,"time_in_market_percent":0.12312794734932891,"total_trades":7,"win_rate":0.8571428571428571}}