{"capital_utilization":{"average_cash_percent":0.8901251207771685,"average_exposure_percent":0.10987487922283147,"average_leverage":0.10987487922283147,"average_position_value":185.13201924896507,"max_exposure_percent":0.4189619961274653},"closed_trades":13,"equity_curve":[],"final_equity":518.0346635197448,"max_drawdown":0.1978545104595209,"open_trades":0,"profit_factor":1.1492963237742757,"sharpe":0.18729837579892727,"signal_diagnostics":{"buy_signals":13,"duplicate_buy_skips":0,"flat_sell_skips":0,"hold_signals":528,"risk_blocked_signals":0,"sell_signals":1,"stop_loss_exits":11,"take_profit_exits":0},"starting_equity":500,"total_return":0.03606932703948962,"trade_analysis":{"average_loss":-12.079777360768604,"average_trade_duration_days":15.849358974358974,"average_win":46.27747904247693,"expectancy":1.3872818092111314,"largest_loss":-20.260565197069955,"largest_win":115.9939191655222,"max_trade_duration_days":43.0,"median_trade_duration_days":11.0,"profit_factor":1.1492963237742757,"time_in_market_percent":0.2562574493444577,"total_trades":13,"win_rate":0.23076923076923078}}