{"capital_utilization":{"average_cash_percent":0.7456117928704671,"average_exposure_percent":0.2543882071295329,"average_leverage":0.2543882071295329,"average_position_value":205.28190543288238,"max_exposure_percent":0.4050260010598911},"closed_trades":20,"equity_curve":[],"final_equity":540.2498761002322,"max_drawdown":0.026437245664869144,"open_trades":0,"profit_factor":2.5553778163389747,"sharpe":1.0812202213932034,"signal_diagnostics":{"buy_signals":20,"duplicate_buy_skips":0,"flat_sell_skips":0,"hold_signals":513,"risk_blocked_signals":0,"sell_signals":5,"stop_loss_exits":12,"take_profit_exits":3},"starting_equity":500,"total_return":0.08049975220046446,"trade_analysis":{"average_loss":-2.5877877180331468,"average_trade_duration_days":24.297916666666666,"average_win":6.612775328056361,"expectancy":2.0124938050116077,"largest_loss":-6.074207550967966,"largest_win":14.836557397775913,"max_trade_duration_days":55.958333333333336,"median_trade_duration_days":23.0,"profit_factor":2.5553778163389747,"time_in_market_percent":0.6043944654609524,"total_trades":20,"win_rate":0.5}}