{"capital_utilization":{"average_cash_percent":0.9349649931292766,"average_exposure_percent":0.06503500687072337,"average_leverage":0.06503500687072337,"average_position_value":198.30489708654054,"max_exposure_percent":0.4035919095423626},"closed_trades":17,"equity_curve":[],"final_equity":506.63993729178105,"max_drawdown":0.0415309467473247,"open_trades":0,"profit_factor":1.2442229481788079,"sharpe":0.26940032071028686,"signal_diagnostics":{"buy_signals":17,"duplicate_buy_skips":0,"flat_sell_skips":0,"hold_signals":519,"risk_blocked_signals":0,"sell_signals":2,"stop_loss_exits":10,"take_profit_exits":5},"starting_equity":500,"total_return":0.013279874583562057,"trade_analysis":{"average_loss":-2.718801546413084,"average_trade_duration_days":6.058823529411765,"average_win":4.832564679415985,"expectancy":0.3905845465753559,"largest_loss":-4.330933538901386,"largest_win":7.659460335605007,"max_trade_duration_days":20.0,"median_trade_duration_days":5.0,"profit_factor":1.2442229481788079,"time_in_market_percent":0.12810281390889777,"total_trades":17,"win_rate":0.4117647058823529}}