{"capital_utilization":{"average_cash_percent":0.8617910947751405,"average_exposure_percent":0.1382089052248595,"average_leverage":0.1382089052248595,"average_position_value":192.56525905038694,"max_exposure_percent":0.4112573168120687},"closed_trades":26,"equity_curve":[],"final_equity":491.7339130008147,"max_drawdown":0.0998309547083586,"open_trades":0,"profit_factor":0.9171456216305083,"sharpe":-0.10294106336767861,"signal_diagnostics":{"buy_signals":26,"duplicate_buy_skips":0,"flat_sell_skips":0,"hold_signals":388,"risk_blocked_signals":0,"sell_signals":3,"stop_loss_exits":15,"take_profit_exits":8},"starting_equity":500,"total_return":-0.016532173998370592,"trade_analysis":{"average_loss":-6.651096507595899,"average_trade_duration_days":7.115384615384615,"average_win":8.318214601341197,"expectancy":-0.3179264230455887,"largest_loss":-12.624700498135576,"largest_win":16.94061386696024,"max_trade_duration_days":21.0,"median_trade_duration_days":7.0,"profit_factor":0.9171456216305083,"time_in_market_percent":0.2899497159276432,"total_trades":26,"win_rate":0.4230769230769231}}