{"capital_utilization":{"average_cash_percent":0.703552665069312,"average_exposure_percent":0.2964473349306879,"average_leverage":0.2964473349306879,"average_position_value":215.7470430531269,"max_exposure_percent":0.4043972491177992},"closed_trades":29,"equity_curve":[],"final_equity":555.0887733088616,"max_drawdown":0.036260688916637994,"open_trades":0,"profit_factor":2.129230279550066,"sharpe":0.9559219228883455,"signal_diagnostics":{"buy_signals":29,"duplicate_buy_skips":0,"flat_sell_skips":0,"hold_signals":495,"risk_blocked_signals":0,"sell_signals":1,"stop_loss_exits":23,"take_profit_exits":4},"starting_equity":500,"total_return":0.11017754661772328,"trade_analysis":{"average_loss":-3.0490223244595533,"average_trade_duration_days":19.344827586206897,"average_win":7.990240807708807,"expectancy":1.8996128727193669,"largest_loss":-5.77382220859799,"largest_win":22.7891337086429,"max_trade_duration_days":78.0,"median_trade_duration_days":16.0,"profit_factor":2.129230279550066,"time_in_market_percent":0.6977250349795305,"total_trades":29,"win_rate":0.4482758620689655}}