{"capital_utilization":{"average_cash_percent":0.741637411912125,"average_exposure_percent":0.258362588087875,"average_leverage":0.258362588087875,"average_position_value":218.4558576293184,"max_exposure_percent":0.40731991273750634},"closed_trades":35,"equity_curve":[],"final_equity":563.3034932525253,"max_drawdown":0.06448693133151066,"open_trades":0,"profit_factor":1.804622371929071,"sharpe":1.0040925137579755,"signal_diagnostics":{"buy_signals":35,"duplicate_buy_skips":0,"flat_sell_skips":0,"hold_signals":483,"risk_blocked_signals":0,"sell_signals":1,"stop_loss_exits":30,"take_profit_exits":3},"starting_equity":500,"total_return":0.12660698650505053,"trade_analysis":{"average_loss":-4.627928612374729,"average_trade_duration_days":13.71547619047619,"average_win":7.8876822034942045,"expectancy":1.8086712357864365,"largest_loss":-9.618230695866057,"largest_win":27.19657029518897,"max_trade_duration_days":45.0,"median_trade_duration_days":11.0,"profit_factor":1.804622371929071,"time_in_market_percent":0.5970358086749236,"total_trades":35,"win_rate":0.5142857142857142}}