{"capital_utilization":{"average_cash_percent":0.9588208102654406,"average_exposure_percent":0.04117918973455932,"average_leverage":0.04117918973455932,"average_position_value":200.68848034392659,"max_exposure_percent":0.4074368881110624},"closed_trades":6,"equity_curve":[],"final_equity":511.66967201600795,"max_drawdown":0.043448233854258514,"open_trades":0,"profit_factor":1.598855613627996,"sharpe":0.4215653352137127,"signal_diagnostics":{"buy_signals":6,"duplicate_buy_skips":0,"flat_sell_skips":0,"hold_signals":540,"risk_blocked_signals":0,"sell_signals":1,"stop_loss_exits":3,"take_profit_exits":2},"starting_equity":500,"total_return":0.023339344032015985,"trade_analysis":{"average_loss":-6.495540132682149,"average_trade_duration_days":12.833333333333334,"average_win":10.385430804684793,"expectancy":1.9449453360013222,"largest_loss":-8.99398952231374,"largest_win":11.022958964789387,"max_trade_duration_days":22.0,"median_trade_duration_days":13.5,"profit_factor":1.598855613627996,"time_in_market_percent":0.09576618127170027,"total_trades":6,"win_rate":0.5}}