{"capital_utilization":{"average_cash_percent":0.7455641389103009,"average_exposure_percent":0.254435861089699,"average_leverage":0.254435861089699,"average_position_value":204.1743614136373,"max_exposure_percent":0.40379283834007096},"closed_trades":16,"equity_curve":[],"final_equity":544.1668238740235,"max_drawdown":0.031216368744947546,"open_trades":0,"profit_factor":2.784288282503277,"sharpe":1.1390677718158053,"signal_diagnostics":{"buy_signals":16,"duplicate_buy_skips":0,"flat_sell_skips":0,"hold_signals":521,"risk_blocked_signals":0,"sell_signals":0,"stop_loss_exits":16,"take_profit_exits":0},"starting_equity":500,"total_return":0.08833364774804697,"trade_analysis":{"average_loss":-3.5361697600040465,"average_trade_duration_days":31.122395833333332,"average_win":7.6577791326724265,"expectancy":2.7604264921264705,"largest_loss":-4.565783389435911,"largest_win":24.678483769164362,"max_trade_duration_days":98.0,"median_trade_duration_days":25.5,"profit_factor":2.784288282503277,"time_in_market_percent":0.6193190651396591,"total_trades":16,"win_rate":0.5625}}