{"capital_utilization":{"average_cash_percent":0.8139481170737357,"average_exposure_percent":0.18605188292626434,"average_leverage":0.18605188292626434,"average_position_value":200.226285584961,"max_exposure_percent":0.42285925836708965},"closed_trades":31,"equity_curve":[],"final_equity":646.1343434319701,"max_drawdown":0.1860344009613394,"open_trades":0,"profit_factor":1.7365624673419404,"sharpe":0.8284843699161081,"signal_diagnostics":{"buy_signals":31,"duplicate_buy_skips":0,"flat_sell_skips":0,"hold_signals":490,"risk_blocked_signals":0,"sell_signals":11,"stop_loss_exits":18,"take_profit_exits":2},"starting_equity":500,"total_return":0.29226868686394036,"trade_analysis":{"average_loss":-13.226698337330012,"average_trade_duration_days":10.70967741935484,"average_win":21.533426155745012,"expectancy":4.714011078450648,"largest_loss":-26.517604585537704,"largest_win":39.006465164021456,"max_trade_duration_days":25.0,"median_trade_duration_days":9.0,"profit_factor":1.7365624673419404,"time_in_market_percent":0.4129139244442142,"total_trades":31,"win_rate":0.5161290322580645}}