{"capital_utilization":{"average_cash_percent":0.9291811951137151,"average_exposure_percent":0.0708188048862849,"average_leverage":0.0708188048862849,"average_position_value":201.68826948023644,"max_exposure_percent":0.4079165697532419},"closed_trades":15,"equity_curve":[],"final_equity":499.2793969221186,"max_drawdown":0.03741298899112969,"open_trades":0,"profit_factor":0.9824805039097353,"sharpe":-0.003123592412633986,"signal_diagnostics":{"buy_signals":15,"duplicate_buy_skips":0,"flat_sell_skips":0,"hold_signals":522,"risk_blocked_signals":0,"sell_signals":5,"stop_loss_exits":10,"take_profit_exits":0},"starting_equity":500,"total_return":-0.0014412061557627087,"trade_analysis":{"average_loss":-5.141436960919377,"average_trade_duration_days":8.066666666666666,"average_win":5.772984658496236,"expectancy":-0.048040205192090644,"largest_loss":-9.61267587399264,"largest_win":12.475857551976684,"max_trade_duration_days":21.0,"median_trade_duration_days":8.0,"profit_factor":0.9824805039097353,"time_in_market_percent":0.15048971342695758,"total_trades":15,"win_rate":0.4666666666666667}}