{"capital_utilization":{"average_cash_percent":0.7089227408606773,"average_exposure_percent":0.2910772591393227,"average_leverage":0.2910772591393227,"average_position_value":205.49557231764857,"max_exposure_percent":0.4045183318770791},"closed_trades":37,"equity_curve":[],"final_equity":526.8616342872413,"max_drawdown":0.025558729201992158,"open_trades":0,"profit_factor":1.620824050124476,"sharpe":0.7493584699412069,"signal_diagnostics":{"buy_signals":37,"duplicate_buy_skips":0,"flat_sell_skips":0,"hold_signals":479,"risk_blocked_signals":0,"sell_signals":0,"stop_loss_exits":36,"take_profit_exits":0},"starting_equity":500,"total_return":0.05372326857448262,"trade_analysis":{"average_loss":-2.2772478375488414,"average_trade_duration_days":14.513513513513514,"average_win":3.8960746222594023,"expectancy":0.725990115871385,"largest_loss":-5.454332297703682,"largest_win":13.269746436139506,"max_trade_duration_days":51.0,"median_trade_duration_days":12.0,"profit_factor":1.620824050124476,"time_in_market_percent":0.6678758356221175,"total_trades":37,"win_rate":0.4864864864864865}}