{"capital_utilization":{"average_cash_percent":0.7490584088298025,"average_exposure_percent":0.2509415911701975,"average_leverage":0.2509415911701975,"average_position_value":217.3749728132092,"max_exposure_percent":0.40732429041758395},"closed_trades":40,"equity_curve":[],"final_equity":550.7236907843992,"max_drawdown":0.07145637147902607,"open_trades":0,"profit_factor":1.5856727071391672,"sharpe":0.8360097177527893,"signal_diagnostics":{"buy_signals":40,"duplicate_buy_skips":0,"flat_sell_skips":0,"hold_signals":472,"risk_blocked_signals":0,"sell_signals":9,"stop_loss_exits":28,"take_profit_exits":3},"starting_equity":500,"total_return":0.1014473815687984,"trade_analysis":{"average_loss":-4.330378568618039,"average_trade_duration_days":11.376041666666667,"average_win":6.866563107837997,"expectancy":1.2680922696099797,"largest_loss":-9.551743677874194,"largest_win":27.19657029518897,"max_trade_duration_days":45.0,"median_trade_duration_days":8.0,"profit_factor":1.5856727071391672,"time_in_market_percent":0.5659428926776183,"total_trades":40,"win_rate":0.5}}