{"capital_utilization":{"average_cash_percent":0.7357286529354721,"average_exposure_percent":0.264271347064528,"average_leverage":0.264271347064528,"average_position_value":216.35729362136388,"max_exposure_percent":0.40395906400300974},"closed_trades":43,"equity_curve":[],"final_equity":561.6381996069706,"max_drawdown":0.03302401003475797,"open_trades":0,"profit_factor":2.020566781257739,"sharpe":1.1090379118265716,"signal_diagnostics":{"buy_signals":43,"duplicate_buy_skips":0,"flat_sell_skips":0,"hold_signals":467,"risk_blocked_signals":0,"sell_signals":8,"stop_loss_exits":32,"take_profit_exits":3},"starting_equity":500,"total_return":0.12327639921394118,"trade_analysis":{"average_loss":-2.625915100567437,"average_trade_duration_days":11.208333333333332,"average_win":6.101712346001085,"expectancy":1.4334465024876888,"largest_loss":-5.313463957936594,"largest_win":14.530126234125245,"max_trade_duration_days":38.0,"median_trade_duration_days":9.0,"profit_factor":2.020566781257739,"time_in_market_percent":0.5994195989013836,"total_trades":43,"win_rate":0.46511627906976744}}