{"capital_utilization":{"average_cash_percent":0.7159038097357607,"average_exposure_percent":0.28409619026423927,"average_leverage":0.28409619026423927,"average_position_value":174.29893250178156,"max_exposure_percent":0.42278734284385716},"closed_trades":21,"equity_curve":[],"final_equity":347.49689999002794,"max_drawdown":0.3236742836886883,"open_trades":0,"profit_factor":0.32404000421804163,"sharpe":-2.118220866052228,"signal_diagnostics":{"buy_signals":21,"duplicate_buy_skips":0,"flat_sell_skips":0,"hold_signals":149,"risk_blocked_signals":0,"sell_signals":3,"stop_loss_exits":18,"take_profit_exits":0},"starting_equity":500,"total_return":-0.30500620001994416,"trade_analysis":{"average_loss":-14.100603305077492,"average_trade_duration_days":8.001984126984127,"average_win":14.621310574253576,"expectancy":-7.26205238142724,"largest_loss":-24.32236929938684,"largest_win":25.6402175350456,"max_trade_duration_days":24.0,"median_trade_duration_days":7.0,"profit_factor":0.32404000421804163,"time_in_market_percent":0.6043758429491982,"total_trades":21,"win_rate":0.23809523809523808}}