{"capital_utilization":{"average_cash_percent":0.9177505669280599,"average_exposure_percent":0.08224943307194013,"average_leverage":0.08224943307194013,"average_position_value":200.91169136634795,"max_exposure_percent":0.4079165697532419},"closed_trades":15,"equity_curve":[],"final_equity":487.4364410654157,"max_drawdown":0.05905116654106169,"open_trades":0,"profit_factor":0.7153446548516857,"sharpe":-0.3080543880948306,"signal_diagnostics":{"buy_signals":15,"duplicate_buy_skips":0,"flat_sell_skips":0,"hold_signals":522,"risk_blocked_signals":0,"sell_signals":1,"stop_loss_exits":14,"take_profit_exits":0},"starting_equity":500,"total_return":-0.025127117869168658,"trade_analysis":{"average_loss":-4.413603731220406,"average_trade_duration_days":9.533333333333333,"average_win":6.314495675523948,"expectancy":-0.837570595638955,"largest_loss":-9.733627567500069,"largest_win":17.271040888686333,"max_trade_duration_days":25.0,"median_trade_duration_days":8.0,"profit_factor":0.7153446548516857,"time_in_market_percent":0.1778514795045862,"total_trades":15,"win_rate":0.3333333333333333}}