{"capital_utilization":{"average_cash_percent":0.7531085459597826,"average_exposure_percent":0.24689145404021737,"average_leverage":0.24689145404021737,"average_position_value":216.98315967777617,"max_exposure_percent":0.40547871537386704},"closed_trades":20,"equity_curve":[],"final_equity":577.0001155746497,"max_drawdown":0.039177483368515384,"open_trades":0,"profit_factor":5.174403132541194,"sharpe":1.3483131385691924,"signal_diagnostics":{"buy_signals":20,"duplicate_buy_skips":0,"flat_sell_skips":0,"hold_signals":514,"risk_blocked_signals":0,"sell_signals":8,"stop_loss_exits":11,"take_profit_exits":0},"starting_equity":500,"total_return":0.1540002311492994,"trade_analysis":{"average_loss":-2.6351112150416363,"average_trade_duration_days":23.597916666666666,"average_win":7.341991852303163,"expectancy":3.850005778732484,"largest_loss":-6.973562970786332,"largest_win":28.396434020968748,"max_trade_duration_days":71.0,"median_trade_duration_days":19.0,"profit_factor":5.174403132541194,"time_in_market_percent":0.5869824325024615,"total_trades":20,"win_rate":0.65}}