{"capital_utilization":{"average_cash_percent":0.749539415312594,"average_exposure_percent":0.25046058468740595,"average_leverage":0.25046058468740595,"average_position_value":202.19962329127088,"max_exposure_percent":0.4044592577689118},"closed_trades":34,"equity_curve":[],"final_equity":511.5577737260148,"max_drawdown":0.02560751049166022,"open_trades":0,"profit_factor":1.2583005443123263,"sharpe":0.3412442749359224,"signal_diagnostics":{"buy_signals":34,"duplicate_buy_skips":0,"flat_sell_skips":0,"hold_signals":485,"risk_blocked_signals":0,"sell_signals":0,"stop_loss_exits":33,"take_profit_exits":1},"starting_equity":500,"total_return":0.023115547452029483,"trade_analysis":{"average_loss":-2.1307356470909715,"average_trade_duration_days":13.675245098039214,"average_win":4.33101710114809,"expectancy":0.33993452135337543,"largest_loss":-5.390812592985542,"largest_win":9.88050893237247,"max_trade_duration_days":50.0,"median_trade_duration_days":9.0,"profit_factor":1.2583005443123263,"time_in_market_percent":0.578276416023216,"total_trades":34,"win_rate":0.38235294117647056}}