{"capital_utilization":{"average_cash_percent":0.9473511399348451,"average_exposure_percent":0.052648860065154894,"average_leverage":0.052648860065154894,"average_position_value":206.46023471377035,"max_exposure_percent":0.40243645913910464},"closed_trades":9,"equity_curve":[],"final_equity":539.5036425207237,"max_drawdown":0.010622713818518904,"open_trades":0,"profit_factor":14.07294147870606,"sharpe":1.6366939886703433,"signal_diagnostics":{"buy_signals":9,"duplicate_buy_skips":0,"flat_sell_skips":0,"hold_signals":535,"risk_blocked_signals":0,"sell_signals":2,"stop_loss_exits":1,"take_profit_exits":6},"starting_equity":500,"total_return":0.07900728504144738,"trade_analysis":{"average_loss":-3.0217868400213903,"average_trade_duration_days":10.662037037037038,"average_win":5.315678670093142,"expectancy":4.3892936134137495,"largest_loss":-3.0217868400213903,"largest_win":8.257812410741987,"max_trade_duration_days":20.0,"median_trade_duration_days":10.958333333333334,"profit_factor":14.07294147870606,"time_in_market_percent":0.11934497590299012,"total_trades":9,"win_rate":0.8888888888888888}}