{"capital_utilization":{"average_cash_percent":0.8475147000459117,"average_exposure_percent":0.1524852999540883,"average_leverage":0.1524852999540883,"average_position_value":200.40940426529733,"max_exposure_percent":0.4112249489947896},"closed_trades":37,"equity_curve":[],"final_equity":509.3195713408719,"max_drawdown":0.0802438107026814,"open_trades":0,"profit_factor":1.0814871585073456,"sharpe":0.1697484402378399,"signal_diagnostics":{"buy_signals":37,"duplicate_buy_skips":0,"flat_sell_skips":0,"hold_signals":479,"risk_blocked_signals":0,"sell_signals":11,"stop_loss_exits":16,"take_profit_exits":9},"starting_equity":500,"total_return":0.018639142681743825,"trade_analysis":{"average_loss":-6.727564059377563,"average_trade_duration_days":6.728603603603604,"average_win":6.184408017514526,"expectancy":0.25188030651005217,"largest_loss":-13.62024145308947,"largest_win":13.388720404317635,"max_trade_duration_days":19.041666666666668,"median_trade_duration_days":6.0,"profit_factor":1.0814871585073456,"time_in_market_percent":0.30963362180649845,"total_trades":37,"win_rate":0.5405405405405406}}