{"capital_utilization":{"average_cash_percent":0.7748413942070793,"average_exposure_percent":0.2251586057929207,"average_leverage":0.2251586057929207,"average_position_value":171.44121388463128,"max_exposure_percent":0.42278734284385716},"closed_trades":30,"equity_curve":[],"final_equity":356.89101013125173,"max_drawdown":0.30539072987697696,"open_trades":0,"profit_factor":0.5002500208078037,"sharpe":-1.3685311610560977,"signal_diagnostics":{"buy_signals":30,"duplicate_buy_skips":0,"flat_sell_skips":0,"hold_signals":279,"risk_blocked_signals":0,"sell_signals":9,"stop_loss_exits":20,"take_profit_exits":0},"starting_equity":500,"total_return":-0.2862179797374965,"trade_analysis":{"average_loss":-13.636246297176704,"average_trade_duration_days":7.866666666666668,"average_win":15.91690915244029,"expectancy":-4.770299662291609,"largest_loss":-24.32236929938684,"largest_win":27.361132531134487,"max_trade_duration_days":21.0,"median_trade_duration_days":7.0,"profit_factor":0.5002500208078037,"time_in_market_percent":0.4806517311608962,"total_trades":30,"win_rate":0.3}}