{"capital_utilization":{"average_cash_percent":0.8504579496749488,"average_exposure_percent":0.14954205032505116,"average_leverage":0.14954205032505116,"average_position_value":212.8109700490813,"max_exposure_percent":0.4092890772554658},"closed_trades":30,"equity_curve":[],"final_equity":599.6677230667316,"max_drawdown":0.04016445779706634,"open_trades":0,"profit_factor":1.9462958047821555,"sharpe":1.10800908051078,"signal_diagnostics":{"buy_signals":30,"duplicate_buy_skips":0,"flat_sell_skips":0,"hold_signals":493,"risk_blocked_signals":0,"sell_signals":5,"stop_loss_exits":17,"take_profit_exits":7},"starting_equity":500,"total_return":0.1993354461334631,"trade_analysis":{"average_loss":-6.582754208769567,"average_trade_duration_days":8.666666666666666,"average_win":14.642270743360328,"expectancy":3.322257435557718,"largest_loss":-12.086079174388793,"largest_win":44.95627224369654,"max_trade_duration_days":26.958333333333332,"median_trade_duration_days":7.5,"profit_factor":1.9462958047821555,"time_in_market_percent":0.32336632637197493,"total_trades":30,"win_rate":0.4666666666666667}}