{"capital_utilization":{"average_cash_percent":0.8490396524906414,"average_exposure_percent":0.15096034750935855,"average_leverage":0.15096034750935855,"average_position_value":208.35226171969074,"max_exposure_percent":0.4041545314442284},"closed_trades":17,"equity_curve":[],"final_equity":540.5354417374765,"max_drawdown":0.035248360969185516,"open_trades":0,"profit_factor":2.6857465157654015,"sharpe":1.217556626485364,"signal_diagnostics":{"buy_signals":17,"duplicate_buy_skips":0,"flat_sell_skips":0,"hold_signals":407,"risk_blocked_signals":0,"sell_signals":4,"stop_loss_exits":10,"take_profit_exits":2},"starting_equity":500,"total_return":0.08107088347495295,"trade_analysis":{"average_loss":-2.6717765267251625,"average_trade_duration_days":12.941176470588236,"average_win":8.072678809750379,"expectancy":2.3844377492633266,"largest_loss":-5.2514854309038554,"largest_win":14.530126234125245,"max_trade_duration_days":38.0,"median_trade_duration_days":10.0,"profit_factor":2.6857465157654015,"time_in_market_percent":0.34480506758962975,"total_trades":17,"win_rate":0.47058823529411764}}