{"capital_utilization":{"average_cash_percent":0.8509889087389448,"average_exposure_percent":0.14901109126105522,"average_leverage":0.14901109126105522,"average_position_value":196.55462020921323,"max_exposure_percent":0.40913906134489864},"closed_trades":20,"equity_curve":[],"final_equity":496.5060264531989,"max_drawdown":0.1082903581857819,"open_trades":0,"profit_factor":0.9476241656357668,"sharpe":-0.021136026252747967,"signal_diagnostics":{"buy_signals":20,"duplicate_buy_skips":0,"flat_sell_skips":0,"hold_signals":401,"risk_blocked_signals":0,"sell_signals":2,"stop_loss_exits":16,"take_profit_exits":1},"starting_equity":500,"total_return":-0.006987947093602176,"trade_analysis":{"average_loss":-5.131511491324575,"average_trade_duration_days":10.1,"average_win":9.030810834345486,"expectancy":-0.1746986773400538,"largest_loss":-10.588341514784192,"largest_win":16.018819962785294,"max_trade_duration_days":20.0,"median_trade_duration_days":11.0,"profit_factor":0.9476241656357668,"time_in_market_percent":0.31659374387775097,"total_trades":20,"win_rate":0.35}}