{"capital_utilization":{"average_cash_percent":0.7454865362976275,"average_exposure_percent":0.25451346370237254,"average_leverage":0.25451346370237254,"average_position_value":213.1889726769854,"max_exposure_percent":0.40753594904028156},"closed_trades":20,"equity_curve":[],"final_equity":547.7453719397784,"max_drawdown":0.06017987072734364,"open_trades":0,"profit_factor":1.9268487562399848,"sharpe":0.679962944105896,"signal_diagnostics":{"buy_signals":20,"duplicate_buy_skips":0,"flat_sell_skips":0,"hold_signals":513,"risk_blocked_signals":0,"sell_signals":5,"stop_loss_exits":15,"take_profit_exits":0},"starting_equity":500,"total_return":0.0954907438795567,"trade_analysis":{"average_loss":-4.292805021525347,"average_trade_duration_days":24.9,"average_win":12.407379024760314,"expectancy":2.387268596988917,"largest_loss":-9.595793764040208,"largest_win":24.025900590002106,"max_trade_duration_days":61.0,"median_trade_duration_days":20.0,"profit_factor":1.9268487562399848,"time_in_market_percent":0.6193708866663211,"total_trades":20,"win_rate":0.4}}