{"capital_utilization":{"average_cash_percent":0.8464445840756717,"average_exposure_percent":0.15355541592432828,"average_leverage":0.15355541592432828,"average_position_value":192.69189903752553,"max_exposure_percent":0.40667600716993885},"closed_trades":19,"equity_curve":[],"final_equity":491.0413708785052,"max_drawdown":0.07584651508950603,"open_trades":0,"profit_factor":0.8431721430572804,"sharpe":-0.16969949439481385,"signal_diagnostics":{"buy_signals":19,"duplicate_buy_skips":0,"flat_sell_skips":0,"hold_signals":402,"risk_blocked_signals":0,"sell_signals":7,"stop_loss_exits":11,"take_profit_exits":1},"starting_equity":500,"total_return":-0.01791725824298962,"trade_analysis":{"average_loss":-5.193087791311619,"average_trade_duration_days":11.366228070175438,"average_win":6.020667072866623,"expectancy":-0.47150679586814803,"largest_loss":-7.932761843274893,"largest_win":10.690149322092296,"max_trade_duration_days":22.0,"median_trade_duration_days":11.0,"profit_factor":0.8431721430572804,"time_in_market_percent":0.3384705805524718,"total_trades":19,"win_rate":0.42105263157894735}}