{"capital_utilization":{"average_cash_percent":0.8966196282607082,"average_exposure_percent":0.10338037173929178,"average_leverage":0.10338037173929178,"average_position_value":213.6563316503941,"max_exposure_percent":0.4097608262844875},"closed_trades":13,"equity_curve":[],"final_equity":548.0207059535411,"max_drawdown":0.04580280268322195,"open_trades":0,"profit_factor":2.36172950365352,"sharpe":0.902355300578994,"signal_diagnostics":{"buy_signals":13,"duplicate_buy_skips":0,"flat_sell_skips":0,"hold_signals":414,"risk_blocked_signals":0,"sell_signals":9,"stop_loss_exits":4,"take_profit_exits":0},"starting_equity":500,"total_return":0.09604141190708226,"trade_analysis":{"average_loss":-8.816124242131343,"average_trade_duration_days":10.842948717948717,"average_win":9.253911435785165,"expectancy":3.693900457964702,"largest_loss":-12.800838289039351,"largest_win":15.064618658591193,"max_trade_duration_days":20.0,"median_trade_duration_days":11.0,"profit_factor":2.36172950365352,"time_in_market_percent":0.22092339841964342,"total_trades":13,"win_rate":0.6923076923076923}}