{"capital_utilization":{"average_cash_percent":0.7474484581046417,"average_exposure_percent":0.2525515418953584,"average_leverage":0.2525515418953584,"average_position_value":201.43275500609477,"max_exposure_percent":0.40379283834007096},"closed_trades":36,"equity_curve":[],"final_equity":517.7625730942655,"max_drawdown":0.025300792737635,"open_trades":0,"profit_factor":1.348813887542266,"sharpe":0.5120565802068954,"signal_diagnostics":{"buy_signals":36,"duplicate_buy_skips":0,"flat_sell_skips":0,"hold_signals":481,"risk_blocked_signals":0,"sell_signals":1,"stop_loss_exits":32,"take_profit_exits":3},"starting_equity":500,"total_return":0.035525146188530865,"trade_analysis":{"average_loss":-2.121782528430379,"average_trade_duration_days":12.859953703703704,"average_win":5.723779481382876,"expectancy":0.4934048081740394,"largest_loss":-4.565783389435911,"largest_win":14.698504367240085,"max_trade_duration_days":41.0,"median_trade_duration_days":9.0,"profit_factor":1.348813887542266,"time_in_market_percent":0.5757889827434317,"total_trades":36,"win_rate":0.3333333333333333}}