{"capital_utilization":{"average_cash_percent":0.7736805286147166,"average_exposure_percent":0.22631947138528338,"average_leverage":0.22631947138528338,"average_position_value":214.82484569904116,"max_exposure_percent":0.4054786717582004},"closed_trades":33,"equity_curve":[],"final_equity":552.3122965963644,"max_drawdown":0.07197413840101133,"open_trades":0,"profit_factor":1.6498837918865206,"sharpe":0.9007165860748859,"signal_diagnostics":{"buy_signals":33,"duplicate_buy_skips":0,"flat_sell_skips":0,"hold_signals":486,"risk_blocked_signals":0,"sell_signals":0,"stop_loss_exits":30,"take_profit_exits":3},"starting_equity":500,"total_return":0.10462459319272877,"trade_analysis":{"average_loss":-4.734991018164249,"average_trade_duration_days":12.637626262626263,"average_win":8.300446494072288,"expectancy":1.585221108980739,"largest_loss":-7.00897292897772,"largest_win":27.19657029518897,"max_trade_duration_days":47.0,"median_trade_duration_days":10.0,"profit_factor":1.6498837918865206,"time_in_market_percent":0.5186816603617143,"total_trades":33,"win_rate":0.48484848484848486}}