{"capital_utilization":{"average_cash_percent":0.8063847053850759,"average_exposure_percent":0.1936152946149241,"average_leverage":0.1936152946149241,"average_position_value":164.7042863266762,"max_exposure_percent":0.421813862629503},"closed_trades":37,"equity_curve":[],"final_equity":406.16137123368804,"max_drawdown":0.27146295478287813,"open_trades":0,"profit_factor":0.6966819161905762,"sharpe":-0.58405708971032,"signal_diagnostics":{"buy_signals":37,"duplicate_buy_skips":0,"flat_sell_skips":0,"hold_signals":479,"risk_blocked_signals":0,"sell_signals":4,"stop_loss_exits":23,"take_profit_exits":10},"starting_equity":500,"total_return":-0.18767725753262388,"trade_analysis":{"average_loss":-13.451029130552728,"average_trade_duration_days":9.106981981981983,"average_win":15.39536008831435,"expectancy":-2.5361791558462694,"largest_loss":-21.306267619000025,"largest_win":27.113133175043476,"max_trade_duration_days":25.0,"median_trade_duration_days":7.0,"profit_factor":0.6966819161905762,"time_in_market_percent":0.4190806861170131,"total_trades":37,"win_rate":0.3783783783783784}}