{"capital_utilization":{"average_cash_percent":0.9147657499164794,"average_exposure_percent":0.08523425008352058,"average_leverage":0.08523425008352058,"average_position_value":209.46362000050183,"max_exposure_percent":0.405959855809501},"closed_trades":25,"equity_curve":[],"final_equity":538.9032675089936,"max_drawdown":0.06608173805311306,"open_trades":0,"profit_factor":1.695725575840795,"sharpe":0.8607129795857418,"signal_diagnostics":{"buy_signals":25,"duplicate_buy_skips":0,"flat_sell_skips":0,"hold_signals":502,"risk_blocked_signals":0,"sell_signals":1,"stop_loss_exits":12,"take_profit_exits":12},"starting_equity":500,"total_return":0.07780653501798729,"trade_analysis":{"average_loss":-5.0834133535506085,"average_trade_duration_days":5.16,"average_win":6.772915314146451,"expectancy":1.556130700359745,"largest_loss":-7.588340504888819,"largest_win":11.933507523482252,"max_trade_duration_days":18.0,"median_trade_duration_days":4.0,"profit_factor":1.695725575840795,"time_in_market_percent":0.16043944654609527,"total_trades":25,"win_rate":0.56}}