{"capital_utilization":{"average_cash_percent":0.7062945659262788,"average_exposure_percent":0.2937054340737212,"average_leverage":0.2937054340737212,"average_position_value":215.69620804443403,"max_exposure_percent":0.40559090156956534},"closed_trades":27,"equity_curve":[],"final_equity":554.6153884455364,"max_drawdown":0.036252611917786545,"open_trades":0,"profit_factor":2.1607944287201932,"sharpe":0.9506173196865448,"signal_diagnostics":{"buy_signals":27,"duplicate_buy_skips":0,"flat_sell_skips":0,"hold_signals":499,"risk_blocked_signals":0,"sell_signals":1,"stop_loss_exits":21,"take_profit_exits":4},"starting_equity":500,"total_return":0.10923077689107275,"trade_analysis":{"average_loss":-3.360714936392515,"average_trade_duration_days":20.51851851851852,"average_win":7.820415196540891,"expectancy":2.0227921646494944,"largest_loss":-7.265301272816697,"largest_win":20.607751235637362,"max_trade_duration_days":61.0,"median_trade_duration_days":16.0,"profit_factor":2.1607944287201932,"time_in_market_percent":0.689019018500285,"total_trades":27,"win_rate":0.48148148148148145}}