{"capital_utilization":{"average_cash_percent":0.8848600404886404,"average_exposure_percent":0.11513995951135955,"average_leverage":0.11513995951135955,"average_position_value":213.4503467191814,"max_exposure_percent":0.41355272889096323},"closed_trades":17,"equity_curve":[],"final_equity":612.0109094473628,"max_drawdown":0.08674550967956002,"open_trades":0,"profit_factor":1.938090882012197,"sharpe":0.7976206944079889,"signal_diagnostics":{"buy_signals":17,"duplicate_buy_skips":0,"flat_sell_skips":0,"hold_signals":520,"risk_blocked_signals":0,"sell_signals":0,"stop_loss_exits":13,"take_profit_exits":3},"starting_equity":500,"total_return":0.2240218188947256,"trade_analysis":{"average_loss":-13.267005195239408,"average_trade_duration_days":12.825980392156863,"average_win":28.926744525564686,"expectancy":6.58887702631546,"largest_loss":-17.64988612698935,"largest_win":76.63574647044456,"max_trade_duration_days":34.0,"median_trade_duration_days":11.0,"profit_factor":1.938090882012197,"time_in_market_percent":0.27118204902316423,"total_trades":17,"win_rate":0.47058823529411764}}