{"capital_utilization":{"average_cash_percent":0.8090947181660985,"average_exposure_percent":0.19090528183390154,"average_leverage":0.19090528183390154,"average_position_value":211.5650996769652,"max_exposure_percent":0.4095273561454287},"closed_trades":23,"equity_curve":[],"final_equity":566.2167356365229,"max_drawdown":0.07362273406368057,"open_trades":0,"profit_factor":1.8807924108097391,"sharpe":0.8375772121736035,"signal_diagnostics":{"buy_signals":23,"duplicate_buy_skips":0,"flat_sell_skips":0,"hold_signals":394,"risk_blocked_signals":0,"sell_signals":13,"stop_loss_exits":10,"take_profit_exits":0},"starting_equity":500,"total_return":0.13243347127304572,"trade_analysis":{"average_loss":-8.353177185031468,"average_trade_duration_days":11.869565217391305,"average_win":10.099666450129016,"expectancy":2.8789885059357805,"largest_loss":-11.938932967248581,"largest_win":20.415637146953355,"max_trade_duration_days":25.0,"median_trade_duration_days":13.041666666666666,"profit_factor":1.8807924108097391,"time_in_market_percent":0.4278717429634951,"total_trades":23,"win_rate":0.6086956521739131}}