{"capital_utilization":{"average_cash_percent":0.8319424871986493,"average_exposure_percent":0.1680575128013507,"average_leverage":0.1680575128013507,"average_position_value":197.56596598035077,"max_exposure_percent":0.4135342753158344},"closed_trades":29,"equity_curve":[],"final_equity":509.65689340525535,"max_drawdown":0.18618581290910333,"open_trades":0,"profit_factor":1.050762662758549,"sharpe":0.13202233039641176,"signal_diagnostics":{"buy_signals":29,"duplicate_buy_skips":0,"flat_sell_skips":0,"hold_signals":494,"risk_blocked_signals":0,"sell_signals":0,"stop_loss_exits":26,"take_profit_exits":3},"starting_equity":500,"total_return":0.019313786810510658,"trade_analysis":{"average_loss":-9.511807380148717,"average_trade_duration_days":10.347701149425289,"average_win":22.210337889803295,"expectancy":0.3329963243191494,"largest_loss":-16.586206224295257,"largest_win":67.702499939127,"max_trade_duration_days":27.0,"median_trade_duration_days":8.0,"profit_factor":1.050762662758549,"time_in_market_percent":0.3732186350209878,"total_trades":29,"win_rate":0.3103448275862069}}