{"capital_utilization":{"average_cash_percent":0.7898127577947622,"average_exposure_percent":0.2101872422052378,"average_leverage":0.2101872422052378,"average_position_value":203.86804728452486,"max_exposure_percent":0.4104551236028539},"closed_trades":25,"equity_curve":[],"final_equity":556.9160899995638,"max_drawdown":0.0736063387686451,"open_trades":0,"profit_factor":1.6526955400073375,"sharpe":0.7208468140703891,"signal_diagnostics":{"buy_signals":25,"duplicate_buy_skips":0,"flat_sell_skips":0,"hold_signals":391,"risk_blocked_signals":0,"sell_signals":10,"stop_loss_exits":13,"take_profit_exits":1},"starting_equity":500,"total_return":0.11383217999912776,"trade_analysis":{"average_loss":-7.266799310303742,"average_trade_duration_days":12.04,"average_win":11.085975517169897,"expectancy":2.2766435999825525,"largest_loss":-12.190929801146913,"largest_win":19.2473620056754,"max_trade_duration_days":22.0,"median_trade_duration_days":14.0,"profit_factor":1.6526955400073375,"time_in_market_percent":0.47175602429308433,"total_trades":25,"win_rate":0.52}}