{"capital_utilization":{"average_cash_percent":0.6974035010047439,"average_exposure_percent":0.30259649899525604,"average_leverage":0.30259649899525604,"average_position_value":205.18863959084112,"max_exposure_percent":0.4053471588149218},"closed_trades":41,"equity_curve":[],"final_equity":516.8360095966666,"max_drawdown":0.041275137276470905,"open_trades":0,"profit_factor":1.3079751286940302,"sharpe":0.4538285420470128,"signal_diagnostics":{"buy_signals":41,"duplicate_buy_skips":0,"flat_sell_skips":0,"hold_signals":471,"risk_blocked_signals":0,"sell_signals":4,"stop_loss_exits":36,"take_profit_exits":0},"starting_equity":500,"total_return":0.03367201919333329,"trade_analysis":{"average_loss":-2.4848537826089623,"average_trade_duration_days":13.414634146341463,"average_win":3.763304884950722,"expectancy":0.41063438040650113,"largest_loss":-6.659118597690368,"largest_win":14.890379931080531,"max_trade_duration_days":57.0,"median_trade_duration_days":9.0,"profit_factor":1.3079751286940302,"time_in_market_percent":0.6840441519407162,"total_trades":41,"win_rate":0.4634146341463415}}