{"capital_utilization":{"average_cash_percent":0.8787145824760338,"average_exposure_percent":0.12128541752396618,"average_leverage":0.12128541752396618,"average_position_value":214.83412572235198,"max_exposure_percent":0.4135356685309154},"closed_trades":17,"equity_curve":[],"final_equity":665.9724009286003,"max_drawdown":0.08311489268627179,"open_trades":0,"profit_factor":2.7233477641753527,"sharpe":1.0714442202734227,"signal_diagnostics":{"buy_signals":17,"duplicate_buy_skips":0,"flat_sell_skips":0,"hold_signals":520,"risk_blocked_signals":0,"sell_signals":0,"stop_loss_exits":16,"take_profit_exits":0},"starting_equity":500,"total_return":0.33194480185720066,"trade_analysis":{"average_loss":-10.700903360489205,"average_trade_duration_days":13.17892156862745,"average_win":32.785066396625396,"expectancy":9.763082407564726,"largest_loss":-17.728275574661634,"largest_win":92.01776308103823,"max_trade_duration_days":33.0,"median_trade_duration_days":11.0,"profit_factor":2.7233477641753527,"time_in_market_percent":0.2786443488625175,"total_trades":17,"win_rate":0.47058823529411764}}