{"capital_utilization":{"average_cash_percent":0.85618854128456,"average_exposure_percent":0.14381145871543993,"average_leverage":0.14381145871543993,"average_position_value":205.935509523551,"max_exposure_percent":0.40748434019912994},"closed_trades":10,"equity_curve":[],"final_equity":536.4068768063217,"max_drawdown":0.039174058846402494,"open_trades":0,"profit_factor":2.5693048661046456,"sharpe":1.0888957629882103,"signal_diagnostics":{"buy_signals":10,"duplicate_buy_skips":0,"flat_sell_skips":0,"hold_signals":421,"risk_blocked_signals":0,"sell_signals":3,"stop_loss_exits":4,"take_profit_exits":2},"starting_equity":500,"total_return":0.07281375361264342,"trade_analysis":{"average_loss":-5.799841317113152,"average_trade_duration_days":21.2,"average_win":9.934373679129065,"expectancy":3.640687680632179,"largest_loss":-9.05404502610555,"largest_win":20.07314927145597,"max_trade_duration_days":38.0,"median_trade_duration_days":21.5,"profit_factor":2.5693048661046456,"time_in_market_percent":0.3322667014954614,"total_trades":10,"win_rate":0.6}}