{"capital_utilization":{"average_cash_percent":0.9183942589808125,"average_exposure_percent":0.08160574101918755,"average_leverage":0.08160574101918755,"average_position_value":204.97378341226,"max_exposure_percent":0.40567794480041136},"closed_trades":18,"equity_curve":[],"final_equity":539.2742907797417,"max_drawdown":0.026746844591893686,"open_trades":0,"profit_factor":2.0596571833996578,"sharpe":1.0410539603012847,"signal_diagnostics":{"buy_signals":18,"duplicate_buy_skips":0,"flat_sell_skips":0,"hold_signals":517,"risk_blocked_signals":0,"sell_signals":0,"stop_loss_exits":7,"take_profit_exits":11},"starting_equity":500,"total_return":0.0785485815594833,"trade_analysis":{"average_loss":-5.2947434853734565,"average_trade_duration_days":7.444444444444445,"average_win":6.939772288850533,"expectancy":2.181905043318982,"largest_loss":-6.867969777374319,"largest_win":11.869569550334168,"max_trade_duration_days":18.0,"median_trade_duration_days":6.5,"profit_factor":2.0596571833996578,"time_in_market_percent":0.16665802974555632,"total_trades":18,"win_rate":0.6111111111111112}}