{"capital_utilization":{"average_cash_percent":0.7326234740776051,"average_exposure_percent":0.2673765259223949,"average_leverage":0.2673765259223949,"average_position_value":202.357714656036,"max_exposure_percent":0.4044100166565924},"closed_trades":42,"equity_curve":[],"final_equity":497.7145086928049,"max_drawdown":0.06624003941373047,"open_trades":0,"profit_factor":0.9696318313564136,"sharpe":-0.025463400860814153,"signal_diagnostics":{"buy_signals":42,"duplicate_buy_skips":0,"flat_sell_skips":0,"hold_signals":468,"risk_blocked_signals":0,"sell_signals":5,"stop_loss_exits":37,"take_profit_exits":0},"starting_equity":500,"total_return":-0.004570982614390262,"trade_analysis":{"average_loss":-3.1358099193964413,"average_trade_duration_days":11.452380952380953,"average_win":4.054108153239972,"expectancy":-0.05441645969512153,"largest_loss":-5.241242769215923,"largest_win":10.990868656941942,"max_trade_duration_days":37.0,"median_trade_duration_days":9.5,"profit_factor":0.9696318313564136,"time_in_market_percent":0.5982277037881536,"total_trades":42,"win_rate":0.42857142857142855}}