{"capital_utilization":{"average_cash_percent":0.8260289126167296,"average_exposure_percent":0.1739710873832704,"average_leverage":0.1739710873832704,"average_position_value":166.08603997699075,"max_exposure_percent":0.4217964382698154},"closed_trades":40,"equity_curve":[],"final_equity":455.3606383856311,"max_drawdown":0.26744713267221865,"open_trades":0,"profit_factor":0.8402576916652652,"sharpe":-0.22178060198806138,"signal_diagnostics":{"buy_signals":40,"duplicate_buy_skips":0,"flat_sell_skips":0,"hold_signals":473,"risk_blocked_signals":0,"sell_signals":17,"stop_loss_exits":21,"take_profit_exits":2},"starting_equity":500,"total_return":-0.08927872322873787,"trade_analysis":{"average_loss":-13.306956112993031,"average_trade_duration_days":7.326041666666667,"average_win":12.35824825044657,"expectancy":-1.1159840403592223,"largest_loss":-21.327990068629756,"largest_win":32.9243406614662,"max_trade_duration_days":19.0,"median_trade_duration_days":6.0,"profit_factor":0.8402576916652652,"time_in_market_percent":0.3644607970150801,"total_trades":40,"win_rate":0.475}}