{"capital_utilization":{"average_cash_percent":0.8607966950389193,"average_exposure_percent":0.13920330496108071,"average_leverage":0.13920330496108071,"average_position_value":190.60454133594567,"max_exposure_percent":0.40972972921712825},"closed_trades":24,"equity_curve":[],"final_equity":489.36128089902724,"max_drawdown":0.09829425414024628,"open_trades":0,"profit_factor":0.8715405691848811,"sharpe":-0.173365932483528,"signal_diagnostics":{"buy_signals":24,"duplicate_buy_skips":0,"flat_sell_skips":0,"hold_signals":392,"risk_blocked_signals":0,"sell_signals":5,"stop_loss_exits":12,"take_profit_exits":7},"starting_equity":500,"total_return":-0.021277438201945498,"trade_analysis":{"average_loss":-6.901477917623804,"average_trade_duration_days":7.708333333333333,"average_win":6.014917992542738,"expectancy":-0.4432799625405324,"largest_loss":-11.01500947575415,"largest_win":12.54193951780128,"max_trade_duration_days":18.0,"median_trade_duration_days":7.5,"profit_factor":0.8715405691848811,"time_in_market_percent":0.2899497159276432,"total_trades":24,"win_rate":0.5}}