{"capital_utilization":{"average_cash_percent":0.8044039709122202,"average_exposure_percent":0.19559602908777982,"average_leverage":0.19559602908777982,"average_position_value":206.55241176801522,"max_exposure_percent":0.4064001787412109},"closed_trades":30,"equity_curve":[],"final_equity":540.5554816163112,"max_drawdown":0.040392710985518325,"open_trades":0,"profit_factor":1.5377552134610635,"sharpe":0.7064756361905921,"signal_diagnostics":{"buy_signals":30,"duplicate_buy_skips":0,"flat_sell_skips":0,"hold_signals":492,"risk_blocked_signals":0,"sell_signals":2,"stop_loss_exits":26,"take_profit_exits":2},"starting_equity":500,"total_return":0.08111096323262235,"trade_analysis":{"average_loss":-4.436249999904642,"average_trade_duration_days":11.968055555555557,"average_win":8.920902431899238,"expectancy":1.3518493872103732,"largest_loss":-8.163131142088409,"largest_win":23.999133927572522,"max_trade_duration_days":27.0,"median_trade_duration_days":9.5,"profit_factor":1.5377552134610635,"time_in_market_percent":0.44654609524796607,"total_trades":30,"win_rate":0.43333333333333335}}