{"capital_utilization":{"average_cash_percent":0.8846113077141022,"average_exposure_percent":0.11538869228589775,"average_leverage":0.11538869228589775,"average_position_value":188.39359891355681,"max_exposure_percent":0.4073356447216809},"closed_trades":24,"equity_curve":[],"final_equity":459.139431611588,"max_drawdown":0.11717398326986213,"open_trades":0,"profit_factor":0.43882133429885684,"sharpe":-1.0075760954010726,"signal_diagnostics":{"buy_signals":24,"duplicate_buy_skips":0,"flat_sell_skips":0,"hold_signals":392,"risk_blocked_signals":0,"sell_signals":3,"stop_loss_exits":20,"take_profit_exits":1},"starting_equity":500,"total_return":-0.08172113677682402,"trade_analysis":{"average_loss":-3.8322130943487003,"average_trade_duration_days":5.956597222222221,"average_win":6.390296080842661,"expectancy":-1.7025236828504997,"largest_loss":-8.62673595064911,"largest_win":10.22186435068611,"max_trade_duration_days":20.0,"median_trade_duration_days":5.0,"profit_factor":0.43882133429885684,"time_in_market_percent":0.22405798994318551,"total_trades":24,"win_rate":0.20833333333333334}}