{"capital_utilization":{"average_cash_percent":0.8910621532737826,"average_exposure_percent":0.10893784672621745,"average_leverage":0.10893784672621745,"average_position_value":202.06202209612158,"max_exposure_percent":0.40469785218642884},"closed_trades":31,"equity_curve":[],"final_equity":524.4667866942381,"max_drawdown":0.023392398213733196,"open_trades":0,"profit_factor":1.588889620490917,"sharpe":0.7602153268107001,"signal_diagnostics":{"buy_signals":31,"duplicate_buy_skips":0,"flat_sell_skips":0,"hold_signals":492,"risk_blocked_signals":0,"sell_signals":9,"stop_loss_exits":13,"take_profit_exits":8},"starting_equity":500,"total_return":0.04893357338847615,"trade_analysis":{"average_loss":-2.9676658582641133,"average_trade_duration_days":5.580645161290323,"average_win":3.8831828652903333,"expectancy":0.7892511836850996,"largest_loss":-5.6737082859226895,"largest_win":7.888627995248329,"max_trade_duration_days":20.0,"median_trade_duration_days":5.0,"profit_factor":1.588889620490917,"time_in_market_percent":0.21516297870135256,"total_trades":31,"win_rate":0.5483870967741935}}