{"capital_utilization":{"average_cash_percent":0.7990517186112877,"average_exposure_percent":0.20094828138871232,"average_leverage":0.20094828138871232,"average_position_value":207.67761474365636,"max_exposure_percent":0.4075421215674843},"closed_trades":30,"equity_curve":[],"final_equity":523.1272980036266,"max_drawdown":0.049529944305465416,"open_trades":0,"profit_factor":1.3495714178367633,"sharpe":0.4021154927160705,"signal_diagnostics":{"buy_signals":30,"duplicate_buy_skips":0,"flat_sell_skips":0,"hold_signals":493,"risk_blocked_signals":0,"sell_signals":5,"stop_loss_exits":24,"take_profit_exits":1},"starting_equity":500,"total_return":0.046254596007253124,"trade_analysis":{"average_loss":-5.089154411893683,"average_trade_duration_days":12.134722222222221,"average_win":5.2521356093085005,"expectancy":0.7709099334542203,"largest_loss":-9.404882753111877,"largest_win":20.761005521521653,"max_trade_duration_days":38.0,"median_trade_duration_days":10.0,"profit_factor":1.3495714178367633,"time_in_market_percent":0.452764678447427,"total_trades":30,"win_rate":0.5666666666666667}}