{"capital_utilization":{"average_cash_percent":0.8543285449282413,"average_exposure_percent":0.14567145507175874,"average_leverage":0.14567145507175874,"average_position_value":205.81574613888097,"max_exposure_percent":0.4056225808061604},"closed_trades":10,"equity_curve":[],"final_equity":534.5090266757595,"max_drawdown":0.039956852870773364,"open_trades":0,"profit_factor":2.4155487149215964,"sharpe":1.0304812820505878,"signal_diagnostics":{"buy_signals":10,"duplicate_buy_skips":0,"flat_sell_skips":0,"hold_signals":421,"risk_blocked_signals":0,"sell_signals":1,"stop_loss_exits":5,"take_profit_exits":3},"starting_equity":500,"total_return":0.069018053351519,"trade_analysis":{"average_loss":-4.875710219223491,"average_trade_duration_days":21.5,"average_win":11.777515554375396,"expectancy":3.4509026675759538,"largest_loss":-6.8006614957891385,"largest_win":20.00212887516194,"max_trade_duration_days":44.0,"median_trade_duration_days":20.0,"profit_factor":2.4155487149215964,"time_in_market_percent":0.3369685887807745,"total_trades":10,"win_rate":0.5}}