{"capital_utilization":{"average_cash_percent":0.837726169549038,"average_exposure_percent":0.16227383045096197,"average_leverage":0.16227383045096197,"average_position_value":189.58707358994238,"max_exposure_percent":0.40940187180989945},"closed_trades":33,"equity_curve":[],"final_equity":491.6050632313363,"max_drawdown":0.10349337343765672,"open_trades":0,"profit_factor":0.9246414071066014,"sharpe":-0.08528718189042106,"signal_diagnostics":{"buy_signals":33,"duplicate_buy_skips":0,"flat_sell_skips":0,"hold_signals":375,"risk_blocked_signals":0,"sell_signals":5,"stop_loss_exits":18,"take_profit_exits":9},"starting_equity":500,"total_return":-0.016789873537327415,"trade_analysis":{"average_loss":-5.863150575583466,"average_trade_duration_days":6.392676767676768,"average_win":7.357494583387296,"expectancy":-0.25439202329283833,"largest_loss":-10.594602922369111,"largest_win":16.785843451822785,"max_trade_duration_days":21.0,"median_trade_duration_days":5.0,"profit_factor":0.9246414071066014,"time_in_market_percent":0.33063410174361657,"total_trades":33,"win_rate":0.42424242424242425}}