{"capital_utilization":{"average_cash_percent":0.8275990433694459,"average_exposure_percent":0.17240095663055408,"average_leverage":0.17240095663055408,"average_position_value":175.431188956291,"max_exposure_percent":0.4246499388818238},"closed_trades":23,"equity_curve":[],"final_equity":417.59532378162857,"max_drawdown":0.2428903325797724,"open_trades":0,"profit_factor":0.6364623824944846,"sharpe":-0.5829597485569534,"signal_diagnostics":{"buy_signals":23,"duplicate_buy_skips":0,"flat_sell_skips":0,"hold_signals":394,"risk_blocked_signals":0,"sell_signals":10,"stop_loss_exits":12,"take_profit_exits":1},"starting_equity":500,"total_return":-0.16480935243674288,"trade_analysis":{"average_loss":-18.889534454922728,"average_trade_duration_days":10.652173913043478,"average_win":13.115430658245572,"expectancy":-3.5828120094944107,"largest_loss":-23.68747159099337,"largest_win":27.141934327612553,"max_trade_duration_days":21.0,"median_trade_duration_days":8.041666666666666,"profit_factor":0.6364623824944846,"time_in_market_percent":0.38398746163390585,"total_trades":23,"win_rate":0.4782608695652174}}