{"capital_utilization":{"average_cash_percent":0.7369664400401432,"average_exposure_percent":0.2630335599598568,"average_leverage":0.2630335599598568,"average_position_value":220.1206482196415,"max_exposure_percent":0.4041147312189488},"closed_trades":22,"equity_curve":[],"final_equity":592.1720864609101,"max_drawdown":0.03596276308232189,"open_trades":0,"profit_factor":5.949896116892679,"sharpe":1.5142878090200032,"signal_diagnostics":{"buy_signals":22,"duplicate_buy_skips":0,"flat_sell_skips":0,"hold_signals":510,"risk_blocked_signals":0,"sell_signals":10,"stop_loss_exits":11,"take_profit_exits":0},"starting_equity":500,"total_return":0.18434417292182026,"trade_analysis":{"average_loss":-2.6601449024455652,"average_trade_duration_days":22.99810606060606,"average_win":7.386206718535271,"expectancy":4.189640293677732,"largest_loss":-5.364381175382931,"largest_win":29.036305141419472,"max_trade_duration_days":71.0,"median_trade_duration_days":18.0,"profit_factor":5.949896116892679,"time_in_market_percent":0.6292687982587967,"total_trades":22,"win_rate":0.6818181818181818}}