{"capital_utilization":{"average_cash_percent":0.736248913229784,"average_exposure_percent":0.263751086770216,"average_leverage":0.263751086770216,"average_position_value":203.75513809237893,"max_exposure_percent":0.403787097056262},"closed_trades":35,"equity_curve":[],"final_equity":526.1817864517491,"max_drawdown":0.02423262217330037,"open_trades":0,"profit_factor":1.605360203444803,"sharpe":0.7060753852626342,"signal_diagnostics":{"buy_signals":35,"duplicate_buy_skips":0,"flat_sell_skips":0,"hold_signals":483,"risk_blocked_signals":0,"sell_signals":1,"stop_loss_exits":34,"take_profit_exits":0},"starting_equity":500,"total_return":0.052363572903498135,"trade_analysis":{"average_loss":-2.059520478391102,"average_trade_duration_days":14.027380952380952,"average_win":4.959408321283015,"expectancy":0.7480510414785456,"largest_loss":-4.554780729360269,"largest_win":11.209307106552801,"max_trade_duration_days":50.0,"median_trade_duration_days":9.0,"profit_factor":1.605360203444803,"time_in_market_percent":0.6106130486604135,"total_trades":35,"win_rate":0.4}}