{"capital_utilization":{"average_cash_percent":0.8672202738669753,"average_exposure_percent":0.1327797261330247,"average_leverage":0.1327797261330247,"average_position_value":221.73049153581047,"max_exposure_percent":0.40914923617349425},"closed_trades":18,"equity_curve":[],"final_equity":596.041929687919,"max_drawdown":0.04486394118011423,"open_trades":0,"profit_factor":2.7668615979279085,"sharpe":1.5488167930675139,"signal_diagnostics":{"buy_signals":18,"duplicate_buy_skips":0,"flat_sell_skips":0,"hold_signals":518,"risk_blocked_signals":0,"sell_signals":9,"stop_loss_exits":6,"take_profit_exits":2},"starting_equity":500,"total_return":0.19208385937583805,"trade_analysis":{"average_loss":-7.765336960061398,"average_trade_duration_days":13.386574074074074,"average_win":13.672662582577173,"expectancy":5.3356627604399485,"largest_loss":-11.051785390259287,"largest_win":22.680252929160982,"max_trade_duration_days":28.0,"median_trade_duration_days":15.479166666666668,"profit_factor":2.7668615979279085,"time_in_market_percent":0.29968388868736073,"total_trades":18,"win_rate":0.6111111111111112}}