{"capital_utilization":{"average_cash_percent":0.7101640572645143,"average_exposure_percent":0.2898359427354857,"average_leverage":0.2898359427354857,"average_position_value":174.08554619633242,"max_exposure_percent":0.4268985008414006},"closed_trades":18,"equity_curve":[],"final_equity":355.3407571514276,"max_drawdown":0.3084079537919914,"open_trades":0,"profit_factor":0.290347244065473,"sharpe":-2.146705837700426,"signal_diagnostics":{"buy_signals":18,"duplicate_buy_skips":0,"flat_sell_skips":0,"hold_signals":147,"risk_blocked_signals":0,"sell_signals":2,"stop_loss_exits":16,"take_profit_exits":0},"starting_equity":500,"total_return":-0.2893184856971448,"trade_analysis":{"average_loss":-15.68039294178608,"average_trade_duration_days":9.224537037037036,"average_win":11.837173078929336,"expectancy":-8.036624602698463,"largest_loss":-29.077281473598962,"largest_win":20.36364143466205,"max_trade_duration_days":25.0,"median_trade_duration_days":7.5,"profit_factor":0.290347244065473,"time_in_market_percent":0.6288464573141864,"total_trades":18,"win_rate":0.2777777777777778}}