{"capital_utilization":{"average_cash_percent":0.9384279431213647,"average_exposure_percent":0.06157205687863526,"average_leverage":0.06157205687863526,"average_position_value":193.73699397062893,"max_exposure_percent":0.41275583677588035},"closed_trades":8,"equity_curve":[],"final_equity":461.53771267779445,"max_drawdown":0.10279517884491012,"open_trades":0,"profit_factor":0.3156811396092777,"sharpe":-0.5885121609776744,"signal_diagnostics":{"buy_signals":8,"duplicate_buy_skips":0,"flat_sell_skips":0,"hold_signals":424,"risk_blocked_signals":0,"sell_signals":1,"stop_loss_exits":7,"take_profit_exits":0},"starting_equity":500,"total_return":-0.07692457464441116,"trade_analysis":{"average_loss":-8.029316145785552,"average_trade_duration_days":11.0,"average_win":17.742925698293295,"expectancy":-4.807785915275696,"largest_loss":-14.742192513924044,"largest_win":17.742925698293295,"max_trade_duration_days":27.0,"median_trade_duration_days":8.5,"profit_factor":0.3156811396092777,"time_in_market_percent":0.1379220270358519,"total_trades":8,"win_rate":0.125}}