{"capital_utilization":{"average_cash_percent":0.7562948655185868,"average_exposure_percent":0.2437051344814132,"average_leverage":0.2437051344814132,"average_position_value":213.7152731026741,"max_exposure_percent":0.40520563577609536},"closed_trades":19,"equity_curve":[],"final_equity":543.1225064654493,"max_drawdown":0.04172823167459049,"open_trades":0,"profit_factor":2.2647366122190755,"sharpe":0.8100903619319149,"signal_diagnostics":{"buy_signals":19,"duplicate_buy_skips":0,"flat_sell_skips":0,"hold_signals":515,"risk_blocked_signals":0,"sell_signals":7,"stop_loss_exits":12,"take_profit_exits":0},"starting_equity":500,"total_return":0.0862450129308987,"trade_analysis":{"average_loss":-3.788448567852634,"average_trade_duration_days":24.94517543859649,"average_win":7.721854357612304,"expectancy":2.2696056034447016,"largest_loss":-6.893348654548602,"largest_win":27.053683766405356,"max_trade_duration_days":70.0,"median_trade_duration_days":21.0,"profit_factor":2.2647366122190755,"time_in_market_percent":0.5894698657822459,"total_trades":19,"win_rate":0.5263157894736842}}