{"capital_utilization":{"average_cash_percent":0.8598968430447573,"average_exposure_percent":0.14010315695524267,"average_leverage":0.14010315695524267,"average_position_value":182.52132577933745,"max_exposure_percent":0.41227289729972566},"closed_trades":23,"equity_curve":[],"final_equity":465.9525343352405,"max_drawdown":0.1315588974106905,"open_trades":0,"profit_factor":0.6088590427968595,"sharpe":-0.5818081635861929,"signal_diagnostics":{"buy_signals":23,"duplicate_buy_skips":0,"flat_sell_skips":0,"hold_signals":394,"risk_blocked_signals":0,"sell_signals":7,"stop_loss_exits":15,"take_profit_exits":1},"starting_equity":500,"total_return":-0.06809493132951905,"trade_analysis":{"average_loss":-7.253878053796014,"average_trade_duration_days":8.08695652173913,"average_win":4.818097361890241,"expectancy":-1.480324594119979,"largest_loss":-14.023694536027632,"largest_win":13.061304853232988,"max_trade_duration_days":17.0,"median_trade_duration_days":8.0,"profit_factor":0.6088590427968595,"time_in_market_percent":0.29151701168941424,"total_trades":23,"win_rate":0.4782608695652174}}