{"capital_utilization":{"average_cash_percent":0.8413972883670371,"average_exposure_percent":0.15860271163296294,"average_leverage":0.15860271163296294,"average_position_value":191.3524957499091,"max_exposure_percent":0.4112589333548461},"closed_trades":23,"equity_curve":[],"final_equity":487.1003902369737,"max_drawdown":0.0774610602927935,"open_trades":0,"profit_factor":0.8552642366128999,"sharpe":-0.1396547933575909,"signal_diagnostics":{"buy_signals":23,"duplicate_buy_skips":0,"flat_sell_skips":0,"hold_signals":395,"risk_blocked_signals":0,"sell_signals":12,"stop_loss_exits":10,"take_profit_exits":0},"starting_equity":500,"total_return":-0.025799219526052686,"trade_analysis":{"average_loss":-6.855787753197351,"average_trade_duration_days":9.695652173913043,"average_win":7.62256310285392,"expectancy":-0.5608525983924497,"largest_loss":-12.909058925588887,"largest_win":14.43768163274674,"max_trade_duration_days":20.0,"median_trade_duration_days":9.0,"profit_factor":0.8552642366128999,"time_in_market_percent":0.3495069548749429,"total_trades":23,"win_rate":0.43478260869565216}}