{"capital_utilization":{"average_cash_percent":0.9138324105034789,"average_exposure_percent":0.08616758949652115,"average_leverage":0.08616758949652115,"average_position_value":196.2290400956891,"max_exposure_percent":0.40710055678916734},"closed_trades":14,"equity_curve":[],"final_equity":506.48953846809576,"max_drawdown":0.07172595994796903,"open_trades":0,"profit_factor":1.1507845407548334,"sharpe":0.16748902370217122,"signal_diagnostics":{"buy_signals":14,"duplicate_buy_skips":0,"flat_sell_skips":0,"hold_signals":412,"risk_blocked_signals":0,"sell_signals":3,"stop_loss_exits":10,"take_profit_exits":1},"starting_equity":500,"total_return":0.012979076936191491,"trade_analysis":{"average_loss":-5.3798108509739295,"average_trade_duration_days":8.285714285714286,"average_win":8.254670879314537,"expectancy":0.46353846200684184,"largest_loss":-8.468675592844221,"largest_win":14.620244842312355,"max_trade_duration_days":13.0,"median_trade_duration_days":8.0,"profit_factor":1.1507845407548334,"time_in_market_percent":0.18180630836544115,"total_trades":14,"win_rate":0.42857142857142855}}