{"capital_utilization":{"average_cash_percent":0.8137271784612402,"average_exposure_percent":0.1862728215387598,"average_leverage":0.1862728215387598,"average_position_value":198.24537442632433,"max_exposure_percent":0.42470852171454104},"closed_trades":21,"equity_curve":[],"final_equity":571.8675500621384,"max_drawdown":0.16670974175560535,"open_trades":0,"profit_factor":1.3639734053016004,"sharpe":0.45698570431358415,"signal_diagnostics":{"buy_signals":21,"duplicate_buy_skips":0,"flat_sell_skips":0,"hold_signals":510,"risk_blocked_signals":0,"sell_signals":3,"stop_loss_exits":14,"take_profit_exits":4},"starting_equity":500,"total_return":0.14373510012427682,"trade_analysis":{"average_loss":-16.45439589251186,"average_trade_duration_days":16.857142857142858,"average_win":29.924477863586763,"expectancy":3.4222642886732615,"largest_loss":-28.063393501362356,"largest_win":47.02520508484726,"max_trade_duration_days":44.0,"median_trade_duration_days":13.0,"profit_factor":1.3639734053016004,"time_in_market_percent":0.4402756905218428,"total_trades":21,"win_rate":0.42857142857142855}}