{"capital_utilization":{"average_cash_percent":0.8420844197759629,"average_exposure_percent":0.157915580224037,"average_leverage":0.157915580224037,"average_position_value":193.48568426197386,"max_exposure_percent":0.40487528317065286},"closed_trades":19,"equity_curve":[],"final_equity":496.6670516926889,"max_drawdown":0.05366099387010036,"open_trades":0,"profit_factor":0.9088401715273057,"sharpe":-0.11467222154098602,"signal_diagnostics":{"buy_signals":19,"duplicate_buy_skips":0,"flat_sell_skips":0,"hold_signals":403,"risk_blocked_signals":0,"sell_signals":2,"stop_loss_exits":16,"take_profit_exits":0},"starting_equity":500,"total_return":-0.0066658966146221355,"trade_analysis":{"average_loss":-3.046799197950673,"average_trade_duration_days":12.052631578947368,"average_win":4.746948866870995,"expectancy":-0.1754183319637427,"largest_loss":-5.845386745751388,"largest_win":11.441647465991352,"max_trade_duration_days":45.0,"median_trade_duration_days":8.0,"profit_factor":0.9088401715273057,"time_in_market_percent":0.3589107294455691,"total_trades":19,"win_rate":0.3684210526315789}}