{"capital_utilization":{"average_cash_percent":0.907296073693362,"average_exposure_percent":0.09270392630663798,"average_leverage":0.09270392630663798,"average_position_value":208.40292715928436,"max_exposure_percent":0.4082781970518218},"closed_trades":16,"equity_curve":[],"final_equity":554.0144742614907,"max_drawdown":0.0343092697756639,"open_trades":0,"profit_factor":2.267058171602246,"sharpe":1.1567298624544795,"signal_diagnostics":{"buy_signals":16,"duplicate_buy_skips":0,"flat_sell_skips":0,"hold_signals":521,"risk_blocked_signals":0,"sell_signals":6,"stop_loss_exits":9,"take_profit_exits":1},"starting_equity":500,"total_return":0.1080289485229815,"trade_analysis":{"average_loss":-6.089975692410077,"average_trade_duration_days":10.3125,"average_win":10.738256012040132,"expectancy":3.375904641343166,"largest_loss":-10.57024986172564,"largest_win":19.10610090121089,"max_trade_duration_days":17.0,"median_trade_duration_days":11.520833333333332,"profit_factor":2.267058171602246,"time_in_market_percent":0.20521324558221485,"total_trades":16,"win_rate":0.5625}}