{"capital_utilization":{"average_cash_percent":0.9070314507188784,"average_exposure_percent":0.09296854928112169,"average_leverage":0.09296854928112169,"average_position_value":202.43594054085304,"max_exposure_percent":0.40624098654921476},"closed_trades":18,"equity_curve":[],"final_equity":535.3992223205952,"max_drawdown":0.021429975601539353,"open_trades":0,"profit_factor":2.2104743385806715,"sharpe":1.0487559560993864,"signal_diagnostics":{"buy_signals":18,"duplicate_buy_skips":0,"flat_sell_skips":0,"hold_signals":518,"risk_blocked_signals":0,"sell_signals":8,"stop_loss_exits":7,"take_profit_exits":2},"starting_equity":500,"total_return":0.07079844464119045,"trade_analysis":{"average_loss":-4.177727357702263,"average_trade_duration_days":9.055555555555555,"average_win":5.876664893137365,"expectancy":1.966623462255287,"largest_loss":-7.551440746283723,"largest_win":11.167222086116377,"max_trade_duration_days":17.0,"median_trade_duration_days":8.0,"profit_factor":2.2104743385806715,"time_in_market_percent":0.20272581230243045,"total_trades":18,"win_rate":0.6111111111111112}}