{"capital_utilization":{"average_cash_percent":0.8399027288894612,"average_exposure_percent":0.16009727111053879,"average_leverage":0.16009727111053879,"average_position_value":212.81523517808563,"max_exposure_percent":0.41246097704425383},"closed_trades":23,"equity_curve":[],"final_equity":582.6317262821408,"max_drawdown":0.047952713043809214,"open_trades":0,"profit_factor":2.0858753034571342,"sharpe":1.0788709028263168,"signal_diagnostics":{"buy_signals":23,"duplicate_buy_skips":0,"flat_sell_skips":0,"hold_signals":507,"risk_blocked_signals":0,"sell_signals":8,"stop_loss_exits":10,"take_profit_exits":4},"starting_equity":500,"total_return":0.16526345256428154,"trade_analysis":{"average_loss":-8.45520925930176,"average_trade_duration_days":12.826086956521738,"average_win":11.33775782970405,"expectancy":3.592683751397428,"largest_loss":-16.20632113301294,"largest_win":21.49693408371725,"max_trade_duration_days":42.0,"median_trade_duration_days":11.0,"profit_factor":2.0858753034571342,"time_in_market_percent":0.36689640876820234,"total_trades":23,"win_rate":0.6086956521739131}}