{"capital_utilization":{"average_cash_percent":0.824663940849526,"average_exposure_percent":0.175336059150474,"average_leverage":0.175336059150474,"average_position_value":195.12052475692857,"max_exposure_percent":0.41123070912224463},"closed_trades":21,"equity_curve":[],"final_equity":513.74469084147,"max_drawdown":0.0774610602927935,"open_trades":0,"profit_factor":1.1541314431081453,"sharpe":0.22572705809945856,"signal_diagnostics":{"buy_signals":21,"duplicate_buy_skips":0,"flat_sell_skips":0,"hold_signals":399,"risk_blocked_signals":0,"sell_signals":10,"stop_loss_exits":10,"take_profit_exits":0},"starting_equity":500,"total_return":0.027489381682939795,"trade_analysis":{"average_loss":-8.106829625593157,"average_trade_duration_days":12.19047619047619,"average_win":10.291981672299467,"expectancy":0.6545090876890446,"largest_loss":-13.12158181967195,"largest_win":15.345739143848,"max_trade_duration_days":22.0,"median_trade_duration_days":13.0,"profit_factor":1.1541314431081453,"time_in_market_percent":0.40122771501338733,"total_trades":21,"win_rate":0.47619047619047616}}