{"capital_utilization":{"average_cash_percent":0.924277086725246,"average_exposure_percent":0.07572291327475397,"average_leverage":0.07572291327475397,"average_position_value":200.78370200409844,"max_exposure_percent":0.40359190954236274},"closed_trades":17,"equity_curve":[],"final_equity":523.7776471226107,"max_drawdown":0.04153094674732458,"open_trades":0,"profit_factor":1.8654837943488038,"sharpe":0.8129527027257676,"signal_diagnostics":{"buy_signals":17,"duplicate_buy_skips":0,"flat_sell_skips":0,"hold_signals":519,"risk_blocked_signals":0,"sell_signals":3,"stop_loss_exits":11,"take_profit_exits":3},"starting_equity":500,"total_return":0.04755529424522131,"trade_analysis":{"average_loss":-2.497567600904776,"average_trade_duration_days":7.470588235294119,"average_win":8.54181512209388,"expectancy":1.3986851248594556,"largest_loss":-4.343131440873668,"largest_win":15.648695190755795,"max_trade_duration_days":21.0,"median_trade_duration_days":6.041666666666667,"profit_factor":1.8654837943488038,"time_in_market_percent":0.15795201326631086,"total_trades":17,"win_rate":0.35294117647058826}}