{"capital_utilization":{"average_cash_percent":0.8299919825736715,"average_exposure_percent":0.17000801742632854,"average_leverage":0.17000801742632854,"average_position_value":189.5925101526788,"max_exposure_percent":0.4076413884486524},"closed_trades":30,"equity_curve":[],"final_equity":471.7652589409499,"max_drawdown":0.0961306360515242,"open_trades":0,"profit_factor":0.6645300181757235,"sharpe":-0.6332660382120182,"signal_diagnostics":{"buy_signals":30,"duplicate_buy_skips":0,"flat_sell_skips":0,"hold_signals":380,"risk_blocked_signals":0,"sell_signals":8,"stop_loss_exits":17,"take_profit_exits":5},"starting_equity":500,"total_return":-0.05646948211810021,"trade_analysis":{"average_loss":-4.950866578550025,"average_trade_duration_days":7.765277777777778,"average_win":4.302306982792332,"expectancy":-0.9411580353016704,"largest_loss":-8.847078721659036,"largest_win":8.60335221332148,"max_trade_duration_days":22.0,"median_trade_duration_days":6.0,"profit_factor":0.6645300181757235,"time_in_market_percent":0.36511460850257954,"total_trades":30,"win_rate":0.43333333333333335}}