{"capital_utilization":{"average_cash_percent":0.8377965448683656,"average_exposure_percent":0.1622034551316344,"average_leverage":0.1622034551316344,"average_position_value":193.67136255504695,"max_exposure_percent":0.4048752831706528},"closed_trades":12,"equity_curve":[],"final_equity":496.6719546626426,"max_drawdown":0.055058359947727016,"open_trades":0,"profit_factor":0.8881522150964013,"sharpe":-0.10336389991335437,"signal_diagnostics":{"buy_signals":12,"duplicate_buy_skips":0,"flat_sell_skips":0,"hold_signals":417,"risk_blocked_signals":0,"sell_signals":1,"stop_loss_exits":10,"take_profit_exits":0},"starting_equity":500,"total_return":-0.006656090674714843,"trade_analysis":{"average_loss":-3.719391202322257,"average_trade_duration_days":20.416666666666668,"average_win":6.60677107030516,"expectancy":-0.27733711144645135,"largest_loss":-5.84848472906096,"largest_win":11.460337805591852,"max_trade_duration_days":47.0,"median_trade_duration_days":16.0,"profit_factor":0.8881522150964013,"time_in_market_percent":0.38398746163390585,"total_trades":12,"win_rate":0.3333333333333333}}