{"capital_utilization":{"average_cash_percent":0.8463527868603141,"average_exposure_percent":0.15364721313968585,"average_leverage":0.15364721313968585,"average_position_value":168.3250866121567,"max_exposure_percent":0.4227873428438571},"closed_trades":28,"equity_curve":[],"final_equity":400.02847701395194,"max_drawdown":0.2661611174799664,"open_trades":0,"profit_factor":0.6265017645348874,"sharpe":-0.7727168873676385,"signal_diagnostics":{"buy_signals":28,"duplicate_buy_skips":0,"flat_sell_skips":0,"hold_signals":384,"risk_blocked_signals":0,"sell_signals":10,"stop_loss_exits":17,"take_profit_exits":1},"starting_equity":500,"total_return":-0.1999430459720961,"trade_analysis":{"average_loss":-15.744861057738543,"average_trade_duration_days":7.5,"average_win":15.244646817773374,"expectancy":-3.5704115352160026,"largest_loss":-23.764442488260997,"largest_win":26.54528637897135,"max_trade_duration_days":21.0,"median_trade_duration_days":6.5,"profit_factor":0.6265017645348874,"time_in_market_percent":0.32913210997191933,"total_trades":28,"win_rate":0.39285714285714285}}