{"capital_utilization":{"average_cash_percent":0.8948120599650735,"average_exposure_percent":0.10518794003492653,"average_leverage":0.10518794003492653,"average_position_value":203.01764955228833,"max_exposure_percent":0.4089967602385921},"closed_trades":9,"equity_curve":[],"final_equity":542.2502424896211,"max_drawdown":0.057253920684767,"open_trades":0,"profit_factor":2.562820332717396,"sharpe":0.8056573311150393,"signal_diagnostics":{"buy_signals":9,"duplicate_buy_skips":0,"flat_sell_skips":0,"hold_signals":422,"risk_blocked_signals":0,"sell_signals":4,"stop_loss_exits":3,"take_profit_exits":2},"starting_equity":500,"total_return":0.08450048497924212,"trade_analysis":{"average_loss":-9.011537582646577,"average_trade_duration_days":17.22222222222222,"average_win":11.54747587292681,"expectancy":4.694471387735682,"largest_loss":-10.869503173407814,"largest_win":15.192201589497836,"max_trade_duration_days":24.0,"median_trade_duration_days":16.0,"profit_factor":2.562820332717396,"time_in_market_percent":0.24293084307451188,"total_trades":9,"win_rate":0.6666666666666666}}