{"capital_utilization":{"average_cash_percent":0.8576048640688837,"average_exposure_percent":0.14239513593111627,"average_leverage":0.14239513593111627,"average_position_value":202.82832348827637,"max_exposure_percent":0.4037842486939074},"closed_trades":14,"equity_curve":[],"final_equity":518.7016419706084,"max_drawdown":0.026452264535962864,"open_trades":0,"profit_factor":1.9479620813065772,"sharpe":0.8138307827014623,"signal_diagnostics":{"buy_signals":14,"duplicate_buy_skips":0,"flat_sell_skips":0,"hold_signals":413,"risk_blocked_signals":0,"sell_signals":1,"stop_loss_exits":11,"take_profit_exits":1},"starting_equity":500,"total_return":0.037403283941216836,"trade_analysis":{"average_loss":-2.192028837369145,"average_trade_duration_days":15.071428571428571,"average_win":7.685980301386143,"expectancy":1.3358315693291722,"largest_loss":-4.596514717504676,"largest_win":11.974790308762937,"max_trade_duration_days":45.0,"median_trade_duration_days":9.0,"profit_factor":1.9479620813065772,"time_in_market_percent":0.33069940573369033,"total_trades":14,"win_rate":0.35714285714285715}}