{"capital_utilization":{"average_cash_percent":0.8256459342054301,"average_exposure_percent":0.17435406579456994,"average_leverage":0.17435406579456994,"average_position_value":203.0492016299322,"max_exposure_percent":0.40751454720464897},"closed_trades":20,"equity_curve":[],"final_equity":524.789441146218,"max_drawdown":0.05361196688747808,"open_trades":0,"profit_factor":1.553168388409797,"sharpe":0.5349901571666713,"signal_diagnostics":{"buy_signals":20,"duplicate_buy_skips":0,"flat_sell_skips":0,"hold_signals":401,"risk_blocked_signals":0,"sell_signals":2,"stop_loss_exits":17,"take_profit_exits":0},"starting_equity":500,"total_return":0.0495788822924359,"trade_analysis":{"average_loss":-4.979283717744342,"average_trade_duration_days":12.402083333333334,"average_win":6.327544964174282,"expectancy":1.2394720573109013,"largest_loss":-9.571173829943875,"largest_win":25.622974871588678,"max_trade_duration_days":38.0,"median_trade_duration_days":8.5,"profit_factor":1.553168388409797,"time_in_market_percent":0.3887546529092928,"total_trades":20,"win_rate":0.55}}