{"capital_utilization":{"average_cash_percent":0.8966932245148133,"average_exposure_percent":0.1033067754851867,"average_leverage":0.1033067754851867,"average_position_value":208.95061397962382,"max_exposure_percent":0.40613632412785433},"closed_trades":32,"equity_curve":[],"final_equity":542.5230391201127,"max_drawdown":0.06658552872017875,"open_trades":0,"profit_factor":1.587585894896417,"sharpe":0.87088376815287,"signal_diagnostics":{"buy_signals":32,"duplicate_buy_skips":0,"flat_sell_skips":0,"hold_signals":488,"risk_blocked_signals":0,"sell_signals":2,"stop_loss_exits":15,"take_profit_exits":15},"starting_equity":500,"total_return":0.08504607824022536,"trade_analysis":{"average_loss":-5.169218600263284,"average_trade_duration_days":4.970052083333334,"average_win":6.3828944179888145,"expectancy":1.3288449725035214,"largest_loss":-7.763122646957478,"largest_win":12.032743334747792,"max_trade_duration_days":18.0,"median_trade_duration_days":4.0,"profit_factor":1.587585894896417,"time_in_market_percent":0.19780276726952378,"total_trades":32,"win_rate":0.5625}}