{"capital_utilization":{"average_cash_percent":0.8369198289980532,"average_exposure_percent":0.16308017100194683,"average_leverage":0.16308017100194683,"average_position_value":199.16020193514615,"max_exposure_percent":0.40591427734304214},"closed_trades":38,"equity_curve":[],"final_equity":493.5158705648364,"max_drawdown":0.07489671770187713,"open_trades":0,"profit_factor":0.9314965245031175,"sharpe":-0.09261239196352199,"signal_diagnostics":{"buy_signals":38,"duplicate_buy_skips":0,"flat_sell_skips":0,"hold_signals":477,"risk_blocked_signals":0,"sell_signals":13,"stop_loss_exits":24,"take_profit_exits":0},"starting_equity":500,"total_return":-0.012968258870327154,"trade_analysis":{"average_loss":-4.302455517854907,"average_trade_duration_days":7.157894736842105,"average_win":5.510618247352771,"expectancy":-0.1706349851358847,"largest_loss":-7.024311055907082,"largest_win":13.855828635889301,"max_trade_duration_days":21.0,"median_trade_duration_days":6.0,"profit_factor":0.9314965245031175,"time_in_market_percent":0.33829092605068145,"total_trades":38,"win_rate":0.42105263157894735}}