{"capital_utilization":{"average_cash_percent":0.8330854192427755,"average_exposure_percent":0.16691458075722454,"average_leverage":0.16691458075722454,"average_position_value":193.22416584098022,"max_exposure_percent":0.4100729091461703},"closed_trades":18,"equity_curve":[],"final_equity":510.39699666297264,"max_drawdown":0.08384992066424188,"open_trades":0,"profit_factor":1.1377627271153408,"sharpe":0.2010836067154173,"signal_diagnostics":{"buy_signals":18,"duplicate_buy_skips":0,"flat_sell_skips":0,"hold_signals":404,"risk_blocked_signals":0,"sell_signals":7,"stop_loss_exits":10,"take_profit_exits":1},"starting_equity":500,"total_return":0.020793993325945337,"trade_analysis":{"average_loss":-7.547031683154617,"average_trade_duration_days":13.166666666666666,"average_win":10.733414186814848,"expectancy":0.5776109257207008,"largest_loss":-11.689688259976412,"largest_win":14.30053989195478,"max_trade_duration_days":25.0,"median_trade_duration_days":13.0,"profit_factor":1.1377627271153408,"time_in_market_percent":0.3714490955397375,"total_trades":18,"win_rate":0.4444444444444444}}