{"capital_utilization":{"average_cash_percent":0.8609497571772808,"average_exposure_percent":0.1390502428227192,"average_leverage":0.1390502428227192,"average_position_value":199.53082121179625,"max_exposure_percent":0.4037842486939074},"closed_trades":12,"equity_curve":[],"final_equity":514.4956891223757,"max_drawdown":0.030146972312772958,"open_trades":0,"profit_factor":1.5594321697658404,"sharpe":0.6594142566401813,"signal_diagnostics":{"buy_signals":12,"duplicate_buy_skips":0,"flat_sell_skips":0,"hold_signals":417,"risk_blocked_signals":0,"sell_signals":0,"stop_loss_exits":8,"take_profit_exits":3},"starting_equity":500,"total_return":0.028991378244751287,"trade_analysis":{"average_loss":-3.238929111022304,"average_trade_duration_days":17.25,"average_win":10.101780502638512,"expectancy":1.2079740935313013,"largest_loss":-4.532217282212408,"largest_win":14.807933465315372,"max_trade_duration_days":36.0,"median_trade_duration_days":14.5,"profit_factor":1.5594321697658404,"time_in_market_percent":0.32443022268660615,"total_trades":12,"win_rate":0.3333333333333333}}