{"capital_utilization":{"average_cash_percent":0.8573177700712458,"average_exposure_percent":0.1426822299287543,"average_leverage":0.1426822299287543,"average_position_value":187.8343405546632,"max_exposure_percent":0.4067989411377976},"closed_trades":29,"equity_curve":[],"final_equity":459.9382420513813,"max_drawdown":0.10880918129886015,"open_trades":0,"profit_factor":0.5309502276695216,"sharpe":-0.9023199704386486,"signal_diagnostics":{"buy_signals":29,"duplicate_buy_skips":0,"flat_sell_skips":0,"hold_signals":382,"risk_blocked_signals":0,"sell_signals":1,"stop_loss_exits":22,"take_profit_exits":6},"starting_equity":500,"total_return":-0.08012351589723743,"trade_analysis":{"average_loss":-3.8822937459640694,"average_trade_duration_days":6.274425287356322,"average_win":6.478386351798688,"expectancy":-1.3814399292627142,"largest_loss":-7.996341924267736,"largest_win":9.934529417790362,"max_trade_duration_days":22.0,"median_trade_duration_days":6.0,"profit_factor":0.5309502276695216,"time_in_market_percent":0.2851825246522563,"total_trades":29,"win_rate":0.2413793103448276}}