{"capital_utilization":{"average_cash_percent":0.8664282387665833,"average_exposure_percent":0.13357176123341677,"average_leverage":0.13357176123341677,"average_position_value":210.85039157955964,"max_exposure_percent":0.4124609770442539},"closed_trades":24,"equity_curve":[],"final_equity":553.2714704717787,"max_drawdown":0.05092781553236339,"open_trades":0,"profit_factor":1.6503814737954277,"sharpe":0.7529556254605042,"signal_diagnostics":{"buy_signals":24,"duplicate_buy_skips":0,"flat_sell_skips":0,"hold_signals":505,"risk_blocked_signals":0,"sell_signals":12,"stop_loss_exits":8,"take_profit_exits":3},"starting_equity":500,"total_return":0.10654294094355743,"trade_analysis":{"average_loss":-8.19080380025321,"average_trade_duration_days":10.041666666666666,"average_win":9.655679176736486,"expectancy":2.219644602990779,"largest_loss":-16.12331083963543,"largest_win":21.45386708995229,"max_trade_duration_days":20.0,"median_trade_duration_days":9.5,"profit_factor":1.6503814737954277,"time_in_market_percent":0.2997357102140229,"total_trades":24,"win_rate":0.5833333333333334}}