{"capital_utilization":{"average_cash_percent":0.8720700389491258,"average_exposure_percent":0.12792996105087423,"average_leverage":0.12792996105087423,"average_position_value":175.61268301379795,"max_exposure_percent":0.42219083459089957},"closed_trades":20,"equity_curve":[],"final_equity":437.11179864648796,"max_drawdown":0.26945455786549255,"open_trades":0,"profit_factor":0.685395654464715,"sharpe":-0.47896307934629806,"signal_diagnostics":{"buy_signals":20,"duplicate_buy_skips":0,"flat_sell_skips":0,"hold_signals":400,"risk_blocked_signals":0,"sell_signals":7,"stop_loss_exits":12,"take_profit_exits":1},"starting_equity":500,"total_return":-0.12577640270702406,"trade_analysis":{"average_loss":-16.658013535093485,"average_trade_duration_days":8.95,"average_win":17.12599513345122,"expectancy":-3.144410067675602,"largest_loss":-25.163149068479154,"largest_win":25.919786379127405,"max_trade_duration_days":21.0,"median_trade_duration_days":8.520833333333332,"profit_factor":0.685395654464715,"time_in_market_percent":0.2805459413570169,"total_trades":20,"win_rate":0.4}}