{"capital_utilization":{"average_cash_percent":0.8463616000750722,"average_exposure_percent":0.15363839992492784,"average_leverage":0.15363839992492784,"average_position_value":209.58246188686834,"max_exposure_percent":0.4094340140373104},"closed_trades":15,"equity_curve":[],"final_equity":534.4840454377752,"max_drawdown":0.05756568818158284,"open_trades":0,"profit_factor":1.8131252264596327,"sharpe":0.7126254830780602,"signal_diagnostics":{"buy_signals":15,"duplicate_buy_skips":0,"flat_sell_skips":0,"hold_signals":411,"risk_blocked_signals":0,"sell_signals":8,"stop_loss_exits":6,"take_profit_exits":0},"starting_equity":500,"total_return":0.06896809087555034,"trade_analysis":{"average_loss":-5.301158467915142,"average_trade_duration_days":15.202777777777778,"average_win":10.984759025870904,"expectancy":2.2989363625183454,"largest_loss":-11.391868586328568,"largest_win":24.708701323429512,"max_trade_duration_days":61.0,"median_trade_duration_days":6.0,"profit_factor":1.8131252264596327,"time_in_market_percent":0.3574087376738719,"total_trades":15,"win_rate":0.4666666666666667}}