{"capital_utilization":{"average_cash_percent":0.9527628314496387,"average_exposure_percent":0.0472371685503613,"average_leverage":0.0472371685503613,"average_position_value":191.8515200665922,"max_exposure_percent":0.41510356797858766},"closed_trades":5,"equity_curve":[],"final_equity":485.4618597768605,"max_drawdown":0.10162380115292559,"open_trades":0,"profit_factor":0.6057285639162239,"sharpe":-0.31298176197634897,"signal_diagnostics":{"buy_signals":5,"duplicate_buy_skips":0,"flat_sell_skips":0,"hold_signals":430,"risk_blocked_signals":0,"sell_signals":0,"stop_loss_exits":3,"take_profit_exits":2},"starting_equity":500,"total_return":-0.02907628044627908,"trade_analysis":{"average_loss":-12.29114335337448,"average_trade_duration_days":13.191666666666666,"average_win":11.167644918491945,"expectancy":-2.9076280446279092,"largest_loss":-17.668356826042185,"largest_win":11.863786577650762,"max_trade_duration_days":20.958333333333332,"median_trade_duration_days":15.0,"profit_factor":0.6057285639162239,"time_in_market_percent":0.10337621628681512,"total_trades":5,"win_rate":0.4}}