{"capital_utilization":{"average_cash_percent":0.8282174065398551,"average_exposure_percent":0.17178259346014496,"average_leverage":0.17178259346014496,"average_position_value":191.18789297617167,"max_exposure_percent":0.409153449959333},"closed_trades":31,"equity_curve":[],"final_equity":495.8966523037986,"max_drawdown":0.09849837169648945,"open_trades":0,"profit_factor":0.9589494725807839,"sharpe":-0.035757879695140264,"signal_diagnostics":{"buy_signals":31,"duplicate_buy_skips":0,"flat_sell_skips":0,"hold_signals":378,"risk_blocked_signals":0,"sell_signals":3,"stop_loss_exits":18,"take_profit_exits":10},"starting_equity":500,"total_return":-0.008206695392402819,"trade_analysis":{"average_loss":-5.55324803922902,"average_trade_duration_days":7.192204301075269,"average_win":7.373470539224687,"expectancy":-0.13236605471617544,"largest_loss":-10.453897151503025,"largest_win":12.532349480136698,"max_trade_duration_days":19.0,"median_trade_duration_days":6.0,"profit_factor":0.9589494725807839,"time_in_market_percent":0.3494416508848691,"total_trades":31,"win_rate":0.41935483870967744}}