{"capital_utilization":{"average_cash_percent":0.7063610601765946,"average_exposure_percent":0.29363893982340544,"average_leverage":0.29363893982340544,"average_position_value":214.80571608091807,"max_exposure_percent":0.4045183318770791},"closed_trades":21,"equity_curve":[],"final_equity":558.5983687690825,"max_drawdown":0.023542823955477805,"open_trades":0,"profit_factor":3.859354870332196,"sharpe":1.477522273249277,"signal_diagnostics":{"buy_signals":21,"duplicate_buy_skips":0,"flat_sell_skips":0,"hold_signals":511,"risk_blocked_signals":0,"sell_signals":0,"stop_loss_exits":16,"take_profit_exits":4},"starting_equity":500,"total_return":0.11719673753816506,"trade_analysis":{"average_loss":-2.9276518368871796,"average_trade_duration_days":26.714285714285715,"average_win":5.649423687663768,"expectancy":2.790398512813452,"largest_loss":-5.454332297703682,"largest_win":14.983367270494872,"max_trade_duration_days":55.958333333333336,"median_trade_duration_days":27.0,"profit_factor":3.859354870332196,"time_in_market_percent":0.6977250349795305,"total_trades":21,"win_rate":0.6666666666666666}}