{"capital_utilization":{"average_cash_percent":0.9402640694077544,"average_exposure_percent":0.05973593059224555,"average_leverage":0.05973593059224555,"average_position_value":194.65299167656667,"max_exposure_percent":0.41275583677588035},"closed_trades":7,"equity_curve":[],"final_equity":471.62318910225247,"max_drawdown":0.10279517884491012,"open_trades":0,"profit_factor":0.3847143762702334,"sharpe":-0.4234549622207709,"signal_diagnostics":{"buy_signals":7,"duplicate_buy_skips":0,"flat_sell_skips":0,"hold_signals":426,"risk_blocked_signals":0,"sell_signals":1,"stop_loss_exits":6,"take_profit_exits":0},"starting_equity":500,"total_return":-0.056753621795495035,"trade_analysis":{"average_loss":-7.6866227660068,"average_trade_duration_days":12.428571428571429,"average_win":17.742925698293295,"expectancy":-4.053830128249644,"largest_loss":-14.742192513924044,"largest_win":17.742925698293295,"max_trade_duration_days":27.0,"median_trade_duration_days":11.0,"profit_factor":0.3847143762702334,"time_in_market_percent":0.13635473127408085,"total_trades":7,"win_rate":0.14285714285714285}}