{"capital_utilization":{"average_cash_percent":0.8963320009298512,"average_exposure_percent":0.10366799907014883,"average_leverage":0.10366799907014883,"average_position_value":212.64181554827024,"max_exposure_percent":0.4063477829169674},"closed_trades":21,"equity_curve":[],"final_equity":546.4954345957117,"max_drawdown":0.06159975153207241,"open_trades":0,"profit_factor":2.266279220703117,"sharpe":1.239929586294379,"signal_diagnostics":{"buy_signals":21,"duplicate_buy_skips":0,"flat_sell_skips":0,"hold_signals":511,"risk_blocked_signals":0,"sell_signals":3,"stop_loss_exits":12,"take_profit_exits":5},"starting_equity":500,"total_return":0.09299086919142341,"trade_analysis":{"average_loss":-3.0598461115797306,"average_trade_duration_days":8.38293650793651,"average_win":9.245954214963167,"expectancy":2.2140683140815107,"largest_loss":-8.264904509783868,"largest_win":16.05786125561555,"max_trade_duration_days":19.0,"median_trade_duration_days":8.0,"profit_factor":2.266279220703117,"time_in_market_percent":0.2189459501476914,"total_trades":21,"win_rate":0.42857142857142855}}