{"capital_utilization":{"average_cash_percent":0.8886505921916151,"average_exposure_percent":0.11134940780838484,"average_leverage":0.11134940780838484,"average_position_value":198.56112064532294,"max_exposure_percent":0.4059440121074402},"closed_trades":27,"equity_curve":[],"final_equity":489.61263667131004,"max_drawdown":0.0454331271510052,"open_trades":0,"profit_factor":0.8575168578704382,"sharpe":-0.21013076440879025,"signal_diagnostics":{"buy_signals":27,"duplicate_buy_skips":0,"flat_sell_skips":0,"hold_signals":498,"risk_blocked_signals":0,"sell_signals":6,"stop_loss_exits":16,"take_profit_exits":5},"starting_equity":500,"total_return":-0.020774726657379894,"trade_analysis":{"average_loss":-4.288376597704938,"average_trade_duration_days":6.591049382716049,"average_win":6.2515038832294,"expectancy":-0.38471716032184977,"largest_loss":-7.033809372490327,"largest_win":11.091670810904748,"max_trade_duration_days":17.0,"median_trade_duration_days":6.0,"profit_factor":0.8575168578704382,"time_in_market_percent":0.2213297403741514,"total_trades":27,"win_rate":0.37037037037037035}}