{"capital_utilization":{"average_cash_percent":0.8941956340519285,"average_exposure_percent":0.10580436594807152,"average_leverage":0.10580436594807152,"average_position_value":212.7533722355419,"max_exposure_percent":0.4063477829169674},"closed_trades":21,"equity_curve":[],"final_equity":546.3825394750788,"max_drawdown":0.061599751532072325,"open_trades":0,"profit_factor":2.26245350846725,"sharpe":1.2361726819808956,"signal_diagnostics":{"buy_signals":21,"duplicate_buy_skips":0,"flat_sell_skips":0,"hold_signals":511,"risk_blocked_signals":0,"sell_signals":3,"stop_loss_exits":12,"take_profit_exits":5},"starting_equity":500,"total_return":0.09276507895015773,"trade_analysis":{"average_loss":-3.061666506528233,"average_trade_duration_days":8.716269841269842,"average_win":9.23583750593529,"expectancy":2.208692355956134,"largest_loss":-8.269567190286473,"largest_win":16.066920365312637,"max_trade_duration_days":20.0,"median_trade_duration_days":8.0,"profit_factor":2.26245350846725,"time_in_market_percent":0.22765196662693687,"total_trades":21,"win_rate":0.42857142857142855}}