{"capital_utilization":{"average_cash_percent":0.8570658534358457,"average_exposure_percent":0.14293414656415424,"average_leverage":0.14293414656415424,"average_position_value":183.68081041193582,"max_exposure_percent":0.42219083459089957},"closed_trades":20,"equity_curve":[],"final_equity":477.83399796748455,"max_drawdown":0.2210138024295772,"open_trades":0,"profit_factor":0.8873687694965183,"sharpe":-0.1055515197846686,"signal_diagnostics":{"buy_signals":20,"duplicate_buy_skips":0,"flat_sell_skips":0,"hold_signals":400,"risk_blocked_signals":0,"sell_signals":8,"stop_loss_exits":11,"take_profit_exits":1},"starting_equity":500,"total_return":-0.044332004065030906,"trade_analysis":{"average_loss":-17.891051042035368,"average_trade_duration_days":10.3,"average_win":19.40395104776373,"expectancy":-1.1083001016257725,"largest_loss":-25.163149068479154,"largest_win":32.31091200996968,"max_trade_duration_days":22.0,"median_trade_duration_days":9.5,"profit_factor":0.8873687694965183,"time_in_market_percent":0.32286292692483515,"total_trades":20,"win_rate":0.45}}