{"capital_utilization":{"average_cash_percent":0.7538400050035116,"average_exposure_percent":0.24615999499648844,"average_leverage":0.24615999499648844,"average_position_value":217.53596306413942,"max_exposure_percent":0.4041280150313589},"closed_trades":20,"equity_curve":[],"final_equity":578.9285991856495,"max_drawdown":0.03596616602838257,"open_trades":0,"profit_factor":5.717631584980317,"sharpe":1.3807574993604774,"signal_diagnostics":{"buy_signals":20,"duplicate_buy_skips":0,"flat_sell_skips":0,"hold_signals":514,"risk_blocked_signals":0,"sell_signals":8,"stop_loss_exits":11,"take_profit_exits":0},"starting_equity":500,"total_return":0.15785719837129908,"trade_analysis":{"average_loss":-2.390079421478512,"average_trade_duration_days":23.547916666666666,"average_win":7.3583965489230145,"expectancy":3.9464299592824803,"largest_loss":-5.240839416128182,"largest_win":28.396434020968748,"max_trade_duration_days":71.0,"median_trade_duration_days":19.0,"profit_factor":5.717631584980317,"time_in_market_percent":0.5857387158625693,"total_trades":20,"win_rate":0.65}}