{"capital_utilization":{"average_cash_percent":0.836337398119479,"average_exposure_percent":0.16366260188052098,"average_leverage":0.16366260188052098,"average_position_value":204.81315407094954,"max_exposure_percent":0.40547121866764185},"closed_trades":19,"equity_curve":[],"final_equity":537.1266381563232,"max_drawdown":0.03303820564803686,"open_trades":0,"profit_factor":2.4552685218031916,"sharpe":1.0135214294521202,"signal_diagnostics":{"buy_signals":19,"duplicate_buy_skips":0,"flat_sell_skips":0,"hold_signals":403,"risk_blocked_signals":0,"sell_signals":5,"stop_loss_exits":11,"take_profit_exits":2},"starting_equity":500,"total_return":0.07425327631264644,"trade_analysis":{"average_loss":-2.1259901294321772,"average_trade_duration_days":12.31578947368421,"average_win":8.948359958501344,"expectancy":1.9540335871749088,"largest_loss":-6.616550507992634,"largest_win":14.306319357366602,"max_trade_duration_days":38.0,"median_trade_duration_days":9.0,"profit_factor":2.4552685218031916,"time_in_market_percent":0.36674720825442436,"total_trades":19,"win_rate":0.3684210526315789}}