{"capital_utilization":{"average_cash_percent":0.8013451429115772,"average_exposure_percent":0.19865485708842276,"average_leverage":0.19865485708842276,"average_position_value":211.80346660824193,"max_exposure_percent":0.40547545541655355},"closed_trades":20,"equity_curve":[],"final_equity":541.2935789616871,"max_drawdown":0.06707373264784446,"open_trades":0,"profit_factor":1.7786117719816426,"sharpe":0.737312574779204,"signal_diagnostics":{"buy_signals":20,"duplicate_buy_skips":0,"flat_sell_skips":0,"hold_signals":512,"risk_blocked_signals":0,"sell_signals":5,"stop_loss_exits":15,"take_profit_exits":0},"starting_equity":500,"total_return":0.08258715792337412,"trade_analysis":{"average_loss":-4.419573019532668,"average_trade_duration_days":18.852083333333333,"average_win":11.791056899509886,"expectancy":2.0646789480843535,"largest_loss":-6.8599971953048575,"largest_win":45.29565201909352,"max_trade_duration_days":86.0,"median_trade_duration_days":10.5,"profit_factor":1.7786117719816426,"time_in_market_percent":0.4689329947660258,"total_trades":20,"win_rate":0.4}}