{"capital_utilization":{"average_cash_percent":0.9178362345325866,"average_exposure_percent":0.08216376546741347,"average_leverage":0.08216376546741347,"average_position_value":205.34544872006913,"max_exposure_percent":0.4082781970518217},"closed_trades":16,"equity_curve":[],"final_equity":538.6993600637842,"max_drawdown":0.03430926977566378,"open_trades":0,"profit_factor":1.9196481134458943,"sharpe":0.8647886017801059,"signal_diagnostics":{"buy_signals":16,"duplicate_buy_skips":0,"flat_sell_skips":0,"hold_signals":521,"risk_blocked_signals":0,"sell_signals":6,"stop_loss_exits":9,"take_profit_exits":1},"starting_equity":500,"total_return":0.07739872012756832,"trade_analysis":{"average_loss":-6.011516718494625,"average_trade_duration_days":9.0625,"average_win":8.975553010360734,"expectancy":2.4187100039865146,"largest_loss":-10.385406887707058,"largest_win":14.805416773689393,"max_trade_duration_days":16.0,"median_trade_duration_days":8.0,"profit_factor":1.9196481134458943,"time_in_market_percent":0.18033891278437064,"total_trades":16,"win_rate":0.5625}}