{"capital_utilization":{"average_cash_percent":0.752506643067854,"average_exposure_percent":0.24749335693214597,"average_leverage":0.24749335693214597,"average_position_value":217.00214439006803,"max_exposure_percent":0.40412737559764106},"closed_trades":24,"equity_curve":[],"final_equity":575.8496428595968,"max_drawdown":0.035945767676100485,"open_trades":0,"profit_factor":4.318271618838541,"sharpe":1.3463896529434538,"signal_diagnostics":{"buy_signals":24,"duplicate_buy_skips":0,"flat_sell_skips":0,"hold_signals":506,"risk_blocked_signals":0,"sell_signals":8,"stop_loss_exits":12,"take_profit_exits":3},"starting_equity":500,"total_return":0.15169928571919344,"trade_analysis":{"average_loss":-2.539797540281112,"average_trade_duration_days":19.33159722222222,"average_win":6.5805213814751164,"expectancy":3.160401785816532,"largest_loss":-5.237471691905862,"largest_win":20.135299348868102,"max_trade_duration_days":43.0,"median_trade_duration_days":18.0,"profit_factor":4.318271618838541,"time_in_market_percent":0.5770326993833238,"total_trades":24,"win_rate":0.625}}