{"capital_utilization":{"average_cash_percent":0.8784362106704492,"average_exposure_percent":0.12156378932955085,"average_leverage":0.12156378932955085,"average_position_value":212.6039384700147,"max_exposure_percent":0.4135356685309154},"closed_trades":19,"equity_curve":[],"final_equity":619.2404816625195,"max_drawdown":0.09151641258730069,"open_trades":0,"profit_factor":1.8248672678914757,"sharpe":0.8203445097616775,"signal_diagnostics":{"buy_signals":19,"duplicate_buy_skips":0,"flat_sell_skips":0,"hold_signals":516,"risk_blocked_signals":0,"sell_signals":0,"stop_loss_exits":14,"take_profit_exits":4},"starting_equity":500,"total_return":0.2384809633250391,"trade_analysis":{"average_loss":-13.141561326843622,"average_trade_duration_days":11.844298245614034,"average_win":32.97470703222492,"expectancy":6.275814824343132,"largest_loss":-17.871826467822146,"largest_win":77.52942772951461,"max_trade_duration_days":32.0,"median_trade_duration_days":9.0,"profit_factor":1.8248672678914757,"time_in_market_percent":0.2798880655024097,"total_trades":19,"win_rate":0.42105263157894735}}