{"capital_utilization":{"average_cash_percent":0.8532627189661799,"average_exposure_percent":0.1467372810338201,"average_leverage":0.1467372810338201,"average_position_value":206.15379476351137,"max_exposure_percent":0.42468037908499884},"closed_trades":22,"equity_curve":[],"final_equity":629.2850146175338,"max_drawdown":0.14609073336859812,"open_trades":0,"profit_factor":1.6940301673251423,"sharpe":0.7952032292578636,"signal_diagnostics":{"buy_signals":22,"duplicate_buy_skips":0,"flat_sell_skips":0,"hold_signals":508,"risk_blocked_signals":0,"sell_signals":10,"stop_loss_exits":9,"take_profit_exits":3},"starting_equity":500,"total_return":0.25857002923506744,"trade_analysis":{"average_loss":-20.697949888164782,"average_trade_duration_days":12.181818181818182,"average_win":24.27435104700129,"expectancy":5.8765915735242595,"largest_loss":-30.505397533104063,"largest_win":52.12774447701312,"max_trade_duration_days":21.0,"median_trade_duration_days":12.5,"profit_factor":1.6940301673251423,"time_in_market_percent":0.33331605949111265,"total_trades":22,"win_rate":0.5909090909090909}}