{"capital_utilization":{"average_cash_percent":0.8444911604447829,"average_exposure_percent":0.15550883955521716,"average_leverage":0.15550883955521716,"average_position_value":204.54133469517092,"max_exposure_percent":0.4054323464308253},"closed_trades":22,"equity_curve":[],"final_equity":527.2077838217168,"max_drawdown":0.047874066442712915,"open_trades":0,"profit_factor":1.3991032696455359,"sharpe":0.45451645845813515,"signal_diagnostics":{"buy_signals":22,"duplicate_buy_skips":0,"flat_sell_skips":0,"hold_signals":509,"risk_blocked_signals":0,"sell_signals":9,"stop_loss_exits":12,"take_profit_exits":0},"starting_equity":500,"total_return":0.05441556764343369,"trade_analysis":{"average_loss":-5.681024163220015,"average_trade_duration_days":12.90719696969697,"average_win":9.5380073780357,"expectancy":1.2367174464416735,"largest_loss":-6.725840893483723,"largest_win":18.900954290831017,"max_trade_duration_days":39.0,"median_trade_duration_days":12.5,"profit_factor":1.3991032696455359,"time_in_market_percent":0.35316370420272586,"total_trades":22,"win_rate":0.45454545454545453}}