{"capital_utilization":{"average_cash_percent":0.8542219533457271,"average_exposure_percent":0.14577804665427285,"average_leverage":0.14577804665427285,"average_position_value":204.46909945368222,"max_exposure_percent":0.4056225808061604},"closed_trades":15,"equity_curve":[],"final_equity":526.5890394995355,"max_drawdown":0.03950526697060696,"open_trades":0,"profit_factor":1.8952541587382732,"sharpe":0.8464143654387087,"signal_diagnostics":{"buy_signals":15,"duplicate_buy_skips":0,"flat_sell_skips":0,"hold_signals":411,"risk_blocked_signals":0,"sell_signals":0,"stop_loss_exits":12,"take_profit_exits":2},"starting_equity":500,"total_return":0.05317807899907101,"trade_analysis":{"average_loss":-3.299998881138185,"average_trade_duration_days":14.066666666666666,"average_win":9.381504904963192,"expectancy":1.7726026333023654,"largest_loss":-6.8006614957891385,"largest_win":14.181227134247095,"max_trade_duration_days":36.0,"median_trade_duration_days":11.0,"profit_factor":1.8952541587382732,"time_in_market_percent":0.33069940573369033,"total_trades":15,"win_rate":0.4}}