{"capital_utilization":{"average_cash_percent":0.8368984121555936,"average_exposure_percent":0.1631015878444064,"average_leverage":0.1631015878444064,"average_position_value":202.9138348458728,"max_exposure_percent":0.41820461204298576},"closed_trades":26,"equity_curve":[],"final_equity":521.2467423719004,"max_drawdown":0.17943771006050557,"open_trades":0,"profit_factor":1.1141665056537486,"sharpe":0.20680028198012368,"signal_diagnostics":{"buy_signals":26,"duplicate_buy_skips":0,"flat_sell_skips":0,"hold_signals":500,"risk_blocked_signals":0,"sell_signals":4,"stop_loss_exits":22,"take_profit_exits":0},"starting_equity":500,"total_return":0.04249348474380077,"trade_analysis":{"average_loss":-9.305155767988058,"average_trade_duration_days":11.387820512820515,"average_win":34.55830962194359,"expectancy":0.8171823989192474,"largest_loss":-20.810322019485326,"largest_win":78.73559793758247,"max_trade_duration_days":33.0,"median_trade_duration_days":9.520833333333332,"profit_factor":1.1141665056537486,"time_in_market_percent":0.36824376846141893,"total_trades":26,"win_rate":0.23076923076923078}}