{"capital_utilization":{"average_cash_percent":0.8442871648184396,"average_exposure_percent":0.15571283518156046,"average_leverage":0.15571283518156046,"average_position_value":202.2190965436292,"max_exposure_percent":0.40547121866764185},"closed_trades":13,"equity_curve":[],"final_equity":526.6014616785653,"max_drawdown":0.034530834514756976,"open_trades":0,"profit_factor":2.2089642899355986,"sharpe":0.767353438895151,"signal_diagnostics":{"buy_signals":13,"duplicate_buy_skips":0,"flat_sell_skips":0,"hold_signals":415,"risk_blocked_signals":0,"sell_signals":0,"stop_loss_exits":12,"take_profit_exits":0},"starting_equity":500,"total_return":0.05320292335713073,"trade_analysis":{"average_loss":-3.143359024629298,"average_trade_duration_days":17.923076923076923,"average_win":8.100829141828399,"expectancy":2.0462662829665623,"largest_loss":-6.616550507992634,"largest_win":13.307383227627483,"max_trade_duration_days":40.0,"median_trade_duration_days":12.0,"profit_factor":2.2089642899355986,"time_in_market_percent":0.3651799124926533,"total_trades":13,"win_rate":0.46153846153846156}}