{"capital_utilization":{"average_cash_percent":0.7408269610175602,"average_exposure_percent":0.25917303898243976,"average_leverage":0.25917303898243976,"average_position_value":212.74323302884574,"max_exposure_percent":0.4043955724882418},"closed_trades":38,"equity_curve":[],"final_equity":547.9447066219444,"max_drawdown":0.03948007177331452,"open_trades":0,"profit_factor":1.7957087142620312,"sharpe":0.8975368070970976,"signal_diagnostics":{"buy_signals":38,"duplicate_buy_skips":0,"flat_sell_skips":0,"hold_signals":477,"risk_blocked_signals":0,"sell_signals":1,"stop_loss_exits":37,"take_profit_exits":0},"starting_equity":500,"total_return":0.09588941324388878,"trade_analysis":{"average_loss":-3.171268036220493,"average_trade_duration_days":12.49890350877193,"average_win":5.694673647901777,"expectancy":1.2617028058406425,"largest_loss":-5.451107153253231,"largest_win":13.537038352554065,"max_trade_duration_days":35.0,"median_trade_duration_days":10.0,"profit_factor":1.7957087142620312,"time_in_market_percent":0.5907135824221381,"total_trades":38,"win_rate":0.5}}