{"capital_utilization":{"average_cash_percent":0.790685496804034,"average_exposure_percent":0.20931450319596595,"average_leverage":0.20931450319596595,"average_position_value":191.43538350731282,"max_exposure_percent":0.4084991535590539},"closed_trades":30,"equity_curve":[],"final_equity":496.66218693194276,"max_drawdown":0.1041781855605207,"open_trades":0,"profit_factor":0.9668369207931918,"sharpe":-0.0015290349800744624,"signal_diagnostics":{"buy_signals":30,"duplicate_buy_skips":0,"flat_sell_skips":0,"hold_signals":381,"risk_blocked_signals":0,"sell_signals":5,"stop_loss_exits":23,"take_profit_exits":1},"starting_equity":500,"total_return":-0.006675626136114499,"trade_analysis":{"average_loss":-5.297287712865571,"average_trade_duration_days":9.368055555555554,"average_win":8.846423043308054,"expectancy":-0.11126043560190825,"largest_loss":-9.993409873728375,"largest_win":20.513129480101536,"max_trade_duration_days":20.041666666666668,"median_trade_duration_days":10.5,"profit_factor":0.9668369207931918,"time_in_market_percent":0.4404754130477372,"total_trades":30,"win_rate":0.36666666666666664}}