{"capital_utilization":{"average_cash_percent":0.7968866229679443,"average_exposure_percent":0.20311337703205562,"average_leverage":0.20311337703205562,"average_position_value":190.6781883711508,"max_exposure_percent":0.4084991535590539},"closed_trades":31,"equity_curve":[],"final_equity":493.5131226991911,"max_drawdown":0.10713423221171901,"open_trades":0,"profit_factor":0.9386771434494471,"sharpe":-0.043993868474925285,"signal_diagnostics":{"buy_signals":31,"duplicate_buy_skips":0,"flat_sell_skips":0,"hold_signals":379,"risk_blocked_signals":0,"sell_signals":6,"stop_loss_exits":23,"take_profit_exits":1},"starting_equity":500,"total_return":-0.01297375460161776,"trade_analysis":{"average_loss":-5.28911866284414,"average_trade_duration_days":8.646505376344084,"average_win":9.026863268733992,"expectancy":-0.20925410647770568,"largest_loss":-9.993409873728375,"largest_win":18.042814241999867,"max_trade_duration_days":20.0,"median_trade_duration_days":9.0,"profit_factor":0.9386771434494471,"time_in_market_percent":0.4201005681447136,"total_trades":31,"win_rate":0.3548387096774194}}