{"capital_utilization":{"average_cash_percent":0.887587992257121,"average_exposure_percent":0.11241200774287893,"average_leverage":0.11241200774287893,"average_position_value":205.1988456197493,"max_exposure_percent":0.40469785218642884},"closed_trades":26,"equity_curve":[],"final_equity":544.4115560077141,"max_drawdown":0.017787553972100127,"open_trades":0,"profit_factor":2.248920563253174,"sharpe":1.2550573292840883,"signal_diagnostics":{"buy_signals":26,"duplicate_buy_skips":0,"flat_sell_skips":0,"hold_signals":502,"risk_blocked_signals":0,"sell_signals":13,"stop_loss_exits":10,"take_profit_exits":2},"starting_equity":500,"total_return":0.08882311201542814,"trade_analysis":{"average_loss":-3.555995258179702,"average_trade_duration_days":7.3076923076923075,"average_win":4.998219286844445,"expectancy":1.7081367695274652,"largest_loss":-5.6737082859226895,"largest_win":11.237763905532464,"max_trade_duration_days":20.0,"median_trade_duration_days":6.020833333333334,"profit_factor":2.248920563253174,"time_in_market_percent":0.23630616157952014,"total_trades":26,"win_rate":0.6153846153846154}}