{"capital_utilization":{"average_cash_percent":0.9623705361796264,"average_exposure_percent":0.037629463820373604,"average_leverage":0.037629463820373604,"average_position_value":202.8148756980353,"max_exposure_percent":0.4084413454646964},"closed_trades":6,"equity_curve":[],"final_equity":520.3265101544841,"max_drawdown":0.04595336926738364,"open_trades":0,"profit_factor":2.812785446232126,"sharpe":0.6421998333402802,"signal_diagnostics":{"buy_signals":6,"duplicate_buy_skips":0,"flat_sell_skips":0,"hold_signals":540,"risk_blocked_signals":0,"sell_signals":1,"stop_loss_exits":3,"take_profit_exits":2},"starting_equity":500,"total_return":0.040653020308968335,"trade_analysis":{"average_loss":-3.7376201353066563,"average_trade_duration_days":11.506944444444443,"average_win":10.51312352013471,"expectancy":3.387751692414028,"largest_loss":-6.55972897403468,"largest_win":14.710782254665762,"max_trade_duration_days":22.0,"median_trade_duration_days":10.520833333333332,"profit_factor":2.812785446232126,"time_in_market_percent":0.08586826967922474,"total_trades":6,"win_rate":0.5}}