{"capital_utilization":{"average_cash_percent":0.8958540914538393,"average_exposure_percent":0.10414590854616071,"average_leverage":0.10414590854616071,"average_position_value":201.8141809003828,"max_exposure_percent":0.4057882901297951},"closed_trades":14,"equity_curve":[],"final_equity":527.1534683615458,"max_drawdown":0.028963743398400438,"open_trades":0,"profit_factor":2.383551177257378,"sharpe":0.7075055834921269,"signal_diagnostics":{"buy_signals":14,"duplicate_buy_skips":0,"flat_sell_skips":0,"hold_signals":412,"risk_blocked_signals":0,"sell_signals":4,"stop_loss_exits":9,"take_profit_exits":1},"starting_equity":500,"total_return":0.054306936723091725,"trade_analysis":{"average_loss":-3.2709871052465975,"average_trade_duration_days":10.354166666666666,"average_win":5.8474238741281725,"expectancy":1.939533454396128,"largest_loss":-7.00206634355947,"largest_win":11.469216235553425,"max_trade_duration_days":21.0,"median_trade_duration_days":9.0,"profit_factor":2.383551177257378,"time_in_market_percent":0.2271925814667276,"total_trades":14,"win_rate":0.5714285714285714}}