{"capital_utilization":{"average_cash_percent":0.8363364408415581,"average_exposure_percent":0.16366355915844194,"average_leverage":0.16366355915844194,"average_position_value":199.94312442356838,"max_exposure_percent":0.4135342753158344},"closed_trades":30,"equity_curve":[],"final_equity":515.9053453288682,"max_drawdown":0.1622226559455573,"open_trades":0,"profit_factor":1.085695078964239,"sharpe":0.1758031453862842,"signal_diagnostics":{"buy_signals":30,"duplicate_buy_skips":0,"flat_sell_skips":0,"hold_signals":492,"risk_blocked_signals":0,"sell_signals":3,"stop_loss_exits":24,"take_profit_exits":3},"starting_equity":500,"total_return":0.03181069065773645,"trade_analysis":{"average_loss":-8.838283431990687,"average_trade_duration_days":9.636111111111113,"average_win":22.38992193340806,"expectancy":0.5301781776289375,"largest_loss":-17.074595182717452,"largest_win":67.702499939127,"max_trade_duration_days":27.0,"median_trade_duration_days":7.520833333333334,"profit_factor":1.085695078964239,"time_in_market_percent":0.35953775198217347,"total_trades":30,"win_rate":0.3}}