{"capital_utilization":{"average_cash_percent":0.8756014374223284,"average_exposure_percent":0.12439856257767151,"average_leverage":0.12439856257767151,"average_position_value":178.7435026444929,"max_exposure_percent":0.4232816353623317},"closed_trades":21,"equity_curve":[],"final_equity":518.256069485365,"max_drawdown":0.2061203831494279,"open_trades":0,"profit_factor":1.13076770991465,"sharpe":0.19011751012759984,"signal_diagnostics":{"buy_signals":21,"duplicate_buy_skips":0,"flat_sell_skips":0,"hold_signals":511,"risk_blocked_signals":0,"sell_signals":5,"stop_loss_exits":14,"take_profit_exits":2},"starting_equity":500,"total_return":0.03651213897072991,"trade_analysis":{"average_loss":-12.691532807074072,"average_trade_duration_days":10.426587301587302,"average_win":15.786293036317977,"expectancy":0.8693366421602374,"largest_loss":-26.13917446316356,"largest_win":37.335230453342966,"max_trade_duration_days":26.0,"median_trade_duration_days":10.0,"profit_factor":1.13076770991465,"time_in_market_percent":0.2723221226097321,"total_trades":21,"win_rate":0.47619047619047616}}