{"capital_utilization":{"average_cash_percent":0.7395954540544606,"average_exposure_percent":0.2604045459455394,"average_leverage":0.2604045459455394,"average_position_value":204.1758335618449,"max_exposure_percent":0.4031485531030975},"closed_trades":19,"equity_curve":[],"final_equity":538.0741950388287,"max_drawdown":0.024594227353052823,"open_trades":0,"profit_factor":2.9048666590993326,"sharpe":0.9970617748829226,"signal_diagnostics":{"buy_signals":19,"duplicate_buy_skips":0,"flat_sell_skips":0,"hold_signals":515,"risk_blocked_signals":0,"sell_signals":6,"stop_loss_exits":13,"take_profit_exits":0},"starting_equity":500,"total_return":0.07614839007765739,"trade_analysis":{"average_loss":-2.8554075918387087,"average_trade_duration_days":26.471491228070175,"average_win":4.8385040151416385,"expectancy":2.0039050020436155,"largest_loss":-3.829409040706104,"largest_win":9.771485719383143,"max_trade_duration_days":55.958333333333336,"median_trade_duration_days":24.0,"profit_factor":2.9048666590993326,"time_in_market_percent":0.6255376483391201,"total_trades":19,"win_rate":0.631578947368421}}