{"capital_utilization":{"average_cash_percent":0.9214136825479017,"average_exposure_percent":0.07858631745209833,"average_leverage":0.07858631745209833,"average_position_value":199.9650806400361,"max_exposure_percent":0.4108882370103856},"closed_trades":9,"equity_curve":[],"final_equity":509.2597747121099,"max_drawdown":0.08197078718242662,"open_trades":0,"profit_factor":1.1561242747592428,"sharpe":0.16861329468759714,"signal_diagnostics":{"buy_signals":9,"duplicate_buy_skips":0,"flat_sell_skips":0,"hold_signals":423,"risk_blocked_signals":0,"sell_signals":1,"stop_loss_exits":6,"take_profit_exits":1},"starting_equity":500,"total_return":0.01851954942421985,"trade_analysis":{"average_loss":-9.885046945656262,"average_trade_duration_days":12.666666666666666,"average_win":22.85668546201583,"expectancy":1.0288638569011017,"largest_loss":-13.621880881922742,"largest_win":43.791546740887966,"max_trade_duration_days":24.0,"median_trade_duration_days":14.0,"profit_factor":1.1561242747592428,"time_in_market_percent":0.17867171684189906,"total_trades":9,"win_rate":0.3333333333333333}}