{"capital_utilization":{"average_cash_percent":0.9511113644882438,"average_exposure_percent":0.04888863551175614,"average_leverage":0.04888863551175614,"average_position_value":204.33207043120782,"max_exposure_percent":0.40567794480041136},"closed_trades":9,"equity_curve":[],"final_equity":548.0958729315898,"max_drawdown":0.023857310460030406,"open_trades":0,"profit_factor":3.9995752307704335,"sharpe":1.3881279059237863,"signal_diagnostics":{"buy_signals":9,"duplicate_buy_skips":0,"flat_sell_skips":0,"hold_signals":535,"risk_blocked_signals":0,"sell_signals":4,"stop_loss_exits":4,"take_profit_exits":1},"starting_equity":500,"total_return":0.09619174586317958,"trade_analysis":{"average_loss":-5.344742642025857,"average_trade_duration_days":9.333333333333334,"average_win":10.688350142944572,"expectancy":5.343985881287762,"largest_loss":-6.867969777374319,"largest_win":18.64848177287382,"max_trade_duration_days":17.0,"median_trade_duration_days":8.0,"profit_factor":3.9995752307704335,"time_in_market_percent":0.10447219775094575,"total_trades":9,"win_rate":0.6666666666666666}}