{"capital_utilization":{"average_cash_percent":0.8641981478685281,"average_exposure_percent":0.13580185213147183,"average_leverage":0.13580185213147183,"average_position_value":187.11292784079365,"max_exposure_percent":0.42326085036710914},"closed_trades":29,"equity_curve":[],"final_equity":529.7736908881863,"max_drawdown":0.17684100818478654,"open_trades":0,"profit_factor":1.1348306672245272,"sharpe":0.2617216559011992,"signal_diagnostics":{"buy_signals":29,"duplicate_buy_skips":0,"flat_sell_skips":0,"hold_signals":495,"risk_blocked_signals":0,"sell_signals":14,"stop_loss_exits":14,"take_profit_exits":1},"starting_equity":500,"total_return":0.05954738177637253,"trade_analysis":{"average_loss":-15.773060017255105,"average_trade_duration_days":7.895114942528736,"average_win":16.706435408650513,"expectancy":1.0266789961443534,"largest_loss":-27.144078181512043,"largest_win":38.294174839759215,"max_trade_duration_days":20.0,"median_trade_duration_days":8.0,"profit_factor":1.1348306672245272,"time_in_market_percent":0.2847592890086542,"total_trades":29,"win_rate":0.5172413793103449}}