{"capital_utilization":{"average_cash_percent":0.8139511988732865,"average_exposure_percent":0.18604880112671351,"average_leverage":0.18604880112671351,"average_position_value":170.5938517478824,"max_exposure_percent":0.42278734284385716},"closed_trades":27,"equity_curve":[],"final_equity":355.8737241946022,"max_drawdown":0.3073706515390628,"open_trades":0,"profit_factor":0.4796614080805127,"sharpe":-1.4495932590512082,"signal_diagnostics":{"buy_signals":27,"duplicate_buy_skips":0,"flat_sell_skips":0,"hold_signals":293,"risk_blocked_signals":0,"sell_signals":6,"stop_loss_exits":18,"take_profit_exits":2},"starting_equity":500,"total_return":-0.28825255161079566,"trade_analysis":{"average_loss":-14.578187321181273,"average_trade_duration_days":7.185185185185185,"average_win":16.607410412130807,"expectancy":-5.338010215014735,"largest_loss":-24.32236929938684,"largest_win":25.35946128989606,"max_trade_duration_days":22.0,"median_trade_duration_days":7.0,"profit_factor":0.4796614080805127,"time_in_market_percent":0.3856858846918489,"total_trades":27,"win_rate":0.2962962962962963}}