{"capital_utilization":{"average_cash_percent":0.8589099405343259,"average_exposure_percent":0.14109005946567407,"average_leverage":0.14109005946567407,"average_position_value":205.80267765140587,"max_exposure_percent":0.40394244847989474},"closed_trades":10,"equity_curve":[],"final_equity":540.9422528362328,"max_drawdown":0.03206873039849349,"open_trades":0,"profit_factor":3.397456096620078,"sharpe":1.2706348278809056,"signal_diagnostics":{"buy_signals":10,"duplicate_buy_skips":0,"flat_sell_skips":0,"hold_signals":421,"risk_blocked_signals":0,"sell_signals":3,"stop_loss_exits":4,"take_profit_exits":2},"starting_equity":500,"total_return":0.08188450567246552,"trade_analysis":{"average_loss":-4.269343335833446,"average_trade_duration_days":21.6,"average_win":9.669937696594427,"expectancy":4.094225283623279,"largest_loss":-4.966907403512316,"largest_win":19.630032499107106,"max_trade_duration_days":42.0,"median_trade_duration_days":21.0,"profit_factor":3.397456096620078,"time_in_market_percent":0.3385358845425456,"total_trades":10,"win_rate":0.6}}