{"capital_utilization":{"average_cash_percent":0.8596626135425036,"average_exposure_percent":0.14033738645749644,"average_leverage":0.14033738645749644,"average_position_value":203.7614834640009,"max_exposure_percent":0.4068374885801703},"closed_trades":22,"equity_curve":[],"final_equity":517.9048064565902,"max_drawdown":0.08743123215908302,"open_trades":0,"profit_factor":1.2556424186887578,"sharpe":0.3109852812175531,"signal_diagnostics":{"buy_signals":22,"duplicate_buy_skips":0,"flat_sell_skips":0,"hold_signals":396,"risk_blocked_signals":0,"sell_signals":5,"stop_loss_exits":16,"take_profit_exits":1},"starting_equity":500,"total_return":0.03580961291318041,"trade_analysis":{"average_loss":-5.387575393072532,"average_trade_duration_days":8.136363636363637,"average_win":9.771476285170353,"expectancy":0.8138548389359205,"largest_loss":-8.471870315841397,"largest_win":20.213035600551596,"max_trade_duration_days":20.0,"median_trade_duration_days":8.0,"profit_factor":1.2556424186887578,"time_in_market_percent":0.28054594135701694,"total_trades":22,"win_rate":0.4090909090909091}}