{"capital_utilization":{"average_cash_percent":0.8975986922306377,"average_exposure_percent":0.1024013077693623,"average_leverage":0.1024013077693623,"average_position_value":202.53969358991782,"max_exposure_percent":0.40469785218642884},"closed_trades":21,"equity_curve":[],"final_equity":537.0216196826443,"max_drawdown":0.02697634678173325,"open_trades":0,"profit_factor":2.195527863601491,"sharpe":1.099528368593753,"signal_diagnostics":{"buy_signals":21,"duplicate_buy_skips":0,"flat_sell_skips":0,"hold_signals":511,"risk_blocked_signals":0,"sell_signals":6,"stop_loss_exits":12,"take_profit_exits":3},"starting_equity":500,"total_return":0.07404323936528856,"trade_analysis":{"average_loss":-2.580563002739071,"average_trade_duration_days":8.380952380952381,"average_win":7.554263968390348,"expectancy":1.7629342706021078,"largest_loss":-5.6737082859226895,"largest_win":14.27802866598996,"max_trade_duration_days":21.0,"median_trade_duration_days":7.0,"profit_factor":2.195527863601491,"time_in_market_percent":0.2188941286210292,"total_trades":21,"win_rate":0.42857142857142855}}