{"capital_utilization":{"average_cash_percent":0.7674597756703132,"average_exposure_percent":0.23254022432968682,"average_leverage":0.23254022432968682,"average_position_value":214.85308000626787,"max_exposure_percent":0.405495873407416},"closed_trades":38,"equity_curve":[],"final_equity":541.2667460224686,"max_drawdown":0.06774669168918311,"open_trades":0,"profit_factor":1.5257778834149334,"sharpe":0.7371168729998872,"signal_diagnostics":{"buy_signals":38,"duplicate_buy_skips":0,"flat_sell_skips":0,"hold_signals":476,"risk_blocked_signals":0,"sell_signals":6,"stop_loss_exits":29,"take_profit_exits":3},"starting_equity":500,"total_return":0.0825334920449372,"trade_analysis":{"average_loss":-4.130896467298747,"average_trade_duration_days":11.027412280701755,"average_win":6.302830468481307,"expectancy":1.0859670005912803,"largest_loss":-7.109229462953361,"largest_win":27.19657029518897,"max_trade_duration_days":38.0,"median_trade_duration_days":8.0,"profit_factor":1.5257778834149334,"time_in_market_percent":0.5211690936414988,"total_trades":38,"win_rate":0.5}}