{"capital_utilization":{"average_cash_percent":0.8610034210185541,"average_exposure_percent":0.13899657898144593,"average_leverage":0.13899657898144593,"average_position_value":186.96356568691996,"max_exposure_percent":0.4067989411377976},"closed_trades":28,"equity_curve":[],"final_equity":460.72949646332756,"max_drawdown":0.11412823221794882,"open_trades":0,"profit_factor":0.49632479102269517,"sharpe":-0.8738496659102286,"signal_diagnostics":{"buy_signals":28,"duplicate_buy_skips":0,"flat_sell_skips":0,"hold_signals":384,"risk_blocked_signals":0,"sell_signals":5,"stop_loss_exits":22,"take_profit_exits":1},"starting_equity":500,"total_return":-0.07854100707334488,"trade_analysis":{"average_loss":-3.7127576354885554,"average_trade_duration_days":6.355654761904761,"average_win":5.52820097265532,"expectancy":-1.4025179834525872,"largest_loss":-7.996341924267736,"largest_win":10.030424500750874,"max_trade_duration_days":20.0,"median_trade_duration_days":5.5,"profit_factor":0.49632479102269517,"time_in_market_percent":0.27891334160517206,"total_trades":28,"win_rate":0.25}}