{"capital_utilization":{"average_cash_percent":0.8438763316290372,"average_exposure_percent":0.15612366837096275,"average_leverage":0.15612366837096275,"average_position_value":187.6844175897104,"max_exposure_percent":0.4067989411377976},"closed_trades":28,"equity_curve":[],"final_equity":466.90530797944837,"max_drawdown":0.10792106147523593,"open_trades":0,"profit_factor":0.5764381504199054,"sharpe":-0.7128819467221802,"signal_diagnostics":{"buy_signals":28,"duplicate_buy_skips":0,"flat_sell_skips":0,"hold_signals":384,"risk_blocked_signals":0,"sell_signals":5,"stop_loss_exits":22,"take_profit_exits":1},"starting_equity":500,"total_return":-0.0661893840411033,"trade_analysis":{"average_loss":-3.720679085773889,"average_trade_duration_days":7.319940476190475,"average_win":6.434224111528576,"expectancy":-1.1819532864482731,"largest_loss":-7.996341924267736,"largest_win":10.164876520035138,"max_trade_duration_days":21.0,"median_trade_duration_days":5.5,"profit_factor":0.5764381504199054,"time_in_market_percent":0.32123032717299027,"total_trades":28,"win_rate":0.25}}