{"capital_utilization":{"average_cash_percent":0.8909145627159636,"average_exposure_percent":0.10908543728403637,"average_leverage":0.10908543728403637,"average_position_value":184.07291639096925,"max_exposure_percent":0.41410022415898573},"closed_trades":16,"equity_curve":[],"final_equity":527.477729729285,"max_drawdown":0.1862427493767185,"open_trades":0,"profit_factor":1.2065848434810447,"sharpe":0.24994786267705682,"signal_diagnostics":{"buy_signals":16,"duplicate_buy_skips":0,"flat_sell_skips":0,"hold_signals":522,"risk_blocked_signals":0,"sell_signals":1,"stop_loss_exits":14,"take_profit_exits":0},"starting_equity":500,"total_return":0.054955459458569944,"trade_analysis":{"average_loss":-10.231493666335902,"average_trade_duration_days":12.690104166666666,"average_win":53.49571579721722,"expectancy":1.7173581080803086,"largest_loss":-14.960560234846366,"largest_win":118.09280183185487,"max_trade_duration_days":43.0,"median_trade_duration_days":7.5,"profit_factor":1.2065848434810447,"time_in_market_percent":0.25252629942478105,"total_trades":16,"win_rate":0.1875}}