{"capital_utilization":{"average_cash_percent":0.7558416173104304,"average_exposure_percent":0.2441583826895696,"average_leverage":0.2441583826895696,"average_position_value":209.0265430988164,"max_exposure_percent":0.40634477531669977},"closed_trades":35,"equity_curve":[],"final_equity":529.6752104519695,"max_drawdown":0.07055962526086475,"open_trades":0,"profit_factor":1.31374172597875,"sharpe":0.4599947078607525,"signal_diagnostics":{"buy_signals":35,"duplicate_buy_skips":0,"flat_sell_skips":0,"hold_signals":483,"risk_blocked_signals":0,"sell_signals":14,"stop_loss_exits":17,"take_profit_exits":4},"starting_equity":500,"total_return":0.05935042090393905,"trade_analysis":{"average_loss":-4.112384278390075,"average_trade_duration_days":12.885714285714284,"average_win":10.355004071245103,"expectancy":0.847863155770558,"largest_loss":-7.973184424333429,"largest_win":29.227829369752012,"max_trade_duration_days":49.0,"median_trade_duration_days":7.0,"profit_factor":1.31374172597875,"time_in_market_percent":0.5609162045913872,"total_trades":35,"win_rate":0.34285714285714286}}