{"capital_utilization":{"average_cash_percent":0.8441091402903453,"average_exposure_percent":0.1558908597096546,"average_leverage":0.1558908597096546,"average_position_value":202.74979886571322,"max_exposure_percent":0.40547121866764185},"closed_trades":15,"equity_curve":[],"final_equity":526.5484398226722,"max_drawdown":0.03456269485317202,"open_trades":0,"profit_factor":2.1025657892437306,"sharpe":0.7678210136792496,"signal_diagnostics":{"buy_signals":15,"duplicate_buy_skips":0,"flat_sell_skips":0,"hold_signals":411,"risk_blocked_signals":0,"sell_signals":0,"stop_loss_exits":12,"take_profit_exits":2},"starting_equity":500,"total_return":0.053096879645344375,"trade_analysis":{"average_loss":-2.67542007537429,"average_trade_duration_days":15.4,"average_win":8.437870083506796,"expectancy":1.7698959881781453,"largest_loss":-6.616550507992634,"largest_win":14.026601423339976,"max_trade_duration_days":40.0,"median_trade_duration_days":11.0,"profit_factor":2.1025657892437306,"time_in_market_percent":0.36204532096911124,"total_trades":15,"win_rate":0.4}}