{"capital_utilization":{"average_cash_percent":0.9250784597211247,"average_exposure_percent":0.07492154027887532,"average_leverage":0.07492154027887532,"average_position_value":203.66757043707662,"max_exposure_percent":0.40358347473378237},"closed_trades":16,"equity_curve":[],"final_equity":530.4849239469481,"max_drawdown":0.018143708983141545,"open_trades":0,"profit_factor":2.239830857381181,"sharpe":0.9931018870579902,"signal_diagnostics":{"buy_signals":16,"duplicate_buy_skips":0,"flat_sell_skips":0,"hold_signals":522,"risk_blocked_signals":0,"sell_signals":7,"stop_loss_exits":7,"take_profit_exits":1},"starting_equity":500,"total_return":0.060969847893896256,"trade_analysis":{"average_loss":-3.5125671452290526,"average_trade_duration_days":7.875000000000001,"average_win":6.11921044039461,"expectancy":1.9053077466842578,"largest_loss":-4.35972093402724,"largest_win":11.249027882810418,"max_trade_duration_days":20.0,"median_trade_duration_days":7.5,"profit_factor":2.239830857381181,"time_in_market_percent":0.15670829662641864,"total_trades":16,"win_rate":0.5625}}