{"capital_utilization":{"average_cash_percent":0.8138758185961394,"average_exposure_percent":0.1861241814038605,"average_leverage":0.1861241814038605,"average_position_value":196.78391213593434,"max_exposure_percent":0.41829273003418427},"closed_trades":24,"equity_curve":[],"final_equity":571.2686249935325,"max_drawdown":0.17230367830818694,"open_trades":0,"profit_factor":1.3614594785177692,"sharpe":0.4569059988743549,"signal_diagnostics":{"buy_signals":24,"duplicate_buy_skips":0,"flat_sell_skips":0,"hold_signals":504,"risk_blocked_signals":0,"sell_signals":3,"stop_loss_exits":17,"take_profit_exits":4},"starting_equity":500,"total_return":0.14253724998706496,"trade_analysis":{"average_loss":-13.144603886772702,"average_trade_duration_days":14.666666666666666,"average_win":29.826409255013672,"expectancy":2.9695260413971902,"largest_loss":-20.852896775869823,"largest_win":46.980355125077025,"max_trade_duration_days":44.0,"median_trade_duration_days":12.5,"profit_factor":1.3614594785177692,"time_in_market_percent":0.4377882572420584,"total_trades":24,"win_rate":0.375}}