{"capital_utilization":{"average_cash_percent":0.8648918594733574,"average_exposure_percent":0.13510814052664255,"average_leverage":0.13510814052664255,"average_position_value":216.7993418925045,"max_exposure_percent":0.4079413190205014},"closed_trades":21,"equity_curve":[],"final_equity":589.5086705098466,"max_drawdown":0.057215544080018714,"open_trades":0,"profit_factor":2.709466999264088,"sharpe":1.3003528183564221,"signal_diagnostics":{"buy_signals":21,"duplicate_buy_skips":0,"flat_sell_skips":0,"hold_signals":511,"risk_blocked_signals":0,"sell_signals":10,"stop_loss_exits":8,"take_profit_exits":2},"starting_equity":500,"total_return":0.17901734101969335,"trade_analysis":{"average_loss":-6.545071544842591,"average_trade_duration_days":11.811507936507937,"average_win":10.913018682199029,"expectancy":4.26231764332603,"largest_loss":-10.493531578178166,"largest_win":24.528073529785168,"max_trade_duration_days":22.0,"median_trade_duration_days":13.0,"profit_factor":2.709466999264088,"time_in_market_percent":0.3084935482199306,"total_trades":21,"win_rate":0.6190476190476191}}