{"capital_utilization":{"average_cash_percent":0.9385823020538393,"average_exposure_percent":0.06141769794616065,"average_leverage":0.06141769794616065,"average_position_value":189.94921011452305,"max_exposure_percent":0.4142102895345693},"closed_trades":7,"equity_curve":[],"final_equity":450.6706125485465,"max_drawdown":0.12245074011969705,"open_trades":0,"profit_factor":0.1796384553561328,"sharpe":-0.7534670177572882,"signal_diagnostics":{"buy_signals":7,"duplicate_buy_skips":0,"flat_sell_skips":0,"hold_signals":427,"risk_blocked_signals":0,"sell_signals":1,"stop_loss_exits":5,"take_profit_exits":0},"starting_equity":500,"total_return":-0.09865877490290698,"trade_analysis":{"average_loss":-10.021879534603691,"average_trade_duration_days":12.571428571428571,"average_win":10.801889756168677,"expectancy":-7.047055350207638,"largest_loss":-17.026028588618438,"largest_win":10.801889756168677,"max_trade_duration_days":27.0,"median_trade_duration_days":11.0,"profit_factor":0.1796384553561328,"time_in_market_percent":0.1379220270358519,"total_trades":7,"win_rate":0.14285714285714285}}