{"capital_utilization":{"average_cash_percent":0.8466283671162793,"average_exposure_percent":0.15337163288372074,"average_leverage":0.15337163288372074,"average_position_value":194.69355729654546,"max_exposure_percent":0.4048752831706528},"closed_trades":11,"equity_curve":[],"final_equity":500.16499654777715,"max_drawdown":0.05095017649682154,"open_trades":0,"profit_factor":1.0056769629818938,"sharpe":0.021573288956637227,"signal_diagnostics":{"buy_signals":11,"duplicate_buy_skips":0,"flat_sell_skips":0,"hold_signals":419,"risk_blocked_signals":0,"sell_signals":1,"stop_loss_exits":8,"take_profit_exits":1},"starting_equity":500,"total_return":0.0003299930955542596,"trade_analysis":{"average_loss":-4.152032604741781,"average_trade_duration_days":21.09090909090909,"average_win":7.307306195242404,"expectancy":0.014999686161559273,"largest_loss":-5.84848472906096,"largest_win":12.9576875055343,"max_trade_duration_days":48.0,"median_trade_duration_days":20.0,"profit_factor":1.0056769629818938,"time_in_market_percent":0.3636126167308823,"total_trades":11,"win_rate":0.36363636363636365}}