{"capital_utilization":{"average_cash_percent":0.9070760926371739,"average_exposure_percent":0.09292390736282613,"average_leverage":0.09292390736282613,"average_position_value":203.4494528632305,"max_exposure_percent":0.40469785218642884},"closed_trades":19,"equity_curve":[],"final_equity":537.9799312796202,"max_drawdown":0.017813656152168112,"open_trades":0,"profit_factor":2.367898539056284,"sharpe":1.14019347132639,"signal_diagnostics":{"buy_signals":19,"duplicate_buy_skips":0,"flat_sell_skips":0,"hold_signals":516,"risk_blocked_signals":0,"sell_signals":8,"stop_loss_exits":8,"take_profit_exits":2},"starting_equity":500,"total_return":0.07595986255924059,"trade_analysis":{"average_loss":-3.470645866196943,"average_trade_duration_days":8.526315789473685,"average_win":5.976827109926888,"expectancy":1.9989437515589592,"largest_loss":-5.6737082859226895,"largest_win":11.234347684220138,"max_trade_duration_days":20.0,"median_trade_duration_days":8.0,"profit_factor":2.367898539056284,"time_in_market_percent":0.20148209566253822,"total_trades":19,"win_rate":0.5789473684210527}}