{"capital_utilization":{"average_cash_percent":0.882840112702153,"average_exposure_percent":0.11715988729784702,"average_leverage":0.11715988729784702,"average_position_value":205.9113659722478,"max_exposure_percent":0.40469785218642884},"closed_trades":19,"equity_curve":[],"final_equity":555.4193939884108,"max_drawdown":0.023496921489210353,"open_trades":0,"profit_factor":2.98054698153772,"sharpe":1.5266202330988365,"signal_diagnostics":{"buy_signals":19,"duplicate_buy_skips":0,"flat_sell_skips":0,"hold_signals":516,"risk_blocked_signals":0,"sell_signals":6,"stop_loss_exits":8,"take_profit_exits":4},"starting_equity":500,"total_return":0.11083878797682156,"trade_analysis":{"average_loss":-3.497732855179637,"average_trade_duration_days":11.210526315789473,"average_win":7.581932439077075,"expectancy":2.916810209916355,"largest_loss":-5.6737082859226895,"largest_win":16.21720271926421,"max_trade_duration_days":21.0,"median_trade_duration_days":12.0,"profit_factor":2.98054698153772,"time_in_market_percent":0.26491164429704095,"total_trades":19,"win_rate":0.5789473684210527}}