{"capital_utilization":{"average_cash_percent":0.8385604646396292,"average_exposure_percent":0.16143953536037078,"average_leverage":0.16143953536037078,"average_position_value":215.00562297098045,"max_exposure_percent":0.41717457343849473},"closed_trades":41,"equity_curve":[],"final_equity":718.3992182654345,"max_drawdown":0.10473210716467514,"open_trades":0,"profit_factor":2.1320241817049075,"sharpe":1.3330568753575942,"signal_diagnostics":{"buy_signals":41,"duplicate_buy_skips":0,"flat_sell_skips":0,"hold_signals":470,"risk_blocked_signals":0,"sell_signals":19,"stop_loss_exits":14,"take_profit_exits":8},"starting_equity":500,"total_return":0.4367984365308688,"trade_analysis":{"average_loss":-12.861870019802938,"average_trade_duration_days":6.535569105691057,"average_win":15.820279560095328,"expectancy":5.326810201595963,"largest_loss":-21.984558688053042,"largest_win":38.926230258402605,"max_trade_duration_days":17.0,"median_trade_duration_days":5.0,"profit_factor":2.1320241817049075,"time_in_market_percent":0.3332642379644505,"total_trades":41,"win_rate":0.6341463414634146}}