{"capital_utilization":{"average_cash_percent":0.9450928525490299,"average_exposure_percent":0.05490714745097017,"average_leverage":0.05490714745097017,"average_position_value":205.24206241141835,"max_exposure_percent":0.405938909129827},"closed_trades":16,"equity_curve":[],"final_equity":521.3334892497304,"max_drawdown":0.06792011579793689,"open_trades":0,"profit_factor":1.4718940272824381,"sharpe":0.4865297300750768,"signal_diagnostics":{"buy_signals":16,"duplicate_buy_skips":0,"flat_sell_skips":0,"hold_signals":520,"risk_blocked_signals":0,"sell_signals":2,"stop_loss_exits":8,"take_profit_exits":6},"starting_equity":500,"total_return":0.042666978499460884,"trade_analysis":{"average_loss":-5.651027565602648,"average_trade_duration_days":5.122395833333334,"average_win":8.317713721818954,"expectancy":1.3333430781081526,"largest_loss":-7.364074136359314,"largest_win":13.493537361428693,"max_trade_duration_days":20.0,"median_trade_duration_days":4.0,"profit_factor":1.4718940272824381,"time_in_market_percent":0.10193294294449916,"total_trades":16,"win_rate":0.5}}