{"capital_utilization":{"average_cash_percent":0.9322531529317342,"average_exposure_percent":0.06774684706826586,"average_leverage":0.06774684706826586,"average_position_value":203.89789046485268,"max_exposure_percent":0.40567794480041136},"closed_trades":14,"equity_curve":[],"final_equity":542.9204367072684,"max_drawdown":0.026746844591893686,"open_trades":0,"profit_factor":2.670416154756363,"sharpe":1.1725360685349318,"signal_diagnostics":{"buy_signals":14,"duplicate_buy_skips":0,"flat_sell_skips":0,"hold_signals":525,"risk_blocked_signals":0,"sell_signals":7,"stop_loss_exits":6,"take_profit_exits":1},"starting_equity":500,"total_return":0.08584087341453683,"trade_analysis":{"average_loss":-5.13889147743887,"average_trade_duration_days":7.857142857142857,"average_win":7.623877121606973,"expectancy":3.0657454790906007,"largest_loss":-6.867969777374319,"largest_win":14.621268461485656,"max_trade_duration_days":18.0,"median_trade_duration_days":8.0,"profit_factor":2.670416154756363,"time_in_market_percent":0.13680883038814323,"total_trades":14,"win_rate":0.6428571428571429}}