{"capital_utilization":{"average_cash_percent":0.9287973974185647,"average_exposure_percent":0.07120260258143525,"average_leverage":0.07120260258143525,"average_position_value":206.4046268715493,"max_exposure_percent":0.40221760650697636},"closed_trades":10,"equity_curve":[],"final_equity":549.503220342028,"max_drawdown":0.016655318163485772,"open_trades":0,"profit_factor":10.295866867997814,"sharpe":1.726623777096139,"signal_diagnostics":{"buy_signals":10,"duplicate_buy_skips":0,"flat_sell_skips":0,"hold_signals":533,"risk_blocked_signals":0,"sell_signals":3,"stop_loss_exits":5,"take_profit_exits":2},"starting_equity":500,"total_return":0.09900644068405606,"trade_analysis":{"average_loss":-1.7750978667895596,"average_trade_duration_days":12.695833333333333,"average_win":7.83264484891381,"expectancy":4.950322034202799,"largest_loss":-2.7329033906274893,"largest_win":16.634668426354207,"max_trade_duration_days":24.0,"median_trade_duration_days":11.0,"profit_factor":10.295866867997814,"time_in_market_percent":0.15790019173964864,"total_trades":10,"win_rate":0.7}}