{"capital_utilization":{"average_cash_percent":0.7706071089489172,"average_exposure_percent":0.22939289105108282,"average_leverage":0.22939289105108282,"average_position_value":214.64175989530224,"max_exposure_percent":0.40551361841780004},"closed_trades":25,"equity_curve":[],"final_equity":559.5792631396475,"max_drawdown":0.07700750737710277,"open_trades":0,"profit_factor":1.8588727614680791,"sharpe":0.951002187348891,"signal_diagnostics":{"buy_signals":25,"duplicate_buy_skips":0,"flat_sell_skips":0,"hold_signals":502,"risk_blocked_signals":0,"sell_signals":2,"stop_loss_exits":18,"take_profit_exits":5},"starting_equity":500,"total_return":0.11915852627929513,"trade_analysis":{"average_loss":-4.335571126813952,"average_trade_duration_days":17.361666666666668,"average_win":14.327600129852307,"expectancy":2.3831705255859,"largest_loss":-6.960479787962106,"largest_win":33.27346562510409,"max_trade_duration_days":63.0,"median_trade_duration_days":15.0,"profit_factor":1.8588727614680791,"time_in_market_percent":0.5398248432398819,"total_trades":25,"win_rate":0.36}}