{"capital_utilization":{"average_cash_percent":0.8481672171321952,"average_exposure_percent":0.15183278286780474,"average_leverage":0.15183278286780474,"average_position_value":206.10106530692102,"max_exposure_percent":0.40751513903855924},"closed_trades":9,"equity_curve":[],"final_equity":545.1445264056352,"max_drawdown":0.03630175572958035,"open_trades":0,"profit_factor":3.289998714638235,"sharpe":0.8882751398373928,"signal_diagnostics":{"buy_signals":9,"duplicate_buy_skips":0,"flat_sell_skips":0,"hold_signals":423,"risk_blocked_signals":0,"sell_signals":0,"stop_loss_exits":8,"take_profit_exits":0},"starting_equity":500,"total_return":0.09028905281127053,"trade_analysis":{"average_loss":-4.928444513643213,"average_trade_duration_days":26.560185185185183,"average_win":12.971660892041626,"expectancy":5.01605848951503,"largest_loss":-9.69833835646892,"largest_win":24.290342081934117,"max_trade_duration_days":61.0,"median_trade_duration_days":20.0,"profit_factor":3.289998714638235,"time_in_market_percent":0.37464899105335336,"total_trades":9,"win_rate":0.5555555555555556}}