{"capital_utilization":{"average_cash_percent":0.742627103007589,"average_exposure_percent":0.2573728969924109,"average_leverage":0.2573728969924109,"average_position_value":219.1977359157615,"max_exposure_percent":0.4043802759135322},"closed_trades":17,"equity_curve":[],"final_equity":580.5087195082638,"max_drawdown":0.04119698008515531,"open_trades":0,"profit_factor":4.966389588838839,"sharpe":1.3412859650582698,"signal_diagnostics":{"buy_signals":17,"duplicate_buy_skips":0,"flat_sell_skips":0,"hold_signals":520,"risk_blocked_signals":0,"sell_signals":2,"stop_loss_exits":14,"take_profit_exits":0},"starting_equity":500,"total_return":0.16101743901652754,"trade_analysis":{"average_loss":-3.38295561177391,"average_trade_duration_days":29.46813725490196,"average_win":9.164223016264295,"expectancy":4.735807029897869,"largest_loss":-5.5487378579039985,"largest_win":33.39603257358994,"max_trade_duration_days":97.0,"median_trade_duration_days":21.0,"profit_factor":4.966389588838839,"time_in_market_percent":0.6230502150593357,"total_trades":17,"win_rate":0.6470588235294118}}