{"capital_utilization":{"average_cash_percent":0.8041150114535638,"average_exposure_percent":0.19588498854643627,"average_leverage":0.19588498854643627,"average_position_value":211.13818085794227,"max_exposure_percent":0.40551361841780004},"closed_trades":28,"equity_curve":[],"final_equity":540.5044208559126,"max_drawdown":0.0721950709964469,"open_trades":0,"profit_factor":1.683083029884203,"sharpe":0.7639293177752358,"signal_diagnostics":{"buy_signals":28,"duplicate_buy_skips":0,"flat_sell_skips":0,"hold_signals":496,"risk_blocked_signals":0,"sell_signals":3,"stop_loss_exits":25,"take_profit_exits":0},"starting_equity":500,"total_return":0.0810088417118251,"trade_analysis":{"average_loss":-4.235463028220637,"average_trade_duration_days":12.680059523809522,"average_win":7.128635946500111,"expectancy":1.4465864591397366,"largest_loss":-6.855679329917941,"largest_win":20.63609608489911,"max_trade_duration_days":47.0,"median_trade_duration_days":8.5,"profit_factor":1.683083029884203,"time_in_market_percent":0.44157122868839715,"total_trades":28,"win_rate":0.5}}