{"capital_utilization":{"average_cash_percent":0.9155105780015628,"average_exposure_percent":0.08448942199843723,"average_leverage":0.08448942199843723,"average_position_value":208.37450417839736,"max_exposure_percent":0.4063867157186291},"closed_trades":18,"equity_curve":[],"final_equity":533.6012718970726,"max_drawdown":0.056836894041323964,"open_trades":0,"profit_factor":1.9441591429233362,"sharpe":0.7196652799582791,"signal_diagnostics":{"buy_signals":18,"duplicate_buy_skips":0,"flat_sell_skips":0,"hold_signals":516,"risk_blocked_signals":0,"sell_signals":8,"stop_loss_exits":8,"take_profit_exits":2},"starting_equity":500,"total_return":0.06720254379414525,"trade_analysis":{"average_loss":-4.448571004809006,"average_trade_duration_days":7.835648148148148,"average_win":6.918983993554465,"expectancy":1.866737327615144,"largest_loss":-8.00298485978665,"largest_win":16.919467100308992,"max_trade_duration_days":21.0,"median_trade_duration_days":6.520833333333334,"profit_factor":1.9441591429233362,"time_in_market_percent":0.17541586775146395,"total_trades":18,"win_rate":0.5555555555555556}}