{"capital_utilization":{"average_cash_percent":0.7119593192848385,"average_exposure_percent":0.28804068071516153,"average_leverage":0.28804068071516153,"average_position_value":170.1410315112217,"max_exposure_percent":0.4227873428438571},"closed_trades":19,"equity_curve":[],"final_equity":340.53726467029674,"max_drawdown":0.3254955577729791,"open_trades":0,"profit_factor":0.30306445663689047,"sharpe":-2.3490511752409993,"signal_diagnostics":{"buy_signals":19,"duplicate_buy_skips":0,"flat_sell_skips":0,"hold_signals":150,"risk_blocked_signals":0,"sell_signals":2,"stop_loss_exits":14,"take_profit_exits":2},"starting_equity":500,"total_return":-0.3189254706594066,"trade_analysis":{"average_loss":-15.253704769712757,"average_trade_duration_days":8.896929824561402,"average_win":17.33570905399703,"expectancy":-8.392775543668591,"largest_loss":-23.855348905451862,"largest_win":25.010285982775375,"max_trade_duration_days":25.0,"median_trade_duration_days":7.0,"profit_factor":0.30306445663689047,"time_in_market_percent":0.6236740968485779,"total_trades":19,"win_rate":0.21052631578947367}}