{"capital_utilization":{"average_cash_percent":0.8560623526400131,"average_exposure_percent":0.14393764735998696,"average_leverage":0.14393764735998696,"average_position_value":215.10201872375907,"max_exposure_percent":0.40603111608487336},"closed_trades":28,"equity_curve":[],"final_equity":600.5718738765519,"max_drawdown":0.03014221165599843,"open_trades":0,"profit_factor":2.9208983744397576,"sharpe":1.809460997349255,"signal_diagnostics":{"buy_signals":28,"duplicate_buy_skips":0,"flat_sell_skips":0,"hold_signals":497,"risk_blocked_signals":0,"sell_signals":12,"stop_loss_exits":14,"take_profit_exits":2},"starting_equity":500,"total_return":0.20114374775310373,"trade_analysis":{"average_loss":-4.363057203459303,"average_trade_duration_days":8.85863095238095,"average_win":9.558035019878966,"expectancy":3.5918526384482807,"largest_loss":-7.428416835443996,"largest_win":22.842788752973128,"max_trade_duration_days":21.0,"median_trade_duration_days":7.0,"profit_factor":2.9208983744397576,"time_in_market_percent":0.3084935482199305,"total_trades":28,"win_rate":0.5714285714285714}}