{"capital_utilization":{"average_cash_percent":0.8435380409716864,"average_exposure_percent":0.15646195902831364,"average_leverage":0.15646195902831364,"average_position_value":204.56737208671242,"max_exposure_percent":0.4070697501018377},"closed_trades":24,"equity_curve":[],"final_equity":523.4681282621294,"max_drawdown":0.056818999701472556,"open_trades":0,"profit_factor":1.4288719899201288,"sharpe":0.534568474558626,"signal_diagnostics":{"buy_signals":24,"duplicate_buy_skips":0,"flat_sell_skips":0,"hold_signals":393,"risk_blocked_signals":0,"sell_signals":6,"stop_loss_exits":16,"take_profit_exits":1},"starting_equity":500,"total_return":0.04693625652425881,"trade_analysis":{"average_loss":-5.472058985829311,"average_trade_duration_days":8.918402777777777,"average_win":5.584908437173035,"expectancy":0.9778386775887252,"largest_loss":-8.554029165956385,"largest_win":27.15747033517161,"max_trade_duration_days":33.0,"median_trade_duration_days":5.0,"profit_factor":1.4288719899201288,"time_in_market_percent":0.33546659700907727,"total_trades":24,"win_rate":0.5833333333333334}}