{"capital_utilization":{"average_cash_percent":0.9192134640932073,"average_exposure_percent":0.08078653590679274,"average_leverage":0.08078653590679274,"average_position_value":199.05013153497399,"max_exposure_percent":0.4071005567891673},"closed_trades":14,"equity_curve":[],"final_equity":510.814271537389,"max_drawdown":0.05774706976461885,"open_trades":0,"profit_factor":1.2364513323555077,"sharpe":0.27111773633720354,"signal_diagnostics":{"buy_signals":14,"duplicate_buy_skips":0,"flat_sell_skips":0,"hold_signals":412,"risk_blocked_signals":0,"sell_signals":0,"stop_loss_exits":8,"take_profit_exits":6},"starting_equity":500,"total_return":0.021628543074778017,"trade_analysis":{"average_loss":-5.716964792320147,"average_trade_duration_days":7.928571428571429,"average_win":9.424998312658365,"expectancy":0.7724479669563589,"largest_loss":-8.468580967524616,"largest_win":14.837375098543408,"max_trade_duration_days":11.0,"median_trade_duration_days":7.0,"profit_factor":1.2364513323555077,"time_in_market_percent":0.1739698295565859,"total_trades":14,"win_rate":0.42857142857142855}}