{"capital_utilization":{"average_cash_percent":0.882031754260333,"average_exposure_percent":0.11796824573966701,"average_leverage":0.11796824573966701,"average_position_value":181.9305266510372,"max_exposure_percent":0.4232816353623317},"closed_trades":21,"equity_curve":[],"final_equity":518.9290789432984,"max_drawdown":0.20666128556211671,"open_trades":0,"profit_factor":1.1391905289594042,"sharpe":0.19599316261028168,"signal_diagnostics":{"buy_signals":21,"duplicate_buy_skips":0,"flat_sell_skips":0,"hold_signals":511,"risk_blocked_signals":0,"sell_signals":7,"stop_loss_exits":12,"take_profit_exits":2},"starting_equity":500,"total_return":0.03785815788659663,"trade_analysis":{"average_loss":-13.599401543203445,"average_trade_duration_days":9.902777777777779,"average_win":14.083917670484793,"expectancy":0.9013847115856338,"largest_loss":-26.852564004794107,"largest_win":37.38371413677416,"max_trade_duration_days":20.0,"median_trade_duration_days":10.0,"profit_factor":1.1391905289594042,"time_in_market_percent":0.2586412395709178,"total_trades":21,"win_rate":0.5238095238095238}}