{"capital_utilization":{"average_cash_percent":0.905498835153458,"average_exposure_percent":0.094501164846542,"average_leverage":0.094501164846542,"average_position_value":203.15930938001176,"max_exposure_percent":0.40903867717240805},"closed_trades":20,"equity_curve":[],"final_equity":528.5726863343247,"max_drawdown":0.04290861387368455,"open_trades":0,"profit_factor":1.4632537167039856,"sharpe":0.5942280490439974,"signal_diagnostics":{"buy_signals":20,"duplicate_buy_skips":0,"flat_sell_skips":0,"hold_signals":513,"risk_blocked_signals":0,"sell_signals":8,"stop_loss_exits":11,"take_profit_exits":1},"starting_equity":500,"total_return":0.057145372668649275,"trade_analysis":{"average_loss":-6.853140755403159,"average_trade_duration_days":8.05,"average_win":8.204632102995737,"expectancy":1.4286343167162336,"largest_loss":-10.919627652600312,"largest_win":14.855860427519719,"max_trade_duration_days":16.0,"median_trade_duration_days":7.0,"profit_factor":1.4632537167039856,"time_in_market_percent":0.20023837902264602,"total_trades":20,"win_rate":0.55}}