{"capital_utilization":{"average_cash_percent":0.8360338675113496,"average_exposure_percent":0.16396613248865044,"average_leverage":0.16396613248865044,"average_position_value":204.45211659016107,"max_exposure_percent":0.4102871540505707},"closed_trades":34,"equity_curve":[],"final_equity":513.9994033699287,"max_drawdown":0.08589322164640602,"open_trades":0,"profit_factor":1.1228339090075998,"sharpe":0.21969620609714688,"signal_diagnostics":{"buy_signals":34,"duplicate_buy_skips":0,"flat_sell_skips":0,"hold_signals":485,"risk_blocked_signals":0,"sell_signals":10,"stop_loss_exits":21,"take_profit_exits":2},"starting_equity":500,"total_return":0.02799880673985733,"trade_analysis":{"average_loss":-6.704128546680104,"average_trade_duration_days":8.294117647058824,"average_win":7.52762286255826,"expectancy":0.4117471579390786,"largest_loss":-12.94028234257425,"largest_win":16.645974259538292,"max_trade_duration_days":21.0,"median_trade_duration_days":6.5,"profit_factor":1.1228339090075998,"time_in_market_percent":0.35072809244960357,"total_trades":34,"win_rate":0.5}}