{"capital_utilization":{"average_cash_percent":0.9338024876158774,"average_exposure_percent":0.06619751238412266,"average_leverage":0.06619751238412266,"average_position_value":205.3659372451457,"max_exposure_percent":0.40243645913910453},"closed_trades":10,"equity_curve":[],"final_equity":549.1975911716405,"max_drawdown":0.017190079781182,"open_trades":0,"profit_factor":9.850102980298448,"sharpe":1.7593589014620448,"signal_diagnostics":{"buy_signals":10,"duplicate_buy_skips":0,"flat_sell_skips":0,"hold_signals":533,"risk_blocked_signals":0,"sell_signals":4,"stop_loss_exits":4,"take_profit_exits":2},"starting_equity":500,"total_return":0.09839518234328093,"trade_analysis":{"average_loss":-1.8529950548282168,"average_trade_duration_days":11.995833333333334,"average_win":7.822368048017873,"expectancy":4.9197591171640465,"largest_loss":-2.9887614683804107,"largest_win":16.625416360628996,"max_trade_duration_days":21.0,"median_trade_duration_days":10.0,"profit_factor":9.850102980298448,"time_in_market_percent":0.14919417526040318,"total_trades":10,"win_rate":0.7}}