{"capital_utilization":{"average_cash_percent":0.9160703831123452,"average_exposure_percent":0.08392961688765475,"average_leverage":0.08392961688765475,"average_position_value":194.31059527617464,"max_exposure_percent":0.41060023086928904},"closed_trades":10,"equity_curve":[],"final_equity":480.2681266980022,"max_drawdown":0.09154113497136926,"open_trades":0,"profit_factor":0.6676300483230555,"sharpe":-0.21634920379223135,"signal_diagnostics":{"buy_signals":10,"duplicate_buy_skips":0,"flat_sell_skips":0,"hold_signals":421,"risk_blocked_signals":0,"sell_signals":2,"stop_loss_exits":7,"take_profit_exits":0},"starting_equity":500,"total_return":-0.03946374660399554,"trade_analysis":{"average_loss":-8.481028531370916,"average_trade_duration_days":12.2,"average_win":13.211775472532878,"expectancy":-1.9731873301997769,"largest_loss":-12.779649167673774,"largest_win":16.570532740438054,"max_trade_duration_days":24.0,"median_trade_duration_days":12.5,"profit_factor":0.6676300483230555,"time_in_market_percent":0.1912100829360674,"total_trades":10,"win_rate":0.3}}