{"capital_utilization":{"average_cash_percent":0.8726331950534447,"average_exposure_percent":0.1273668049465553,"average_leverage":0.1273668049465553,"average_position_value":199.27493361049002,"max_exposure_percent":0.40494408603460846},"closed_trades":13,"equity_curve":[],"final_equity":509.17655558779285,"max_drawdown":0.028744443357544495,"open_trades":0,"profit_factor":1.4644166420071827,"sharpe":0.44171685218617945,"signal_diagnostics":{"buy_signals":13,"duplicate_buy_skips":0,"flat_sell_skips":0,"hold_signals":415,"risk_blocked_signals":0,"sell_signals":1,"stop_loss_exits":10,"take_profit_exits":1},"starting_equity":500,"total_return":0.01835311117558569,"trade_analysis":{"average_loss":-2.469914608392448,"average_trade_duration_days":14.307692307692308,"average_win":5.787174490986487,"expectancy":0.7058888913686808,"largest_loss":-5.974292661057205,"largest_win":14.66648494214848,"max_trade_duration_days":36.0,"median_trade_duration_days":15.0,"profit_factor":1.4644166420071827,"time_in_market_percent":0.29151701168941424,"total_trades":13,"win_rate":0.38461538461538464}}