{"capital_utilization":{"average_cash_percent":0.9586738781852575,"average_exposure_percent":0.04132612181474251,"average_leverage":0.04132612181474251,"average_position_value":201.20890855722092,"max_exposure_percent":0.4084683917480152},"closed_trades":5,"equity_curve":[],"final_equity":511.8074134698784,"max_drawdown":0.04825899064457827,"open_trades":0,"profit_factor":1.9575375366955232,"sharpe":0.40821083360494154,"signal_diagnostics":{"buy_signals":5,"duplicate_buy_skips":0,"flat_sell_skips":0,"hold_signals":542,"risk_blocked_signals":0,"sell_signals":1,"stop_loss_exits":2,"take_profit_exits":2},"starting_equity":500,"total_return":0.023614826939756695,"trade_analysis":{"average_loss":-6.165509453877885,"average_trade_duration_days":15.6,"average_win":8.04614412587805,"expectancy":2.3614826939756757,"largest_loss":-7.47067600075404,"largest_win":11.022958964789387,"max_trade_duration_days":22.0,"median_trade_duration_days":17.0,"profit_factor":1.9575375366955232,"time_in_market_percent":0.09700989791159248,"total_trades":5,"win_rate":0.6}}