{"capital_utilization":{"average_cash_percent":0.8911164271987805,"average_exposure_percent":0.10888357280121955,"average_leverage":0.10888357280121955,"average_position_value":203.9906933082573,"max_exposure_percent":0.40469785218642884},"closed_trades":28,"equity_curve":[],"final_equity":530.5859737341801,"max_drawdown":0.018279957793265977,"open_trades":0,"profit_factor":1.7814941858178521,"sharpe":0.9434386725226455,"signal_diagnostics":{"buy_signals":28,"duplicate_buy_skips":0,"flat_sell_skips":0,"hold_signals":498,"risk_blocked_signals":0,"sell_signals":7,"stop_loss_exits":10,"take_profit_exits":10},"starting_equity":500,"total_return":0.0611719474683603,"trade_analysis":{"average_loss":-3.5579830499106517,"average_trade_duration_days":6.5,"average_win":4.101399251952778,"expectancy":1.0923562047921458,"largest_loss":-5.6737082859226895,"largest_win":7.979028740115258,"max_trade_duration_days":20.0,"median_trade_duration_days":5.5,"profit_factor":1.7814941858178521,"time_in_market_percent":0.22635642846038245,"total_trades":28,"win_rate":0.6071428571428571}}