{"capital_utilization":{"average_cash_percent":0.8773075073430534,"average_exposure_percent":0.12269249265694654,"average_leverage":0.12269249265694654,"average_position_value":203.39783564780328,"max_exposure_percent":0.40316515705881273},"closed_trades":10,"equity_curve":[],"final_equity":524.3016915724643,"max_drawdown":0.025178795713087208,"open_trades":0,"profit_factor":2.4412826753271673,"sharpe":1.2045005242505114,"signal_diagnostics":{"buy_signals":10,"duplicate_buy_skips":0,"flat_sell_skips":0,"hold_signals":421,"risk_blocked_signals":0,"sell_signals":0,"stop_loss_exits":6,"take_profit_exits":3},"starting_equity":500,"total_return":0.048603383144928625,"trade_analysis":{"average_loss":-2.810192613898343,"average_trade_duration_days":18.1,"average_win":10.290711813963588,"expectancy":2.4301691572464295,"largest_loss":-3.882840167841631,"largest_win":15.092668138074881,"max_trade_duration_days":36.0,"median_trade_duration_days":14.5,"profit_factor":2.4412826753271673,"time_in_market_percent":0.283680532880559,"total_trades":10,"win_rate":0.4}}