{"capital_utilization":{"average_cash_percent":0.7440163013977906,"average_exposure_percent":0.2559836986022094,"average_leverage":0.2559836986022094,"average_position_value":211.69354941607193,"max_exposure_percent":0.4075158823057003},"closed_trades":24,"equity_curve":[],"final_equity":540.3563958607963,"max_drawdown":0.060433810474444315,"open_trades":0,"profit_factor":1.5584322356165226,"sharpe":0.5930483754203906,"signal_diagnostics":{"buy_signals":24,"duplicate_buy_skips":0,"flat_sell_skips":0,"hold_signals":505,"risk_blocked_signals":0,"sell_signals":5,"stop_loss_exits":15,"take_profit_exits":4},"starting_equity":500,"total_return":0.08071279172159262,"trade_analysis":{"average_loss":-4.516706917026586,"average_trade_duration_days":20.583333333333332,"average_win":14.077963316652708,"expectancy":1.6815164941998457,"largest_loss":-9.474767007346491,"largest_win":29.086105748381346,"max_trade_duration_days":49.0,"median_trade_duration_days":19.0,"profit_factor":1.5584322356165226,"time_in_market_percent":0.6143960201067523,"total_trades":24,"win_rate":0.3333333333333333}}