{"capital_utilization":{"average_cash_percent":0.9602560814835289,"average_exposure_percent":0.03974391851647108,"average_leverage":0.03974391851647108,"average_position_value":206.21884418537297,"max_exposure_percent":0.4079080213503012},"closed_trades":9,"equity_curve":[],"final_equity":512.3404996779603,"max_drawdown":0.035421004749624126,"open_trades":0,"profit_factor":1.7258405077529564,"sharpe":0.466001865819351,"signal_diagnostics":{"buy_signals":9,"duplicate_buy_skips":0,"flat_sell_skips":0,"hold_signals":534,"risk_blocked_signals":0,"sell_signals":2,"stop_loss_exits":6,"take_profit_exits":1},"starting_equity":500,"total_return":0.02468099935592072,"trade_analysis":{"average_loss":-3.400333694839882,"average_trade_duration_days":6.888888888888889,"average_win":7.335542038039935,"expectancy":1.3711666308844812,"largest_loss":-9.968779938587428,"largest_win":11.121898604527413,"max_trade_duration_days":18.0,"median_trade_duration_days":4.0,"profit_factor":1.7258405077529564,"time_in_market_percent":0.0771104316733171,"total_trades":9,"win_rate":0.4444444444444444}}