{"capital_utilization":{"average_cash_percent":0.7772326844802092,"average_exposure_percent":0.2227673155197908,"average_leverage":0.2227673155197908,"average_position_value":216.94065839126992,"max_exposure_percent":0.407296760232211},"closed_trades":34,"equity_curve":[],"final_equity":554.457253403448,"max_drawdown":0.07551178711109818,"open_trades":0,"profit_factor":1.7093968053885102,"sharpe":0.9332735800796556,"signal_diagnostics":{"buy_signals":34,"duplicate_buy_skips":0,"flat_sell_skips":0,"hold_signals":484,"risk_blocked_signals":0,"sell_signals":5,"stop_loss_exits":26,"take_profit_exits":3},"starting_equity":500,"total_return":0.10891450680689596,"trade_analysis":{"average_loss":-4.79784841412063,"average_trade_duration_days":11.912990196078432,"average_win":7.290157112743232,"expectancy":1.6016839236308258,"largest_loss":-9.503280548750094,"largest_win":27.19657029518897,"max_trade_duration_days":47.0,"median_trade_duration_days":10.0,"profit_factor":1.7093968053885102,"time_in_market_percent":0.5037570606830077,"total_trades":34,"win_rate":0.5294117647058824}}