{"capital_utilization":{"average_cash_percent":0.8361284085686116,"average_exposure_percent":0.16387159143138844,"average_leverage":0.16387159143138844,"average_position_value":201.72921486071976,"max_exposure_percent":0.4078951463316432},"closed_trades":34,"equity_curve":[],"final_equity":512.8302809637134,"max_drawdown":0.05529633256749263,"open_trades":0,"profit_factor":1.1678122416904746,"sharpe":0.24452097158782027,"signal_diagnostics":{"buy_signals":34,"duplicate_buy_skips":0,"flat_sell_skips":0,"hold_signals":485,"risk_blocked_signals":0,"sell_signals":13,"stop_loss_exits":20,"take_profit_exits":0},"starting_equity":500,"total_return":0.025660561927426828,"trade_analysis":{"average_loss":-4.497421654269218,"average_trade_duration_days":8.263480392156865,"average_win":5.252144063899417,"expectancy":0.3773612048151001,"largest_loss":-9.40589383674236,"largest_win":13.91812343733454,"max_trade_duration_days":21.0,"median_trade_duration_days":7.0,"profit_factor":1.1678122416904746,"time_in_market_percent":0.34943255428304926,"total_trades":34,"win_rate":0.5}}