{"capital_utilization":{"average_cash_percent":0.8234331113378819,"average_exposure_percent":0.17656688866211814,"average_leverage":0.17656688866211814,"average_position_value":207.88360197355547,"max_exposure_percent":0.4095124532859487},"closed_trades":18,"equity_curve":[],"final_equity":574.9225743235465,"max_drawdown":0.08492945121431339,"open_trades":0,"profit_factor":2.143853294630693,"sharpe":0.9854580176657858,"signal_diagnostics":{"buy_signals":18,"duplicate_buy_skips":0,"flat_sell_skips":0,"hold_signals":405,"risk_blocked_signals":0,"sell_signals":6,"stop_loss_exits":9,"take_profit_exits":2},"starting_equity":500,"total_return":0.14984514864709308,"trade_analysis":{"average_loss":-8.187520055591586,"average_trade_duration_days":14.608796296296298,"average_win":14.04227347682792,"expectancy":4.16236524019703,"largest_loss":-11.783084166739924,"largest_win":22.763334228420515,"max_trade_duration_days":25.0,"median_trade_duration_days":15.0,"profit_factor":2.143853294630693,"time_in_market_percent":0.41213348135571093,"total_trades":18,"win_rate":0.5555555555555556}}