{"capital_utilization":{"average_cash_percent":0.7613409299602303,"average_exposure_percent":0.23865907003976966,"average_leverage":0.23865907003976966,"average_position_value":218.17491666965054,"max_exposure_percent":0.4075158823057004},"closed_trades":18,"equity_curve":[],"final_equity":566.7420301173739,"max_drawdown":0.05062950953952559,"open_trades":0,"profit_factor":2.5003929983349837,"sharpe":0.8976001025543149,"signal_diagnostics":{"buy_signals":18,"duplicate_buy_skips":0,"flat_sell_skips":0,"hold_signals":517,"risk_blocked_signals":0,"sell_signals":3,"stop_loss_exits":15,"take_profit_exits":0},"starting_equity":500,"total_return":0.1334840602347478,"trade_analysis":{"average_loss":-4.942559137760644,"average_trade_duration_days":25.999999999999996,"average_win":12.358340261913309,"expectancy":3.7078905620763316,"largest_loss":-9.925033533293561,"largest_win":24.833752476331046,"max_trade_duration_days":61.0,"median_trade_duration_days":19.5,"profit_factor":2.5003929983349837,"time_in_market_percent":0.5820593874695548,"total_trades":18,"win_rate":0.5}}