{"capital_utilization":{"average_cash_percent":0.905633913147792,"average_exposure_percent":0.094366086852208,"average_leverage":0.094366086852208,"average_position_value":201.02169725305188,"max_exposure_percent":0.4076644641527178},"closed_trades":14,"equity_curve":[],"final_equity":525.6312416711329,"max_drawdown":0.04790539246363339,"open_trades":0,"profit_factor":1.8255628648249078,"sharpe":0.7007619260964567,"signal_diagnostics":{"buy_signals":14,"duplicate_buy_skips":0,"flat_sell_skips":0,"hold_signals":412,"risk_blocked_signals":0,"sell_signals":2,"stop_loss_exits":5,"take_profit_exits":7},"starting_equity":500,"total_return":0.051262483342265686,"trade_analysis":{"average_loss":-6.209397918247932,"average_trade_duration_days":9.711309523809522,"average_win":6.29758125137473,"expectancy":1.8308029765094933,"largest_loss":-9.042832904996901,"largest_win":10.35006574108642,"max_trade_duration_days":20.0,"median_trade_duration_days":10.0,"profit_factor":1.8255628648249078,"time_in_market_percent":0.2130869196107882,"total_trades":14,"win_rate":0.6428571428571429}}