{"capital_utilization":{"average_cash_percent":0.7462275079176026,"average_exposure_percent":0.2537724920823974,"average_leverage":0.2537724920823974,"average_position_value":212.08969588442545,"max_exposure_percent":0.40522163707372494},"closed_trades":34,"equity_curve":[],"final_equity":532.5409823791966,"max_drawdown":0.03955026085799728,"open_trades":0,"profit_factor":1.6139442014856156,"sharpe":0.6240090150457654,"signal_diagnostics":{"buy_signals":34,"duplicate_buy_skips":0,"flat_sell_skips":0,"hold_signals":485,"risk_blocked_signals":0,"sell_signals":1,"stop_loss_exits":33,"take_profit_exits":0},"starting_equity":500,"total_return":0.06508196475839334,"trade_analysis":{"average_loss":-2.7896399688624425,"average_trade_duration_days":14.087009803921568,"average_win":5.702942785838867,"expectancy":0.9570877170351945,"largest_loss":-6.7466285535531165,"largest_win":13.49187973361513,"max_trade_duration_days":40.0,"median_trade_duration_days":11.5,"profit_factor":1.6139442014856156,"time_in_market_percent":0.595688448981707,"total_trades":34,"win_rate":0.4411764705882353}}