{"capital_utilization":{"average_cash_percent":0.8124030559459519,"average_exposure_percent":0.1875969440540482,"average_leverage":0.1875969440540482,"average_position_value":195.3488134018503,"max_exposure_percent":0.4097822981357218},"closed_trades":33,"equity_curve":[],"final_equity":501.7758124347645,"max_drawdown":0.06859447895679885,"open_trades":0,"profit_factor":1.0147261083278065,"sharpe":0.06449310751115919,"signal_diagnostics":{"buy_signals":33,"duplicate_buy_skips":0,"flat_sell_skips":0,"hold_signals":375,"risk_blocked_signals":0,"sell_signals":4,"stop_loss_exits":19,"take_profit_exits":9},"starting_equity":500,"total_return":0.003551624869528869,"trade_analysis":{"average_loss":-6.346810051610205,"average_trade_duration_days":7.334595959595959,"average_win":8.740371672525594,"expectancy":0.05381249802316512,"largest_loss":-11.470086564169204,"largest_win":14.348292560607222,"max_trade_duration_days":15.0,"median_trade_duration_days":7.0,"profit_factor":1.0147261083278065,"time_in_market_percent":0.3793508783386665,"total_trades":33,"win_rate":0.42424242424242425}}