{"capital_utilization":{"average_cash_percent":0.9285576341357396,"average_exposure_percent":0.07144236586426049,"average_leverage":0.07144236586426049,"average_position_value":200.42826895511334,"max_exposure_percent":0.40359190954236274},"closed_trades":17,"equity_curve":[],"final_equity":519.7368616072278,"max_drawdown":0.04153094674732458,"open_trades":0,"profit_factor":1.7189648244023858,"sharpe":0.6912905966178593,"signal_diagnostics":{"buy_signals":17,"duplicate_buy_skips":0,"flat_sell_skips":0,"hold_signals":519,"risk_blocked_signals":0,"sell_signals":5,"stop_loss_exits":11,"take_profit_exits":1},"starting_equity":500,"total_return":0.039473723214455525,"trade_analysis":{"average_loss":-2.495616037409107,"average_trade_duration_days":6.764705882352942,"average_win":7.864773003121326,"expectancy":1.160991859248693,"largest_loss":-4.343131440873668,"largest_win":14.128572306221292,"max_trade_duration_days":21.0,"median_trade_duration_days":5.041666666666667,"profit_factor":1.7189648244023858,"time_in_market_percent":0.14302741358760432,"total_trades":17,"win_rate":0.35294117647058826}}