{"capital_utilization":{"average_cash_percent":0.8852698907906585,"average_exposure_percent":0.11473010920934142,"average_leverage":0.11473010920934142,"average_position_value":201.96269271291902,"max_exposure_percent":0.4240525153032386},"closed_trades":19,"equity_curve":[],"final_equity":598.0632621928197,"max_drawdown":0.14687904425924322,"open_trades":0,"profit_factor":1.7638142816737106,"sharpe":0.6696752143827809,"signal_diagnostics":{"buy_signals":19,"duplicate_buy_skips":0,"flat_sell_skips":0,"hold_signals":514,"risk_blocked_signals":0,"sell_signals":1,"stop_loss_exits":15,"take_profit_exits":3},"starting_equity":500,"total_return":0.19612652438563938,"trade_analysis":{"average_loss":-14.265140470467113,"average_trade_duration_days":11.260964912280702,"average_win":22.644952642702375,"expectancy":5.161224325937879,"largest_loss":-29.229027770096696,"largest_win":50.4931117784209,"max_trade_duration_days":27.0,"median_trade_duration_days":10.0,"profit_factor":1.7638142816737106,"time_in_market_percent":0.26610353941027104,"total_trades":19,"win_rate":0.5263157894736842}}