{"capital_utilization":{"average_cash_percent":0.859646059713209,"average_exposure_percent":0.14035394028679105,"average_leverage":0.14035394028679105,"average_position_value":205.0855380492881,"max_exposure_percent":0.409167165254663},"closed_trades":21,"equity_curve":[],"final_equity":522.7349377800022,"max_drawdown":0.08371697321512352,"open_trades":0,"profit_factor":1.3458341092075305,"sharpe":0.3833598208540722,"signal_diagnostics":{"buy_signals":21,"duplicate_buy_skips":0,"flat_sell_skips":0,"hold_signals":398,"risk_blocked_signals":0,"sell_signals":5,"stop_loss_exits":15,"take_profit_exits":1},"starting_equity":500,"total_return":0.04546987556000426,"trade_analysis":{"average_loss":-5.478285969752626,"average_trade_duration_days":8.761904761904763,"average_win":9.830485490781518,"expectancy":1.082616084762006,"largest_loss":-11.205781704259095,"largest_win":20.29242504660818,"max_trade_duration_days":20.0,"median_trade_duration_days":8.0,"profit_factor":1.3458341092075305,"time_in_market_percent":0.2883824201658722,"total_trades":21,"win_rate":0.42857142857142855}}