{"capital_utilization":{"average_cash_percent":0.789918259079808,"average_exposure_percent":0.2100817409201921,"average_leverage":0.2100817409201921,"average_position_value":210.59488705444218,"max_exposure_percent":0.40951245328594865},"closed_trades":22,"equity_curve":[],"final_equity":575.1369315275947,"max_drawdown":0.07364136712776052,"open_trades":0,"profit_factor":2.007564138713567,"sharpe":0.9219946243020438,"signal_diagnostics":{"buy_signals":22,"duplicate_buy_skips":0,"flat_sell_skips":0,"hold_signals":397,"risk_blocked_signals":0,"sell_signals":10,"stop_loss_exits":10,"take_profit_exits":1},"starting_equity":500,"total_return":0.15027386305518942,"trade_analysis":{"average_loss":-8.285872458868713,"average_trade_duration_days":14.0,"average_win":11.516137204416394,"expectancy":3.4153150694361214,"largest_loss":-11.765296844134994,"largest_win":19.963993712506348,"max_trade_duration_days":25.0,"median_trade_duration_days":15.0,"profit_factor":2.007564138713567,"time_in_market_percent":0.48272709462548163,"total_trades":22,"win_rate":0.5909090909090909}}