{"capital_utilization":{"average_cash_percent":0.7565182048934156,"average_exposure_percent":0.24348179510658444,"average_leverage":0.24348179510658444,"average_position_value":209.11947217355043,"max_exposure_percent":0.4041633831193544},"closed_trades":17,"equity_curve":[],"final_equity":552.5031851972137,"max_drawdown":0.026424731474967187,"open_trades":0,"profit_factor":3.5455257301872805,"sharpe":1.4089663492852358,"signal_diagnostics":{"buy_signals":17,"duplicate_buy_skips":0,"flat_sell_skips":0,"hold_signals":519,"risk_blocked_signals":0,"sell_signals":0,"stop_loss_exits":13,"take_profit_exits":4},"starting_equity":500,"total_return":0.1050063703944275,"trade_analysis":{"average_loss":-2.9465249316578586,"average_trade_duration_days":27.58578431372549,"average_win":7.312885971881879,"expectancy":3.0884226586596344,"largest_loss":-5.11469737451734,"largest_win":14.934009010211557,"max_trade_duration_days":55.958333333333336,"median_trade_duration_days":27.0,"profit_factor":3.5455257301872805,"time_in_market_percent":0.5832512825827849,"total_trades":17,"win_rate":0.5882352941176471}}