{"capital_utilization":{"average_cash_percent":0.9451835936459936,"average_exposure_percent":0.0548164063540064,"average_leverage":0.0548164063540064,"average_position_value":205.15593212366082,"max_exposure_percent":0.4063193744358945},"closed_trades":11,"equity_curve":[],"final_equity":527.5033034594779,"max_drawdown":0.029688819500223118,"open_trades":0,"profit_factor":2.0021423635751665,"sharpe":0.7974691348455322,"signal_diagnostics":{"buy_signals":11,"duplicate_buy_skips":0,"flat_sell_skips":0,"hold_signals":531,"risk_blocked_signals":0,"sell_signals":2,"stop_loss_exits":4,"take_profit_exits":5},"starting_equity":500,"total_return":0.05500660691895587,"trade_analysis":{"average_loss":-6.861126836650055,"average_trade_duration_days":8.268939393939394,"average_win":7.849687258011168,"expectancy":2.5003003144979963,"largest_loss":-7.829821753015212,"largest_win":11.733553070451643,"max_trade_duration_days":14.0,"median_trade_duration_days":7.0,"profit_factor":2.0021423635751665,"time_in_market_percent":0.11312639270352906,"total_trades":11,"win_rate":0.6363636363636364}}