{"capital_utilization":{"average_cash_percent":0.8166987809480681,"average_exposure_percent":0.1833012190519319,"average_leverage":0.1833012190519319,"average_position_value":212.5655874134353,"max_exposure_percent":0.42004842951708043},"closed_trades":17,"equity_curve":[],"final_equity":563.235462285978,"max_drawdown":0.2468608944932367,"open_trades":0,"profit_factor":1.3483021562424853,"sharpe":0.4227418449763021,"signal_diagnostics":{"buy_signals":17,"duplicate_buy_skips":0,"flat_sell_skips":0,"hold_signals":519,"risk_blocked_signals":0,"sell_signals":2,"stop_loss_exits":14,"take_profit_exits":0},"starting_equity":500,"total_return":0.12647092457195597,"trade_analysis":{"average_loss":-15.129455166209638,"average_trade_duration_days":20.828431372549023,"average_win":48.95778485609871,"expectancy":3.719733075645761,"largest_loss":-26.35311433934279,"largest_win":135.46205252965206,"max_trade_duration_days":50.0,"median_trade_duration_days":14.0,"profit_factor":1.3483021562424853,"time_in_market_percent":0.4403793335751672,"total_trades":17,"win_rate":0.29411764705882354}}