{"capital_utilization":{"average_cash_percent":0.8481686337097395,"average_exposure_percent":0.15183136629026053,"average_leverage":0.15183136629026053,"average_position_value":198.6753001151647,"max_exposure_percent":0.4093734500907265},"closed_trades":18,"equity_curve":[],"final_equity":497.63273560854316,"max_drawdown":0.06472669063783427,"open_trades":0,"profit_factor":0.9633922041820386,"sharpe":-0.02521237436897635,"signal_diagnostics":{"buy_signals":18,"duplicate_buy_skips":0,"flat_sell_skips":0,"hold_signals":405,"risk_blocked_signals":0,"sell_signals":8,"stop_loss_exits":7,"take_profit_exits":2},"starting_equity":500,"total_return":-0.004734528782913694,"trade_analysis":{"average_loss":-5.388798429776361,"average_trade_duration_days":12.44675925925926,"average_win":10.383052794309913,"expectancy":-0.13151468841426917,"largest_loss":-11.160076066606807,"largest_win":28.36089663004761,"max_trade_duration_days":49.0,"median_trade_duration_days":6.0,"profit_factor":0.9633922041820386,"time_in_market_percent":0.3511395546267877,"total_trades":18,"win_rate":0.3333333333333333}}