{"capital_utilization":{"average_cash_percent":0.7376560563763612,"average_exposure_percent":0.26234394362363883,"average_leverage":0.26234394362363883,"average_position_value":203.6261783371008,"max_exposure_percent":0.403787097056262},"closed_trades":36,"equity_curve":[],"final_equity":526.3898344176166,"max_drawdown":0.022478759031529537,"open_trades":0,"profit_factor":1.6237949898008062,"sharpe":0.7159094473487653,"signal_diagnostics":{"buy_signals":36,"duplicate_buy_skips":0,"flat_sell_skips":0,"hold_signals":481,"risk_blocked_signals":0,"sell_signals":3,"stop_loss_exits":33,"take_profit_exits":0},"starting_equity":500,"total_return":0.05277966883523333,"trade_analysis":{"average_loss":-2.0145381132229825,"average_trade_duration_days":13.498842592592592,"average_win":4.579675653019947,"expectancy":0.7330509560449049,"largest_loss":-4.554780729360269,"largest_win":11.22132833069572,"max_trade_duration_days":50.0,"median_trade_duration_days":9.0,"profit_factor":1.6237949898008062,"time_in_market_percent":0.6043944654609524,"total_trades":36,"win_rate":0.4166666666666667}}