{"capital_utilization":{"average_cash_percent":0.8872580778472005,"average_exposure_percent":0.11274192215279953,"average_leverage":0.11274192215279953,"average_position_value":207.9745609923658,"max_exposure_percent":0.41408606541865334},"closed_trades":13,"equity_curve":[],"final_equity":624.5158183306261,"max_drawdown":0.10962971411614364,"open_trades":0,"profit_factor":2.4089099357631776,"sharpe":0.8030357491859514,"signal_diagnostics":{"buy_signals":13,"duplicate_buy_skips":0,"flat_sell_skips":0,"hold_signals":528,"risk_blocked_signals":0,"sell_signals":0,"stop_loss_exits":12,"take_profit_exits":0},"starting_equity":500,"total_return":0.24903163666125216,"trade_analysis":{"average_loss":-12.625345024341044,"average_trade_duration_days":17.080128205128204,"average_win":35.48220558350223,"expectancy":9.578139871586618,"largest_loss":-17.92403500034018,"largest_win":139.83627438527878,"max_trade_duration_days":43.0,"median_trade_duration_days":11.041666666666666,"profit_factor":2.4089099357631776,"time_in_market_percent":0.2761569155827331,"total_trades":13,"win_rate":0.46153846153846156}}