{"capital_utilization":{"average_cash_percent":0.8049255630471978,"average_exposure_percent":0.19507443695280227,"average_leverage":0.19507443695280227,"average_position_value":207.42074263517375,"max_exposure_percent":0.4057913584591001},"closed_trades":26,"equity_curve":[],"final_equity":549.8888937976102,"max_drawdown":0.04235625694563646,"open_trades":0,"profit_factor":1.8659385403177857,"sharpe":0.83338947052131,"signal_diagnostics":{"buy_signals":26,"duplicate_buy_skips":0,"flat_sell_skips":0,"hold_signals":500,"risk_blocked_signals":0,"sell_signals":2,"stop_loss_exits":24,"take_profit_exits":0},"starting_equity":500,"total_return":0.09977778759522038,"trade_analysis":{"average_loss":-4.431731625887032,"average_trade_duration_days":13.963141025641026,"average_win":8.269338841087816,"expectancy":1.9188036076003927,"largest_loss":-7.445272049013233,"largest_win":21.984979947031558,"max_trade_duration_days":30.0,"median_trade_duration_days":12.0,"profit_factor":1.8659385403177857,"time_in_market_percent":0.45152096180753487,"total_trades":26,"win_rate":0.5}}