{"capital_utilization":{"average_cash_percent":0.7601131398682467,"average_exposure_percent":0.23988686013175334,"average_leverage":0.23988686013175334,"average_position_value":214.75392354858,"max_exposure_percent":0.40408278818881205},"closed_trades":16,"equity_curve":[],"final_equity":551.0122320162429,"max_drawdown":0.03931073988433328,"open_trades":0,"profit_factor":2.716892414986789,"sharpe":0.9460355009575334,"signal_diagnostics":{"buy_signals":16,"duplicate_buy_skips":0,"flat_sell_skips":0,"hold_signals":521,"risk_blocked_signals":0,"sell_signals":2,"stop_loss_exits":14,"take_profit_exits":0},"starting_equity":500,"total_return":0.10202446403248588,"trade_analysis":{"average_loss":-3.7139945091314446,"average_trade_duration_days":29.497395833333332,"average_win":10.090523511161804,"expectancy":3.1882645010151807,"largest_loss":-5.563376683257217,"largest_win":31.28052044757671,"max_trade_duration_days":89.0,"median_trade_duration_days":23.0,"profit_factor":2.716892414986789,"time_in_market_percent":0.5869824325024615,"total_trades":16,"win_rate":0.5}}