{"capital_utilization":{"average_cash_percent":0.726367890215685,"average_exposure_percent":0.27363210978431496,"average_leverage":0.27363210978431496,"average_position_value":216.2945578612511,"max_exposure_percent":0.4058040299783087},"closed_trades":19,"equity_curve":[],"final_equity":576.5939451724539,"max_drawdown":0.04777145670786596,"open_trades":0,"profit_factor":3.378087329573887,"sharpe":1.1931042376035075,"signal_diagnostics":{"buy_signals":19,"duplicate_buy_skips":0,"flat_sell_skips":0,"hold_signals":516,"risk_blocked_signals":0,"sell_signals":3,"stop_loss_exits":15,"take_profit_exits":0},"starting_equity":500,"total_return":0.15318789034490776,"trade_analysis":{"average_loss":-4.601173401589939,"average_trade_duration_days":28.050438596491222,"average_win":9.066846581965292,"expectancy":4.031260272234417,"largest_loss":-7.386382567259918,"largest_win":33.49299728803258,"max_trade_duration_days":97.0,"median_trade_duration_days":20.0,"profit_factor":3.378087329573887,"time_in_market_percent":0.6628491475358863,"total_trades":19,"win_rate":0.631578947368421}}