{"capital_utilization":{"average_cash_percent":0.9295730111586988,"average_exposure_percent":0.07042698884130118,"average_leverage":0.07042698884130118,"average_position_value":203.14559271483148,"max_exposure_percent":0.40631937443589444},"closed_trades":11,"equity_curve":[],"final_equity":517.7931328996917,"max_drawdown":0.03121428340720615,"open_trades":0,"profit_factor":1.6534593114765728,"sharpe":0.448052649568867,"signal_diagnostics":{"buy_signals":11,"duplicate_buy_skips":0,"flat_sell_skips":0,"hold_signals":531,"risk_blocked_signals":0,"sell_signals":2,"stop_loss_exits":9,"take_profit_exits":0},"starting_equity":500,"total_return":0.03558626579938351,"trade_analysis":{"average_loss":-6.807284167198553,"average_trade_duration_days":10.909090909090908,"average_win":6.431752795497997,"expectancy":1.6175575363356145,"largest_loss":-7.695672340672965,"largest_win":17.50224927411156,"max_trade_duration_days":21.0,"median_trade_duration_days":10.0,"profit_factor":1.6534593114765728,"time_in_market_percent":0.14924599678706535,"total_trades":11,"win_rate":0.6363636363636364}}