{"capital_utilization":{"average_cash_percent":0.8519740465437631,"average_exposure_percent":0.14802595345623693,"average_leverage":0.14802595345623693,"average_position_value":187.3080963093732,"max_exposure_percent":0.4067989411377976},"closed_trades":28,"equity_curve":[],"final_equity":463.3331289785842,"max_drawdown":0.10912207446887827,"open_trades":0,"profit_factor":0.5301791197115534,"sharpe":-0.8029190214985994,"signal_diagnostics":{"buy_signals":28,"duplicate_buy_skips":0,"flat_sell_skips":0,"hold_signals":384,"risk_blocked_signals":0,"sell_signals":5,"stop_loss_exits":22,"take_profit_exits":1},"starting_equity":500,"total_return":-0.0733337420428315,"trade_analysis":{"average_loss":-3.716398207202484,"average_trade_duration_days":6.855654761904761,"average_win":5.911070189976625,"expectancy":-1.3095311079077068,"largest_loss":-7.996341924267736,"largest_win":10.087107520988237,"max_trade_duration_days":21.0,"median_trade_duration_days":5.5,"profit_factor":0.5301791197115534,"time_in_market_percent":0.30085548226996667,"total_trades":28,"win_rate":0.25}}