{"capital_utilization":{"average_cash_percent":0.8650521598100296,"average_exposure_percent":0.13494784018997036,"average_leverage":0.13494784018997036,"average_position_value":198.34764839764372,"max_exposure_percent":0.40494408603460846},"closed_trades":8,"equity_curve":[],"final_equity":510.6325145319451,"max_drawdown":0.029528873865065117,"open_trades":0,"profit_factor":1.4986360782744366,"sharpe":0.49104292868062066,"signal_diagnostics":{"buy_signals":8,"duplicate_buy_skips":0,"flat_sell_skips":0,"hold_signals":425,"risk_blocked_signals":0,"sell_signals":0,"stop_loss_exits":7,"take_profit_exits":0},"starting_equity":500,"total_return":0.021265029063890273,"trade_analysis":{"average_loss":-4.264639080565377,"average_trade_duration_days":25.5,"average_win":10.65190331159066,"expectancy":1.3290643164931364,"largest_loss":-5.974292661057205,"largest_win":17.270113246136336,"max_trade_duration_days":52.0,"median_trade_duration_days":21.0,"profit_factor":1.4986360782744366,"time_in_market_percent":0.31972833540129303,"total_trades":8,"win_rate":0.375}}