{"capital_utilization":{"average_cash_percent":0.9647724797957137,"average_exposure_percent":0.035227520204286364,"average_leverage":0.035227520204286364,"average_position_value":207.14197826435267,"max_exposure_percent":0.40605266942107143},"closed_trades":4,"equity_curve":[],"final_equity":518.4564034360561,"max_drawdown":0.02837361047529965,"open_trades":0,"profit_factor":2.4396409054465114,"sharpe":0.6651157292333022,"signal_diagnostics":{"buy_signals":4,"duplicate_buy_skips":0,"flat_sell_skips":0,"hold_signals":545,"risk_blocked_signals":0,"sell_signals":0,"stop_loss_exits":2,"take_profit_exits":2},"starting_equity":500,"total_return":0.03691280687211229,"trade_analysis":{"average_loss":-6.41007190273319,"average_trade_duration_days":17.25,"average_win":15.638273620761241,"expectancy":4.614100859014027,"largest_loss":-7.7760562367228285,"largest_win":16.096571533941304,"max_trade_duration_days":22.0,"median_trade_duration_days":17.979166666666664,"profit_factor":2.4396409054465114,"time_in_market_percent":0.08581644815256258,"total_trades":4,"win_rate":0.5}}