{"capital_utilization":{"average_cash_percent":0.7358418560007669,"average_exposure_percent":0.26415814399923304,"average_leverage":0.26415814399923304,"average_position_value":207.58828973800084,"max_exposure_percent":0.40313451030829495},"closed_trades":15,"equity_curve":[],"final_equity":550.1479199863514,"max_drawdown":0.023272697385986675,"open_trades":0,"profit_factor":3.9561499068237835,"sharpe":1.2628052812707566,"signal_diagnostics":{"buy_signals":15,"duplicate_buy_skips":0,"flat_sell_skips":0,"hold_signals":523,"risk_blocked_signals":0,"sell_signals":0,"stop_loss_exits":15,"take_profit_exits":0},"starting_equity":500,"total_return":0.10029583997270297,"trade_analysis":{"average_loss":-3.3927859930643733,"average_trade_duration_days":34.597222222222214,"average_win":6.711184995167329,"expectancy":3.3431946657567617,"largest_loss":-3.8476373734436806,"largest_win":19.27276776145559,"max_trade_duration_days":91.0,"median_trade_duration_days":36.0,"profit_factor":3.9561499068237835,"time_in_market_percent":0.6454371145773954,"total_trades":15,"win_rate":0.6666666666666666}}