{"capital_utilization":{"average_cash_percent":0.8491885928796441,"average_exposure_percent":0.15081140712035584,"average_leverage":0.15081140712035584,"average_position_value":209.08627888000268,"max_exposure_percent":0.4141201493191929},"closed_trades":21,"equity_curve":[],"final_equity":537.722359824312,"max_drawdown":0.1992936007430854,"open_trades":0,"profit_factor":1.2026779844160802,"sharpe":0.2983295789694349,"signal_diagnostics":{"buy_signals":21,"duplicate_buy_skips":0,"flat_sell_skips":0,"hold_signals":511,"risk_blocked_signals":0,"sell_signals":4,"stop_loss_exits":16,"take_profit_exits":0},"starting_equity":500,"total_return":0.07544471964862387,"trade_analysis":{"average_loss":-12.40797808174741,"average_trade_duration_days":13.71825396825397,"average_win":37.30700517508719,"expectancy":1.7963028487767583,"largest_loss":-19.34750240826309,"largest_win":132.5658821579017,"max_trade_duration_days":43.0,"median_trade_duration_days":11.0,"profit_factor":1.2026779844160802,"time_in_market_percent":0.35829403534228127,"total_trades":21,"win_rate":0.2857142857142857}}