{"capital_utilization":{"average_cash_percent":0.8253893215269767,"average_exposure_percent":0.1746106784730232,"average_leverage":0.1746106784730232,"average_position_value":184.3516007904727,"max_exposure_percent":0.40909195456063274},"closed_trades":33,"equity_curve":[],"final_equity":453.95129068281005,"max_drawdown":0.12395794908589507,"open_trades":0,"profit_factor":0.5254431047888184,"sharpe":-0.9930687622950893,"signal_diagnostics":{"buy_signals":33,"duplicate_buy_skips":0,"flat_sell_skips":0,"hold_signals":374,"risk_blocked_signals":0,"sell_signals":10,"stop_loss_exits":22,"take_profit_exits":1},"starting_equity":500,"total_return":-0.09209741863437992,"trade_analysis":{"average_loss":-4.851758533262691,"average_trade_duration_days":6.938131313131313,"average_win":3.922035488312604,"expectancy":-1.3954154338542415,"largest_loss":-10.63584321731662,"largest_win":9.864096094751778,"max_trade_duration_days":18.0,"median_trade_duration_days":6.0,"profit_factor":0.5254431047888184,"time_in_market_percent":0.35884542545549536,"total_trades":33,"win_rate":0.3939393939393939}}