{"capital_utilization":{"average_cash_percent":0.812876718526378,"average_exposure_percent":0.187123281473622,"average_leverage":0.187123281473622,"average_position_value":165.20158392130978,"max_exposure_percent":0.42178220645280134},"closed_trades":33,"equity_curve":[],"final_equity":423.2412435098753,"max_drawdown":0.268297284238785,"open_trades":0,"profit_factor":0.7305883605403437,"sharpe":-0.41552647437052503,"signal_diagnostics":{"buy_signals":33,"duplicate_buy_skips":0,"flat_sell_skips":0,"hold_signals":487,"risk_blocked_signals":0,"sell_signals":9,"stop_loss_exits":22,"take_profit_exits":2},"starting_equity":500,"total_return":-0.1535175129802494,"trade_analysis":{"average_loss":-12.950570335092117,"average_trade_duration_days":10.092171717171718,"average_win":18.923071898354717,"expectancy":-2.326022923943173,"largest_loss":-22.080031601370028,"largest_win":30.592761629294824,"max_trade_duration_days":25.0,"median_trade_duration_days":7.0,"profit_factor":0.7305883605403437,"time_in_market_percent":0.4142094626107686,"total_trades":33,"win_rate":0.3333333333333333}}