{"capital_utilization":{"average_cash_percent":0.8530892937412737,"average_exposure_percent":0.14691070625872626,"average_leverage":0.14691070625872626,"average_position_value":202.61010069711284,"max_exposure_percent":0.40415073828299386},"closed_trades":8,"equity_curve":[],"final_equity":520.4590765222961,"max_drawdown":0.023754655980302082,"open_trades":0,"profit_factor":2.6077586518267664,"sharpe":0.8689068745642655,"signal_diagnostics":{"buy_signals":8,"duplicate_buy_skips":0,"flat_sell_skips":0,"hold_signals":425,"risk_blocked_signals":0,"sell_signals":0,"stop_loss_exits":6,"take_profit_exits":1},"starting_equity":500,"total_return":0.04091815304459212,"trade_analysis":{"average_loss":-3.181304062498759,"average_trade_duration_days":28.0,"average_win":8.296073193072779,"expectancy":2.55738456528701,"largest_loss":-5.172164492991204,"largest_win":13.81586036116817,"max_trade_duration_days":48.0,"median_trade_duration_days":29.0,"profit_factor":2.6077586518267664,"time_in_market_percent":0.35107425063671394,"total_trades":8,"win_rate":0.5}}