{"capital_utilization":{"average_cash_percent":0.8174887252015406,"average_exposure_percent":0.18251127479845947,"average_leverage":0.18251127479845947,"average_position_value":189.34060143740186,"max_exposure_percent":0.409153449959333},"closed_trades":31,"equity_curve":[],"final_equity":491.82995802979787,"max_drawdown":0.11036147262194382,"open_trades":0,"profit_factor":0.9176332527313579,"sharpe":-0.1007494837676499,"signal_diagnostics":{"buy_signals":31,"duplicate_buy_skips":0,"flat_sell_skips":0,"hold_signals":378,"risk_blocked_signals":0,"sell_signals":0,"stop_loss_exits":19,"take_profit_exits":12},"starting_equity":500,"total_return":-0.016340083940404315,"trade_analysis":{"average_loss":-5.510612420888751,"average_trade_duration_days":7.740591397849463,"average_win":7.001613969676569,"expectancy":-0.2635497409742617,"largest_loss":-10.453897151503025,"largest_win":12.332553028213367,"max_trade_duration_days":21.0,"median_trade_duration_days":6.0,"profit_factor":0.9176332527313579,"time_in_market_percent":0.37608567883497684,"total_trades":31,"win_rate":0.41935483870967744}}