{"capital_utilization":{"average_cash_percent":0.8543988841464908,"average_exposure_percent":0.14560111585350918,"average_leverage":0.14560111585350918,"average_position_value":204.11455480979,"max_exposure_percent":0.4056225808061604},"closed_trades":13,"equity_curve":[],"final_equity":526.6321350809545,"max_drawdown":0.03947687717166824,"open_trades":0,"profit_factor":1.9652537964171424,"sharpe":0.8452655815437762,"signal_diagnostics":{"buy_signals":13,"duplicate_buy_skips":0,"flat_sell_skips":0,"hold_signals":415,"risk_blocked_signals":0,"sell_signals":0,"stop_loss_exits":12,"take_profit_exits":0},"starting_equity":500,"total_return":0.053264270161909044,"trade_analysis":{"average_loss":-3.94154443108397,"average_trade_duration_days":16.384615384615383,"average_win":9.037157683090387,"expectancy":2.0486257754580404,"largest_loss":-6.8006614957891385,"largest_win":13.44092893518014,"max_trade_duration_days":36.0,"median_trade_duration_days":12.0,"profit_factor":1.9652537964171424,"time_in_market_percent":0.33383399725723245,"total_trades":13,"win_rate":0.46153846153846156}}