{"capital_utilization":{"average_cash_percent":0.7393194036836804,"average_exposure_percent":0.26068059631631957,"average_leverage":0.26068059631631957,"average_position_value":177.53926610068945,"max_exposure_percent":0.4268985008414006},"closed_trades":21,"equity_curve":[],"final_equity":355.91743855043876,"max_drawdown":0.3072855712317993,"open_trades":0,"profit_factor":0.40249508253378635,"sharpe":-2.039438109315372,"signal_diagnostics":{"buy_signals":21,"duplicate_buy_skips":0,"flat_sell_skips":0,"hold_signals":152,"risk_blocked_signals":0,"sell_signals":7,"stop_loss_exits":14,"take_profit_exits":0},"starting_equity":500,"total_return":-0.28816512289912244,"trade_analysis":{"average_loss":-17.224312689767054,"average_trade_duration_days":7.335317460317461,"average_win":13.865402315311067,"expectancy":-6.861074354741011,"largest_loss":-29.077281473598962,"largest_win":27.682466152256897,"max_trade_duration_days":20.0,"median_trade_duration_days":7.0,"profit_factor":0.40249508253378635,"time_in_market_percent":0.5481097108969607,"total_trades":21,"win_rate":0.3333333333333333}}