{"capital_utilization":{"average_cash_percent":0.7884604315235677,"average_exposure_percent":0.21153956847643232,"average_leverage":0.21153956847643232,"average_position_value":210.19723814680856,"max_exposure_percent":0.4063306972320445},"closed_trades":21,"equity_curve":[],"final_equity":536.3394749111583,"max_drawdown":0.05613183673845521,"open_trades":0,"profit_factor":1.7285978874395616,"sharpe":0.5783815570702081,"signal_diagnostics":{"buy_signals":21,"duplicate_buy_skips":0,"flat_sell_skips":0,"hold_signals":511,"risk_blocked_signals":0,"sell_signals":6,"stop_loss_exits":15,"take_profit_exits":0},"starting_equity":500,"total_return":0.0726789498223166,"trade_analysis":{"average_loss":-4.1563249470457215,"average_trade_duration_days":19.52579365079365,"average_win":9.579486030634108,"expectancy":1.7304511862456349,"largest_loss":-7.9452787179041895,"largest_win":24.13216479689386,"max_trade_duration_days":61.0,"median_trade_duration_days":12.0,"profit_factor":1.7285978874395616,"time_in_market_percent":0.5099756438824687,"total_trades":21,"win_rate":0.42857142857142855}}