{"capital_utilization":{"average_cash_percent":0.8785752776834896,"average_exposure_percent":0.1214247223165103,"average_leverage":0.1214247223165103,"average_position_value":209.19974153959015,"max_exposure_percent":0.41822326245204106},"closed_trades":16,"equity_curve":[],"final_equity":561.0478739819858,"max_drawdown":0.10937775141135284,"open_trades":0,"profit_factor":1.4098972759328245,"sharpe":0.47161696586372365,"signal_diagnostics":{"buy_signals":16,"duplicate_buy_skips":0,"flat_sell_skips":0,"hold_signals":522,"risk_blocked_signals":0,"sell_signals":0,"stop_loss_exits":12,"take_profit_exits":3},"starting_equity":500,"total_return":0.12209574796397171,"trade_analysis":{"average_loss":-16.548285405588246,"average_trade_duration_days":14.065104166666666,"average_win":29.997491804611435,"expectancy":3.8154921238741153,"largest_loss":-22.994825900544274,"largest_win":72.17551331288448,"max_trade_duration_days":45.0,"median_trade_duration_days":11.020833333333332,"profit_factor":1.4098972759328245,"time_in_market_percent":0.2798880655024097,"total_trades":16,"win_rate":0.4375}}