{"capital_utilization":{"average_cash_percent":0.8347479118380117,"average_exposure_percent":0.1652520881619884,"average_leverage":0.1652520881619884,"average_position_value":209.51038015883904,"max_exposure_percent":0.40636151955967004},"closed_trades":16,"equity_curve":[],"final_equity":530.2404615709054,"max_drawdown":0.06778528974114281,"open_trades":0,"profit_factor":1.6697315328973297,"sharpe":0.5939009127794231,"signal_diagnostics":{"buy_signals":16,"duplicate_buy_skips":0,"flat_sell_skips":0,"hold_signals":409,"risk_blocked_signals":0,"sell_signals":6,"stop_loss_exits":9,"take_profit_exits":0},"starting_equity":500,"total_return":0.06048092314181086,"trade_analysis":{"average_loss":-4.515310999331612,"average_trade_duration_days":15.440104166666666,"average_win":12.565595260703574,"expectancy":1.8900288481815837,"largest_loss":-8.259036152985574,"largest_win":24.799589108225383,"max_trade_duration_days":61.0,"median_trade_duration_days":6.5,"profit_factor":1.6697315328973297,"time_in_market_percent":0.3871873571475217,"total_trades":16,"win_rate":0.375}}