{"capital_utilization":{"average_cash_percent":0.8622996831833084,"average_exposure_percent":0.13770031681669156,"average_leverage":0.13770031681669156,"average_position_value":195.62958767084967,"max_exposure_percent":0.4070293465083041},"closed_trades":18,"equity_curve":[],"final_equity":513.3872903325486,"max_drawdown":0.07454804991369746,"open_trades":0,"profit_factor":1.1998163294354591,"sharpe":0.28492042137664825,"signal_diagnostics":{"buy_signals":18,"duplicate_buy_skips":0,"flat_sell_skips":0,"hold_signals":404,"risk_blocked_signals":0,"sell_signals":5,"stop_loss_exits":11,"take_profit_exits":2},"starting_equity":500,"total_return":0.026774580665097192,"trade_analysis":{"average_loss":-6.090725404207547,"average_trade_duration_days":10.444444444444445,"average_win":11.483609968404519,"expectancy":0.7437383518082559,"largest_loss":-8.252685504258215,"largest_win":17.02167593675867,"max_trade_duration_days":24.0,"median_trade_duration_days":8.0,"profit_factor":1.1998163294354591,"time_in_market_percent":0.2946516032129563,"total_trades":18,"win_rate":0.3888888888888889}}