{"capital_utilization":{"average_cash_percent":0.9510745783682371,"average_exposure_percent":0.048925421631762944,"average_leverage":0.048925421631762944,"average_position_value":205.89098964728302,"max_exposure_percent":0.40567794480041136},"closed_trades":8,"equity_curve":[],"final_equity":546.6138422010189,"max_drawdown":0.023857310460030406,"open_trades":0,"profit_factor":4.625968330219178,"sharpe":1.3749375829014499,"signal_diagnostics":{"buy_signals":8,"duplicate_buy_skips":0,"flat_sell_skips":0,"hold_signals":537,"risk_blocked_signals":0,"sell_signals":5,"stop_loss_exits":2,"take_profit_exits":1},"starting_equity":500,"total_return":0.09322768440203766,"trade_analysis":{"average_loss":-6.427778451970264,"average_trade_duration_days":10.625,"average_win":9.91156651749323,"expectancy":5.826730275127357,"largest_loss":-6.867969777374319,"largest_win":14.833383674827749,"max_trade_duration_days":19.0,"median_trade_duration_days":8.5,"profit_factor":4.625968330219178,"time_in_market_percent":0.10571591439083795,"total_trades":8,"win_rate":0.75}}