{"capital_utilization":{"average_cash_percent":0.7062777319132894,"average_exposure_percent":0.2937222680867106,"average_leverage":0.2937222680867106,"average_position_value":214.3129185165899,"max_exposure_percent":0.4044032004763471},"closed_trades":28,"equity_curve":[],"final_equity":546.7495579340736,"max_drawdown":0.037371588668345564,"open_trades":0,"profit_factor":2.2129336958775228,"sharpe":0.827218739260883,"signal_diagnostics":{"buy_signals":28,"duplicate_buy_skips":0,"flat_sell_skips":0,"hold_signals":497,"risk_blocked_signals":0,"sell_signals":8,"stop_loss_exits":19,"take_profit_exits":0},"starting_equity":500,"total_return":0.09349911586814708,"trade_analysis":{"average_loss":-2.56950335059338,"average_trade_duration_days":19.678571428571427,"average_win":6.560931399459562,"expectancy":1.669627069074057,"largest_loss":-5.82799125803254,"largest_win":16.840726798571737,"max_trade_duration_days":66.0,"median_trade_duration_days":14.0,"profit_factor":2.2129336958775228,"time_in_market_percent":0.6852878685806084,"total_trades":28,"win_rate":0.4642857142857143}}