{"capital_utilization":{"average_cash_percent":0.9647939336305131,"average_exposure_percent":0.03520606636948689,"average_leverage":0.03520606636948689,"average_position_value":202.86236456446622,"max_exposure_percent":0.4048231995454858},"closed_trades":6,"equity_curve":[],"final_equity":520.3742960972634,"max_drawdown":0.017620598425925088,"open_trades":0,"profit_factor":3.5121819734669497,"sharpe":1.0057165663248733,"signal_diagnostics":{"buy_signals":6,"duplicate_buy_skips":0,"flat_sell_skips":0,"hold_signals":541,"risk_blocked_signals":0,"sell_signals":1,"stop_loss_exits":3,"take_profit_exits":2},"starting_equity":500,"total_return":0.040748592194526756,"trade_analysis":{"average_loss":-2.7033997155264102,"average_trade_duration_days":9.5,"average_win":9.494831747947538,"expectancy":3.3957160162105637,"largest_loss":-5.82676891893068,"largest_win":10.152839779133107,"max_trade_duration_days":18.0,"median_trade_duration_days":10.0,"profit_factor":3.5121819734669497,"time_in_market_percent":0.07089184847385605,"total_trades":6,"win_rate":0.5}}