{"capital_utilization":{"average_cash_percent":0.8040989841244539,"average_exposure_percent":0.19590101587554612,"average_leverage":0.19590101587554612,"average_position_value":205.98572632324579,"max_exposure_percent":0.41820461204298576},"closed_trades":30,"equity_curve":[],"final_equity":530.2783720433509,"max_drawdown":0.21701430566066693,"open_trades":0,"profit_factor":1.1345471843852861,"sharpe":0.25498933775531096,"signal_diagnostics":{"buy_signals":30,"duplicate_buy_skips":0,"flat_sell_skips":0,"hold_signals":493,"risk_blocked_signals":0,"sell_signals":3,"stop_loss_exits":26,"take_profit_exits":0},"starting_equity":500,"total_return":0.060556744086701864,"trade_analysis":{"average_loss":-11.251953053378895,"average_trade_duration_days":11.669444444444444,"average_win":25.531743311092896,"expectancy":1.0092790681116999,"largest_loss":-21.530360260644372,"largest_win":81.66300468422195,"max_trade_duration_days":33.0,"median_trade_duration_days":9.0,"profit_factor":1.1345471843852861,"time_in_market_percent":0.43540446701559826,"total_trades":30,"win_rate":0.3333333333333333}}