{"capital_utilization":{"average_cash_percent":0.7434308820822583,"average_exposure_percent":0.25656911791774173,"average_leverage":0.25656911791774173,"average_position_value":214.705349454308,"max_exposure_percent":0.4054884965790765},"closed_trades":37,"equity_curve":[],"final_equity":546.6669246390935,"max_drawdown":0.06888989502216926,"open_trades":0,"profit_factor":1.559919032613836,"sharpe":0.7773773573331758,"signal_diagnostics":{"buy_signals":37,"duplicate_buy_skips":0,"flat_sell_skips":0,"hold_signals":479,"risk_blocked_signals":0,"sell_signals":1,"stop_loss_exits":32,"take_profit_exits":3},"starting_equity":500,"total_return":0.093333849278187,"trade_analysis":{"average_loss":-4.38662339607823,"average_trade_duration_days":12.78490990990991,"average_win":7.222931620254438,"expectancy":1.2612682334890133,"largest_loss":-7.140950556377436,"largest_win":27.19657029518897,"max_trade_duration_days":35.0,"median_trade_duration_days":11.0,"profit_factor":1.559919032613836,"time_in_market_percent":0.5883297921956782,"total_trades":37,"win_rate":0.4864864864864865}}