{"capital_utilization":{"average_cash_percent":0.7734832322274506,"average_exposure_percent":0.22651676777254934,"average_leverage":0.22651676777254934,"average_position_value":210.57274339050673,"max_exposure_percent":0.40733255916433553},"closed_trades":18,"equity_curve":[],"final_equity":543.4074661934877,"max_drawdown":0.07543631382196651,"open_trades":0,"profit_factor":1.7730086411857322,"sharpe":0.7118542328681872,"signal_diagnostics":{"buy_signals":18,"duplicate_buy_skips":0,"flat_sell_skips":0,"hold_signals":517,"risk_blocked_signals":0,"sell_signals":1,"stop_loss_exits":16,"take_profit_exits":0},"starting_equity":500,"total_return":0.08681493238697535,"trade_analysis":{"average_loss":-5.6153921031082135,"average_trade_duration_days":24.446759259259256,"average_win":12.44517340307123,"expectancy":2.411525899638205,"largest_loss":-9.124874688923102,"largest_win":41.97413319117435,"max_trade_duration_days":84.0,"median_trade_duration_days":17.0,"profit_factor":1.7730086411857322,"time_in_market_percent":0.5472871430792351,"total_trades":18,"win_rate":0.4444444444444444}}