{"capital_utilization":{"average_cash_percent":0.9382740032114838,"average_exposure_percent":0.06172599678851616,"average_leverage":0.06172599678851616,"average_position_value":211.7686092870065,"max_exposure_percent":0.4060910588877024},"closed_trades":7,"equity_curve":[],"final_equity":566.1801514611494,"max_drawdown":0.029722998063726736,"open_trades":0,"profit_factor":9.040879297578739,"sharpe":1.7624305909992428,"signal_diagnostics":{"buy_signals":7,"duplicate_buy_skips":0,"flat_sell_skips":0,"hold_signals":539,"risk_blocked_signals":0,"sell_signals":4,"stop_loss_exits":1,"take_profit_exits":2},"starting_equity":500,"total_return":0.13236030292229883,"trade_analysis":{"average_loss":-8.230461994508174,"average_trade_duration_days":16.142857142857142,"average_win":12.401768909276262,"expectancy":9.454307351592771,"largest_loss":-8.230461994508174,"largest_win":17.572471030754166,"max_trade_duration_days":24.0,"median_trade_duration_days":16.0,"profit_factor":9.040879297578739,"time_in_market_percent":0.14053998030781986,"total_trades":7,"win_rate":0.8571428571428571}}