{"capital_utilization":{"average_cash_percent":0.7482525632153159,"average_exposure_percent":0.2517474367846841,"average_leverage":0.2517474367846841,"average_position_value":212.66954568782714,"max_exposure_percent":0.4070697501018377},"closed_trades":22,"equity_curve":[],"final_equity":546.6478267897241,"max_drawdown":0.06091692886399669,"open_trades":0,"profit_factor":1.7546869386998238,"sharpe":0.6523018490909588,"signal_diagnostics":{"buy_signals":22,"duplicate_buy_skips":0,"flat_sell_skips":0,"hold_signals":509,"risk_blocked_signals":0,"sell_signals":4,"stop_loss_exits":18,"take_profit_exits":0},"starting_equity":500,"total_return":0.09329565357944825,"trade_analysis":{"average_loss":-4.754679304006822,"average_trade_duration_days":21.999999999999996,"average_win":12.050961971312535,"expectancy":2.1203557631692793,"largest_loss":-8.554029165956385,"largest_win":24.407651947710562,"max_trade_duration_days":61.0,"median_trade_duration_days":15.5,"profit_factor":1.7546869386998238,"time_in_market_percent":0.6019588537078302,"total_trades":22,"win_rate":0.4090909090909091}}