{"capital_utilization":{"average_cash_percent":0.9227426918983934,"average_exposure_percent":0.07725730810160657,"average_leverage":0.07725730810160657,"average_position_value":199.5587581005517,"max_exposure_percent":0.40674549810973193},"closed_trades":11,"equity_curve":[],"final_equity":510.940720400793,"max_drawdown":0.05802808079466615,"open_trades":0,"profit_factor":1.3189062059298433,"sharpe":0.26851333925578835,"signal_diagnostics":{"buy_signals":11,"duplicate_buy_skips":0,"flat_sell_skips":0,"hold_signals":418,"risk_blocked_signals":0,"sell_signals":2,"stop_loss_exits":5,"take_profit_exits":4},"starting_equity":500,"total_return":0.02188144080158594,"trade_analysis":{"average_loss":-6.861403257357668,"average_trade_duration_days":9.909090909090908,"average_win":7.541289447930225,"expectancy":0.994610945526638,"largest_loss":-8.162255106265823,"largest_win":13.11997223995707,"max_trade_duration_days":19.0,"median_trade_duration_days":8.0,"profit_factor":1.3189062059298433,"time_in_market_percent":0.17083523803304382,"total_trades":11,"win_rate":0.5454545454545454}}