{"capital_utilization":{"average_cash_percent":0.8717333458875665,"average_exposure_percent":0.1282666541124336,"average_leverage":0.1282666541124336,"average_position_value":209.63749098152906,"max_exposure_percent":0.40885914549831437},"closed_trades":27,"equity_curve":[],"final_equity":535.0375214343013,"max_drawdown":0.07368205820464671,"open_trades":0,"profit_factor":1.7023737612742882,"sharpe":0.8562642334168473,"signal_diagnostics":{"buy_signals":27,"duplicate_buy_skips":0,"flat_sell_skips":0,"hold_signals":499,"risk_blocked_signals":0,"sell_signals":4,"stop_loss_exits":17,"take_profit_exits":5},"starting_equity":500,"total_return":0.07007504286860256,"trade_analysis":{"average_loss":-3.1177774717422317,"average_trade_duration_days":8.112654320987655,"average_win":7.720178271107002,"expectancy":1.297685979048197,"largest_loss":-8.22083574930176,"largest_win":15.753798291085822,"max_trade_duration_days":19.0,"median_trade_duration_days":7.0,"profit_factor":1.7023737612742882,"time_in_market_percent":0.2724257656630565,"total_trades":27,"win_rate":0.4074074074074074}}