{"capital_utilization":{"average_cash_percent":0.7339494065104756,"average_exposure_percent":0.2660505934895244,"average_leverage":0.2660505934895244,"average_position_value":207.55511549307639,"max_exposure_percent":0.4056910690946866},"closed_trades":23,"equity_curve":[],"final_equity":520.7834339998033,"max_drawdown":0.05864900894843868,"open_trades":0,"profit_factor":1.4699656052994297,"sharpe":0.4232149208253146,"signal_diagnostics":{"buy_signals":23,"duplicate_buy_skips":0,"flat_sell_skips":0,"hold_signals":506,"risk_blocked_signals":0,"sell_signals":5,"stop_loss_exits":18,"take_profit_exits":0},"starting_equity":500,"total_return":0.04156686799960663,"trade_analysis":{"average_loss":-3.401792970091851,"average_trade_duration_days":22.000000000000004,"average_win":6.500674261099737,"expectancy":0.9036275652088391,"largest_loss":-7.117923263648062,"largest_win":15.806660032578272,"max_trade_duration_days":65.0,"median_trade_duration_days":18.0,"profit_factor":1.4699656052994297,"time_in_market_percent":0.629320619785459,"total_trades":23,"win_rate":0.43478260869565216}}