{"capital_utilization":{"average_cash_percent":0.8656122248827023,"average_exposure_percent":0.13438777511729766,"average_leverage":0.13438777511729766,"average_position_value":198.67942475040405,"max_exposure_percent":0.4077567285654637},"closed_trades":21,"equity_curve":[],"final_equity":499.0485311388062,"max_drawdown":0.06810302866710485,"open_trades":0,"profit_factor":0.9878138014993809,"sharpe":0.012187512578299822,"signal_diagnostics":{"buy_signals":21,"duplicate_buy_skips":0,"flat_sell_skips":0,"hold_signals":510,"risk_blocked_signals":0,"sell_signals":9,"stop_loss_exits":11,"take_profit_exits":1},"starting_equity":500,"total_return":-0.0019029377223875876,"trade_analysis":{"average_loss":-6.506464814447466,"average_trade_duration_days":11.712301587301587,"average_win":8.569567656908422,"expectancy":-0.04530804100922781,"largest_loss":-9.412291625964208,"largest_win":17.120424799741816,"max_trade_duration_days":32.0,"median_trade_duration_days":8.0,"profit_factor":0.9878138014993809,"time_in_market_percent":0.3059024718868218,"total_trades":21,"win_rate":0.42857142857142855}}