{"capital_utilization":{"average_cash_percent":0.760552301853872,"average_exposure_percent":0.239447698146128,"average_leverage":0.239447698146128,"average_position_value":201.21629031787037,"max_exposure_percent":0.4050260010598911},"closed_trades":32,"equity_curve":[],"final_equity":510.46375886068097,"max_drawdown":0.028744443357544527,"open_trades":0,"profit_factor":1.2320204640490127,"sharpe":0.32232012638290936,"signal_diagnostics":{"buy_signals":32,"duplicate_buy_skips":0,"flat_sell_skips":0,"hold_signals":489,"risk_blocked_signals":0,"sell_signals":2,"stop_loss_exits":30,"take_profit_exits":0},"starting_equity":500,"total_return":0.02092751772136192,"trade_analysis":{"average_loss":-2.1475443276233683,"average_trade_duration_days":13.904947916666668,"average_win":5.0511081582519735,"expectancy":0.3269924643962807,"largest_loss":-6.074207550967966,"largest_win":14.796961825466767,"max_trade_duration_days":57.0,"median_trade_duration_days":9.0,"profit_factor":1.2320204640490127,"time_in_market_percent":0.5534020832253719,"total_trades":32,"win_rate":0.34375}}