{"capital_utilization":{"average_cash_percent":0.8810404823727245,"average_exposure_percent":0.11895951762727554,"average_leverage":0.11895951762727554,"average_position_value":209.83632674730998,"max_exposure_percent":0.4068374885801704},"closed_trades":22,"equity_curve":[],"final_equity":540.9425355600498,"max_drawdown":0.05154914845793571,"open_trades":0,"profit_factor":1.635113053016753,"sharpe":0.7976724731967129,"signal_diagnostics":{"buy_signals":22,"duplicate_buy_skips":0,"flat_sell_skips":0,"hold_signals":396,"risk_blocked_signals":0,"sell_signals":5,"stop_loss_exits":10,"take_profit_exits":7},"starting_equity":500,"total_return":0.08188507112009957,"trade_analysis":{"average_loss":-7.162772983762492,"average_trade_duration_days":6.636363636363637,"average_win":8.10826864722402,"expectancy":1.8610243436386293,"largest_loss":-8.690954579650416,"largest_win":14.801438514306344,"max_trade_duration_days":15.0,"median_trade_duration_days":7.5,"profit_factor":1.635113053016753,"time_in_market_percent":0.22882518121857248,"total_trades":22,"win_rate":0.5909090909090909}}