{"capital_utilization":{"average_cash_percent":0.7674580116771272,"average_exposure_percent":0.2325419883228727,"average_leverage":0.2325419883228727,"average_position_value":216.19734237163456,"max_exposure_percent":0.4073066367142741},"closed_trades":37,"equity_curve":[],"final_equity":540.6670991261434,"max_drawdown":0.0777385028638269,"open_trades":0,"profit_factor":1.5106566616330879,"sharpe":0.7064205991772664,"signal_diagnostics":{"buy_signals":37,"duplicate_buy_skips":0,"flat_sell_skips":0,"hold_signals":478,"risk_blocked_signals":0,"sell_signals":6,"stop_loss_exits":28,"take_profit_exits":3},"starting_equity":500,"total_return":0.08133419825228683,"trade_analysis":{"average_loss":-4.424270658803356,"average_trade_duration_days":11.352477477477478,"average_win":6.331787946558095,"expectancy":1.0991107871930652,"largest_loss":-9.511531059385868,"largest_win":27.19657029518897,"max_trade_duration_days":38.0,"median_trade_duration_days":9.0,"profit_factor":1.5106566616330879,"time_in_market_percent":0.522412810281391,"total_trades":37,"win_rate":0.5135135135135135}}