{"capital_utilization":{"average_cash_percent":0.8615040619622805,"average_exposure_percent":0.13849593803771956,"average_leverage":0.13849593803771956,"average_position_value":202.6787654064274,"max_exposure_percent":0.40624098654921476},"closed_trades":28,"equity_curve":[],"final_equity":542.9894214946851,"max_drawdown":0.029151164612503815,"open_trades":0,"profit_factor":2.004804648257791,"sharpe":1.1227346632144086,"signal_diagnostics":{"buy_signals":28,"duplicate_buy_skips":0,"flat_sell_skips":0,"hold_signals":497,"risk_blocked_signals":0,"sell_signals":8,"stop_loss_exits":16,"take_profit_exits":4},"starting_equity":500,"total_return":0.0859788429893702,"trade_analysis":{"average_loss":-3.0559900068438695,"average_trade_duration_days":8.5,"average_win":6.126662970749948,"expectancy":1.5353364819530395,"largest_loss":-7.551440746283723,"largest_win":15.908492690267817,"max_trade_duration_days":19.0,"median_trade_duration_days":7.0,"profit_factor":2.004804648257791,"time_in_market_percent":0.2960045602943463,"total_trades":28,"win_rate":0.5}}