{"capital_utilization":{"average_cash_percent":0.8930103167953594,"average_exposure_percent":0.1069896832046406,"average_leverage":0.1069896832046406,"average_position_value":210.322590482356,"max_exposure_percent":0.40885061615793583},"closed_trades":28,"equity_curve":[],"final_equity":534.230976456364,"max_drawdown":0.06702362505488356,"open_trades":0,"profit_factor":1.6910790984540864,"sharpe":0.8549450029256968,"signal_diagnostics":{"buy_signals":28,"duplicate_buy_skips":0,"flat_sell_skips":0,"hold_signals":496,"risk_blocked_signals":0,"sell_signals":10,"stop_loss_exits":15,"take_profit_exits":3},"starting_equity":500,"total_return":0.06846195291272816,"trade_analysis":{"average_loss":-3.3021764110589062,"average_trade_duration_days":5.96577380952381,"average_win":6.443355586326745,"expectancy":1.2225348734415742,"largest_loss":-8.263833728759558,"largest_win":14.371048404375195,"max_trade_duration_days":18.0,"median_trade_duration_days":5.0,"profit_factor":1.6910790984540864,"time_in_market_percent":0.20775250038866147,"total_trades":28,"win_rate":0.4642857142857143}}