{"capital_utilization":{"average_cash_percent":0.9075582841068605,"average_exposure_percent":0.09244171589313957,"average_leverage":0.09244171589313957,"average_position_value":205.0707015580382,"max_exposure_percent":0.4073587152005777},"closed_trades":15,"equity_curve":[],"final_equity":536.3671668024969,"max_drawdown":0.03624494735481535,"open_trades":0,"profit_factor":2.6539332866237912,"sharpe":0.9759719382057537,"signal_diagnostics":{"buy_signals":15,"duplicate_buy_skips":0,"flat_sell_skips":0,"hold_signals":410,"risk_blocked_signals":0,"sell_signals":0,"stop_loss_exits":7,"take_profit_exits":8},"starting_equity":500,"total_return":0.0727343336049937,"trade_analysis":{"average_loss":-3.141184463261589,"average_trade_duration_days":8.663888888888888,"average_win":7.294432255665991,"expectancy":2.4244777868331204,"largest_loss":-8.783138935300448,"largest_win":11.10786506101041,"max_trade_duration_days":22.0,"median_trade_duration_days":8.0,"profit_factor":2.6539332866237912,"time_in_market_percent":0.20368314504016194,"total_trades":15,"win_rate":0.5333333333333333}}