{"capital_utilization":{"average_cash_percent":0.8635320671800655,"average_exposure_percent":0.13646793281993455,"average_leverage":0.13646793281993455,"average_position_value":196.72205520054243,"max_exposure_percent":0.4093734500907265},"closed_trades":15,"equity_curve":[],"final_equity":507.3768638957824,"max_drawdown":0.04852239938782918,"open_trades":0,"profit_factor":1.167019362911334,"sharpe":0.19323343155440925,"signal_diagnostics":{"buy_signals":15,"duplicate_buy_skips":0,"flat_sell_skips":0,"hold_signals":411,"risk_blocked_signals":0,"sell_signals":0,"stop_loss_exits":14,"take_profit_exits":0},"starting_equity":500,"total_return":0.014753727791564808,"trade_analysis":{"average_loss":-7.361286107985145,"average_trade_duration_days":13.469444444444443,"average_win":5.727175615965918,"expectancy":0.491790926385492,"largest_loss":-11.160076066606807,"largest_win":20.058221727632777,"max_trade_duration_days":34.0,"median_trade_duration_days":12.0,"profit_factor":1.167019362911334,"time_in_market_percent":0.31665904786782473,"total_trades":15,"win_rate":0.6}}