{"capital_utilization":{"average_cash_percent":0.8375520426567183,"average_exposure_percent":0.16244795734328163,"average_leverage":0.16244795734328163,"average_position_value":207.71822148064922,"max_exposure_percent":0.4141229635613717},"closed_trades":20,"equity_curve":[],"final_equity":532.6080612449771,"max_drawdown":0.1930983897242456,"open_trades":0,"profit_factor":1.1954216117571288,"sharpe":0.27091056519446716,"signal_diagnostics":{"buy_signals":20,"duplicate_buy_skips":0,"flat_sell_skips":0,"hold_signals":513,"risk_blocked_signals":0,"sell_signals":5,"stop_loss_exits":14,"take_profit_exits":0},"starting_equity":500,"total_return":0.06521612248995412,"trade_analysis":{"average_loss":-11.918575488358739,"average_trade_duration_days":15.604166666666668,"average_win":33.24468634699989,"expectancy":1.6304030622488512,"largest_loss":-19.029518797799902,"largest_win":130.29498662965995,"max_trade_duration_days":50.0,"median_trade_duration_days":10.020833333333332,"profit_factor":1.1954216117571288,"time_in_market_percent":0.3881432346996943,"total_trades":20,"win_rate":0.3}}