{"capital_utilization":{"average_cash_percent":0.9183028115183086,"average_exposure_percent":0.08169718848169134,"average_leverage":0.08169718848169134,"average_position_value":207.12535742951903,"max_exposure_percent":0.4048106508601011},"closed_trades":22,"equity_curve":[],"final_equity":520.5182632580021,"max_drawdown":0.06340149352227599,"open_trades":0,"profit_factor":1.5242103167237466,"sharpe":0.5924886600176141,"signal_diagnostics":{"buy_signals":22,"duplicate_buy_skips":0,"flat_sell_skips":0,"hold_signals":508,"risk_blocked_signals":0,"sell_signals":7,"stop_loss_exits":13,"take_profit_exits":2},"starting_equity":500,"total_return":0.0410365265160042,"trade_analysis":{"average_loss":-3.0108677616030155,"average_trade_duration_days":5.865530303030303,"average_win":6.62883823987125,"expectancy":0.9326483299091844,"largest_loss":-6.0033514578270415,"largest_win":11.139968154873115,"max_trade_duration_days":18.0,"median_trade_duration_days":4.5,"profit_factor":1.5242103167237466,"time_in_market_percent":0.16049126807275743,"total_trades":22,"win_rate":0.4090909090909091}}