{"capital_utilization":{"average_cash_percent":0.853762338744001,"average_exposure_percent":0.146237661255999,"average_leverage":0.146237661255999,"average_position_value":197.2135431650292,"max_exposure_percent":0.4112573168120687},"closed_trades":26,"equity_curve":[],"final_equity":515.6702457031377,"max_drawdown":0.0998309547083586,"open_trades":0,"profit_factor":1.1542678940304314,"sharpe":0.27694638727571097,"signal_diagnostics":{"buy_signals":26,"duplicate_buy_skips":0,"flat_sell_skips":0,"hold_signals":388,"risk_blocked_signals":0,"sell_signals":0,"stop_loss_exits":15,"take_profit_exits":11},"starting_equity":500,"total_return":0.03134049140627537,"trade_analysis":{"average_loss":-6.771875985224521,"average_trade_duration_days":7.538461538461538,"average_win":10.65894413468231,"expectancy":0.6027017578129846,"largest_loss":-12.624700498135576,"largest_win":16.94061386696024,"max_trade_duration_days":22.0,"median_trade_duration_days":7.0,"profit_factor":1.1542678940304314,"time_in_market_percent":0.30718996930712467,"total_trades":26,"win_rate":0.4230769230769231}}