{"capital_utilization":{"average_cash_percent":0.8730339530165354,"average_exposure_percent":0.1269660469834646,"average_leverage":0.1269660469834646,"average_position_value":203.24718416757756,"max_exposure_percent":0.40930695853935933},"closed_trades":33,"equity_curve":[],"final_equity":534.6089821865953,"max_drawdown":0.043224513984246274,"open_trades":0,"profit_factor":1.314898784748619,"sharpe":0.5109619329018684,"signal_diagnostics":{"buy_signals":33,"duplicate_buy_skips":0,"flat_sell_skips":0,"hold_signals":487,"risk_blocked_signals":0,"sell_signals":4,"stop_loss_exits":16,"take_profit_exits":12},"starting_equity":500,"total_return":0.06921796437319072,"trade_analysis":{"average_loss":-6.465005837318825,"average_trade_duration_days":6.301767676767677,"average_win":9.032130088813455,"expectancy":1.0487570359574332,"largest_loss":-11.445125654639133,"largest_win":21.261587042436393,"max_trade_duration_days":19.041666666666668,"median_trade_duration_days":4.0,"profit_factor":1.314898784748619,"time_in_market_percent":0.2586412395709178,"total_trades":33,"win_rate":0.48484848484848486}}