{"capital_utilization":{"average_cash_percent":0.9106283526407071,"average_exposure_percent":0.08937164735929296,"average_leverage":0.08937164735929296,"average_position_value":210.94496285062047,"max_exposure_percent":0.4059666201626806},"closed_trades":21,"equity_curve":[],"final_equity":541.0393262751098,"max_drawdown":0.05762292871913779,"open_trades":0,"profit_factor":1.7489194424908956,"sharpe":0.7063660394695431,"signal_diagnostics":{"buy_signals":21,"duplicate_buy_skips":0,"flat_sell_skips":0,"hold_signals":510,"risk_blocked_signals":0,"sell_signals":10,"stop_loss_exits":10,"take_profit_exits":1},"starting_equity":500,"total_return":0.08207865255021973,"trade_analysis":{"average_loss":-5.479805162837495,"average_trade_duration_days":7.0,"average_win":8.712488900316803,"expectancy":1.9542536321480894,"largest_loss":-7.522378713918675,"largest_win":20.970520089462998,"max_trade_duration_days":21.0,"median_trade_duration_days":5.0,"profit_factor":1.7489194424908956,"time_in_market_percent":0.18282634606415507,"total_trades":21,"win_rate":0.5238095238095238}}