{"capital_utilization":{"average_cash_percent":0.8107124650135531,"average_exposure_percent":0.18928753498644696,"average_leverage":0.18928753498644696,"average_position_value":225.12837996836382,"max_exposure_percent":0.4097715415824939},"closed_trades":25,"equity_curve":[],"final_equity":612.1603614888559,"max_drawdown":0.05156861084361664,"open_trades":0,"profit_factor":2.430728940466731,"sharpe":1.4758845884184446,"signal_diagnostics":{"buy_signals":25,"duplicate_buy_skips":0,"flat_sell_skips":0,"hold_signals":504,"risk_blocked_signals":0,"sell_signals":11,"stop_loss_exits":11,"take_profit_exits":2},"starting_equity":500,"total_return":0.22432072297771177,"trade_analysis":{"average_loss":-6.532821505441082,"average_trade_duration_days":13.761666666666667,"average_win":14.658016888780686,"expectancy":4.486414459554237,"largest_loss":-11.7943335855226,"largest_win":23.204169114855,"max_trade_duration_days":35.041666666666664,"median_trade_duration_days":14.0,"profit_factor":2.430728940466731,"time_in_market_percent":0.4278903456495829,"total_trades":25,"win_rate":0.52}}