{"capital_utilization":{"average_cash_percent":0.704540774756742,"average_exposure_percent":0.2954592252432579,"average_leverage":0.2954592252432579,"average_position_value":208.53777056880463,"max_exposure_percent":0.40436363784582435},"closed_trades":51,"equity_curve":[],"final_equity":520.8818239502584,"max_drawdown":0.04615960193045494,"open_trades":0,"profit_factor":1.2524106557534556,"sharpe":0.4149625762776169,"signal_diagnostics":{"buy_signals":51,"duplicate_buy_skips":0,"flat_sell_skips":0,"hold_signals":451,"risk_blocked_signals":0,"sell_signals":7,"stop_loss_exits":41,"take_profit_exits":2},"starting_equity":500,"total_return":0.04176364790051679,"trade_analysis":{"average_loss":-3.064057992076348,"average_trade_duration_days":10.196078431372548,"average_win":4.317141239013325,"expectancy":0.4094475284364394,"largest_loss":-5.624111929025361,"largest_win":13.303003521003843,"max_trade_duration_days":37.0,"median_trade_duration_days":8.0,"profit_factor":1.2524106557534556,"time_in_market_percent":0.6467326527439499,"total_trades":51,"win_rate":0.47058823529411764}}