{"capital_utilization":{"average_cash_percent":0.8429938317359276,"average_exposure_percent":0.15700616826407246,"average_leverage":0.15700616826407246,"average_position_value":194.76019420589935,"max_exposure_percent":0.40380450989598904},"closed_trades":19,"equity_curve":[],"final_equity":499.8688320471676,"max_drawdown":0.04390458944817078,"open_trades":0,"profit_factor":0.9963055388579224,"sharpe":0.00900409871489309,"signal_diagnostics":{"buy_signals":19,"duplicate_buy_skips":0,"flat_sell_skips":0,"hold_signals":403,"risk_blocked_signals":0,"sell_signals":1,"stop_loss_exits":16,"take_profit_exits":1},"starting_equity":500,"total_return":-0.00026233590566482334,"trade_analysis":{"average_loss":-2.731072851369639,"average_trade_duration_days":12.105263157894736,"average_win":5.89546318582882,"expectancy":-0.006903576464862744,"largest_loss":-4.423539005720337,"largest_win":11.51540641971021,"max_trade_duration_days":45.0,"median_trade_duration_days":7.0,"profit_factor":0.9963055388579224,"time_in_market_percent":0.3604780252073402,"total_trades":19,"win_rate":0.3157894736842105}}