{"capital_utilization":{"average_cash_percent":0.9626636817393598,"average_exposure_percent":0.03733631826064025,"average_leverage":0.03733631826064025,"average_position_value":203.18433273001892,"max_exposure_percent":0.4048231995454858},"closed_trades":6,"equity_curve":[],"final_equity":518.412485256293,"max_drawdown":0.017620598425925088,"open_trades":0,"profit_factor":3.2666920962173225,"sharpe":0.8656128125956564,"signal_diagnostics":{"buy_signals":6,"duplicate_buy_skips":0,"flat_sell_skips":0,"hold_signals":541,"risk_blocked_signals":0,"sell_signals":1,"stop_loss_exits":4,"take_profit_exits":1},"starting_equity":500,"total_return":0.03682497051258604,"trade_analysis":{"average_loss":-2.707688042709163,"average_trade_duration_days":10.333333333333334,"average_win":8.845183128140174,"expectancy":3.068747542715506,"largest_loss":-5.82676891893068,"largest_win":13.555078239067361,"max_trade_duration_days":18.0,"median_trade_duration_days":12.0,"profit_factor":3.2666920962173225,"time_in_market_percent":0.0771104316733171,"total_trades":6,"win_rate":0.5}}