{"capital_utilization":{"average_cash_percent":0.8610027489596955,"average_exposure_percent":0.13899725104030447,"average_leverage":0.13899725104030447,"average_position_value":185.26155491715568,"max_exposure_percent":0.4217822064528013},"closed_trades":24,"equity_curve":[],"final_equity":571.9873094933944,"max_drawdown":0.20596241477554897,"open_trades":0,"profit_factor":1.3770103829848612,"sharpe":0.5047787431937785,"signal_diagnostics":{"buy_signals":24,"duplicate_buy_skips":0,"flat_sell_skips":0,"hold_signals":505,"risk_blocked_signals":0,"sell_signals":8,"stop_loss_exits":13,"take_profit_exits":3},"starting_equity":500,"total_return":0.14397461898678876,"trade_analysis":{"average_loss":-14.687885521359977,"average_trade_duration_days":10.416666666666666,"average_win":23.9027110246431,"expectancy":2.9994712288914323,"largest_loss":-22.11222658075532,"largest_win":41.2005744071924,"max_trade_duration_days":26.0,"median_trade_duration_days":9.0,"profit_factor":1.3770103829848612,"time_in_market_percent":0.3109291599730528,"total_trades":24,"win_rate":0.4583333333333333}}