{"capital_utilization":{"average_cash_percent":0.7968574605297863,"average_exposure_percent":0.20314253947021363,"average_leverage":0.20314253947021363,"average_position_value":192.51511253009932,"max_exposure_percent":0.40916724488732553},"closed_trades":29,"equity_curve":[],"final_equity":501.6779982415008,"max_drawdown":0.09535817720339605,"open_trades":0,"profit_factor":1.017512613444865,"sharpe":0.06520033798884646,"signal_diagnostics":{"buy_signals":29,"duplicate_buy_skips":0,"flat_sell_skips":0,"hold_signals":383,"risk_blocked_signals":0,"sell_signals":6,"stop_loss_exits":21,"take_profit_exits":1},"starting_equity":500,"total_return":0.0033559964830016664,"trade_analysis":{"average_loss":-5.323141792703527,"average_trade_duration_days":9.44971264367816,"average_win":8.863140955469483,"expectancy":0.057862008327614525,"largest_loss":-10.55929999847347,"largest_win":18.282956378279355,"max_trade_duration_days":20.0,"median_trade_duration_days":9.0,"profit_factor":1.017512613444865,"time_in_market_percent":0.4295043427153399,"total_trades":29,"win_rate":0.3793103448275862}}