{"capital_utilization":{"average_cash_percent":0.8285021940586462,"average_exposure_percent":0.17149780594135375,"average_leverage":0.17149780594135375,"average_position_value":174.77736066172972,"max_exposure_percent":0.42462203086874384},"closed_trades":14,"equity_curve":[],"final_equity":475.294096187428,"max_drawdown":0.2885058065671408,"open_trades":0,"profit_factor":0.8344280196065759,"sharpe":-0.11127042587001044,"signal_diagnostics":{"buy_signals":14,"duplicate_buy_skips":0,"flat_sell_skips":0,"hold_signals":412,"risk_blocked_signals":0,"sell_signals":5,"stop_loss_exits":8,"take_profit_exits":1},"starting_equity":500,"total_return":-0.049411807625143966,"trade_analysis":{"average_loss":-18.651935969077453,"average_trade_duration_days":18.502976190476193,"average_win":20.751597323341276,"expectancy":-1.7647074151837128,"largest_loss":-22.624247885835484,"largest_win":41.439464862571086,"max_trade_duration_days":33.0,"median_trade_duration_days":19.979166666666664,"profit_factor":0.8344280196065759,"time_in_market_percent":0.40599490628877427,"total_trades":14,"win_rate":0.42857142857142855}}