{"capital_utilization":{"average_cash_percent":0.9287932755150131,"average_exposure_percent":0.07120672448498684,"average_leverage":0.07120672448498684,"average_position_value":208.61038043552708,"max_exposure_percent":0.40631937443589444},"closed_trades":11,"equity_curve":[],"final_equity":544.4787167640368,"max_drawdown":0.02854580799162116,"open_trades":0,"profit_factor":2.5881741345046096,"sharpe":1.084178019309821,"signal_diagnostics":{"buy_signals":11,"duplicate_buy_skips":0,"flat_sell_skips":0,"hold_signals":531,"risk_blocked_signals":0,"sell_signals":7,"stop_loss_exits":4,"take_profit_exits":0},"starting_equity":500,"total_return":0.08895743352807362,"trade_analysis":{"average_loss":-7.001549105619764,"average_trade_duration_days":11.359848484848486,"average_win":10.35498759807369,"expectancy":4.043519705821524,"largest_loss":-7.934207639073054,"largest_win":13.19977019788612,"max_trade_duration_days":21.0,"median_trade_duration_days":11.0,"profit_factor":2.5881741345046096,"time_in_market_percent":0.15541275845986424,"total_trades":11,"win_rate":0.6363636363636364}}