{"capital_utilization":{"average_cash_percent":0.8292960989277509,"average_exposure_percent":0.17070390107224906,"average_leverage":0.17070390107224906,"average_position_value":201.4334541952116,"max_exposure_percent":0.40580509370287227},"closed_trades":16,"equity_curve":[],"final_equity":525.5311633142006,"max_drawdown":0.040656301752314765,"open_trades":0,"profit_factor":1.7820835030710593,"sharpe":0.6699874362667525,"signal_diagnostics":{"buy_signals":16,"duplicate_buy_skips":0,"flat_sell_skips":0,"hold_signals":409,"risk_blocked_signals":0,"sell_signals":1,"stop_loss_exits":14,"take_profit_exits":0},"starting_equity":500,"total_return":0.051062326628401156,"trade_analysis":{"average_loss":-3.2645060551649103,"average_trade_duration_days":15.5625,"average_win":9.696037310974946,"expectancy":1.5956977071375362,"largest_loss":-7.210390855098227,"largest_win":13.343832373614344,"max_trade_duration_days":42.0,"median_trade_duration_days":11.0,"profit_factor":1.7820835030710593,"time_in_market_percent":0.39025664468099003,"total_trades":16,"win_rate":0.375}}