{"capital_utilization":{"average_cash_percent":0.8134328047465232,"average_exposure_percent":0.18656719525347673,"average_leverage":0.18656719525347673,"average_position_value":199.85779551804472,"max_exposure_percent":0.4091600125959682},"closed_trades":30,"equity_curve":[],"final_equity":516.1373209318526,"max_drawdown":0.06493625711269103,"open_trades":0,"profit_factor":1.1690397523388283,"sharpe":0.25268855153282227,"signal_diagnostics":{"buy_signals":30,"duplicate_buy_skips":0,"flat_sell_skips":0,"hold_signals":380,"risk_blocked_signals":0,"sell_signals":10,"stop_loss_exits":20,"take_profit_exits":0},"starting_equity":500,"total_return":0.03227464186370521,"trade_analysis":{"average_loss":-5.615567695338319,"average_trade_duration_days":8.068055555555555,"average_win":8.584767057892613,"expectancy":0.537910697728419,"largest_loss":-11.210045928611976,"largest_win":19.29531512392232,"max_trade_duration_days":20.0,"median_trade_duration_days":7.0,"profit_factor":1.1690397523388283,"time_in_market_percent":0.3793508783386665,"total_trades":30,"win_rate":0.43333333333333335}}