{"capital_utilization":{"average_cash_percent":0.8823024571354996,"average_exposure_percent":0.11769754286450045,"average_leverage":0.11769754286450045,"average_position_value":209.6494680335329,"max_exposure_percent":0.418223262452041},"closed_trades":16,"equity_curve":[],"final_equity":563.7224065323339,"max_drawdown":0.10520203316057153,"open_trades":0,"profit_factor":1.4268118270402024,"sharpe":0.4920879492263461,"signal_diagnostics":{"buy_signals":16,"duplicate_buy_skips":0,"flat_sell_skips":0,"hold_signals":522,"risk_blocked_signals":0,"sell_signals":0,"stop_loss_exits":12,"take_profit_exits":3},"starting_equity":500,"total_return":0.12744481306466793,"trade_analysis":{"average_loss":-16.58873288863816,"average_trade_duration_days":13.752604166666666,"average_win":30.431571790011052,"expectancy":3.9826504082708705,"largest_loss":-22.996622356804348,"largest_win":72.51957621490268,"max_trade_duration_days":41.0,"median_trade_duration_days":11.020833333333332,"profit_factor":1.4268118270402024,"time_in_market_percent":0.27366948230294863,"total_trades":16,"win_rate":0.4375}}