{"capital_utilization":{"average_cash_percent":0.8755856820781684,"average_exposure_percent":0.12441431792183161,"average_leverage":0.12441431792183161,"average_position_value":212.75133687547418,"max_exposure_percent":0.4048108063246924},"closed_trades":25,"equity_curve":[],"final_equity":566.4114231324824,"max_drawdown":0.04453587036403901,"open_trades":0,"profit_factor":2.4788362136479427,"sharpe":1.309085841640382,"signal_diagnostics":{"buy_signals":25,"duplicate_buy_skips":0,"flat_sell_skips":0,"hold_signals":503,"risk_blocked_signals":0,"sell_signals":7,"stop_loss_exits":12,"take_profit_exits":5},"starting_equity":500,"total_return":0.13282284626496477,"trade_analysis":{"average_loss":-3.742324680694969,"average_trade_duration_days":8.64,"average_win":8.56302456160169,"expectancy":2.6564569252992936,"largest_loss":-6.226820358148979,"largest_win":19.287738239730086,"max_trade_duration_days":20.0,"median_trade_duration_days":7.0,"profit_factor":2.4788362136479427,"time_in_market_percent":0.26864279421671766,"total_trades":25,"win_rate":0.52}}