{"capital_utilization":{"average_cash_percent":0.7046606010571201,"average_exposure_percent":0.29533939894287986,"average_leverage":0.29533939894287986,"average_position_value":208.819565018815,"max_exposure_percent":0.4043872855581506},"closed_trades":49,"equity_curve":[],"final_equity":522.2275118001861,"max_drawdown":0.04616664219854809,"open_trades":0,"profit_factor":1.292282782338833,"sharpe":0.4387786673083042,"signal_diagnostics":{"buy_signals":49,"duplicate_buy_skips":0,"flat_sell_skips":0,"hold_signals":455,"risk_blocked_signals":0,"sell_signals":7,"stop_loss_exits":41,"take_profit_exits":0},"starting_equity":500,"total_return":0.044455023600372234,"trade_analysis":{"average_loss":-3.0419187366867932,"average_trade_duration_days":10.653061224489797,"average_win":4.094811675723164,"expectancy":0.4536226897997163,"largest_loss":-5.652393262999128,"largest_win":11.179247935695765,"max_trade_duration_days":37.0,"median_trade_duration_days":9.0,"profit_factor":1.292282782338833,"time_in_market_percent":0.6492200860237343,"total_trades":49,"win_rate":0.4897959183673469}}