{"capital_utilization":{"average_cash_percent":0.8825950755488257,"average_exposure_percent":0.1174049244511744,"average_leverage":0.1174049244511744,"average_position_value":182.36146370831793,"max_exposure_percent":0.4217822064528013},"closed_trades":24,"equity_curve":[],"final_equity":535.1552009680587,"max_drawdown":0.20933737451445414,"open_trades":0,"profit_factor":1.1871044603775376,"sharpe":0.3172017529281635,"signal_diagnostics":{"buy_signals":24,"duplicate_buy_skips":0,"flat_sell_skips":0,"hold_signals":505,"risk_blocked_signals":0,"sell_signals":2,"stop_loss_exits":12,"take_profit_exits":10},"starting_equity":500,"total_return":0.07031040193611737,"trade_analysis":{"average_loss":-15.657564094197653,"average_trade_duration_days":8.581597222222223,"average_win":18.587164174869212,"expectancy":1.4648000403357795,"largest_loss":-22.01824126338964,"largest_win":28.026925172117114,"max_trade_duration_days":26.0,"median_trade_duration_days":6.5,"profit_factor":1.1871044603775376,"time_in_market_percent":0.2561538062911334,"total_trades":24,"win_rate":0.5}}