{"capital_utilization":{"average_cash_percent":0.9503672273679088,"average_exposure_percent":0.04963277263209117,"average_leverage":0.04963277263209117,"average_position_value":206.17222495721003,"max_exposure_percent":0.40593176863340846},"closed_trades":9,"equity_curve":[],"final_equity":533.1403023195656,"max_drawdown":0.04067132294288093,"open_trades":0,"profit_factor":2.8101915186885194,"sharpe":0.7684728815968801,"signal_diagnostics":{"buy_signals":9,"duplicate_buy_skips":0,"flat_sell_skips":0,"hold_signals":534,"risk_blocked_signals":0,"sell_signals":4,"stop_loss_exits":4,"take_profit_exits":1},"starting_equity":500,"total_return":0.06628060463913132,"trade_analysis":{"average_loss":-4.576905534224318,"average_trade_duration_days":9.662037037037038,"average_win":10.28958489129258,"expectancy":3.6822558132850705,"largest_loss":-7.411171955648571,"largest_win":20.23452159331976,"max_trade_duration_days":20.0,"median_trade_duration_days":8.0,"profit_factor":2.8101915186885194,"time_in_market_percent":0.10815152614396022,"total_trades":9,"win_rate":0.5555555555555556}}