{"capital_utilization":{"average_cash_percent":0.7613247305702482,"average_exposure_percent":0.23867526942975179,"average_leverage":0.23867526942975179,"average_position_value":209.05987258426813,"max_exposure_percent":0.403940312706394},"closed_trades":35,"equity_curve":[],"final_equity":519.7693696535446,"max_drawdown":0.039852821358597336,"open_trades":0,"profit_factor":1.3107190844383783,"sharpe":0.42332825497182824,"signal_diagnostics":{"buy_signals":35,"duplicate_buy_skips":0,"flat_sell_skips":0,"hold_signals":483,"risk_blocked_signals":0,"sell_signals":1,"stop_loss_exits":34,"take_profit_exits":0},"starting_equity":500,"total_return":0.03953873930708918,"trade_analysis":{"average_loss":-3.1812287438471114,"average_trade_duration_days":12.684523809523808,"average_win":5.559596302032451,"expectancy":0.5648391329584157,"largest_loss":-4.938672668745836,"largest_win":13.385461052569175,"max_trade_duration_days":35.0,"median_trade_duration_days":10.0,"profit_factor":1.3107190844383783,"time_in_market_percent":0.5521583665854796,"total_trades":35,"win_rate":0.42857142857142855}}