{"capital_utilization":{"average_cash_percent":0.889299395155469,"average_exposure_percent":0.11070060484453101,"average_leverage":0.11070060484453101,"average_position_value":200.4650725903708,"max_exposure_percent":0.4054323464308254},"closed_trades":22,"equity_curve":[],"final_equity":509.2630286405384,"max_drawdown":0.03816809536423152,"open_trades":0,"profit_factor":1.1583657160758558,"sharpe":0.21094357185719764,"signal_diagnostics":{"buy_signals":22,"duplicate_buy_skips":0,"flat_sell_skips":0,"hold_signals":508,"risk_blocked_signals":0,"sell_signals":6,"stop_loss_exits":10,"take_profit_exits":6},"starting_equity":500,"total_return":0.018526057281076813,"trade_analysis":{"average_loss":-5.317397815906438,"average_trade_duration_days":8.49810606060606,"average_win":6.159491328682654,"expectancy":0.4210467563881075,"largest_loss":-6.643911940835838,"largest_win":11.267853905035583,"max_trade_duration_days":23.0,"median_trade_duration_days":6.0,"profit_factor":1.1583657160758558,"time_in_market_percent":0.23252319013318132,"total_trades":22,"win_rate":0.5}}