{"capital_utilization":{"average_cash_percent":0.7504057488300812,"average_exposure_percent":0.24959425116991882,"average_leverage":0.24959425116991882,"average_position_value":202.2897089848176,"max_exposure_percent":0.4038069930679539},"closed_trades":33,"equity_curve":[],"final_equity":513.1150924885404,"max_drawdown":0.024262249946802577,"open_trades":0,"profit_factor":1.2975402877673927,"sharpe":0.38129086871067924,"signal_diagnostics":{"buy_signals":33,"duplicate_buy_skips":0,"flat_sell_skips":0,"hold_signals":487,"risk_blocked_signals":0,"sell_signals":0,"stop_loss_exits":33,"take_profit_exits":0},"starting_equity":500,"total_return":0.02623018497708096,"trade_analysis":{"average_loss":-2.098970255175187,"average_trade_duration_days":14.150252525252524,"average_win":4.766122320601618,"expectancy":0.3974270451072872,"largest_loss":-4.5487194196290766,"largest_win":11.138951193204118,"max_trade_duration_days":50.0,"median_trade_duration_days":9.0,"profit_factor":1.2975402877673927,"time_in_market_percent":0.5807638493030005,"total_trades":33,"win_rate":0.36363636363636365}}