{"capital_utilization":{"average_cash_percent":0.8413279138650884,"average_exposure_percent":0.15867208613491152,"average_leverage":0.15867208613491152,"average_position_value":211.17381935475396,"max_exposure_percent":0.4103082486304744},"closed_trades":32,"equity_curve":[],"final_equity":569.0412014232523,"max_drawdown":0.064378824532696,"open_trades":0,"profit_factor":1.6736077176170439,"sharpe":0.7811560927640665,"signal_diagnostics":{"buy_signals":32,"duplicate_buy_skips":0,"flat_sell_skips":0,"hold_signals":489,"risk_blocked_signals":0,"sell_signals":17,"stop_loss_exits":11,"take_profit_exits":3},"starting_equity":500,"total_return":0.13808240284650464,"trade_analysis":{"average_loss":-8.541222586182736,"average_trade_duration_days":8.53125,"average_win":8.576793622872259,"expectancy":2.1575375444766363,"largest_loss":-13.296608105380965,"largest_win":30.48423825687986,"max_trade_duration_days":20.0,"median_trade_duration_days":7.0,"profit_factor":1.6736077176170439,"time_in_market_percent":0.3395346426905737,"total_trades":32,"win_rate":0.625}}