{"capital_utilization":{"average_cash_percent":0.8126066801712313,"average_exposure_percent":0.18739331982876875,"average_leverage":0.18739331982876875,"average_position_value":211.4394311739486,"max_exposure_percent":0.41829230882580243},"closed_trades":33,"equity_curve":[],"final_equity":687.9784891087414,"max_drawdown":0.17870766183057823,"open_trades":0,"profit_factor":1.8592855093289142,"sharpe":1.00628684091417,"signal_diagnostics":{"buy_signals":33,"duplicate_buy_skips":0,"flat_sell_skips":0,"hold_signals":486,"risk_blocked_signals":0,"sell_signals":17,"stop_loss_exits":14,"take_profit_exits":2},"starting_equity":500,"total_return":0.37595697821748275,"trade_analysis":{"average_loss":-15.625813295542406,"average_trade_duration_days":10.212121212121213,"average_win":21.40736185507027,"expectancy":5.6963178517800435,"largest_loss":-22.909933991491684,"largest_win":40.83374702530069,"max_trade_duration_days":22.0,"median_trade_duration_days":10.0,"profit_factor":1.8592855093289142,"time_in_market_percent":0.4191325076436752,"total_trades":33,"win_rate":0.5757575757575758}}