{"capital_utilization":{"average_cash_percent":0.9567167549073043,"average_exposure_percent":0.04328324509269569,"average_leverage":0.04328324509269569,"average_position_value":208.58575691758654,"max_exposure_percent":0.40790802135030113},"closed_trades":9,"equity_curve":[],"final_equity":520.7496958445463,"max_drawdown":0.03542100474962427,"open_trades":0,"profit_factor":2.200742421484161,"sharpe":0.7484215553942359,"signal_diagnostics":{"buy_signals":9,"duplicate_buy_skips":0,"flat_sell_skips":0,"hold_signals":534,"risk_blocked_signals":0,"sell_signals":1,"stop_loss_exits":6,"take_profit_exits":2},"starting_equity":500,"total_return":0.04149939168909267,"trade_analysis":{"average_loss":-3.4561443775591547,"average_trade_duration_days":7.888888888888889,"average_win":9.507604433085504,"expectancy":2.305521760505138,"largest_loss":-10.132400472388287,"largest_win":16.142194916517802,"max_trade_duration_days":19.0,"median_trade_duration_days":4.0,"profit_factor":2.200742421484161,"time_in_market_percent":0.088303881432347,"total_trades":9,"win_rate":0.4444444444444444}}