{"capital_utilization":{"average_cash_percent":0.9304906919883488,"average_exposure_percent":0.06950930801165127,"average_leverage":0.06950930801165127,"average_position_value":202.18797823855138,"max_exposure_percent":0.4135321730362888},"closed_trades":12,"equity_curve":[],"final_equity":582.5480078595175,"max_drawdown":0.08035781310182592,"open_trades":0,"profit_factor":2.0681714136234257,"sharpe":0.7546071560018928,"signal_diagnostics":{"buy_signals":12,"duplicate_buy_skips":0,"flat_sell_skips":0,"hold_signals":530,"risk_blocked_signals":0,"sell_signals":0,"stop_loss_exits":9,"take_profit_exits":2},"starting_equity":500,"total_return":0.1650960157190351,"trade_analysis":{"average_loss":-11.039962688532508,"average_trade_duration_days":10.17013888888889,"average_win":31.965549335849012,"expectancy":6.8790006549597935,"largest_loss":-16.52263066381161,"largest_win":71.7150983983857,"max_trade_duration_days":27.0,"median_trade_duration_days":8.0,"profit_factor":2.0681714136234257,"time_in_market_percent":0.15178525159351197,"total_trades":12,"win_rate":0.4166666666666667}}