{"capital_utilization":{"average_cash_percent":0.7051437191940879,"average_exposure_percent":0.29485628080591203,"average_leverage":0.29485628080591203,"average_position_value":205.81394074875328,"max_exposure_percent":0.40459241954622455},"closed_trades":37,"equity_curve":[],"final_equity":524.4400045028927,"max_drawdown":0.027204338080760726,"open_trades":0,"profit_factor":1.5736735118426988,"sharpe":0.6876817445506866,"signal_diagnostics":{"buy_signals":37,"duplicate_buy_skips":0,"flat_sell_skips":0,"hold_signals":479,"risk_blocked_signals":0,"sell_signals":0,"stop_loss_exits":36,"take_profit_exits":0},"starting_equity":500,"total_return":0.048880009005785485,"trade_analysis":{"average_loss":-2.5060374830305534,"average_trade_duration_days":14.64864864864865,"average_win":3.3521320857206094,"expectancy":0.6605406622403455,"largest_loss":-5.747210063050828,"largest_win":11.073488342264636,"max_trade_duration_days":50.0,"median_trade_duration_days":12.0,"profit_factor":1.5736735118426988,"time_in_market_percent":0.6740944188215785,"total_trades":37,"win_rate":0.5405405405405406}}