{"capital_utilization":{"average_cash_percent":0.8018314585944643,"average_exposure_percent":0.19816854140553578,"average_leverage":0.19816854140553578,"average_position_value":207.05739766836376,"max_exposure_percent":0.40653676529540106},"closed_trades":20,"equity_curve":[],"final_equity":549.5923990669313,"max_drawdown":0.0416385445296341,"open_trades":0,"profit_factor":1.994382953888726,"sharpe":0.8448199191372066,"signal_diagnostics":{"buy_signals":20,"duplicate_buy_skips":0,"flat_sell_skips":0,"hold_signals":512,"risk_blocked_signals":0,"sell_signals":5,"stop_loss_exits":12,"take_profit_exits":3},"starting_equity":500,"total_return":0.09918479813386272,"trade_analysis":{"average_loss":-4.533866854358885,"average_trade_duration_days":18.502083333333335,"average_win":11.05165938498656,"expectancy":2.4796199533465653,"largest_loss":-8.05602913487387,"largest_win":24.24672273638164,"max_trade_duration_days":52.041666666666664,"median_trade_duration_days":15.5,"profit_factor":1.994382953888726,"time_in_market_percent":0.4602269782867804,"total_trades":20,"win_rate":0.45}}