{"capital_utilization":{"average_cash_percent":0.803298995120113,"average_exposure_percent":0.19670100487988695,"average_leverage":0.19670100487988695,"average_position_value":207.76665777663334,"max_exposure_percent":0.4058306855434964},"closed_trades":20,"equity_curve":[],"final_equity":539.7633097813317,"max_drawdown":0.04662419121102451,"open_trades":0,"profit_factor":1.9111472388091582,"sharpe":0.6789476700309344,"signal_diagnostics":{"buy_signals":20,"duplicate_buy_skips":0,"flat_sell_skips":0,"hold_signals":512,"risk_blocked_signals":0,"sell_signals":3,"stop_loss_exits":15,"take_profit_exits":2},"starting_equity":500,"total_return":0.07952661956266338,"trade_analysis":{"average_loss":-4.848991845745441,"average_trade_duration_days":18.502083333333335,"average_win":7.5822033084582445,"expectancy":1.9881654890665856,"largest_loss":-7.326008546179447,"largest_win":23.969326099149622,"max_trade_duration_days":48.0,"median_trade_duration_days":18.0,"profit_factor":1.9111472388091582,"time_in_market_percent":0.4602269782867804,"total_trades":20,"win_rate":0.55}}