{"capital_utilization":{"average_cash_percent":0.8414238115104336,"average_exposure_percent":0.1585761884895665,"average_leverage":0.1585761884895665,"average_position_value":212.0885658967466,"max_exposure_percent":0.4112523218503656},"closed_trades":25,"equity_curve":[],"final_equity":576.3295658891924,"max_drawdown":0.05293193251296005,"open_trades":0,"profit_factor":1.9924132655796136,"sharpe":1.0589542068103517,"signal_diagnostics":{"buy_signals":25,"duplicate_buy_skips":0,"flat_sell_skips":0,"hold_signals":503,"risk_blocked_signals":0,"sell_signals":14,"stop_loss_exits":9,"take_profit_exits":2},"starting_equity":500,"total_return":0.15265913177838475,"trade_analysis":{"average_loss":-7.691308503883457,"average_trade_duration_days":11.64,"average_win":10.216176728535126,"expectancy":3.0531826355676945,"largest_loss":-13.738546456346608,"largest_win":17.906905139605783,"max_trade_duration_days":21.958333333333332,"median_trade_duration_days":12.0,"profit_factor":1.9924132655796136,"time_in_market_percent":0.3619215422086335,"total_trades":25,"win_rate":0.6}}