{"capital_utilization":{"average_cash_percent":0.7921444092233333,"average_exposure_percent":0.2078555907766667,"average_leverage":0.2078555907766667,"average_position_value":211.53228099913548,"max_exposure_percent":0.40579091967530273},"closed_trades":29,"equity_curve":[],"final_equity":561.0546946789674,"max_drawdown":0.03405922411554598,"open_trades":0,"profit_factor":2.2593621366618235,"sharpe":1.0472217777772315,"signal_diagnostics":{"buy_signals":29,"duplicate_buy_skips":0,"flat_sell_skips":0,"hold_signals":495,"risk_blocked_signals":0,"sell_signals":4,"stop_loss_exits":25,"take_profit_exits":0},"starting_equity":500,"total_return":0.1221093893579348,"trade_analysis":{"average_loss":-3.4629035548790026,"average_trade_duration_days":13.241379310344827,"average_win":7.302356296484898,"expectancy":2.1053342992747384,"largest_loss":-7.399601372369549,"largest_win":20.594039300434854,"max_trade_duration_days":30.0,"median_trade_duration_days":10.0,"profit_factor":2.2593621366618235,"time_in_market_percent":0.47758718971860914,"total_trades":29,"win_rate":0.5172413793103449}}