{"capital_utilization":{"average_cash_percent":0.8047452779740971,"average_exposure_percent":0.19525472202590288,"average_leverage":0.19525472202590288,"average_position_value":204.27143235662092,"max_exposure_percent":0.4052107191216743},"closed_trades":28,"equity_curve":[],"final_equity":537.9313224165533,"max_drawdown":0.03585289073420452,"open_trades":0,"profit_factor":1.6697471539038338,"sharpe":0.6637925118185664,"signal_diagnostics":{"buy_signals":28,"duplicate_buy_skips":0,"flat_sell_skips":0,"hold_signals":496,"risk_blocked_signals":0,"sell_signals":3,"stop_loss_exits":25,"take_profit_exits":0},"starting_equity":500,"total_return":0.07586264483310656,"trade_analysis":{"average_loss":-3.775685813714278,"average_trade_duration_days":12.751488095238097,"average_win":7.274354586328266,"expectancy":1.3546900863054743,"largest_loss":-6.654848006744271,"largest_win":19.167203330439172,"max_trade_duration_days":30.0,"median_trade_duration_days":9.0,"profit_factor":1.6697471539038338,"time_in_market_percent":0.4440586619681816,"total_trades":28,"win_rate":0.4642857142857143}}