{"capital_utilization":{"average_cash_percent":0.7053673171977957,"average_exposure_percent":0.2946326828022044,"average_leverage":0.2946326828022044,"average_position_value":211.77268955533546,"max_exposure_percent":0.40348324037659594},"closed_trades":22,"equity_curve":[],"final_equity":543.7844058552424,"max_drawdown":0.03181016128647887,"open_trades":0,"profit_factor":2.9149412301149353,"sharpe":1.1260876905192543,"signal_diagnostics":{"buy_signals":22,"duplicate_buy_skips":0,"flat_sell_skips":0,"hold_signals":509,"risk_blocked_signals":0,"sell_signals":4,"stop_loss_exits":17,"take_profit_exits":0},"starting_equity":500,"total_return":0.08756881171048492,"trade_analysis":{"average_loss":-2.858077650548479,"average_trade_duration_days":25.636363636363637,"average_win":4.760644789973592,"expectancy":1.9902002661473852,"largest_loss":-4.420360188203172,"largest_win":15.599055220096048,"max_trade_duration_days":71.0,"median_trade_duration_days":23.520833333333336,"profit_factor":2.9149412301149353,"time_in_market_percent":0.7014561848992071,"total_trades":22,"win_rate":0.6363636363636364}}