{"capital_utilization":{"average_cash_percent":0.9036872945781175,"average_exposure_percent":0.09631270542188251,"average_leverage":0.09631270542188251,"average_position_value":210.64505311290665,"max_exposure_percent":0.4112511196373174},"closed_trades":17,"equity_curve":[],"final_equity":540.3123950365236,"max_drawdown":0.0407519797156763,"open_trades":0,"profit_factor":1.7377730618514038,"sharpe":0.7323843399819308,"signal_diagnostics":{"buy_signals":17,"duplicate_buy_skips":0,"flat_sell_skips":0,"hold_signals":519,"risk_blocked_signals":0,"sell_signals":4,"stop_loss_exits":9,"take_profit_exits":3},"starting_equity":500,"total_return":0.08062479007304724,"trade_analysis":{"average_loss":-6.830080467996777,"average_trade_duration_days":9.823529411764707,"average_win":10.550337642277535,"expectancy":2.371317355089624,"largest_loss":-14.995831014436865,"largest_win":21.810697841099802,"max_trade_duration_days":26.958333333333332,"median_trade_duration_days":7.0,"profit_factor":1.7377730618514038,"time_in_market_percent":0.20770067886199928,"total_trades":17,"win_rate":0.5294117647058824}}