{"capital_utilization":{"average_cash_percent":0.7817128873118082,"average_exposure_percent":0.21828711268819181,"average_leverage":0.21828711268819181,"average_position_value":211.67155429334963,"max_exposure_percent":0.4073323278492481},"closed_trades":21,"equity_curve":[],"final_equity":543.2871879816109,"max_drawdown":0.06689114075012842,"open_trades":0,"profit_factor":1.7724062220489003,"sharpe":0.7314191976270543,"signal_diagnostics":{"buy_signals":21,"duplicate_buy_skips":0,"flat_sell_skips":0,"hold_signals":510,"risk_blocked_signals":0,"sell_signals":7,"stop_loss_exits":14,"take_profit_exits":0},"starting_equity":500,"total_return":0.08657437596322182,"trade_analysis":{"average_loss":-4.670166503275368,"average_trade_duration_days":19.90674603174603,"average_win":11.036576224546158,"expectancy":2.0612946657909994,"largest_loss":-9.185201762396726,"largest_win":42.196718846979195,"max_trade_duration_days":84.0,"median_trade_duration_days":12.0,"profit_factor":1.7724062220489003,"time_in_market_percent":0.5199253770016065,"total_trades":21,"win_rate":0.42857142857142855}}