{"capital_utilization":{"average_cash_percent":0.9740265216543175,"average_exposure_percent":0.025973478345682505,"average_leverage":0.025973478345682505,"average_position_value":202.58907158478235,"max_exposure_percent":0.40530028252760564},"closed_trades":5,"equity_curve":[],"final_equity":502.56115976217274,"max_drawdown":0.02641051587779468,"open_trades":0,"profit_factor":1.2289197638934055,"sharpe":0.11400689060694744,"signal_diagnostics":{"buy_signals":5,"duplicate_buy_skips":0,"flat_sell_skips":0,"hold_signals":543,"risk_blocked_signals":0,"sell_signals":0,"stop_loss_exits":4,"take_profit_exits":1},"starting_equity":500,"total_return":0.005122319524345498,"trade_analysis":{"average_loss":-3.7293412600310547,"average_trade_duration_days":8.8,"average_win":6.874591771132949,"expectancy":0.5122319524345466,"largest_loss":-6.535562297959705,"largest_win":11.077650271296875,"max_trade_duration_days":13.0,"median_trade_duration_days":10.0,"profit_factor":1.2289197638934055,"time_in_market_percent":0.0547235321552573,"total_trades":5,"win_rate":0.4}}