{"capital_utilization":{"average_cash_percent":0.9398184693150358,"average_exposure_percent":0.060181530684964214,"average_leverage":0.060181530684964214,"average_position_value":209.10072507858644,"max_exposure_percent":0.40567794480041136},"closed_trades":8,"equity_curve":[],"final_equity":566.8833726185887,"max_drawdown":0.023857310460030406,"open_trades":0,"profit_factor":6.140517900139671,"sharpe":1.8062488424789724,"signal_diagnostics":{"buy_signals":8,"duplicate_buy_skips":0,"flat_sell_skips":0,"hold_signals":537,"risk_blocked_signals":0,"sell_signals":4,"stop_loss_exits":2,"take_profit_exits":2},"starting_equity":500,"total_return":0.13376674523717758,"trade_analysis":{"average_loss":-6.505509164433752,"average_trade_duration_days":13.125,"average_win":13.315731824576043,"expectancy":8.360421577323592,"largest_loss":-6.867969777374319,"largest_win":19.53193404732638,"max_trade_duration_days":20.0,"median_trade_duration_days":12.0,"profit_factor":6.140517900139671,"time_in_market_percent":0.13059024718868217,"total_trades":8,"win_rate":0.75}}