{"capital_utilization":{"average_cash_percent":0.8615066954594965,"average_exposure_percent":0.13849330454050351,"average_leverage":0.13849330454050351,"average_position_value":197.76942379148102,"max_exposure_percent":0.4037842486939074},"closed_trades":9,"equity_curve":[],"final_equity":510.8761200052343,"max_drawdown":0.030146972312772958,"open_trades":0,"profit_factor":1.5128305572806553,"sharpe":0.4937917887712986,"signal_diagnostics":{"buy_signals":9,"duplicate_buy_skips":0,"flat_sell_skips":0,"hold_signals":423,"risk_blocked_signals":0,"sell_signals":0,"stop_loss_exits":8,"take_profit_exits":0},"starting_equity":500,"total_return":0.021752240010468604,"trade_analysis":{"average_loss":-3.534669769194414,"average_trade_duration_days":23.555555555555557,"average_win":10.69471287346694,"expectancy":1.208457778359371,"largest_loss":-4.532217282212408,"largest_win":17.285624272082547,"max_trade_duration_days":52.0,"median_trade_duration_days":21.0,"profit_factor":1.5128305572806553,"time_in_market_percent":0.3322667014954614,"total_trades":9,"win_rate":0.3333333333333333}}