{"capital_utilization":{"average_cash_percent":0.961129077305568,"average_exposure_percent":0.03887092269443204,"average_leverage":0.03887092269443204,"average_position_value":207.78190829572287,"max_exposure_percent":0.40456132755636376},"closed_trades":5,"equity_curve":[],"final_equity":515.7532154830262,"max_drawdown":0.03530228246843624,"open_trades":0,"profit_factor":1.951904744244536,"sharpe":0.5426366003193074,"signal_diagnostics":{"buy_signals":5,"duplicate_buy_skips":0,"flat_sell_skips":0,"hold_signals":543,"risk_blocked_signals":0,"sell_signals":0,"stop_loss_exits":3,"take_profit_exits":2},"starting_equity":500,"total_return":0.031506430966052434,"trade_analysis":{"average_loss":-5.5163837132073965,"average_trade_duration_days":14.2,"average_win":16.15118331132421,"expectancy":3.150643096605246,"largest_loss":-5.857555054427631,"largest_win":17.093080542970622,"max_trade_duration_days":22.958333333333332,"median_trade_duration_days":14.0,"profit_factor":1.951904744244536,"time_in_market_percent":0.088303881432347,"total_trades":5,"win_rate":0.4}}