{"capital_utilization":{"average_cash_percent":0.8061857468440972,"average_exposure_percent":0.19381425315590284,"average_leverage":0.19381425315590284,"average_position_value":205.29627837997535,"max_exposure_percent":0.4052255401709875},"closed_trades":27,"equity_curve":[],"final_equity":539.9878087484178,"max_drawdown":0.04238377769749876,"open_trades":0,"profit_factor":1.7306372400057617,"sharpe":0.69496378113152,"signal_diagnostics":{"buy_signals":27,"duplicate_buy_skips":0,"flat_sell_skips":0,"hold_signals":498,"risk_blocked_signals":0,"sell_signals":2,"stop_loss_exits":25,"take_profit_exits":0},"starting_equity":500,"total_return":0.07997561749683557,"trade_analysis":{"average_loss":-3.909288901611268,"average_trade_duration_days":13.29783950617284,"average_win":7.285988720844271,"expectancy":1.481029953645103,"largest_loss":-6.688178052933413,"largest_win":19.210770243520336,"max_trade_duration_days":30.0,"median_trade_duration_days":13.0,"profit_factor":1.7306372400057617,"time_in_market_percent":0.44654609524796607,"total_trades":27,"win_rate":0.48148148148148145}}