{"capital_utilization":{"average_cash_percent":0.9162413901929852,"average_exposure_percent":0.0837586098070148,"average_leverage":0.0837586098070148,"average_position_value":208.41737725005015,"max_exposure_percent":0.40477203508347825},"closed_trades":19,"equity_curve":[],"final_equity":534.3939538951405,"max_drawdown":0.057463961284238974,"open_trades":0,"profit_factor":2.0023327874350176,"sharpe":0.7439569883873367,"signal_diagnostics":{"buy_signals":19,"duplicate_buy_skips":0,"flat_sell_skips":0,"hold_signals":514,"risk_blocked_signals":0,"sell_signals":8,"stop_loss_exits":9,"take_profit_exits":2},"starting_equity":500,"total_return":0.0687879077902811,"trade_analysis":{"average_loss":-3.8126563160452807,"average_trade_duration_days":7.31798245614035,"average_win":6.870786073954806,"expectancy":1.8102080997442378,"largest_loss":-5.98143889655852,"largest_win":16.879485997146148,"max_trade_duration_days":21.0,"median_trade_duration_days":6.041666666666667,"profit_factor":2.0023327874350176,"time_in_market_percent":0.17292843447167952,"total_trades":19,"win_rate":0.5263157894736842}}