{"capital_utilization":{"average_cash_percent":0.8725951164358263,"average_exposure_percent":0.12740488356417362,"average_leverage":0.12740488356417362,"average_position_value":211.95367741193058,"max_exposure_percent":0.40637971953640734},"closed_trades":22,"equity_curve":[],"final_equity":561.6908436906173,"max_drawdown":0.04720587819720796,"open_trades":0,"profit_factor":2.4303800170965606,"sharpe":1.2096188239791443,"signal_diagnostics":{"buy_signals":22,"duplicate_buy_skips":0,"flat_sell_skips":0,"hold_signals":509,"risk_blocked_signals":0,"sell_signals":8,"stop_loss_exits":9,"take_profit_exits":4},"starting_equity":500,"total_return":0.12338168738123456,"trade_analysis":{"average_loss":-4.792109863055808,"average_trade_duration_days":10.140151515151514,"average_win":8.063064035239965,"expectancy":2.8041292586644215,"largest_loss":-8.274734228347494,"largest_win":19.167523904296957,"max_trade_duration_days":21.0,"median_trade_duration_days":9.020833333333332,"profit_factor":2.4303800170965606,"time_in_market_percent":0.27745245374928745,"total_trades":22,"win_rate":0.5909090909090909}}