{"capital_utilization":{"average_cash_percent":0.8320109100968363,"average_exposure_percent":0.1679890899031637,"average_leverage":0.1679890899031637,"average_position_value":215.53896762774278,"max_exposure_percent":0.41030824863047427},"closed_trades":29,"equity_curve":[],"final_equity":588.8850509890384,"max_drawdown":0.06246013802836761,"open_trades":0,"profit_factor":1.8978921955334325,"sharpe":0.9677073942395655,"signal_diagnostics":{"buy_signals":29,"duplicate_buy_skips":0,"flat_sell_skips":0,"hold_signals":495,"risk_blocked_signals":0,"sell_signals":13,"stop_loss_exits":11,"take_profit_exits":4},"starting_equity":500,"total_return":0.17777010197807686,"trade_analysis":{"average_loss":-8.999364535094463,"average_trade_duration_days":10.241379310344827,"average_win":10.437670048615418,"expectancy":3.0650017582427043,"largest_loss":-13.678581654437384,"largest_win":32.51803152452412,"max_trade_duration_days":28.0,"median_trade_duration_days":9.0,"profit_factor":1.8978921955334325,"time_in_market_percent":0.36938384204798674,"total_trades":29,"win_rate":0.6206896551724138}}