{"capital_utilization":{"average_cash_percent":0.7609849205743167,"average_exposure_percent":0.23901507942568334,"average_leverage":0.23901507942568334,"average_position_value":207.08244585046663,"max_exposure_percent":0.4075254739006812},"closed_trades":36,"equity_curve":[],"final_equity":529.7998168790319,"max_drawdown":0.05838676134213387,"open_trades":0,"profit_factor":1.301148433879039,"sharpe":0.45898532528630803,"signal_diagnostics":{"buy_signals":36,"duplicate_buy_skips":0,"flat_sell_skips":0,"hold_signals":481,"risk_blocked_signals":0,"sell_signals":2,"stop_loss_exits":34,"take_profit_exits":0},"starting_equity":500,"total_return":0.059599633758063764,"trade_analysis":{"average_loss":-5.208100850744811,"average_trade_duration_days":12.138888888888888,"average_win":7.573749002540196,"expectancy":0.8277726910842197,"largest_loss":-9.184355183654977,"largest_win":25.46991831513819,"max_trade_duration_days":41.0,"median_trade_duration_days":9.0,"profit_factor":1.301148433879039,"time_in_market_percent":0.5435041716328962,"total_trades":36,"win_rate":0.4722222222222222}}