{"capital_utilization":{"average_cash_percent":0.8182258040230824,"average_exposure_percent":0.18177419597691757,"average_leverage":0.18177419597691757,"average_position_value":190.00834451471331,"max_exposure_percent":0.40679894113779763},"closed_trades":36,"equity_curve":[],"final_equity":470.38588544473555,"max_drawdown":0.09495153485106163,"open_trades":0,"profit_factor":0.6932002691097044,"sharpe":-0.6451360967217179,"signal_diagnostics":{"buy_signals":36,"duplicate_buy_skips":0,"flat_sell_skips":0,"hold_signals":368,"risk_blocked_signals":0,"sell_signals":4,"stop_loss_exits":23,"take_profit_exits":9},"starting_equity":500,"total_return":-0.05922822911052894,"trade_analysis":{"average_loss":-4.196777468867406,"average_trade_duration_days":6.443287037037037,"average_win":5.147059017591222,"expectancy":-0.8226142932017902,"largest_loss":-8.000767043524212,"largest_win":9.920203206824832,"max_trade_duration_days":21.0,"median_trade_duration_days":5.0,"profit_factor":0.6932002691097044,"time_in_market_percent":0.3635473127408085,"total_trades":36,"win_rate":0.3611111111111111}}