{"capital_utilization":{"average_cash_percent":0.9781152775027667,"average_exposure_percent":0.02188472249723328,"average_leverage":0.02188472249723328,"average_position_value":197.28267280399848,"max_exposure_percent":0.4062666884976091},"closed_trades":3,"equity_curve":[],"final_equity":480.46903053271274,"max_drawdown":0.04209048268451839,"open_trades":0,"profit_factor":0.0,"sharpe":-0.6564551136588762,"signal_diagnostics":{"buy_signals":3,"duplicate_buy_skips":0,"flat_sell_skips":0,"hold_signals":434,"risk_blocked_signals":0,"sell_signals":0,"stop_loss_exits":3,"take_profit_exits":0},"starting_equity":500,"total_return":-0.03906193893457455,"trade_analysis":{"average_loss":-6.510323155762419,"average_trade_duration_days":8.666666666666666,"average_win":0,"expectancy":-6.510323155762419,"largest_loss":-7.342143964812963,"largest_win":0,"max_trade_duration_days":11.0,"median_trade_duration_days":11.0,"profit_factor":0.0,"time_in_market_percent":0.04074968980604715,"total_trades":3,"win_rate":0.0}}