{"capital_utilization":{"average_cash_percent":0.9153547955295934,"average_exposure_percent":0.0846452044704066,"average_leverage":0.0846452044704066,"average_position_value":217.128047147232,"max_exposure_percent":0.40631937443589444},"closed_trades":11,"equity_curve":[],"final_equity":571.7238535065126,"max_drawdown":0.027316387795341634,"open_trades":0,"profit_factor":3.4403154462481735,"sharpe":1.5345633122240172,"signal_diagnostics":{"buy_signals":11,"duplicate_buy_skips":0,"flat_sell_skips":0,"hold_signals":531,"risk_blocked_signals":0,"sell_signals":6,"stop_loss_exits":4,"take_profit_exits":1},"starting_equity":500,"total_return":0.14344770701302512,"trade_analysis":{"average_loss":-7.347805548744043,"average_trade_duration_days":13.541666666666668,"average_win":14.445010814498383,"expectancy":6.520350318773865,"largest_loss":-8.223993147681032,"largest_win":21.491938190806298,"max_trade_duration_days":22.0,"median_trade_duration_days":15.958333333333334,"profit_factor":3.4403154462481735,"time_in_market_percent":0.1852619578172773,"total_trades":11,"win_rate":0.6363636363636364}}