{"capital_utilization":{"average_cash_percent":0.8855987641034744,"average_exposure_percent":0.11440123589652561,"average_leverage":0.11440123589652561,"average_position_value":191.35580073613056,"max_exposure_percent":0.40713373997833374},"closed_trades":20,"equity_curve":[],"final_equity":492.0543135761146,"max_drawdown":0.08465568871308864,"open_trades":0,"profit_factor":0.8768803495818689,"sharpe":-0.13424126522197252,"signal_diagnostics":{"buy_signals":20,"duplicate_buy_skips":0,"flat_sell_skips":0,"hold_signals":400,"risk_blocked_signals":0,"sell_signals":6,"stop_loss_exits":13,"take_profit_exits":1},"starting_equity":500,"total_return":-0.015891372847770757,"trade_analysis":{"average_loss":-5.866936163244251,"average_trade_duration_days":7.3,"average_win":6.287845707977933,"expectancy":-0.3972843211942675,"largest_loss":-8.252685504258215,"largest_win":14.202818162782105,"max_trade_duration_days":18.0,"median_trade_duration_days":7.0,"profit_factor":0.8768803495818689,"time_in_market_percent":0.22882518121857248,"total_trades":20,"win_rate":0.45}}