{"capital_utilization":{"average_cash_percent":0.7884339724327567,"average_exposure_percent":0.2115660275672433,"average_leverage":0.2115660275672433,"average_position_value":213.9603219134931,"max_exposure_percent":0.4065174372843566},"closed_trades":17,"equity_curve":[],"final_equity":560.2691355061887,"max_drawdown":0.05775856680247626,"open_trades":0,"profit_factor":2.2859457210575345,"sharpe":0.9462952667477817,"signal_diagnostics":{"buy_signals":17,"duplicate_buy_skips":0,"flat_sell_skips":0,"hold_signals":520,"risk_blocked_signals":0,"sell_signals":5,"stop_loss_exits":11,"take_profit_exits":0},"starting_equity":500,"total_return":0.12053827101237746,"trade_analysis":{"average_loss":-5.207506430591504,"average_trade_duration_days":23.823529411764707,"average_win":13.392086672689025,"expectancy":3.5452432650699217,"largest_loss":-8.568200220572423,"largest_win":48.32579863677813,"max_trade_duration_days":120.0,"median_trade_duration_days":11.0,"profit_factor":2.2859457210575345,"time_in_market_percent":0.5037052391563456,"total_trades":17,"win_rate":0.47058823529411764}}