{"capital_utilization":{"average_cash_percent":0.7001881029349695,"average_exposure_percent":0.2998118970650305,"average_leverage":0.2998118970650305,"average_position_value":209.3403794885917,"max_exposure_percent":0.40532281832360006},"closed_trades":47,"equity_curve":[],"final_equity":522.875679810639,"max_drawdown":0.044908138257383635,"open_trades":0,"profit_factor":1.2723849857774778,"sharpe":0.44842612801514625,"signal_diagnostics":{"buy_signals":47,"duplicate_buy_skips":0,"flat_sell_skips":0,"hold_signals":459,"risk_blocked_signals":0,"sell_signals":3,"stop_loss_exits":41,"take_profit_exits":2},"starting_equity":500,"total_return":0.045751359621277965,"trade_analysis":{"average_loss":-3.3593158221029156,"average_trade_duration_days":11.404255319148936,"average_win":4.857207971055084,"expectancy":0.48671659171572246,"largest_loss":-6.8763054020590015,"largest_win":13.359932928693956,"max_trade_duration_days":37.0,"median_trade_duration_days":9.0,"profit_factor":1.2723849857774778,"time_in_market_percent":0.6666321189822253,"total_trades":47,"win_rate":0.46808510638297873}}