{"capital_utilization":{"average_cash_percent":0.6934707700408755,"average_exposure_percent":0.3065292299591245,"average_leverage":0.3065292299591245,"average_position_value":213.78130622905425,"max_exposure_percent":0.4053165056381882},"closed_trades":23,"equity_curve":[],"final_equity":548.6262280067128,"max_drawdown":0.0365521941213783,"open_trades":0,"profit_factor":2.4595533864068706,"sharpe":1.1561170316672345,"signal_diagnostics":{"buy_signals":23,"duplicate_buy_skips":0,"flat_sell_skips":0,"hold_signals":507,"risk_blocked_signals":0,"sell_signals":0,"stop_loss_exits":18,"take_profit_exits":4},"starting_equity":500,"total_return":0.09725245601342558,"trade_analysis":{"average_loss":-3.7017585470230703,"average_trade_duration_days":25.347826086956523,"average_win":5.853003923565751,"expectancy":2.114183826378821,"largest_loss":-7.043370972921019,"largest_win":16.784413730452385,"max_trade_duration_days":62.0,"median_trade_duration_days":24.0,"profit_factor":2.4595533864068706,"time_in_market_percent":0.7250868010571592,"total_trades":23,"win_rate":0.6086956521739131}}