{"capital_utilization":{"average_cash_percent":0.8498760428458436,"average_exposure_percent":0.15012395715415633,"average_leverage":0.15012395715415633,"average_position_value":201.22648708593928,"max_exposure_percent":0.40531301947691245},"closed_trades":9,"equity_curve":[],"final_equity":529.0098807769283,"max_drawdown":0.03206873039849368,"open_trades":0,"profit_factor":2.2072393657151195,"sharpe":0.8192430631243569,"signal_diagnostics":{"buy_signals":9,"duplicate_buy_skips":0,"flat_sell_skips":0,"hold_signals":423,"risk_blocked_signals":0,"sell_signals":2,"stop_loss_exits":6,"take_profit_exits":0},"starting_equity":500,"total_return":0.058019761553856686,"trade_analysis":{"average_loss":-4.805986550934584,"average_trade_duration_days":25.555555555555557,"average_win":13.259953382900306,"expectancy":3.2233200863253675,"largest_loss":-6.423976229155885,"largest_win":26.25645861088756,"max_trade_duration_days":63.0,"median_trade_duration_days":21.0,"profit_factor":2.2072393657151195,"time_in_market_percent":0.3604780252073402,"total_trades":9,"win_rate":0.4444444444444444}}