{"capital_utilization":{"average_cash_percent":0.9176366932663843,"average_exposure_percent":0.08236330673361565,"average_leverage":0.08236330673361565,"average_position_value":191.37122715418698,"max_exposure_percent":0.41556165375274423},"closed_trades":9,"equity_curve":[],"final_equity":474.4439375207261,"max_drawdown":0.12251466406749643,"open_trades":0,"profit_factor":0.716816645268337,"sharpe":-0.2850929540394516,"signal_diagnostics":{"buy_signals":9,"duplicate_buy_skips":0,"flat_sell_skips":0,"hold_signals":423,"risk_blocked_signals":0,"sell_signals":0,"stop_loss_exits":7,"take_profit_exits":1},"starting_equity":500,"total_return":-0.05111212495854789,"trade_analysis":{"average_loss":-15.040939643439481,"average_trade_duration_days":13.333333333333334,"average_win":21.563191793787652,"expectancy":-2.8395624976971043,"largest_loss":-17.372395325065398,"largest_win":41.482344684691576,"max_trade_duration_days":24.0,"median_trade_duration_days":14.0,"profit_factor":0.716816645268337,"time_in_market_percent":0.1880754914125253,"total_trades":9,"win_rate":0.3333333333333333}}