{"capital_utilization":{"average_cash_percent":0.835639440159554,"average_exposure_percent":0.16436055984044595,"average_leverage":0.16436055984044595,"average_position_value":210.41061046477316,"max_exposure_percent":0.4075024521221631},"closed_trades":15,"equity_curve":[],"final_equity":536.4500763619708,"max_drawdown":0.057565688181583224,"open_trades":0,"profit_factor":1.930311346530751,"sharpe":0.7117927014223302,"signal_diagnostics":{"buy_signals":15,"duplicate_buy_skips":0,"flat_sell_skips":0,"hold_signals":411,"risk_blocked_signals":0,"sell_signals":7,"stop_loss_exits":7,"take_profit_exits":0},"starting_equity":500,"total_return":0.07290015272394168,"trade_analysis":{"average_loss":-4.353390399640308,"average_trade_duration_days":16.602777777777778,"average_win":12.605098326455591,"expectancy":2.4300050907980526,"largest_loss":-9.906400134060824,"largest_win":24.799589108225383,"max_trade_duration_days":61.0,"median_trade_duration_days":7.0,"profit_factor":1.930311346530751,"time_in_market_percent":0.3903219486710638,"total_trades":15,"win_rate":0.4}}