{"capital_utilization":{"average_cash_percent":0.8966101473470364,"average_exposure_percent":0.1033898526529636,"average_leverage":0.1033898526529636,"average_position_value":205.49551504199766,"max_exposure_percent":0.4047805710954875},"closed_trades":28,"equity_curve":[],"final_equity":532.8062525413517,"max_drawdown":0.05330897021137303,"open_trades":0,"profit_factor":1.6675689914444287,"sharpe":0.7793387917297293,"signal_diagnostics":{"buy_signals":28,"duplicate_buy_skips":0,"flat_sell_skips":0,"hold_signals":496,"risk_blocked_signals":0,"sell_signals":1,"stop_loss_exits":13,"take_profit_exits":14},"starting_equity":500,"total_return":0.06561250508270344,"trade_analysis":{"average_loss":-3.780220351960959,"average_trade_duration_days":6.178571428571429,"average_win":5.4632744744562745,"expectancy":1.171651876476845,"largest_loss":-5.88789057503013,"largest_win":11.466895231089353,"max_trade_duration_days":20.0,"median_trade_duration_days":5.0,"profit_factor":1.6675689914444287,"time_in_market_percent":0.21516297870135256,"total_trades":28,"win_rate":0.5357142857142857}}