{"capital_utilization":{"average_cash_percent":0.7211050042745549,"average_exposure_percent":0.27889499572544507,"average_leverage":0.27889499572544507,"average_position_value":215.24146477742798,"max_exposure_percent":0.4036465264222971},"closed_trades":20,"equity_curve":[],"final_equity":547.2540447760351,"max_drawdown":0.025527664540547484,"open_trades":0,"profit_factor":3.2089373525106715,"sharpe":1.2515668387420438,"signal_diagnostics":{"buy_signals":20,"duplicate_buy_skips":0,"flat_sell_skips":0,"hold_signals":513,"risk_blocked_signals":0,"sell_signals":0,"stop_loss_exits":15,"take_profit_exits":4},"starting_equity":500,"total_return":0.09450808955207024,"trade_analysis":{"average_loss":-2.376911872847735,"average_trade_duration_days":26.5,"average_win":6.24056833015134,"expectancy":2.3627022388017562,"largest_loss":-4.889344552471374,"largest_win":14.781056627274856,"max_trade_duration_days":55.958333333333336,"median_trade_duration_days":28.0,"profit_factor":3.2089373525106715,"time_in_market_percent":0.659169819142872,"total_trades":20,"win_rate":0.55}}