{"capital_utilization":{"average_cash_percent":0.8404315935009233,"average_exposure_percent":0.15956840649907666,"average_leverage":0.15956840649907666,"average_position_value":205.64110203762613,"max_exposure_percent":0.4141229635613717},"closed_trades":17,"equity_curve":[],"final_equity":557.1228752904694,"max_drawdown":0.1984104479405709,"open_trades":0,"profit_factor":1.3639504272674237,"sharpe":0.4100787096908815,"signal_diagnostics":{"buy_signals":17,"duplicate_buy_skips":0,"flat_sell_skips":0,"hold_signals":519,"risk_blocked_signals":0,"sell_signals":1,"stop_loss_exits":15,"take_profit_exits":0},"starting_equity":500,"total_return":0.11424575058093889,"trade_analysis":{"average_loss":-13.079362602427688,"average_trade_duration_days":18.18137254901961,"average_win":42.81504530392034,"expectancy":3.3601691347334963,"largest_loss":-18.863244243050403,"largest_win":129.15650587677595,"max_trade_duration_days":50.0,"median_trade_duration_days":12.0,"profit_factor":1.3639504272674237,"time_in_market_percent":0.3844120847800177,"total_trades":17,"win_rate":0.29411764705882354}}