{"capital_utilization":{"average_cash_percent":0.7638027400978457,"average_exposure_percent":0.23619725990215437,"average_leverage":0.23619725990215437,"average_position_value":214.73748385866182,"max_exposure_percent":0.4040562253367792},"closed_trades":23,"equity_curve":[],"final_equity":545.44810795667,"max_drawdown":0.03893434152466702,"open_trades":0,"profit_factor":2.234021141475825,"sharpe":0.8957459444104394,"signal_diagnostics":{"buy_signals":23,"duplicate_buy_skips":0,"flat_sell_skips":0,"hold_signals":507,"risk_blocked_signals":0,"sell_signals":6,"stop_loss_exits":14,"take_profit_exits":3},"starting_equity":500,"total_return":0.09089621591333996,"trade_analysis":{"average_loss":-3.348116202399788,"average_trade_duration_days":19.606884057971012,"average_win":6.856448848588973,"expectancy":1.9760046937682603,"largest_loss":-5.494366926417034,"largest_win":19.692026804380074,"max_trade_duration_days":42.958333333333336,"median_trade_duration_days":19.0,"profit_factor":2.234021141475825,"time_in_market_percent":0.5608643830647251,"total_trades":23,"win_rate":0.5217391304347826}}