{"capital_utilization":{"average_cash_percent":0.8670400462832109,"average_exposure_percent":0.13295995371678918,"average_leverage":0.13295995371678918,"average_position_value":217.16788650641476,"max_exposure_percent":0.4079408156439945},"closed_trades":26,"equity_curve":[],"final_equity":582.3977134163406,"max_drawdown":0.06856555351547898,"open_trades":0,"profit_factor":2.3700609695884722,"sharpe":1.487998069908159,"signal_diagnostics":{"buy_signals":26,"duplicate_buy_skips":0,"flat_sell_skips":0,"hold_signals":501,"risk_blocked_signals":0,"sell_signals":9,"stop_loss_exits":13,"take_profit_exits":3},"starting_equity":500,"total_return":0.16479542683268122,"trade_analysis":{"average_loss":-5.01180332149078,"average_trade_duration_days":8.926282051282051,"average_win":10.181382376730712,"expectancy":3.1691428237054087,"largest_loss":-10.724078003519718,"largest_win":21.341081667387073,"max_trade_duration_days":18.0,"median_trade_duration_days":8.5,"profit_factor":2.3700609695884722,"time_in_market_percent":0.28864590350831737,"total_trades":26,"win_rate":0.5384615384615384}}