{"capital_utilization":{"average_cash_percent":0.7154857116483226,"average_exposure_percent":0.2845142883516773,"average_leverage":0.2845142883516773,"average_position_value":213.493174570173,"max_exposure_percent":0.4045937433759241},"closed_trades":17,"equity_curve":[],"final_equity":538.791263898356,"max_drawdown":0.03219830690096752,"open_trades":0,"profit_factor":2.7145452579984592,"sharpe":1.0256985986434513,"signal_diagnostics":{"buy_signals":17,"duplicate_buy_skips":0,"flat_sell_skips":0,"hold_signals":519,"risk_blocked_signals":0,"sell_signals":0,"stop_loss_exits":16,"take_profit_exits":0},"starting_equity":500,"total_return":0.07758252779671193,"trade_analysis":{"average_loss":-3.2321159808903355,"average_trade_duration_days":32.35294117647059,"average_win":6.14160757645883,"expectancy":2.2818390528444676,"largest_loss":-5.91399982597169,"largest_win":19.126092900500737,"max_trade_duration_days":91.0,"median_trade_duration_days":29.0,"profit_factor":2.7145452579984592,"time_in_market_percent":0.6840441519407162,"total_trades":17,"win_rate":0.5882352941176471}}