{"capital_utilization":{"average_cash_percent":0.880738666593439,"average_exposure_percent":0.11926133340656096,"average_leverage":0.11926133340656096,"average_position_value":213.2055737708722,"max_exposure_percent":0.40571739172239596},"closed_trades":18,"equity_curve":[],"final_equity":592.8406993603867,"max_drawdown":0.023823495969589617,"open_trades":0,"profit_factor":3.9518065229747057,"sharpe":1.9359831363228932,"signal_diagnostics":{"buy_signals":18,"duplicate_buy_skips":0,"flat_sell_skips":0,"hold_signals":517,"risk_blocked_signals":0,"sell_signals":8,"stop_loss_exits":8,"take_profit_exits":2},"starting_equity":500,"total_return":0.18568139872077327,"trade_analysis":{"average_loss":-5.24202713591279,"average_trade_duration_days":11.719907407407408,"average_win":10.357738514655288,"expectancy":5.157816631132596,"largest_loss":-7.740691567765708,"largest_win":19.71555549066328,"max_trade_duration_days":20.0,"median_trade_duration_days":12.5,"profit_factor":3.9518065229747057,"time_in_market_percent":0.26237238949059444,"total_trades":18,"win_rate":0.6666666666666666}}