{"capital_utilization":{"average_cash_percent":0.8608979939756424,"average_exposure_percent":0.13910200602435763,"average_leverage":0.13910200602435763,"average_position_value":187.28874062693254,"max_exposure_percent":0.4067989411377976},"closed_trades":29,"equity_curve":[],"final_equity":457.2615906929844,"max_drawdown":0.11058652918205761,"open_trades":0,"profit_factor":0.49855597763528464,"sharpe":-0.9775879883530944,"signal_diagnostics":{"buy_signals":29,"duplicate_buy_skips":0,"flat_sell_skips":0,"hold_signals":382,"risk_blocked_signals":0,"sell_signals":2,"stop_loss_exits":22,"take_profit_exits":5},"starting_equity":500,"total_return":-0.08547681861403122,"trade_analysis":{"average_loss":-3.8741213013957516,"average_trade_duration_days":6.0330459770114935,"average_win":6.070322760527269,"expectancy":-1.473738251966056,"largest_loss":-7.996341924267736,"largest_win":9.914716472615494,"max_trade_duration_days":21.0,"median_trade_duration_days":5.0,"profit_factor":0.49855597763528464,"time_in_market_percent":0.27421145431985894,"total_trades":29,"win_rate":0.2413793103448276}}