{"capital_utilization":{"average_cash_percent":0.8453787161534292,"average_exposure_percent":0.15462128384657078,"average_leverage":0.15462128384657078,"average_position_value":204.40284080083075,"max_exposure_percent":0.4072365926009418},"closed_trades":33,"equity_curve":[],"final_equity":533.5424998319525,"max_drawdown":0.05609452276933689,"open_trades":0,"profit_factor":1.4183380323959738,"sharpe":0.5509454465710305,"signal_diagnostics":{"buy_signals":33,"duplicate_buy_skips":0,"flat_sell_skips":0,"hold_signals":487,"risk_blocked_signals":0,"sell_signals":20,"stop_loss_exits":11,"take_profit_exits":1},"starting_equity":500,"total_return":0.06708499966390491,"trade_analysis":{"average_loss":-6.167721065158427,"average_trade_duration_days":8.090909090909092,"average_win":5.686143683950602,"expectancy":1.016439388847045,"largest_loss":-8.914712533246655,"largest_win":19.30816082657335,"max_trade_duration_days":23.0,"median_trade_duration_days":7.0,"profit_factor":1.4183380323959738,"time_in_market_percent":0.3320723428512204,"total_trades":33,"win_rate":0.6060606060606061}}