{"capital_utilization":{"average_cash_percent":0.8020314832358431,"average_exposure_percent":0.19796851676415694,"average_leverage":0.19796851676415694,"average_position_value":208.29844653604434,"max_exposure_percent":0.4057913584591002},"closed_trades":28,"equity_curve":[],"final_equity":549.1475708842229,"max_drawdown":0.037821075843485805,"open_trades":0,"profit_factor":1.8809414539413614,"sharpe":0.8233687749660444,"signal_diagnostics":{"buy_signals":28,"duplicate_buy_skips":0,"flat_sell_skips":0,"hold_signals":496,"risk_blocked_signals":0,"sell_signals":4,"stop_loss_exits":24,"take_profit_exits":0},"starting_equity":500,"total_return":0.09829514176844567,"trade_analysis":{"average_loss":-3.719321767588147,"average_trade_duration_days":13.001488095238097,"average_win":8.072107492157311,"expectancy":1.7552703887222447,"largest_loss":-7.475327818516086,"largest_win":21.959721206271563,"max_trade_duration_days":30.0,"median_trade_duration_days":11.0,"profit_factor":1.8809414539413614,"time_in_market_percent":0.4527646784474271,"total_trades":28,"win_rate":0.4642857142857143}}