{"capital_utilization":{"average_cash_percent":0.8634198933697057,"average_exposure_percent":0.13658010663029427,"average_leverage":0.13658010663029427,"average_position_value":205.85404294886305,"max_exposure_percent":0.40748434019912994},"closed_trades":9,"equity_curve":[],"final_equity":538.9026302593779,"max_drawdown":0.035133645607201815,"open_trades":0,"profit_factor":2.9876817294754057,"sharpe":1.2174949767973402,"signal_diagnostics":{"buy_signals":9,"duplicate_buy_skips":0,"flat_sell_skips":0,"hold_signals":423,"risk_blocked_signals":0,"sell_signals":2,"stop_loss_exits":4,"take_profit_exits":2},"starting_equity":500,"total_return":0.0778052605187558,"trade_analysis":{"average_loss":-6.523953622703515,"average_trade_duration_days":23.11111111111111,"average_win":9.745748521248087,"expectancy":4.322514473264221,"largest_loss":-9.05404502610555,"largest_win":19.556983142076497,"max_trade_duration_days":42.0,"median_trade_duration_days":21.0,"profit_factor":2.9876817294754057,"time_in_market_percent":0.3259975184483772,"total_trades":9,"win_rate":0.6666666666666666}}