{"capital_utilization":{"average_cash_percent":0.8822649215784866,"average_exposure_percent":0.1177350784215134,"average_leverage":0.1177350784215134,"average_position_value":201.7943732591473,"max_exposure_percent":0.40839610507384644},"closed_trades":28,"equity_curve":[],"final_equity":528.9095823863488,"max_drawdown":0.05709250544625447,"open_trades":0,"profit_factor":1.329109668477344,"sharpe":0.551123455620276,"signal_diagnostics":{"buy_signals":28,"duplicate_buy_skips":0,"flat_sell_skips":0,"hold_signals":497,"risk_blocked_signals":0,"sell_signals":1,"stop_loss_exits":14,"take_profit_exits":13},"starting_equity":500,"total_return":0.05781916477269755,"trade_analysis":{"average_loss":-6.274413571643954,"average_trade_duration_days":7.071428571428571,"average_win":8.339383742097445,"expectancy":1.0324850852267449,"largest_loss":-9.996577228041993,"largest_win":13.643436232199768,"max_trade_duration_days":21.041666666666668,"median_trade_duration_days":6.0,"profit_factor":1.329109668477344,"time_in_market_percent":0.24625589469865783,"total_trades":28,"win_rate":0.5}}