{"capital_utilization":{"average_cash_percent":0.8430067648573452,"average_exposure_percent":0.1569932351426548,"average_leverage":0.1569932351426548,"average_position_value":194.92258752849176,"max_exposure_percent":0.40380450989598904},"closed_trades":19,"equity_curve":[],"final_equity":501.024793471527,"max_drawdown":0.04390458944817078,"open_trades":0,"profit_factor":1.0315604767435709,"sharpe":0.055093801079801684,"signal_diagnostics":{"buy_signals":19,"duplicate_buy_skips":0,"flat_sell_skips":0,"hold_signals":403,"risk_blocked_signals":0,"sell_signals":2,"stop_loss_exits":16,"take_profit_exits":0},"starting_equity":500,"total_return":0.002049586943053905,"trade_analysis":{"average_loss":-2.7058987940663086,"average_trade_duration_days":12.0,"average_win":4.7850827143318195,"expectancy":0.05393649850142262,"largest_loss":-4.423539005720337,"largest_win":11.542036136855186,"max_trade_duration_days":45.0,"median_trade_duration_days":8.0,"profit_factor":1.0315604767435709,"time_in_market_percent":0.3573434336837981,"total_trades":19,"win_rate":0.3684210526315789}}