{"capital_utilization":{"average_cash_percent":0.9579904140391617,"average_exposure_percent":0.04200958596083822,"average_leverage":0.04200958596083822,"average_position_value":202.328549497192,"max_exposure_percent":0.4084683917480152},"closed_trades":5,"equity_curve":[],"final_equity":518.5174123953826,"max_drawdown":0.04825899064457828,"open_trades":0,"profit_factor":2.4909342149224813,"sharpe":0.5829009984350286,"signal_diagnostics":{"buy_signals":5,"duplicate_buy_skips":0,"flat_sell_skips":0,"hold_signals":542,"risk_blocked_signals":0,"sell_signals":1,"stop_loss_exits":2,"take_profit_exits":2},"starting_equity":500,"total_return":0.03703482479076525,"trade_analysis":{"average_loss":-6.2100031678276935,"average_trade_duration_days":16.208333333333332,"average_win":10.312472910345997,"expectancy":3.703482479076521,"largest_loss":-7.524588515766109,"largest_win":14.710782254665762,"max_trade_duration_days":22.0,"median_trade_duration_days":17.0,"profit_factor":2.4909342149224813,"time_in_market_percent":0.10079286935793128,"total_trades":5,"win_rate":0.6}}