{"capital_utilization":{"average_cash_percent":0.9018139846514056,"average_exposure_percent":0.09818601534859435,"average_leverage":0.09818601534859435,"average_position_value":208.79672293786555,"max_exposure_percent":0.40479598706280584},"closed_trades":26,"equity_curve":[],"final_equity":540.8968214271871,"max_drawdown":0.04621740762391796,"open_trades":0,"profit_factor":1.9291436378882214,"sharpe":0.8515239049819044,"signal_diagnostics":{"buy_signals":26,"duplicate_buy_skips":0,"flat_sell_skips":0,"hold_signals":500,"risk_blocked_signals":0,"sell_signals":12,"stop_loss_exits":12,"take_profit_exits":2},"starting_equity":500,"total_return":0.08179364285437418,"trade_analysis":{"average_loss":-3.6679672693142726,"average_trade_duration_days":6.1923076923076925,"average_win":6.065173475639881,"expectancy":1.5729546702764259,"largest_loss":-6.052299007973611,"largest_win":17.10223322479116,"max_trade_duration_days":20.0,"median_trade_duration_days":5.479166666666666,"profit_factor":1.9291436378882214,"time_in_market_percent":0.20023837902264602,"total_trades":26,"win_rate":0.5384615384615384}}