{"capital_utilization":{"average_cash_percent":0.7250596590723777,"average_exposure_percent":0.2749403409276224,"average_leverage":0.2749403409276224,"average_position_value":212.48476783167965,"max_exposure_percent":0.4043680322789649},"closed_trades":44,"equity_curve":[],"final_equity":548.5033488151464,"max_drawdown":0.03947894714370463,"open_trades":0,"profit_factor":1.646122998066202,"sharpe":0.8477076783170541,"signal_diagnostics":{"buy_signals":44,"duplicate_buy_skips":0,"flat_sell_skips":0,"hold_signals":465,"risk_blocked_signals":0,"sell_signals":2,"stop_loss_exits":39,"take_profit_exits":3},"starting_equity":500,"total_return":0.09700669763029279,"trade_analysis":{"average_loss":-3.0027316136595203,"average_trade_duration_days":11.40814393939394,"average_win":6.5037704819281235,"expectancy":1.1023488367078726,"largest_loss":-5.472551037715655,"largest_win":14.371251746006395,"max_trade_duration_days":42.0,"median_trade_duration_days":9.0,"profit_factor":1.646122998066202,"time_in_market_percent":0.6242939316992279,"total_trades":44,"win_rate":0.4318181818181818}}