{"capital_utilization":{"average_cash_percent":0.857674138143431,"average_exposure_percent":0.14232586185656904,"average_leverage":0.14232586185656904,"average_position_value":203.07898450951103,"max_exposure_percent":0.4037842486939074},"closed_trades":13,"equity_curve":[],"final_equity":520.5841918165137,"max_drawdown":0.026452264535962864,"open_trades":0,"profit_factor":2.241193184836087,"sharpe":0.8816856180768103,"signal_diagnostics":{"buy_signals":13,"duplicate_buy_skips":0,"flat_sell_skips":0,"hold_signals":415,"risk_blocked_signals":0,"sell_signals":1,"stop_loss_exits":11,"take_profit_exits":0},"starting_equity":500,"total_return":0.04116838363302744,"trade_analysis":{"average_loss":-2.073024577075809,"average_trade_duration_days":16.307692307692307,"average_win":7.433677686624023,"expectancy":1.583399370501049,"largest_loss":-4.596514717504676,"largest_win":11.996019687993728,"max_trade_duration_days":45.0,"median_trade_duration_days":10.0,"profit_factor":2.241193184836087,"time_in_market_percent":0.3322667014954614,"total_trades":13,"win_rate":0.38461538461538464}}