{"capital_utilization":{"average_cash_percent":0.8913670767302284,"average_exposure_percent":0.1086329232697716,"average_leverage":0.1086329232697716,"average_position_value":202.68131168258492,"max_exposure_percent":0.42321757829105927},"closed_trades":21,"equity_curve":[],"final_equity":615.4478394401328,"max_drawdown":0.12743530050558086,"open_trades":0,"profit_factor":1.6310814304073633,"sharpe":0.7961865689674513,"signal_diagnostics":{"buy_signals":21,"duplicate_buy_skips":0,"flat_sell_skips":0,"hold_signals":510,"risk_blocked_signals":0,"sell_signals":10,"stop_loss_exits":9,"take_profit_exits":2},"starting_equity":500,"total_return":0.23089567888026563,"trade_analysis":{"average_loss":-20.326279775480213,"average_trade_duration_days":9.047619047619047,"average_win":24.865363118287892,"expectancy":5.497516163815848,"largest_loss":-28.144568096171266,"largest_win":53.78383415880707,"max_trade_duration_days":19.0,"median_trade_duration_days":9.0,"profit_factor":1.6310814304073633,"time_in_market_percent":0.23630616157952014,"total_trades":21,"win_rate":0.5714285714285714}}