{"capital_utilization":{"average_cash_percent":0.8167627339765431,"average_exposure_percent":0.18323726602345697,"average_leverage":0.18323726602345697,"average_position_value":197.58072526832973,"max_exposure_percent":0.41820461204298565},"closed_trades":33,"equity_curve":[],"final_equity":479.48948336848207,"max_drawdown":0.2267538635375344,"open_trades":0,"profit_factor":0.9259245526039562,"sharpe":-0.0636202587222605,"signal_diagnostics":{"buy_signals":33,"duplicate_buy_skips":0,"flat_sell_skips":0,"hold_signals":487,"risk_blocked_signals":0,"sell_signals":3,"stop_loss_exits":25,"take_profit_exits":4},"starting_equity":500,"total_return":-0.041021033263035855,"trade_analysis":{"average_loss":-12.585765503906185,"average_trade_duration_days":9.578282828282829,"average_win":23.30693858676528,"expectancy":-0.6215308070156946,"largest_loss":-22.066662766981988,"largest_win":70.03627752607645,"max_trade_duration_days":31.0,"median_trade_duration_days":8.0,"profit_factor":0.9259245526039562,"time_in_market_percent":0.39311810125926316,"total_trades":33,"win_rate":0.3333333333333333}}