{"capital_utilization":{"average_cash_percent":0.7944874371610355,"average_exposure_percent":0.2055125628389645,"average_leverage":0.2055125628389645,"average_position_value":164.56250562896736,"max_exposure_percent":0.423246732290814},"closed_trades":34,"equity_curve":[],"final_equity":425.09767558759256,"max_drawdown":0.2908535504057146,"open_trades":0,"profit_factor":0.7078361453145198,"sharpe":-0.3976361159705074,"signal_diagnostics":{"buy_signals":34,"duplicate_buy_skips":0,"flat_sell_skips":0,"hold_signals":485,"risk_blocked_signals":0,"sell_signals":2,"stop_loss_exits":29,"take_profit_exits":3},"starting_equity":500,"total_return":-0.14980464882481492,"trade_analysis":{"average_loss":-11.653224911480088,"average_trade_duration_days":10.617647058823527,"average_win":15.122385303346201,"expectancy":-2.2030095415413955,"largest_loss":-24.02495584815795,"largest_win":31.84738687285098,"max_trade_duration_days":27.0,"median_trade_duration_days":9.0,"profit_factor":0.7078361453145198,"time_in_market_percent":0.4489817070010882,"total_trades":34,"win_rate":0.35294117647058826}}