{"capital_utilization":{"average_cash_percent":0.8392051899440061,"average_exposure_percent":0.16079481005599394,"average_leverage":0.16079481005599394,"average_position_value":199.47955019570463,"max_exposure_percent":0.4070218982003456},"closed_trades":15,"equity_curve":[],"final_equity":507.6541513611912,"max_drawdown":0.05271166397434211,"open_trades":0,"profit_factor":1.1474135686810552,"sharpe":0.18639064953424087,"signal_diagnostics":{"buy_signals":15,"duplicate_buy_skips":0,"flat_sell_skips":0,"hold_signals":411,"risk_blocked_signals":0,"sell_signals":3,"stop_loss_exits":9,"take_profit_exits":2},"starting_equity":500,"total_return":0.015308302722382372,"trade_analysis":{"average_loss":-4.7202706518284065,"average_trade_duration_days":15.73611111111111,"average_win":14.894282132825928,"expectancy":0.5102767574127499,"largest_loss":-8.414118205454132,"largest_win":28.225285381396112,"max_trade_duration_days":49.0,"median_trade_duration_days":7.0,"profit_factor":1.1474135686810552,"time_in_market_percent":0.36994710376804024,"total_trades":15,"win_rate":0.26666666666666666}}