{"capital_utilization":{"average_cash_percent":0.7369271364601369,"average_exposure_percent":0.2630728635398632,"average_leverage":0.2630728635398632,"average_position_value":203.5976212011168,"max_exposure_percent":0.4044592577689118},"closed_trades":36,"equity_curve":[],"final_equity":526.5570304117006,"max_drawdown":0.02211005094672064,"open_trades":0,"profit_factor":1.6301637680123935,"sharpe":0.7276789718444301,"signal_diagnostics":{"buy_signals":36,"duplicate_buy_skips":0,"flat_sell_skips":0,"hold_signals":481,"risk_blocked_signals":0,"sell_signals":3,"stop_loss_exits":33,"take_profit_exits":0},"starting_equity":500,"total_return":0.05311406082340109,"trade_analysis":{"average_loss":-2.0068124509665517,"average_trade_duration_days":13.52662037037037,"average_win":4.580006125466549,"expectancy":0.7376952892139059,"largest_loss":-5.390812592985542,"largest_win":11.203552197897226,"max_trade_duration_days":50.0,"median_trade_duration_days":9.0,"profit_factor":1.6301637680123935,"time_in_market_percent":0.6056381821008447,"total_trades":36,"win_rate":0.4166666666666667}}