{"capital_utilization":{"average_cash_percent":0.8364895239821655,"average_exposure_percent":0.1635104760178345,"average_leverage":0.1635104760178345,"average_position_value":205.6289073396687,"max_exposure_percent":0.4094340140373104},"closed_trades":14,"equity_curve":[],"final_equity":528.4311353182746,"max_drawdown":0.051116150892951885,"open_trades":0,"profit_factor":1.5208997703648701,"sharpe":0.5965964662406713,"signal_diagnostics":{"buy_signals":14,"duplicate_buy_skips":0,"flat_sell_skips":0,"hold_signals":413,"risk_blocked_signals":0,"sell_signals":3,"stop_loss_exits":7,"take_profit_exits":3},"starting_equity":500,"total_return":0.05686227063654936,"trade_analysis":{"average_loss":-6.0645352812328515,"average_trade_duration_days":17.288690476190474,"average_win":16.602390569874053,"expectancy":2.0307953798767575,"largest_loss":-11.391868586328568,"largest_win":29.3933015235765,"max_trade_duration_days":49.0,"median_trade_duration_days":13.5,"profit_factor":1.5208997703648701,"time_in_market_percent":0.3793508783386665,"total_trades":14,"win_rate":0.35714285714285715}}