{"capital_utilization":{"average_cash_percent":0.7525124736581144,"average_exposure_percent":0.2474875263418857,"average_leverage":0.2474875263418857,"average_position_value":201.78765201016697,"max_exposure_percent":0.4038069930679539},"closed_trades":34,"equity_curve":[],"final_equity":512.0058913682677,"max_drawdown":0.023747099991879884,"open_trades":0,"profit_factor":1.278589249465046,"sharpe":0.3535916114558342,"signal_diagnostics":{"buy_signals":34,"duplicate_buy_skips":0,"flat_sell_skips":0,"hold_signals":485,"risk_blocked_signals":0,"sell_signals":2,"stop_loss_exits":32,"take_profit_exits":0},"starting_equity":500,"total_return":0.02401178273653537,"trade_analysis":{"average_loss":-2.052157841239267,"average_trade_duration_days":13.557598039215685,"average_win":4.2385543103301835,"expectancy":0.35311445200787583,"largest_loss":-4.5487194196290766,"largest_win":11.101343345477584,"max_trade_duration_days":50.0,"median_trade_duration_days":9.0,"profit_factor":1.278589249465046,"time_in_market_percent":0.5733015494636472,"total_trades":34,"win_rate":0.38235294117647056}}