{"capital_utilization":{"average_cash_percent":0.9352271894706728,"average_exposure_percent":0.06477281052932715,"average_leverage":0.06477281052932715,"average_position_value":202.87995260746231,"max_exposure_percent":0.40789713373519976},"closed_trades":11,"equity_curve":[],"final_equity":517.7884431161231,"max_drawdown":0.03576799437540643,"open_trades":0,"profit_factor":1.7125827779912335,"sharpe":0.4747299289416652,"signal_diagnostics":{"buy_signals":11,"duplicate_buy_skips":0,"flat_sell_skips":0,"hold_signals":531,"risk_blocked_signals":0,"sell_signals":3,"stop_loss_exits":8,"take_profit_exits":0},"starting_equity":500,"total_return":0.035576886232246085,"trade_analysis":{"average_loss":-6.2408339302938955,"average_trade_duration_days":10.0,"average_win":6.107396976756953,"expectancy":1.617131192374827,"largest_loss":-9.832660541834292,"largest_win":12.741050837328203,"max_trade_duration_days":21.0,"median_trade_duration_days":9.0,"profit_factor":1.7125827779912335,"time_in_market_percent":0.13680883038814323,"total_trades":11,"win_rate":0.6363636363636364}}