{"capital_utilization":{"average_cash_percent":0.8680073510164954,"average_exposure_percent":0.13199264898350455,"average_leverage":0.13199264898350455,"average_position_value":203.35392099939205,"max_exposure_percent":0.40930695853935933},"closed_trades":33,"equity_curve":[],"final_equity":535.5292961745774,"max_drawdown":0.04016252511444023,"open_trades":0,"profit_factor":1.3192089175682673,"sharpe":0.5217021438024964,"signal_diagnostics":{"buy_signals":33,"duplicate_buy_skips":0,"flat_sell_skips":0,"hold_signals":487,"risk_blocked_signals":0,"sell_signals":3,"stop_loss_exits":17,"take_profit_exits":12},"starting_equity":500,"total_return":0.0710585923491549,"trade_analysis":{"average_loss":-6.5473064299890265,"average_trade_duration_days":6.57449494949495,"average_win":9.177094092774428,"expectancy":1.0766453386235588,"largest_loss":-11.471154983628601,"largest_win":21.309941674850716,"max_trade_duration_days":20.041666666666668,"median_trade_duration_days":4.0,"profit_factor":1.3192089175682673,"time_in_market_percent":0.2698346893299477,"total_trades":33,"win_rate":0.48484848484848486}}