{"capital_utilization":{"average_cash_percent":0.86588451615388,"average_exposure_percent":0.13411548384612007,"average_leverage":0.13411548384612007,"average_position_value":199.97077804043667,"max_exposure_percent":0.40494408603460846},"closed_trades":12,"equity_curve":[],"final_equity":515.5601940099765,"max_drawdown":0.028343850468048187,"open_trades":0,"profit_factor":1.7987251641829456,"sharpe":0.7158996369778183,"signal_diagnostics":{"buy_signals":12,"duplicate_buy_skips":0,"flat_sell_skips":0,"hold_signals":417,"risk_blocked_signals":0,"sell_signals":1,"stop_loss_exits":10,"take_profit_exits":0},"starting_equity":500,"total_return":0.031120388019953094,"trade_analysis":{"average_loss":-2.1645874239126117,"average_trade_duration_days":16.583333333333332,"average_win":11.680493608396654,"expectancy":1.2966828341647048,"largest_loss":-5.974292661057205,"largest_win":17.450890524388072,"max_trade_duration_days":52.0,"median_trade_duration_days":11.0,"profit_factor":1.7987251641829456,"time_in_market_percent":0.31189185659243784,"total_trades":12,"win_rate":0.25}}