{"capital_utilization":{"average_cash_percent":0.8424441769296339,"average_exposure_percent":0.15755582307036606,"average_leverage":0.15755582307036606,"average_position_value":210.81428239300536,"max_exposure_percent":0.4080292913921733},"closed_trades":26,"equity_curve":[],"final_equity":592.366679964584,"max_drawdown":0.047076970694835955,"open_trades":0,"profit_factor":3.0558178371511135,"sharpe":1.6100201177867495,"signal_diagnostics":{"buy_signals":26,"duplicate_buy_skips":0,"flat_sell_skips":0,"hold_signals":501,"risk_blocked_signals":0,"sell_signals":9,"stop_loss_exits":14,"take_profit_exits":3},"starting_equity":500,"total_return":0.18473335992916806,"trade_analysis":{"average_loss":-4.0844917064770305,"average_trade_duration_days":10.693910256410257,"average_win":9.153072582388754,"expectancy":3.552564614022461,"largest_loss":-9.711759241605534,"largest_win":19.31644119667347,"max_trade_duration_days":24.0,"median_trade_duration_days":8.5,"profit_factor":3.0558178371511135,"time_in_market_percent":0.34580504741669693,"total_trades":26,"win_rate":0.5769230769230769}}