{"capital_utilization":{"average_cash_percent":0.929363309328245,"average_exposure_percent":0.07063669067175504,"average_leverage":0.07063669067175504,"average_position_value":192.46096082831528,"max_exposure_percent":0.4189727856361628},"closed_trades":11,"equity_curve":[],"final_equity":508.8970352678394,"max_drawdown":0.12844789128506054,"open_trades":0,"profit_factor":1.0773322032686645,"sharpe":0.12893345623719954,"signal_diagnostics":{"buy_signals":11,"duplicate_buy_skips":0,"flat_sell_skips":0,"hold_signals":532,"risk_blocked_signals":0,"sell_signals":1,"stop_loss_exits":7,"take_profit_exits":2},"starting_equity":500,"total_return":0.01779407053567872,"trade_analysis":{"average_loss":-14.381193881366624,"average_trade_duration_days":11.09469696969697,"average_win":41.31552877292412,"expectancy":0.808821387985397,"largest_loss":-21.82700691317343,"largest_win":65.45410715525601,"max_trade_duration_days":43.0,"median_trade_duration_days":7.0,"profit_factor":1.0773322032686645,"time_in_market_percent":0.15178525159351197,"total_trades":11,"win_rate":0.2727272727272727}}