{"capital_utilization":{"average_cash_percent":0.853042236620647,"average_exposure_percent":0.14695776337935293,"average_leverage":0.14695776337935293,"average_position_value":187.6484120705028,"max_exposure_percent":0.41332233001891044},"closed_trades":21,"equity_curve":[],"final_equity":483.8767437366385,"max_drawdown":0.11415887342394587,"open_trades":0,"profit_factor":0.8158176716397794,"sharpe":-0.21247068735585128,"signal_diagnostics":{"buy_signals":21,"duplicate_buy_skips":0,"flat_sell_skips":0,"hold_signals":398,"risk_blocked_signals":0,"sell_signals":6,"stop_loss_exits":15,"take_profit_exits":0},"starting_equity":500,"total_return":-0.03224651252672295,"trade_analysis":{"average_loss":-7.294970698739675,"average_trade_duration_days":9.906746031746032,"average_win":7.935154680168288,"expectancy":-0.7677741077791198,"largest_loss":-15.406296933793252,"largest_win":17.92206477699065,"max_trade_duration_days":20.0,"median_trade_duration_days":9.0,"profit_factor":0.8158176716397794,"time_in_market_percent":0.32606282243845097,"total_trades":21,"win_rate":0.42857142857142855}}