{"capital_utilization":{"average_cash_percent":0.9183680739171328,"average_exposure_percent":0.08163192608286722,"average_leverage":0.08163192608286722,"average_position_value":206.3535392869946,"max_exposure_percent":0.4070321548846884},"closed_trades":13,"equity_curve":[],"final_equity":529.569792802103,"max_drawdown":0.028409855973925816,"open_trades":0,"profit_factor":1.8884040811424,"sharpe":0.6194865897010019,"signal_diagnostics":{"buy_signals":13,"duplicate_buy_skips":0,"flat_sell_skips":0,"hold_signals":526,"risk_blocked_signals":0,"sell_signals":8,"stop_loss_exits":5,"take_profit_exits":0},"starting_equity":500,"total_return":0.05913958560420607,"trade_analysis":{"average_loss":-6.656834075791094,"average_trade_duration_days":11.073717948717947,"average_win":7.856745397632313,"expectancy":2.274599446315618,"largest_loss":-9.14656811424319,"largest_win":17.22384387411793,"max_trade_duration_days":21.0,"median_trade_duration_days":10.0,"profit_factor":1.8884040811424,"time_in_market_percent":0.17904337461781622,"total_trades":13,"win_rate":0.6153846153846154}}