{"capital_utilization":{"average_cash_percent":0.8880187268599514,"average_exposure_percent":0.11198127314004853,"average_leverage":0.11198127314004853,"average_position_value":189.52644505945352,"max_exposure_percent":0.41820599641197853},"closed_trades":17,"equity_curve":[],"final_equity":552.7389740297903,"max_drawdown":0.1684243582603357,"open_trades":0,"profit_factor":1.4497256330867774,"sharpe":0.4293119927240205,"signal_diagnostics":{"buy_signals":17,"duplicate_buy_skips":0,"flat_sell_skips":0,"hold_signals":520,"risk_blocked_signals":0,"sell_signals":1,"stop_loss_exits":15,"take_profit_exits":0},"starting_equity":500,"total_return":0.10547794805958044,"trade_analysis":{"average_loss":-9.772434967331511,"average_trade_duration_days":11.767156862745097,"average_win":34.00163872755368,"expectancy":3.1022925899876643,"largest_loss":-19.996360489624525,"largest_win":76.37223988112734,"max_trade_duration_days":33.0,"median_trade_duration_days":9.0,"profit_factor":1.4497256330867774,"time_in_market_percent":0.24879514950510442,"total_trades":17,"win_rate":0.29411764705882354}}