{"capital_utilization":{"average_cash_percent":0.9102192305511294,"average_exposure_percent":0.08978076944887062,"average_leverage":0.08978076944887062,"average_position_value":204.56297945962766,"max_exposure_percent":0.4079308764801643},"closed_trades":18,"equity_curve":[],"final_equity":543.1779177410052,"max_drawdown":0.034773063411583365,"open_trades":0,"profit_factor":1.8235734148119298,"sharpe":0.9383229863712834,"signal_diagnostics":{"buy_signals":18,"duplicate_buy_skips":0,"flat_sell_skips":0,"hold_signals":517,"risk_blocked_signals":0,"sell_signals":6,"stop_loss_exits":11,"take_profit_exits":1},"starting_equity":500,"total_return":0.08635583548201042,"trade_analysis":{"average_loss":-5.825280818180384,"average_trade_duration_days":8.5,"average_win":10.622827233847635,"expectancy":2.3987732078336252,"largest_loss":-9.591452693832187,"largest_win":18.70442284991676,"max_trade_duration_days":17.0,"median_trade_duration_days":7.0,"profit_factor":1.8235734148119298,"time_in_market_percent":0.19028864590350833,"total_trades":18,"win_rate":0.5}}