{"capital_utilization":{"average_cash_percent":0.7871350790052786,"average_exposure_percent":0.2128649209947214,"average_leverage":0.2128649209947214,"average_position_value":205.92740270950588,"max_exposure_percent":0.4057538449944659},"closed_trades":31,"equity_curve":[],"final_equity":522.1490679647209,"max_drawdown":0.05930832058457908,"open_trades":0,"profit_factor":1.303340051400645,"sharpe":0.3807666288033388,"signal_diagnostics":{"buy_signals":31,"duplicate_buy_skips":0,"flat_sell_skips":0,"hold_signals":491,"risk_blocked_signals":0,"sell_signals":0,"stop_loss_exits":30,"take_profit_exits":1},"starting_equity":500,"total_return":0.04429813592944165,"trade_analysis":{"average_loss":-4.563580514353757,"average_trade_duration_days":12.711021505376342,"average_win":6.344423746292062,"expectancy":0.7144860633780913,"largest_loss":-7.0316089234626835,"largest_win":20.52692467123188,"max_trade_duration_days":33.0,"median_trade_duration_days":12.0,"profit_factor":1.303340051400645,"time_in_market_percent":0.49007617764419337,"total_trades":31,"win_rate":0.4838709677419355}}