{"capital_utilization":{"average_cash_percent":0.9159128590680671,"average_exposure_percent":0.08408714093193295,"average_leverage":0.08408714093193295,"average_position_value":208.20622820642166,"max_exposure_percent":0.4178144664739947},"closed_trades":18,"equity_curve":[],"final_equity":594.0979784232367,"max_drawdown":0.1428044359904689,"open_trades":0,"profit_factor":1.7269929525609637,"sharpe":0.8021233159029085,"signal_diagnostics":{"buy_signals":18,"duplicate_buy_skips":0,"flat_sell_skips":0,"hold_signals":516,"risk_blocked_signals":0,"sell_signals":1,"stop_loss_exits":8,"take_profit_exits":9},"starting_equity":500,"total_return":0.18819595684647328,"trade_analysis":{"average_loss":-16.17931406552146,"average_trade_duration_days":8.217592592592593,"average_win":22.35324909474083,"expectancy":5.22766546795759,"largest_loss":-22.264659012810245,"largest_win":37.31534961742242,"max_trade_duration_days":19.0,"median_trade_duration_days":6.5,"profit_factor":1.7269929525609637,"time_in_market_percent":0.18396641965072294,"total_trades":18,"win_rate":0.5555555555555556}}