{"capital_utilization":{"average_cash_percent":0.8057482070096302,"average_exposure_percent":0.19425179299036976,"average_leverage":0.19425179299036976,"average_position_value":208.34842042169674,"max_exposure_percent":0.40578438014560503},"closed_trades":28,"equity_curve":[],"final_equity":551.9498159792283,"max_drawdown":0.04477551188005026,"open_trades":0,"profit_factor":1.9180029248570512,"sharpe":0.8872356688503532,"signal_diagnostics":{"buy_signals":28,"duplicate_buy_skips":0,"flat_sell_skips":0,"hold_signals":496,"risk_blocked_signals":0,"sell_signals":2,"stop_loss_exits":24,"take_profit_exits":2},"starting_equity":500,"total_return":0.10389963195845664,"trade_analysis":{"average_loss":-3.7726688788286635,"average_trade_duration_days":12.787202380952381,"average_win":8.349219166281403,"expectancy":1.8553505706867242,"largest_loss":-6.975979742739291,"largest_win":24.608765720549673,"max_trade_duration_days":27.0,"median_trade_duration_days":12.0,"profit_factor":1.9180029248570512,"time_in_market_percent":0.4453023786080738,"total_trades":28,"win_rate":0.4642857142857143}}