{"capital_utilization":{"average_cash_percent":0.770189749695791,"average_exposure_percent":0.229810250304209,"average_leverage":0.229810250304209,"average_position_value":215.61581555394804,"max_exposure_percent":0.40751654284475225},"closed_trades":30,"equity_curve":[],"final_equity":556.2214641646,"max_drawdown":0.0647266906378343,"open_trades":0,"profit_factor":1.677348077944133,"sharpe":0.8082186027675625,"signal_diagnostics":{"buy_signals":30,"duplicate_buy_skips":0,"flat_sell_skips":0,"hold_signals":493,"risk_blocked_signals":0,"sell_signals":13,"stop_loss_exits":12,"take_profit_exits":5},"starting_equity":500,"total_return":0.11244292832919989,"trade_analysis":{"average_loss":-4.611240184354263,"average_trade_duration_days":14.299999999999999,"average_win":11.60198229024806,"expectancy":1.8740488054866664,"largest_loss":-9.825211717241796,"largest_win":30.357746737941618,"max_trade_duration_days":49.0,"median_trade_duration_days":12.0,"profit_factor":1.677348077944133,"time_in_market_percent":0.5335544385137586,"total_trades":30,"win_rate":0.4}}