{"capital_utilization":{"average_cash_percent":0.8738000933610552,"average_exposure_percent":0.12619990663894473,"average_leverage":0.12619990663894473,"average_position_value":198.23001854021916,"max_exposure_percent":0.41829230882580254},"closed_trades":28,"equity_curve":[],"final_equity":573.3936727427905,"max_drawdown":0.14520134818682082,"open_trades":0,"profit_factor":1.4056161652341665,"sharpe":0.5890346479430421,"signal_diagnostics":{"buy_signals":28,"duplicate_buy_skips":0,"flat_sell_skips":0,"hold_signals":496,"risk_blocked_signals":0,"sell_signals":9,"stop_loss_exits":12,"take_profit_exits":7},"starting_equity":500,"total_return":0.14678734548558103,"trade_analysis":{"average_loss":-13.918742934718852,"average_trade_duration_days":7.784226190476191,"average_win":16.95582205960904,"expectancy":2.621202597956803,"largest_loss":-21.82131533328885,"largest_win":35.25942653532208,"max_trade_duration_days":19.0,"median_trade_duration_days":6.479166666666666,"profit_factor":1.4056161652341665,"time_in_market_percent":0.2710784059698399,"total_trades":28,"win_rate":0.5357142857142857}}