{"capital_utilization":{"average_cash_percent":0.8103693040044798,"average_exposure_percent":0.18963069599552015,"average_leverage":0.18963069599552015,"average_position_value":225.39651314109977,"max_exposure_percent":0.4122049367892782},"closed_trades":22,"equity_curve":[],"final_equity":607.2755002135171,"max_drawdown":0.052926535520702526,"open_trades":0,"profit_factor":2.6726489397294513,"sharpe":1.373918003649515,"signal_diagnostics":{"buy_signals":22,"duplicate_buy_skips":0,"flat_sell_skips":0,"hold_signals":510,"risk_blocked_signals":0,"sell_signals":11,"stop_loss_exits":8,"take_profit_exits":2},"starting_equity":500,"total_return":0.21455100042703434,"trade_analysis":{"average_loss":-7.126121770448789,"average_trade_duration_days":15.956439393939394,"average_win":13.185430472888942,"expectancy":4.876159100614415,"largest_loss":-11.317290059907615,"largest_win":23.197695926297637,"max_trade_duration_days":35.041666666666664,"median_trade_duration_days":15.0,"profit_factor":2.6726489397294513,"time_in_market_percent":0.43659636212882835,"total_trades":22,"win_rate":0.5909090909090909}}