{"capital_utilization":{"average_cash_percent":0.7101433279845083,"average_exposure_percent":0.2898566720154917,"average_leverage":0.2898566720154917,"average_position_value":217.570863907894,"max_exposure_percent":0.40435915586106935},"closed_trades":24,"equity_curve":[],"final_equity":554.4619363354192,"max_drawdown":0.033088791945103585,"open_trades":0,"profit_factor":2.536162949418791,"sharpe":0.9493194813712202,"signal_diagnostics":{"buy_signals":24,"duplicate_buy_skips":0,"flat_sell_skips":0,"hold_signals":505,"risk_blocked_signals":0,"sell_signals":1,"stop_loss_exits":22,"take_profit_exits":0},"starting_equity":500,"total_return":0.10892387267083836,"trade_analysis":{"average_loss":-2.95443572332962,"average_trade_duration_days":23.041666666666668,"average_win":7.492930417947888,"expectancy":2.2692473473091344,"largest_loss":-5.81914362421565,"largest_win":16.953142601391058,"max_trade_duration_days":65.0,"median_trade_duration_days":18.0,"profit_factor":2.536162949418791,"time_in_market_percent":0.6877753018603928,"total_trades":24,"win_rate":0.5}}