{"capital_utilization":{"average_cash_percent":0.9300037164683258,"average_exposure_percent":0.06999628353167418,"average_leverage":0.06999628353167418,"average_position_value":199.8195315677778,"max_exposure_percent":0.4079308764801643},"closed_trades":18,"equity_curve":[],"final_equity":522.9472531431023,"max_drawdown":0.03049241750489407,"open_trades":0,"profit_factor":1.4466026640401572,"sharpe":0.5945158571293353,"signal_diagnostics":{"buy_signals":18,"duplicate_buy_skips":0,"flat_sell_skips":0,"hold_signals":517,"risk_blocked_signals":0,"sell_signals":1,"stop_loss_exits":10,"take_profit_exits":7},"starting_equity":500,"total_return":0.04589450628620462,"trade_analysis":{"average_loss":-5.709089978578317,"average_trade_duration_days":6.219907407407407,"average_win":8.258784772256357,"expectancy":1.2748473968390206,"largest_loss":-9.591452693832187,"largest_win":13.303405258366164,"max_trade_duration_days":15.0,"median_trade_duration_days":6.0,"profit_factor":1.4466026640401572,"time_in_market_percent":0.1392444421412655,"total_trades":18,"win_rate":0.5}}