{"capital_utilization":{"average_cash_percent":0.803337384538937,"average_exposure_percent":0.196662615461063,"average_leverage":0.196662615461063,"average_position_value":204.99845214424906,"max_exposure_percent":0.40578369015115473},"closed_trades":27,"equity_curve":[],"final_equity":541.3927454244812,"max_drawdown":0.044761149251322345,"open_trades":0,"profit_factor":1.7358336072696507,"sharpe":0.7134247430329478,"signal_diagnostics":{"buy_signals":27,"duplicate_buy_skips":0,"flat_sell_skips":0,"hold_signals":498,"risk_blocked_signals":0,"sell_signals":2,"stop_loss_exits":25,"take_profit_exits":0},"starting_equity":500,"total_return":0.08278549084896225,"trade_analysis":{"average_loss":-4.018061480159807,"average_trade_duration_days":13.445987654320989,"average_win":7.511200472824495,"expectancy":1.5330646453511536,"largest_loss":-6.929579445493126,"largest_win":19.153360233945133,"max_trade_duration_days":30.0,"median_trade_duration_days":11.0,"profit_factor":1.7358336072696507,"time_in_market_percent":0.45152096180753487,"total_trades":27,"win_rate":0.48148148148148145}}