{"capital_utilization":{"average_cash_percent":0.8309527956401561,"average_exposure_percent":0.16904720435984388,"average_leverage":0.16904720435984388,"average_position_value":222.48190110017526,"max_exposure_percent":0.4090542207427739},"closed_trades":27,"equity_curve":[],"final_equity":593.1263327065777,"max_drawdown":0.03733658143615464,"open_trades":0,"profit_factor":2.2448813046182434,"sharpe":1.2182565071695317,"signal_diagnostics":{"buy_signals":27,"duplicate_buy_skips":0,"flat_sell_skips":0,"hold_signals":499,"risk_blocked_signals":0,"sell_signals":11,"stop_loss_exits":15,"take_profit_exits":1},"starting_equity":500,"total_return":0.18625266541315555,"trade_analysis":{"average_loss":-5.754415322791688,"average_trade_duration_days":11.260802469135804,"average_win":11.995266564490688,"expectancy":3.4491234335769527,"largest_loss":-11.761714300070336,"largest_win":20.894338809004054,"max_trade_duration_days":22.0,"median_trade_duration_days":12.0,"profit_factor":2.2448813046182434,"time_in_market_percent":0.3781416800538944,"total_trades":27,"win_rate":0.5185185185185185}}