{"capital_utilization":{"average_cash_percent":0.8218136247978195,"average_exposure_percent":0.17818637520218047,"average_leverage":0.17818637520218047,"average_position_value":197.55087919005499,"max_exposure_percent":0.414912936127344},"closed_trades":32,"equity_curve":[],"final_equity":499.5839531317967,"max_drawdown":0.22080734278105382,"open_trades":0,"profit_factor":0.9981468641550563,"sharpe":0.06256378696101747,"signal_diagnostics":{"buy_signals":32,"duplicate_buy_skips":0,"flat_sell_skips":0,"hold_signals":489,"risk_blocked_signals":0,"sell_signals":1,"stop_loss_exits":27,"take_profit_exits":3},"starting_equity":500,"total_return":-0.0008320937364065806,"trade_analysis":{"average_loss":-10.69093541241537,"average_trade_duration_days":9.565104166666668,"average_win":20.372145162956322,"expectancy":-0.013001464631353193,"largest_loss":-18.45773802095623,"largest_win":68.9551622986056,"max_trade_duration_days":31.0,"median_trade_duration_days":7.520833333333334,"profit_factor":0.9981468641550563,"time_in_market_percent":0.38068093486034105,"total_trades":32,"win_rate":0.34375}}