{"capital_utilization":{"average_cash_percent":0.879239836851307,"average_exposure_percent":0.12076016314869302,"average_leverage":0.12076016314869302,"average_position_value":192.93307038573585,"max_exposure_percent":0.40735570320953723},"closed_trades":20,"equity_curve":[],"final_equity":488.47483721399703,"max_drawdown":0.06312018058945755,"open_trades":0,"profit_factor":0.8096870381407629,"sharpe":-0.25916962557401907,"signal_diagnostics":{"buy_signals":20,"duplicate_buy_skips":0,"flat_sell_skips":0,"hold_signals":400,"risk_blocked_signals":0,"sell_signals":6,"stop_loss_exits":13,"take_profit_exits":1},"starting_equity":500,"total_return":-0.023050325572005925,"trade_analysis":{"average_loss":-4.658384667432251,"average_trade_duration_days":8.297916666666666,"average_win":7.004833984373759,"expectancy":-0.5762581393001478,"largest_loss":-8.608749483395943,"largest_win":10.635087781452452,"max_trade_duration_days":20.0,"median_trade_duration_days":7.0,"profit_factor":0.8096870381407629,"time_in_market_percent":0.2601057924639195,"total_trades":20,"win_rate":0.35}}