{"capital_utilization":{"average_cash_percent":0.8583785538560782,"average_exposure_percent":0.14162144614392178,"average_leverage":0.14162144614392178,"average_position_value":205.37823482531346,"max_exposure_percent":0.4112320852058131},"closed_trades":27,"equity_curve":[],"final_equity":543.4573898798549,"max_drawdown":0.05290042654164934,"open_trades":0,"profit_factor":1.5789290385226373,"sharpe":0.6566960416373092,"signal_diagnostics":{"buy_signals":27,"duplicate_buy_skips":0,"flat_sell_skips":0,"hold_signals":499,"risk_blocked_signals":0,"sell_signals":17,"stop_loss_exits":9,"take_profit_exits":1},"starting_equity":500,"total_return":0.08691477975970985,"trade_analysis":{"average_loss":-6.824103723214861,"average_trade_duration_days":9.407407407407407,"average_win":7.407658177201144,"expectancy":1.6095329585131422,"largest_loss":-13.715465876367118,"largest_win":16.905508841140836,"max_trade_duration_days":19.958333333333332,"median_trade_duration_days":7.0,"profit_factor":1.5789290385226373,"time_in_market_percent":0.3159040265326217,"total_trades":27,"win_rate":0.5925925925925926}}