{"capital_utilization":{"average_cash_percent":0.8472002954809661,"average_exposure_percent":0.1527997045190339,"average_leverage":0.1527997045190339,"average_position_value":200.03068215492036,"max_exposure_percent":0.40531301947691245},"closed_trades":8,"equity_curve":[],"final_equity":528.5997698202415,"max_drawdown":0.03313075385908971,"open_trades":0,"profit_factor":2.192197652152205,"sharpe":0.7886514134556827,"signal_diagnostics":{"buy_signals":8,"duplicate_buy_skips":0,"flat_sell_skips":0,"hold_signals":425,"risk_blocked_signals":0,"sell_signals":1,"stop_loss_exits":6,"take_profit_exits":0},"starting_equity":500,"total_return":0.057199539640482966,"trade_analysis":{"average_loss":-4.797823543539434,"average_trade_duration_days":29.875,"average_win":17.529629179312863,"expectancy":3.5749712275301784,"largest_loss":-6.423976229155885,"largest_win":30.74959319127575,"max_trade_duration_days":89.0,"median_trade_duration_days":20.5,"profit_factor":2.192197652152205,"time_in_market_percent":0.3745836870632796,"total_trades":8,"win_rate":0.375}}