{"capital_utilization":{"average_cash_percent":0.8003838545464284,"average_exposure_percent":0.1996161454535716,"average_leverage":0.1996161454535716,"average_position_value":208.88052905382975,"max_exposure_percent":0.40733182577466465},"closed_trades":27,"equity_curve":[],"final_equity":533.944969090044,"max_drawdown":0.07926254834539528,"open_trades":0,"profit_factor":1.4994312493767699,"sharpe":0.6233460380628423,"signal_diagnostics":{"buy_signals":27,"duplicate_buy_skips":0,"flat_sell_skips":0,"hold_signals":498,"risk_blocked_signals":0,"sell_signals":0,"stop_loss_exits":26,"take_profit_exits":1},"starting_equity":500,"total_return":0.06788993818008793,"trade_analysis":{"average_loss":-4.854803643773815,"average_trade_duration_days":13.594135802469134,"average_win":7.83940154637518,"expectancy":1.2572210774090338,"largest_loss":-8.995642206830334,"largest_win":20.63609608489911,"max_trade_duration_days":47.0,"median_trade_duration_days":11.0,"profit_factor":1.4994312493767699,"time_in_market_percent":0.4564958283671037,"total_trades":27,"win_rate":0.48148148148148145}}