{"capital_utilization":{"average_cash_percent":0.9218785470980506,"average_exposure_percent":0.07812145290194936,"average_leverage":0.07812145290194936,"average_position_value":198.54027900152988,"max_exposure_percent":0.4071005567891673},"closed_trades":14,"equity_curve":[],"final_equity":506.64195480413997,"max_drawdown":0.05774706976461854,"open_trades":0,"profit_factor":1.1453433332545329,"sharpe":0.17755989601855693,"signal_diagnostics":{"buy_signals":14,"duplicate_buy_skips":0,"flat_sell_skips":0,"hold_signals":412,"risk_blocked_signals":0,"sell_signals":2,"stop_loss_exits":8,"take_profit_exits":4},"starting_equity":500,"total_return":0.013283909608279965,"trade_analysis":{"average_loss":-5.712297440320369,"average_trade_duration_days":7.5,"average_win":8.723389054450491,"expectancy":0.4744253431528566,"largest_loss":-8.468580967524616,"largest_win":14.620081482017612,"max_trade_duration_days":11.0,"median_trade_duration_days":7.0,"profit_factor":1.1453433332545329,"time_in_market_percent":0.16456605498595966,"total_trades":14,"win_rate":0.42857142857142855}}