{"capital_utilization":{"average_cash_percent":0.9159187009936133,"average_exposure_percent":0.08408129900638671,"average_leverage":0.08408129900638671,"average_position_value":197.9283311970333,"max_exposure_percent":0.4108873887592341},"closed_trades":11,"equity_curve":[],"final_equity":494.09238656563355,"max_drawdown":0.09154548465960108,"open_trades":0,"profit_factor":0.9199369411291841,"sharpe":-0.03682900304758994,"signal_diagnostics":{"buy_signals":11,"duplicate_buy_skips":0,"flat_sell_skips":0,"hold_signals":419,"risk_blocked_signals":0,"sell_signals":2,"stop_loss_exits":7,"take_profit_exits":1},"starting_equity":500,"total_return":-0.011815226868732931,"trade_analysis":{"average_loss":-9.223375795412972,"average_trade_duration_days":11.0,"average_win":22.626464309645772,"expectancy":-0.537055766760586,"largest_loss":-13.527736240962577,"largest_win":43.46068620973121,"max_trade_duration_days":24.0,"median_trade_duration_days":11.0,"profit_factor":0.9199369411291841,"time_in_market_percent":0.18964278717429636,"total_trades":11,"win_rate":0.2727272727272727}}