{"capital_utilization":{"average_cash_percent":0.9104033084959378,"average_exposure_percent":0.08959669150406221,"average_leverage":0.08959669150406221,"average_position_value":211.4466098365022,"max_exposure_percent":0.4240525153032387},"closed_trades":19,"equity_curve":[],"final_equity":643.3608570794527,"max_drawdown":0.1468790442592432,"open_trades":0,"profit_factor":2.065068793609532,"sharpe":0.9839028812124275,"signal_diagnostics":{"buy_signals":19,"duplicate_buy_skips":0,"flat_sell_skips":0,"hold_signals":514,"risk_blocked_signals":0,"sell_signals":8,"stop_loss_exits":9,"take_profit_exits":2},"starting_equity":500,"total_return":0.28672171415890535,"trade_analysis":{"average_loss":-14.95582653018652,"average_trade_duration_days":8.418859649122806,"average_win":27.796329585113142,"expectancy":7.5453082673396175,"largest_loss":-31.114717753661346,"largest_win":55.62405971564535,"max_trade_duration_days":18.0,"median_trade_duration_days":8.0,"profit_factor":2.065068793609532,"time_in_market_percent":0.1989428408560916,"total_trades":19,"win_rate":0.5263157894736842}}