{"capital_utilization":{"average_cash_percent":0.8737171115368364,"average_exposure_percent":0.1262828884631636,"average_leverage":0.1262828884631636,"average_position_value":193.46401830649066,"max_exposure_percent":0.40947714211372416},"closed_trades":15,"equity_curve":[],"final_equity":502.1419674465086,"max_drawdown":0.07820546662864696,"open_trades":0,"profit_factor":1.0366144406366014,"sharpe":0.0705611654706478,"signal_diagnostics":{"buy_signals":15,"duplicate_buy_skips":0,"flat_sell_skips":0,"hold_signals":410,"risk_blocked_signals":0,"sell_signals":6,"stop_loss_exits":8,"take_profit_exits":1},"starting_equity":500,"total_return":0.0042839348930172605,"trade_analysis":{"average_loss":-7.3125773918262125,"average_trade_duration_days":11.8,"average_win":8.66322665444547,"expectancy":0.1427978297672393,"largest_loss":-11.258914407703966,"largest_win":14.068192374350987,"max_trade_duration_days":22.0,"median_trade_duration_days":11.0,"profit_factor":1.0366144406366014,"time_in_market_percent":0.2774113498334748,"total_trades":15,"win_rate":0.4666666666666667}}