{"capital_utilization":{"average_cash_percent":0.8375906034483536,"average_exposure_percent":0.16240939655164638,"average_leverage":0.16240939655164638,"average_position_value":195.65850951484563,"max_exposure_percent":0.40392621001122375},"closed_trades":14,"equity_curve":[],"final_equity":505.29768922420857,"max_drawdown":0.04656893132007303,"open_trades":0,"profit_factor":1.1723377357827596,"sharpe":0.2096824066167381,"signal_diagnostics":{"buy_signals":14,"duplicate_buy_skips":0,"flat_sell_skips":0,"hold_signals":413,"risk_blocked_signals":0,"sell_signals":0,"stop_loss_exits":11,"take_profit_exits":2},"starting_equity":500,"total_return":0.010595378448417181,"trade_analysis":{"average_loss":-3.0740157981920744,"average_trade_duration_days":17.214285714285715,"average_win":9.009461801532321,"expectancy":0.37840637315775333,"largest_loss":-4.599649036800157,"largest_win":13.23720180996318,"max_trade_duration_days":45.0,"median_trade_duration_days":12.5,"profit_factor":1.1723377357827596,"time_in_market_percent":0.37771827858682167,"total_trades":14,"win_rate":0.2857142857142857}}