{"capital_utilization":{"average_cash_percent":0.8729204128453636,"average_exposure_percent":0.12707958715463646,"average_leverage":0.12707958715463646,"average_position_value":208.41746749584297,"max_exposure_percent":0.4081037583484873},"closed_trades":23,"equity_curve":[],"final_equity":572.588523535702,"max_drawdown":0.03946066100239336,"open_trades":0,"profit_factor":2.625088450283436,"sharpe":1.3600831700347855,"signal_diagnostics":{"buy_signals":23,"duplicate_buy_skips":0,"flat_sell_skips":0,"hold_signals":507,"risk_blocked_signals":0,"sell_signals":15,"stop_loss_exits":8,"take_profit_exits":0},"starting_equity":500,"total_return":0.145177047071404,"trade_analysis":{"average_loss":-5.5834286683781515,"average_trade_duration_days":9.568840579710145,"average_win":7.817063525515153,"expectancy":3.15602276242183,"largest_loss":-9.896316353273862,"largest_win":16.629352154250487,"max_trade_duration_days":19.0,"median_trade_duration_days":9.0,"profit_factor":2.625088450283436,"time_in_market_percent":0.2737213038296108,"total_trades":23,"win_rate":0.6521739130434783}}