{"capital_utilization":{"average_cash_percent":0.7904833749562544,"average_exposure_percent":0.20951662504374557,"average_leverage":0.20951662504374557,"average_position_value":216.43013919405522,"max_exposure_percent":0.4058636730930018},"closed_trades":21,"equity_curve":[],"final_equity":573.5304992592031,"max_drawdown":0.05039231616925711,"open_trades":0,"profit_factor":2.7702562734739393,"sharpe":1.182129006822647,"signal_diagnostics":{"buy_signals":21,"duplicate_buy_skips":0,"flat_sell_skips":0,"hold_signals":512,"risk_blocked_signals":0,"sell_signals":5,"stop_loss_exits":12,"take_profit_exits":3},"starting_equity":500,"total_return":0.14706099851840615,"trade_analysis":{"average_loss":-4.153664097170932,"average_trade_duration_days":18.714285714285715,"average_win":10.460649111901127,"expectancy":3.501452345676338,"largest_loss":-7.875604470608263,"largest_win":26.884020520655998,"max_trade_duration_days":51.0,"median_trade_duration_days":12.0,"profit_factor":2.7702562734739393,"time_in_market_percent":0.48878063947763906,"total_trades":21,"win_rate":0.5238095238095238}}