{"capital_utilization":{"average_cash_percent":0.8511316014011834,"average_exposure_percent":0.14886839859881662,"average_leverage":0.14886839859881662,"average_position_value":203.86371687831033,"max_exposure_percent":0.40839610507384644},"closed_trades":24,"equity_curve":[],"final_equity":551.8176759402046,"max_drawdown":0.05709250544625447,"open_trades":0,"profit_factor":1.665390463234016,"sharpe":0.8357418045484518,"signal_diagnostics":{"buy_signals":24,"duplicate_buy_skips":0,"flat_sell_skips":0,"hold_signals":505,"risk_blocked_signals":0,"sell_signals":7,"stop_loss_exits":14,"take_profit_exits":3},"starting_equity":500,"total_return":0.10363535188040918,"trade_analysis":{"average_loss":-5.990430119707884,"average_trade_duration_days":11.208333333333334,"average_win":11.790297045127916,"expectancy":2.1590698308418577,"largest_loss":-9.996577228041993,"largest_win":19.501717660391506,"max_trade_duration_days":26.958333333333332,"median_trade_duration_days":11.020833333333332,"profit_factor":1.665390463234016,"time_in_market_percent":0.33455977613100485,"total_trades":24,"win_rate":0.4583333333333333}}