{"capital_utilization":{"average_cash_percent":0.8163412425979126,"average_exposure_percent":0.18365875740208742,"average_leverage":0.18365875740208742,"average_position_value":202.70631227006658,"max_exposure_percent":0.40543751367299935},"closed_trades":26,"equity_curve":[],"final_equity":531.383842126115,"max_drawdown":0.04972954861337928,"open_trades":0,"profit_factor":1.4005849833475965,"sharpe":0.48995444513204095,"signal_diagnostics":{"buy_signals":26,"duplicate_buy_skips":0,"flat_sell_skips":0,"hold_signals":501,"risk_blocked_signals":0,"sell_signals":10,"stop_loss_exits":14,"take_profit_exits":1},"starting_equity":500,"total_return":0.06276768425223,"trade_analysis":{"average_loss":-5.596073497999889,"average_trade_duration_days":12.884615384615385,"average_win":9.14407259150945,"expectancy":1.2070708510044226,"largest_loss":-6.6284713920822576,"largest_win":18.674599889832585,"max_trade_duration_days":39.0,"median_trade_duration_days":8.0,"profit_factor":1.4005849833475965,"time_in_market_percent":0.41664507436389076,"total_trades":26,"win_rate":0.46153846153846156}}