{"capital_utilization":{"average_cash_percent":0.8559869214893422,"average_exposure_percent":0.14401307851065778,"average_leverage":0.14401307851065778,"average_position_value":193.66695501534574,"max_exposure_percent":0.4228756421966925},"closed_trades":25,"equity_curve":[],"final_equity":586.7587660069056,"max_drawdown":0.16269119713564448,"open_trades":0,"profit_factor":1.5062219169572595,"sharpe":0.5901286140052788,"signal_diagnostics":{"buy_signals":25,"duplicate_buy_skips":0,"flat_sell_skips":0,"hold_signals":502,"risk_blocked_signals":0,"sell_signals":8,"stop_loss_exits":14,"take_profit_exits":3},"starting_equity":500,"total_return":0.17351753201381115,"trade_analysis":{"average_loss":-14.282070619736837,"average_trade_duration_days":10.398333333333335,"average_win":19.85720103413444,"expectancy":3.4703506402762256,"largest_loss":-26.487565802252394,"largest_win":48.61299205322999,"max_trade_duration_days":21.0,"median_trade_duration_days":9.0,"profit_factor":1.5062219169572595,"time_in_market_percent":0.3233145048453128,"total_trades":25,"win_rate":0.52}}