{"capital_utilization":{"average_cash_percent":0.7103478008211506,"average_exposure_percent":0.2896521991788495,"average_leverage":0.2896521991788495,"average_position_value":209.99661666409017,"max_exposure_percent":0.4041024486668537},"closed_trades":25,"equity_curve":[],"final_equity":528.2054859147901,"max_drawdown":0.04769230301772631,"open_trades":0,"profit_factor":1.7631600495113082,"sharpe":0.7448326693837035,"signal_diagnostics":{"buy_signals":25,"duplicate_buy_skips":0,"flat_sell_skips":0,"hold_signals":503,"risk_blocked_signals":0,"sell_signals":2,"stop_loss_exits":19,"take_profit_exits":3},"starting_equity":500,"total_return":0.056410971829580214,"trade_analysis":{"average_loss":-2.842985248068871,"average_trade_duration_days":21.84,"average_win":5.4303578449737815,"expectancy":1.128219436591603,"largest_loss":-5.17700588483097,"largest_win":16.22476528137902,"max_trade_duration_days":62.0,"median_trade_duration_days":21.0,"profit_factor":1.7631600495113082,"time_in_market_percent":0.6790692853811474,"total_trades":25,"win_rate":0.48}}