{"capital_utilization":{"average_cash_percent":0.9170108474270797,"average_exposure_percent":0.08298915257292033,"average_leverage":0.08298915257292033,"average_position_value":204.33252289564174,"max_exposure_percent":0.40567794480041136},"closed_trades":19,"equity_curve":[],"final_equity":541.5262507438983,"max_drawdown":0.026746844591893686,"open_trades":0,"profit_factor":2.1471833074357525,"sharpe":1.052785451391045,"signal_diagnostics":{"buy_signals":19,"duplicate_buy_skips":0,"flat_sell_skips":0,"hold_signals":515,"risk_blocked_signals":0,"sell_signals":10,"stop_loss_exits":8,"take_profit_exits":1},"starting_equity":500,"total_return":0.08305250148779675,"trade_analysis":{"average_loss":-5.171206289693029,"average_trade_duration_days":7.105263157894737,"average_win":6.477057897645793,"expectancy":2.185592144415702,"largest_loss":-6.867969777374319,"largest_win":14.562658224932012,"max_trade_duration_days":18.0,"median_trade_duration_days":8.0,"profit_factor":2.1471833074357525,"time_in_market_percent":0.16790174638544852,"total_trades":19,"win_rate":0.631578947368421}}