{"capital_utilization":{"average_cash_percent":0.747029919162604,"average_exposure_percent":0.25297008083739597,"average_leverage":0.25297008083739597,"average_position_value":206.9608485889067,"max_exposure_percent":0.4036779610850732},"closed_trades":19,"equity_curve":[],"final_equity":536.1576427413577,"max_drawdown":0.023451900790149888,"open_trades":0,"profit_factor":3.06469001135944,"sharpe":0.9344557750805065,"signal_diagnostics":{"buy_signals":19,"duplicate_buy_skips":0,"flat_sell_skips":0,"hold_signals":515,"risk_blocked_signals":0,"sell_signals":5,"stop_loss_exits":12,"take_profit_exits":2},"starting_equity":500,"total_return":0.07231528548271537,"trade_analysis":{"average_loss":-1.945820359495818,"average_trade_duration_days":25.682017543859647,"average_win":5.367002597682001,"expectancy":1.9030338284925081,"largest_loss":-4.540440052698577,"largest_win":13.548981903524437,"max_trade_duration_days":55.958333333333336,"median_trade_duration_days":25.0,"profit_factor":3.06469001135944,"time_in_market_percent":0.606881898740737,"total_trades":19,"win_rate":0.5263157894736842}}