{"capital_utilization":{"average_cash_percent":0.7457602992069372,"average_exposure_percent":0.25423970079306274,"average_leverage":0.25423970079306274,"average_position_value":215.7363667006814,"max_exposure_percent":0.40395136765550266},"closed_trades":38,"equity_curve":[],"final_equity":560.2446565524097,"max_drawdown":0.033006847572063736,"open_trades":0,"profit_factor":2.3204730024868594,"sharpe":1.1249319454147504,"signal_diagnostics":{"buy_signals":38,"duplicate_buy_skips":0,"flat_sell_skips":0,"hold_signals":477,"risk_blocked_signals":0,"sell_signals":7,"stop_loss_exits":31,"take_profit_exits":0},"starting_equity":500,"total_return":0.12048931310481925,"trade_analysis":{"average_loss":-2.401239095024054,"average_trade_duration_days":12.209429824561402,"average_win":5.572010492519294,"expectancy":1.585385698747621,"largest_loss":-5.305962079157328,"largest_win":13.599706416539501,"max_trade_duration_days":31.0,"median_trade_duration_days":9.5,"profit_factor":2.3204730024868594,"time_in_market_percent":0.5770326993833238,"total_trades":38,"win_rate":0.5}}