{"capital_utilization":{"average_cash_percent":0.865905914074784,"average_exposure_percent":0.13409408592521593,"average_leverage":0.13409408592521593,"average_position_value":214.79539847325464,"max_exposure_percent":0.4068728792151246},"closed_trades":38,"equity_curve":[],"final_equity":554.959387504379,"max_drawdown":0.05764846642497027,"open_trades":0,"profit_factor":1.640907103954574,"sharpe":0.8989147891734586,"signal_diagnostics":{"buy_signals":38,"duplicate_buy_skips":0,"flat_sell_skips":0,"hold_signals":478,"risk_blocked_signals":0,"sell_signals":22,"stop_loss_exits":15,"take_profit_exits":0},"starting_equity":500,"total_return":0.10991877500875802,"trade_analysis":{"average_loss":-5.044264804319524,"average_trade_duration_days":5.449561403508771,"average_win":6.700566151324329,"expectancy":1.4462996711678686,"largest_loss":-8.721353844565751,"largest_win":20.756730226833106,"max_trade_duration_days":15.0,"median_trade_duration_days":5.0,"profit_factor":1.640907103954574,"time_in_market_percent":0.2575529875110121,"total_trades":38,"win_rate":0.5526315789473685}}