{"capital_utilization":{"average_cash_percent":0.8041114847381249,"average_exposure_percent":0.19588851526187515,"average_leverage":0.19588851526187515,"average_position_value":211.07285323166812,"max_exposure_percent":0.40564790076859325},"closed_trades":17,"equity_curve":[],"final_equity":559.2861481515525,"max_drawdown":0.042314320061441424,"open_trades":0,"profit_factor":3.025829792886687,"sharpe":1.0046255318927997,"signal_diagnostics":{"buy_signals":17,"duplicate_buy_skips":0,"flat_sell_skips":0,"hold_signals":518,"risk_blocked_signals":0,"sell_signals":4,"stop_loss_exits":11,"take_profit_exits":2},"starting_equity":500,"total_return":0.11857229630310506,"trade_analysis":{"average_loss":-4.180731158004946,"average_trade_duration_days":21.88480392156863,"average_win":8.855126625758716,"expectancy":3.48742047950309,"largest_loss":-7.350166135234806,"largest_win":24.780694214617558,"max_trade_duration_days":52.041666666666664,"median_trade_duration_days":20.0,"profit_factor":3.025829792886687,"time_in_market_percent":0.4627144115665648,"total_trades":17,"win_rate":0.5882352941176471}}