{"capital_utilization":{"average_cash_percent":0.8468351271274231,"average_exposure_percent":0.15316487287257685,"average_leverage":0.15316487287257685,"average_position_value":194.33249249664357,"max_exposure_percent":0.4048752831706528},"closed_trades":11,"equity_curve":[],"final_equity":497.26925728916376,"max_drawdown":0.05095017649682154,"open_trades":0,"profit_factor":0.9059630272921636,"sharpe":-0.08587451206557958,"signal_diagnostics":{"buy_signals":11,"duplicate_buy_skips":0,"flat_sell_skips":0,"hold_signals":419,"risk_blocked_signals":0,"sell_signals":1,"stop_loss_exits":9,"take_profit_exits":0},"starting_equity":500,"total_return":-0.005461485421672463,"trade_analysis":{"average_loss":-4.1484332206232555,"average_trade_duration_days":21.09090909090909,"average_win":6.577072458381642,"expectancy":-0.2482493373487469,"largest_loss":-5.84848472906096,"largest_win":11.454366629270366,"max_trade_duration_days":45.0,"median_trade_duration_days":20.0,"profit_factor":0.9059630272921636,"time_in_market_percent":0.3636126167308823,"total_trades":11,"win_rate":0.36363636363636365}}