{"capital_utilization":{"average_cash_percent":0.8047631694745618,"average_exposure_percent":0.19523683052543817,"average_leverage":0.19523683052543817,"average_position_value":209.1344113563749,"max_exposure_percent":0.40564790076859325},"closed_trades":15,"equity_curve":[],"final_equity":552.784859720383,"max_drawdown":0.042314320061441424,"open_trades":0,"profit_factor":3.438521483029004,"sharpe":0.8929974942245528,"signal_diagnostics":{"buy_signals":15,"duplicate_buy_skips":0,"flat_sell_skips":0,"hold_signals":522,"risk_blocked_signals":0,"sell_signals":4,"stop_loss_exits":11,"take_profit_exits":0},"starting_equity":500,"total_return":0.1055697194407661,"trade_analysis":{"average_loss":-4.329251153843957,"average_trade_duration_days":24.936111111111114,"average_win":7.443111548960275,"expectancy":3.5189906480255297,"largest_loss":-6.988825290376443,"largest_win":16.861160705943757,"max_trade_duration_days":52.041666666666664,"median_trade_duration_days":28.0,"profit_factor":3.438521483029004,"time_in_market_percent":0.46520184484634924,"total_trades":15,"win_rate":0.6666666666666666}}