{"capital_utilization":{"average_cash_percent":0.7266430974452474,"average_exposure_percent":0.27335690255475265,"average_leverage":0.27335690255475265,"average_position_value":177.237033950873,"max_exposure_percent":0.4227873428438571},"closed_trades":23,"equity_curve":[],"final_equity":341.67076334696554,"max_drawdown":0.32325042934801285,"open_trades":0,"profit_factor":0.35649628266526484,"sharpe":-2.317873009647914,"signal_diagnostics":{"buy_signals":23,"duplicate_buy_skips":0,"flat_sell_skips":0,"hold_signals":145,"risk_blocked_signals":0,"sell_signals":7,"stop_loss_exits":15,"take_profit_exits":1},"starting_equity":500,"total_return":-0.3166584733060689,"trade_analysis":{"average_loss":-15.377653654900666,"average_trade_duration_days":6.958333333333334,"average_win":12.530460260768024,"expectancy":-6.883879854479759,"largest_loss":-23.855348905451862,"largest_win":26.799141097925904,"max_trade_duration_days":21.0,"median_trade_duration_days":6.0,"profit_factor":0.35649628266526484,"time_in_market_percent":0.5756031769818672,"total_trades":23,"win_rate":0.30434782608695654}}