{"capital_utilization":{"average_cash_percent":0.8004110760006052,"average_exposure_percent":0.1995889239993948,"average_leverage":0.1995889239993948,"average_position_value":208.6933080761129,"max_exposure_percent":0.40551427347828617},"closed_trades":28,"equity_curve":[],"final_equity":535.6473016634146,"max_drawdown":0.07278598732051036,"open_trades":0,"profit_factor":1.5373254882824237,"sharpe":0.6628683740944488,"signal_diagnostics":{"buy_signals":28,"duplicate_buy_skips":0,"flat_sell_skips":0,"hold_signals":496,"risk_blocked_signals":0,"sell_signals":0,"stop_loss_exits":27,"take_profit_exits":1},"starting_equity":500,"total_return":0.07129460332682935,"trade_analysis":{"average_loss":-4.422806714711196,"average_trade_duration_days":13.072916666666666,"average_win":7.845338644929427,"expectancy":1.2731179165505233,"largest_loss":-6.750435332526532,"largest_win":20.63609608489911,"max_trade_duration_days":47.0,"median_trade_duration_days":10.5,"profit_factor":1.5373254882824237,"time_in_market_percent":0.4552521117272115,"total_trades":28,"win_rate":0.4642857142857143}}