{"capital_utilization":{"average_cash_percent":0.8495970655344307,"average_exposure_percent":0.15040293446556927,"average_leverage":0.15040293446556927,"average_position_value":208.02539581166465,"max_exposure_percent":0.4041147312189488},"closed_trades":9,"equity_curve":[],"final_equity":551.6512111786407,"max_drawdown":0.03596276308232189,"open_trades":0,"profit_factor":4.121108967989446,"sharpe":1.443710929373083,"signal_diagnostics":{"buy_signals":9,"duplicate_buy_skips":0,"flat_sell_skips":0,"hold_signals":423,"risk_blocked_signals":0,"sell_signals":5,"stop_loss_exits":3,"take_profit_exits":0},"starting_equity":500,"total_return":0.10330242235728138,"trade_analysis":{"average_loss":-4.137248307283014,"average_trade_duration_days":25.666666666666668,"average_win":13.64004088155455,"expectancy":5.7390234642934095,"largest_loss":-5.364381175382931,"largest_win":29.036305141419472,"max_trade_duration_days":71.0,"median_trade_duration_days":21.0,"profit_factor":4.121108967989446,"time_in_market_percent":0.36204532096911124,"total_trades":9,"win_rate":0.5555555555555556}}