{"capital_utilization":{"average_cash_percent":0.9046974698052164,"average_exposure_percent":0.09530253019478364,"average_leverage":0.09530253019478364,"average_position_value":205.03428728179722,"max_exposure_percent":0.4093195695775087},"closed_trades":25,"equity_curve":[],"final_equity":525.6017022014652,"max_drawdown":0.03900875469399747,"open_trades":0,"profit_factor":1.3658840088489481,"sharpe":0.5267929518667266,"signal_diagnostics":{"buy_signals":25,"duplicate_buy_skips":0,"flat_sell_skips":0,"hold_signals":503,"risk_blocked_signals":0,"sell_signals":1,"stop_loss_exits":14,"take_profit_exits":9},"starting_equity":500,"total_return":0.051203404402930364,"trade_analysis":{"average_loss":-5.831015108223049,"average_trade_duration_days":6.318333333333333,"average_win":7.351837192318598,"expectancy":1.0240680880586075,"largest_loss":-11.787456151481921,"largest_win":13.465001025900063,"max_trade_duration_days":20.0,"median_trade_duration_days":5.0,"profit_factor":1.3658840088489481,"time_in_market_percent":0.19645540757630722,"total_trades":25,"win_rate":0.52}}