{"capital_utilization":{"average_cash_percent":0.8703305789987659,"average_exposure_percent":0.1296694210012341,"average_leverage":0.1296694210012341,"average_position_value":195.1140356675197,"max_exposure_percent":0.42178220645280123},"closed_trades":24,"equity_curve":[],"final_equity":603.5276780370539,"max_drawdown":0.1754197498176867,"open_trades":0,"profit_factor":1.5790184132618283,"sharpe":0.6946159328114843,"signal_diagnostics":{"buy_signals":24,"duplicate_buy_skips":0,"flat_sell_skips":0,"hold_signals":505,"risk_blocked_signals":0,"sell_signals":10,"stop_loss_exits":11,"take_profit_exits":3},"starting_equity":500,"total_return":0.20705535607410774,"trade_analysis":{"average_loss":-16.25441761214207,"average_trade_duration_days":9.706597222222223,"average_win":21.717405520816662,"expectancy":4.313653251543909,"largest_loss":-23.35478864573655,"largest_win":43.47244526769147,"max_trade_duration_days":20.0,"median_trade_duration_days":9.0,"profit_factor":1.5790184132618283,"time_in_market_percent":0.2897341555682231,"total_trades":24,"win_rate":0.5416666666666666}}