{"capital_utilization":{"average_cash_percent":0.7853350082634205,"average_exposure_percent":0.21466499173657952,"average_leverage":0.21466499173657952,"average_position_value":215.01057401324033,"max_exposure_percent":0.4075151390385593},"closed_trades":18,"equity_curve":[],"final_equity":544.6624129752942,"max_drawdown":0.05012789956143345,"open_trades":0,"profit_factor":1.867432521538971,"sharpe":0.6688402923791816,"signal_diagnostics":{"buy_signals":18,"duplicate_buy_skips":0,"flat_sell_skips":0,"hold_signals":517,"risk_blocked_signals":0,"sell_signals":0,"stop_loss_exits":15,"take_profit_exits":3},"starting_equity":500,"total_return":0.08932482595058833,"trade_analysis":{"average_loss":-5.1488054535995005,"average_trade_duration_days":23.16898148148148,"average_win":12.018808438911151,"expectancy":2.4812451652941223,"largest_loss":-9.701667109157226,"largest_win":29.74166205236625,"max_trade_duration_days":49.0,"median_trade_duration_days":21.0,"profit_factor":1.867432521538971,"time_in_market_percent":0.5186816603617143,"total_trades":18,"win_rate":0.4444444444444444}}