{"capital_utilization":{"average_cash_percent":0.7993754235992272,"average_exposure_percent":0.20062457640077283,"average_leverage":0.20062457640077283,"average_position_value":205.80551750178813,"max_exposure_percent":0.4075254739006812},"closed_trades":32,"equity_curve":[],"final_equity":518.7325807394815,"max_drawdown":0.05168676327122153,"open_trades":0,"profit_factor":1.2494883233193406,"sharpe":0.3295049612197242,"signal_diagnostics":{"buy_signals":32,"duplicate_buy_skips":0,"flat_sell_skips":0,"hold_signals":489,"risk_blocked_signals":0,"sell_signals":3,"stop_loss_exits":29,"take_profit_exits":0},"starting_equity":500,"total_return":0.03746516147896295,"trade_analysis":{"average_loss":-5.0055998587434525,"average_trade_duration_days":11.251302083333332,"average_win":5.518622271801957,"expectancy":0.5853931481087965,"largest_loss":-9.184355183654977,"largest_win":20.525636202099662,"max_trade_duration_days":33.0,"median_trade_duration_days":7.5,"profit_factor":1.2494883233193406,"time_in_market_percent":0.4477898118878582,"total_trades":32,"win_rate":0.53125}}