{"capital_utilization":{"average_cash_percent":0.7789142467987245,"average_exposure_percent":0.22108575320127558,"average_leverage":0.22108575320127558,"average_position_value":215.35120948569562,"max_exposure_percent":0.4054942812623719},"closed_trades":25,"equity_curve":[],"final_equity":554.3189346983681,"max_drawdown":0.07046902239585537,"open_trades":0,"profit_factor":1.8225578495176502,"sharpe":0.8971199787534078,"signal_diagnostics":{"buy_signals":25,"duplicate_buy_skips":0,"flat_sell_skips":0,"hold_signals":502,"risk_blocked_signals":0,"sell_signals":8,"stop_loss_exits":17,"take_profit_exits":0},"starting_equity":500,"total_return":0.10863786939673625,"trade_analysis":{"average_loss":-4.127288336788482,"average_trade_duration_days":16.761666666666667,"average_win":13.372838676331547,"expectancy":2.1727573879347273,"largest_loss":-7.084730447851217,"largest_win":46.71680444938313,"max_trade_duration_days":86.0,"median_trade_duration_days":7.0,"profit_factor":1.8225578495176502,"time_in_market_percent":0.5211690936414988,"total_trades":25,"win_rate":0.36}}