{"capital_utilization":{"average_cash_percent":0.8619956667187948,"average_exposure_percent":0.13800433328120523,"average_leverage":0.13800433328120523,"average_position_value":193.53130075320766,"max_exposure_percent":0.4112326235344352},"closed_trades":16,"equity_curve":[],"final_equity":486.4287561984003,"max_drawdown":0.07972310979362283,"open_trades":0,"profit_factor":0.8188528725636838,"sharpe":-0.17106286372142604,"signal_diagnostics":{"buy_signals":16,"duplicate_buy_skips":0,"flat_sell_skips":0,"hold_signals":408,"risk_blocked_signals":0,"sell_signals":8,"stop_loss_exits":8,"take_profit_exits":0},"starting_equity":500,"total_return":-0.027142487603199372,"trade_analysis":{"average_loss":-9.364793685709145,"average_trade_duration_days":12.627604166666666,"average_win":7.668388210509181,"expectancy":-0.8482027375999809,"largest_loss":-13.014212300588394,"largest_win":10.229436349615186,"max_trade_duration_days":20.0,"median_trade_duration_days":12.520833333333332,"profit_factor":0.8188528725636838,"time_in_market_percent":0.31665904786782473,"total_trades":16,"win_rate":0.5}}