{"capital_utilization":{"average_cash_percent":0.7918600752467753,"average_exposure_percent":0.2081399247532247,"average_leverage":0.2081399247532247,"average_position_value":212.14335747145506,"max_exposure_percent":0.40653212471595973},"closed_trades":18,"equity_curve":[],"final_equity":555.8776469277485,"max_drawdown":0.06461348972120129,"open_trades":0,"profit_factor":2.177157988919787,"sharpe":0.8843188376807997,"signal_diagnostics":{"buy_signals":18,"duplicate_buy_skips":0,"flat_sell_skips":0,"hold_signals":518,"risk_blocked_signals":0,"sell_signals":6,"stop_loss_exits":11,"take_profit_exits":0},"starting_equity":500,"total_return":0.1117552938554971,"trade_analysis":{"average_loss":-4.746826462862846,"average_trade_duration_days":22.166666666666668,"average_win":12.918238944547127,"expectancy":3.1043137182082527,"largest_loss":-8.480083187551543,"largest_win":48.250064700237445,"max_trade_duration_days":120.0,"median_trade_duration_days":10.5,"profit_factor":2.177157988919787,"time_in_market_percent":0.4962429393169923,"total_trades":18,"win_rate":0.4444444444444444}}