{"capital_utilization":{"average_cash_percent":0.767660599261552,"average_exposure_percent":0.23233940073844808,"average_leverage":0.23233940073844808,"average_position_value":168.90759909261348,"max_exposure_percent":0.4232608503671091},"closed_trades":26,"equity_curve":[],"final_equity":351.0644236378356,"max_drawdown":0.3080895831016316,"open_trades":0,"profit_factor":0.3720358294427042,"sharpe":-1.4426755827252524,"signal_diagnostics":{"buy_signals":26,"duplicate_buy_skips":0,"flat_sell_skips":0,"hold_signals":327,"risk_blocked_signals":0,"sell_signals":3,"stop_loss_exits":23,"take_profit_exits":0},"starting_equity":500,"total_return":-0.29787115272432885,"trade_analysis":{"average_loss":-12.482741711872663,"average_trade_duration_days":10.959935897435896,"average_win":12.605216594773736,"expectancy":-5.728291398544785,"largest_loss":-25.472493649786983,"largest_win":34.436207277415434,"max_trade_duration_days":27.0,"median_trade_duration_days":10.020833333333332,"profit_factor":0.3720358294427042,"time_in_market_percent":0.5162288647342995,"total_trades":26,"win_rate":0.2692307692307692}}