{"capital_utilization":{"average_cash_percent":0.8847177837745792,"average_exposure_percent":0.11528221622542079,"average_leverage":0.11528221622542079,"average_position_value":202.2986059053485,"max_exposure_percent":0.4172011120244209},"closed_trades":19,"equity_curve":[],"final_equity":624.8672547764594,"max_drawdown":0.10506064811587348,"open_trades":0,"profit_factor":2.100931217067449,"sharpe":0.84075708049249,"signal_diagnostics":{"buy_signals":19,"duplicate_buy_skips":0,"flat_sell_skips":0,"hold_signals":514,"risk_blocked_signals":0,"sell_signals":1,"stop_loss_exits":15,"take_profit_exits":3},"starting_equity":500,"total_return":0.24973450955291887,"trade_analysis":{"average_loss":-12.602185499438516,"average_trade_duration_days":11.105263157894736,"average_win":23.828692427140606,"expectancy":6.57196077770839,"largest_loss":-21.450477418625304,"largest_win":52.756111496329225,"max_trade_duration_days":27.0,"median_trade_duration_days":10.0,"profit_factor":2.100931217067449,"time_in_market_percent":0.2624242110172566,"total_trades":19,"win_rate":0.5263157894736842}}