{"capital_utilization":{"average_cash_percent":0.9781197140169765,"average_exposure_percent":0.021880285983023547,"average_leverage":0.021880285983023547,"average_position_value":197.7956158189609,"max_exposure_percent":0.406266688497609},"closed_trades":3,"equity_curve":[],"final_equity":482.78914071416096,"max_drawdown":0.037464886688111106,"open_trades":0,"profit_factor":0.0,"sharpe":-0.584249274740636,"signal_diagnostics":{"buy_signals":3,"duplicate_buy_skips":0,"flat_sell_skips":0,"hold_signals":434,"risk_blocked_signals":0,"sell_signals":0,"stop_loss_exits":3,"take_profit_exits":0},"starting_equity":500,"total_return":-0.034421718571678084,"trade_analysis":{"average_loss":-5.736953095279676,"average_trade_duration_days":8.666666666666666,"average_win":0,"expectancy":-5.736953095279676,"largest_loss":-6.096723094366405,"largest_win":0,"max_trade_duration_days":11.0,"median_trade_duration_days":11.0,"profit_factor":0.0,"time_in_market_percent":0.04074968980604715,"total_trades":3,"win_rate":0.0}}