{"capital_utilization":{"average_cash_percent":0.7874623103082068,"average_exposure_percent":0.21253768969179324,"average_leverage":0.21253768969179324,"average_position_value":214.02938507948068,"max_exposure_percent":0.40587064039425247},"closed_trades":16,"equity_curve":[],"final_equity":562.6784432730888,"max_drawdown":0.052376557533704134,"open_trades":0,"profit_factor":2.6321839912102587,"sharpe":0.9811700870451697,"signal_diagnostics":{"buy_signals":16,"duplicate_buy_skips":0,"flat_sell_skips":0,"hold_signals":522,"risk_blocked_signals":0,"sell_signals":3,"stop_loss_exits":12,"take_profit_exits":0},"starting_equity":500,"total_return":0.1253568865461776,"trade_analysis":{"average_loss":-4.2668421650329105,"average_trade_duration_days":25.809895833333336,"average_win":14.440003251197847,"expectancy":3.917402704568046,"largest_loss":-7.768674320115271,"largest_win":47.27362564372437,"max_trade_duration_days":129.95833333333334,"median_trade_duration_days":17.0,"profit_factor":2.6321839912102587,"time_in_market_percent":0.5136031507488211,"total_trades":16,"win_rate":0.4375}}