{"capital_utilization":{"average_cash_percent":0.8540020594960608,"average_exposure_percent":0.14599794050393922,"average_leverage":0.14599794050393922,"average_position_value":203.7779299818824,"max_exposure_percent":0.40314855310309755},"closed_trades":10,"equity_curve":[],"final_equity":524.0373201616013,"max_drawdown":0.023415211975176806,"open_trades":0,"profit_factor":2.510709337707739,"sharpe":1.024918351381583,"signal_diagnostics":{"buy_signals":10,"duplicate_buy_skips":0,"flat_sell_skips":0,"hold_signals":421,"risk_blocked_signals":0,"sell_signals":0,"stop_loss_exits":7,"take_profit_exits":2},"starting_equity":500,"total_return":0.04807464032320263,"trade_analysis":{"average_loss":-2.651880098267187,"average_trade_duration_days":21.9,"average_win":9.987150187801115,"expectancy":2.4037320161601334,"largest_loss":-3.9152231721761357,"largest_win":13.843752618898685,"max_trade_duration_days":45.0,"median_trade_duration_days":21.5,"profit_factor":2.510709337707739,"time_in_market_percent":0.3432377718278587,"total_trades":10,"win_rate":0.4}}