{"capital_utilization":{"average_cash_percent":0.93175825187244,"average_exposure_percent":0.06824174812756001,"average_leverage":0.06824174812756001,"average_position_value":192.55191569492524,"max_exposure_percent":0.4189727856361628},"closed_trades":8,"equity_curve":[],"final_equity":558.0775836793382,"max_drawdown":0.12844789128506054,"open_trades":0,"profit_factor":1.7320360451659391,"sharpe":0.47893459663205495,"signal_diagnostics":{"buy_signals":8,"duplicate_buy_skips":0,"flat_sell_skips":0,"hold_signals":538,"risk_blocked_signals":0,"sell_signals":1,"stop_loss_exits":6,"take_profit_exits":0},"starting_equity":500,"total_return":0.11615516735867648,"trade_analysis":{"average_loss":-13.222842432158538,"average_trade_duration_days":16.130208333333336,"average_win":68.70731913614473,"expectancy":7.259697959917278,"largest_loss":-21.82700691317343,"largest_win":124.96275416322965,"max_trade_duration_days":43.0,"median_trade_duration_days":10.0,"profit_factor":1.7320360451659391,"time_in_market_percent":0.16049126807275746,"total_trades":8,"win_rate":0.25}}