{"capital_utilization":{"average_cash_percent":0.9503328187122952,"average_exposure_percent":0.04966718128770473,"average_leverage":0.04966718128770473,"average_position_value":205.26150741400122,"max_exposure_percent":0.40790802135030113},"closed_trades":9,"equity_curve":[],"final_equity":526.6014917727168,"max_drawdown":0.05243720979132191,"open_trades":0,"profit_factor":2.084746560630988,"sharpe":0.6094138793405216,"signal_diagnostics":{"buy_signals":9,"duplicate_buy_skips":0,"flat_sell_skips":0,"hold_signals":534,"risk_blocked_signals":0,"sell_signals":4,"stop_loss_exits":4,"take_profit_exits":1},"starting_equity":500,"total_return":0.053202983545433735,"trade_analysis":{"average_loss":-6.130808047283165,"average_trade_duration_days":9.662037037037038,"average_win":10.224944792369888,"expectancy":2.955721308079642,"largest_loss":-9.792919999395473,"largest_win":19.986351078674378,"max_trade_duration_days":19.0,"median_trade_duration_days":8.0,"profit_factor":2.084746560630988,"time_in_market_percent":0.10815152614396022,"total_trades":9,"win_rate":0.5555555555555556}}