{"capital_utilization":{"average_cash_percent":0.735518723583949,"average_exposure_percent":0.264481276416051,"average_leverage":0.264481276416051,"average_position_value":203.6170175968731,"max_exposure_percent":0.4044592577689118},"closed_trades":35,"equity_curve":[],"final_equity":525.4318583293456,"max_drawdown":0.025548099322875675,"open_trades":0,"profit_factor":1.5786534903815956,"sharpe":0.6911263799900113,"signal_diagnostics":{"buy_signals":35,"duplicate_buy_skips":0,"flat_sell_skips":0,"hold_signals":483,"risk_blocked_signals":0,"sell_signals":1,"stop_loss_exits":34,"take_profit_exits":0},"starting_equity":500,"total_return":0.05086371665869116,"trade_analysis":{"average_loss":-2.0928602228379436,"average_trade_duration_days":14.05595238095238,"average_win":4.955851643495885,"expectancy":0.726624523695588,"largest_loss":-5.390812592985542,"largest_win":11.172249055631278,"max_trade_duration_days":50.0,"median_trade_duration_days":9.0,"profit_factor":1.5786534903815956,"time_in_market_percent":0.6118567653003057,"total_trades":35,"win_rate":0.4}}