{"capital_utilization":{"average_cash_percent":0.7242605968354705,"average_exposure_percent":0.27573940316452955,"average_leverage":0.27573940316452955,"average_position_value":213.2276261488758,"max_exposure_percent":0.40584398242804826},"closed_trades":42,"equity_curve":[],"final_equity":548.810348617302,"max_drawdown":0.04064016289472356,"open_trades":0,"profit_factor":1.6644434604209106,"sharpe":0.8371568915942887,"signal_diagnostics":{"buy_signals":42,"duplicate_buy_skips":0,"flat_sell_skips":0,"hold_signals":469,"risk_blocked_signals":0,"sell_signals":2,"stop_loss_exits":37,"take_profit_exits":3},"starting_equity":500,"total_return":0.09762069723460409,"trade_analysis":{"average_loss":-3.0608541536891205,"average_trade_duration_days":12.070436507936508,"average_win":6.79282490588005,"expectancy":1.1621511575548102,"largest_loss":-7.348801175093092,"largest_win":14.371251746006395,"max_trade_duration_days":42.0,"median_trade_duration_days":9.5,"profit_factor":1.6644434604209106,"time_in_market_percent":0.6305125148986889,"total_trades":42,"win_rate":0.42857142857142855}}