{"capital_utilization":{"average_cash_percent":0.8487307671076649,"average_exposure_percent":0.15126923289233507,"average_leverage":0.15126923289233507,"average_position_value":213.67727673224556,"max_exposure_percent":0.4182056936713094},"closed_trades":25,"equity_curve":[],"final_equity":553.097781591517,"max_drawdown":0.18156037136558648,"open_trades":0,"profit_factor":1.2647409250079966,"sharpe":0.39942812029687774,"signal_diagnostics":{"buy_signals":25,"duplicate_buy_skips":0,"flat_sell_skips":0,"hold_signals":502,"risk_blocked_signals":0,"sell_signals":4,"stop_loss_exits":21,"take_profit_exits":0},"starting_equity":500,"total_return":0.10619556318303403,"trade_analysis":{"average_loss":-11.142503770413178,"average_trade_duration_days":11.043333333333335,"average_win":36.237549922707736,"expectancy":2.12391126366068,"largest_loss":-22.129744279691987,"largest_win":83.74033154954823,"max_trade_duration_days":33.0,"median_trade_duration_days":10.0,"profit_factor":1.2647409250079966,"time_in_market_percent":0.3433694356635747,"total_trades":25,"win_rate":0.28}}