{"capital_utilization":{"average_cash_percent":0.7505264100637892,"average_exposure_percent":0.24947358993621083,"average_leverage":0.24947358993621083,"average_position_value":173.95154823568882,"max_exposure_percent":0.42278734284385716},"closed_trades":18,"equity_curve":[],"final_equity":348.0407711502868,"max_drawdown":0.32261575898802564,"open_trades":0,"profit_factor":0.2857766353815079,"sharpe":-2.2557303985518082,"signal_diagnostics":{"buy_signals":18,"duplicate_buy_skips":0,"flat_sell_skips":0,"hold_signals":155,"risk_blocked_signals":0,"sell_signals":1,"stop_loss_exits":15,"take_profit_exits":2},"starting_equity":500,"total_return":-0.3039184576994264,"trade_analysis":{"average_loss":-15.197249445795213,"average_trade_duration_days":8.277777777777779,"average_win":15.200565847854946,"expectancy":-8.442179380539622,"largest_loss":-24.32236929938684,"largest_win":24.695180516174926,"max_trade_duration_days":26.0,"median_trade_duration_days":7.0,"profit_factor":0.2857766353815079,"time_in_market_percent":0.5358909036415405,"total_trades":18,"win_rate":0.2222222222222222}}