{"capital_utilization":{"average_cash_percent":0.7932148289716285,"average_exposure_percent":0.20678517102837146,"average_leverage":0.20678517102837146,"average_position_value":207.12739762061716,"max_exposure_percent":0.4075313019664799},"closed_trades":29,"equity_curve":[],"final_equity":518.334666228989,"max_drawdown":0.04953551139787629,"open_trades":0,"profit_factor":1.2619012933415998,"sharpe":0.3205668633057964,"signal_diagnostics":{"buy_signals":29,"duplicate_buy_skips":0,"flat_sell_skips":0,"hold_signals":495,"risk_blocked_signals":0,"sell_signals":0,"stop_loss_exits":28,"take_profit_exits":1},"starting_equity":500,"total_return":0.0366693324579781,"trade_analysis":{"average_loss":-5.38507818230558,"average_trade_duration_days":13.070402298850574,"average_win":5.521292662435098,"expectancy":0.6322298699651382,"largest_loss":-9.398040426455728,"largest_win":20.744985186738703,"max_trade_duration_days":38.0,"median_trade_duration_days":12.0,"profit_factor":1.2619012933415998,"time_in_market_percent":0.4714204280458102,"total_trades":29,"win_rate":0.5517241379310345}}