{"capital_utilization":{"average_cash_percent":0.930622061271737,"average_exposure_percent":0.06937793872826307,"average_leverage":0.06937793872826307,"average_position_value":200.67706426800336,"max_exposure_percent":0.4060383739389099},"closed_trades":16,"equity_curve":[],"final_equity":497.28911350654926,"max_drawdown":0.0375912546214832,"open_trades":0,"profit_factor":0.9496426103306569,"sharpe":-0.04501125781631709,"signal_diagnostics":{"buy_signals":16,"duplicate_buy_skips":0,"flat_sell_skips":0,"hold_signals":520,"risk_blocked_signals":0,"sell_signals":3,"stop_loss_exits":9,"take_profit_exits":4},"starting_equity":500,"total_return":-0.005421772986901496,"trade_analysis":{"average_loss":-5.981438123803092,"average_trade_duration_days":7.375,"average_win":7.303150945825297,"expectancy":-0.16943040584067123,"largest_loss":-7.390160614934966,"largest_win":12.541563482136974,"max_trade_duration_days":17.0,"median_trade_duration_days":6.5,"profit_factor":0.9496426103306569,"time_in_market_percent":0.14675856350728092,"total_trades":16,"win_rate":0.4375}}