{"capital_utilization":{"average_cash_percent":0.85293937398217,"average_exposure_percent":0.14706062601782993,"average_leverage":0.14706062601782993,"average_position_value":193.07269306713417,"max_exposure_percent":0.40487528317065286},"closed_trades":16,"equity_curve":[],"final_equity":493.5713332448741,"max_drawdown":0.052513984637530146,"open_trades":0,"profit_factor":0.8254304976937153,"sharpe":-0.2450201233433803,"signal_diagnostics":{"buy_signals":16,"duplicate_buy_skips":0,"flat_sell_skips":0,"hold_signals":409,"risk_blocked_signals":0,"sell_signals":0,"stop_loss_exits":15,"take_profit_exits":0},"starting_equity":500,"total_return":-0.012857333510251756,"trade_analysis":{"average_loss":-3.3478026960322653,"average_trade_duration_days":13.625,"average_win":6.079432580245805,"expectancy":-0.40179167219536815,"largest_loss":-5.845386745751388,"largest_win":11.368531248412937,"max_trade_duration_days":45.0,"median_trade_duration_days":7.5,"profit_factor":0.8254304976937153,"time_in_market_percent":0.34167047606608764,"total_trades":16,"win_rate":0.3125}}