{"capital_utilization":{"average_cash_percent":0.7253071451792287,"average_exposure_percent":0.2746928548207713,"average_leverage":0.2746928548207713,"average_position_value":204.9226057099567,"max_exposure_percent":0.4056830645913077},"closed_trades":42,"equity_curve":[],"final_equity":500.92982396171226,"max_drawdown":0.06806636360052731,"open_trades":0,"profit_factor":1.0111286806791417,"sharpe":0.04247419322921285,"signal_diagnostics":{"buy_signals":42,"duplicate_buy_skips":0,"flat_sell_skips":0,"hold_signals":468,"risk_blocked_signals":0,"sell_signals":2,"stop_loss_exits":38,"take_profit_exits":2},"starting_equity":500,"total_return":0.0018596479234245233,"trade_analysis":{"average_loss":-3.632697346224532,"average_trade_duration_days":11.880952380952381,"average_win":4.446413838151395,"expectancy":0.02213866575505406,"largest_loss":-7.000312571612059,"largest_win":13.309134395568995,"max_trade_duration_days":37.0,"median_trade_duration_days":11.0,"profit_factor":1.0111286806791417,"time_in_market_percent":0.6206146033062134,"total_trades":42,"win_rate":0.4523809523809524}}