{"capital_utilization":{"average_cash_percent":0.8433646989890222,"average_exposure_percent":0.1566353010109778,"average_leverage":0.1566353010109778,"average_position_value":202.0625199944815,"max_exposure_percent":0.4112426759629373},"closed_trades":39,"equity_curve":[],"final_equity":507.9078046913423,"max_drawdown":0.08623129739086555,"open_trades":0,"profit_factor":1.0649358014158052,"sharpe":0.14349837081495526,"signal_diagnostics":{"buy_signals":39,"duplicate_buy_skips":0,"flat_sell_skips":0,"hold_signals":475,"risk_blocked_signals":0,"sell_signals":12,"stop_loss_exits":24,"take_profit_exits":2},"starting_equity":500,"total_return":0.015815609382684448,"trade_analysis":{"average_loss":-5.7989910026351525,"average_trade_duration_days":6.6923076923076925,"average_win":7.204811985926696,"expectancy":0.20276422285493034,"largest_loss":-13.63897088636706,"largest_win":16.37781349380661,"max_trade_duration_days":19.041666666666668,"median_trade_duration_days":5.0,"profit_factor":1.0649358014158052,"time_in_market_percent":0.32461004301186713,"total_trades":39,"win_rate":0.46153846153846156}}