{"capital_utilization":{"average_cash_percent":0.8005244829914946,"average_exposure_percent":0.19947551700850544,"average_leverage":0.19947551700850544,"average_position_value":209.18701383562637,"max_exposure_percent":0.4055136184178001},"closed_trades":27,"equity_curve":[],"final_equity":537.6063556814892,"max_drawdown":0.0727969232788711,"open_trades":0,"profit_factor":1.5798014724127927,"sharpe":0.6953494442050417,"signal_diagnostics":{"buy_signals":27,"duplicate_buy_skips":0,"flat_sell_skips":0,"hold_signals":498,"risk_blocked_signals":0,"sell_signals":0,"stop_loss_exits":27,"take_profit_exits":0},"starting_equity":500,"total_return":0.07521271136297836,"trade_analysis":{"average_loss":-4.632910385317341,"average_trade_duration_days":13.594135802469134,"average_win":7.882084698148612,"expectancy":1.392827988203304,"largest_loss":-6.776000559517107,"largest_win":20.63609608489911,"max_trade_duration_days":47.0,"median_trade_duration_days":11.0,"profit_factor":1.5798014724127927,"time_in_market_percent":0.4564958283671037,"total_trades":27,"win_rate":0.48148148148148145}}