{"capital_utilization":{"average_cash_percent":0.9393412448520643,"average_exposure_percent":0.060658755147935686,"average_leverage":0.060658755147935686,"average_position_value":204.29519847103663,"max_exposure_percent":0.40567794480041136},"closed_trades":15,"equity_curve":[],"final_equity":541.1025183599663,"max_drawdown":0.026746844591893686,"open_trades":0,"profit_factor":2.599581331620743,"sharpe":1.2291476731681172,"signal_diagnostics":{"buy_signals":15,"duplicate_buy_skips":0,"flat_sell_skips":0,"hold_signals":523,"risk_blocked_signals":0,"sell_signals":3,"stop_loss_exits":5,"take_profit_exits":7},"starting_equity":500,"total_return":0.08220503671993273,"trade_analysis":{"average_loss":-5.139159547244788,"average_trade_duration_days":6.466666666666667,"average_win":6.679831609619031,"expectancy":2.740167890664425,"largest_loss":-6.867969777374319,"largest_win":11.908282716930508,"max_trade_duration_days":18.0,"median_trade_duration_days":6.0,"profit_factor":2.599581331620743,"time_in_market_percent":0.1206405140695445,"total_trades":15,"win_rate":0.6666666666666666}}