{"capital_utilization":{"average_cash_percent":0.8291618674783151,"average_exposure_percent":0.17083813252168492,"average_leverage":0.17083813252168492,"average_position_value":186.40771690970746,"max_exposure_percent":0.40940187180989945},"closed_trades":29,"equity_curve":[],"final_equity":480.69511106972834,"max_drawdown":0.11274357941786252,"open_trades":0,"profit_factor":0.811259124637501,"sharpe":-0.23716559361855385,"signal_diagnostics":{"buy_signals":29,"duplicate_buy_skips":0,"flat_sell_skips":0,"hold_signals":383,"risk_blocked_signals":0,"sell_signals":7,"stop_loss_exits":20,"take_profit_exits":1},"starting_equity":500,"total_return":-0.038609777860543315,"trade_analysis":{"average_loss":-6.016617754896335,"average_trade_duration_days":7.966954022988506,"average_win":6.9148010752471665,"expectancy":-0.6656858251817817,"largest_loss":-10.594602922369111,"largest_win":17.67926324333505,"max_trade_duration_days":21.0,"median_trade_duration_days":7.0,"profit_factor":0.811259124637501,"time_in_market_percent":0.362110624959185,"total_trades":29,"win_rate":0.41379310344827586}}