{"capital_utilization":{"average_cash_percent":0.8635183286669585,"average_exposure_percent":0.1364816713330414,"average_leverage":0.1364816713330414,"average_position_value":202.07045094685444,"max_exposure_percent":0.4056225808061604},"closed_trades":7,"equity_curve":[],"final_equity":533.8892746647283,"max_drawdown":0.03311063459348753,"open_trades":0,"profit_factor":2.699492098674974,"sharpe":1.0377187750825891,"signal_diagnostics":{"buy_signals":7,"duplicate_buy_skips":0,"flat_sell_skips":0,"hold_signals":427,"risk_blocked_signals":0,"sell_signals":1,"stop_loss_exits":5,"take_profit_exits":0},"starting_equity":500,"total_return":0.0677785493294567,"trade_analysis":{"average_loss":-4.985206270030684,"average_trade_duration_days":30.428571428571427,"average_win":17.943366581617028,"expectancy":4.84132495210405,"largest_loss":-6.8006614957891385,"largest_win":31.046219623158468,"max_trade_duration_days":89.0,"median_trade_duration_days":21.0,"profit_factor":2.699492098674974,"time_in_market_percent":0.33383399725723245,"total_trades":7,"win_rate":0.42857142857142855}}