{"capital_utilization":{"average_cash_percent":0.8372523826884114,"average_exposure_percent":0.16274761731158857,"average_leverage":0.16274761731158857,"average_position_value":209.37155913270792,"max_exposure_percent":0.41032591339288427},"closed_trades":33,"equity_curve":[],"final_equity":560.9480924611088,"max_drawdown":0.05291674248196397,"open_trades":0,"profit_factor":1.7189643705986402,"sharpe":0.9552225337939654,"signal_diagnostics":{"buy_signals":33,"duplicate_buy_skips":0,"flat_sell_skips":0,"hold_signals":374,"risk_blocked_signals":0,"sell_signals":14,"stop_loss_exits":11,"take_profit_exits":8},"starting_equity":500,"total_return":0.12189618492221754,"trade_analysis":{"average_loss":-7.064338530243725,"average_trade_duration_days":6.151515151515152,"average_win":6.939054991620644,"expectancy":1.8469118927608736,"largest_loss":-12.425109677219611,"largest_win":16.263492417765153,"max_trade_duration_days":17.958333333333332,"median_trade_duration_days":5.0,"profit_factor":1.7189643705986402,"time_in_market_percent":0.318161039639522,"total_trades":33,"win_rate":0.6363636363636364}}