{"capital_utilization":{"average_cash_percent":0.8291616314132984,"average_exposure_percent":0.17083836858670162,"average_leverage":0.17083836858670162,"average_position_value":201.59229889648802,"max_exposure_percent":0.40531301947691245},"closed_trades":19,"equity_curve":[],"final_equity":523.1415029976271,"max_drawdown":0.03948685186827922,"open_trades":0,"profit_factor":1.6042991678400478,"sharpe":0.6193936017528084,"signal_diagnostics":{"buy_signals":19,"duplicate_buy_skips":0,"flat_sell_skips":0,"hold_signals":403,"risk_blocked_signals":0,"sell_signals":1,"stop_loss_exits":15,"take_profit_exits":2},"starting_equity":500,"total_return":0.046283005995254145,"trade_analysis":{"average_loss":-2.945752219988599,"average_trade_duration_days":12.947368421052632,"average_win":10.239380309579813,"expectancy":1.217973841980373,"largest_loss":-6.423976229155885,"largest_win":14.079661292269055,"max_trade_duration_days":42.0,"median_trade_duration_days":9.0,"profit_factor":1.6042991678400478,"time_in_market_percent":0.3855547573956769,"total_trades":19,"win_rate":0.3157894736842105}}