{"capital_utilization":{"average_cash_percent":0.7013936570428843,"average_exposure_percent":0.2986063429571158,"average_leverage":0.2986063429571158,"average_position_value":216.877302023792,"max_exposure_percent":0.40559090156956534},"closed_trades":22,"equity_curve":[],"final_equity":557.6888373093645,"max_drawdown":0.036254674550536825,"open_trades":0,"profit_factor":2.7996196564716596,"sharpe":0.9829095013908478,"signal_diagnostics":{"buy_signals":22,"duplicate_buy_skips":0,"flat_sell_skips":0,"hold_signals":509,"risk_blocked_signals":0,"sell_signals":1,"stop_loss_exits":20,"take_profit_exits":0},"starting_equity":500,"total_return":0.11537767461872916,"trade_analysis":{"average_loss":-3.2056127583352536,"average_trade_duration_days":26.0,"average_win":7.478747074393092,"expectancy":2.6222198776983903,"largest_loss":-7.310162887720978,"largest_win":16.895581214381277,"max_trade_duration_days":78.0,"median_trade_duration_days":20.0,"profit_factor":2.7996196564716596,"time_in_market_percent":0.7114059180183449,"total_trades":22,"win_rate":0.5454545454545454}}