{"capital_utilization":{"average_cash_percent":0.9168916039512717,"average_exposure_percent":0.08310839604872829,"average_leverage":0.08310839604872829,"average_position_value":191.5954093225827,"max_exposure_percent":0.4142102895345693},"closed_trades":9,"equity_curve":[],"final_equity":476.7694186182842,"max_drawdown":0.10447779149088857,"open_trades":0,"profit_factor":0.6259247994152436,"sharpe":-0.26498633095645385,"signal_diagnostics":{"buy_signals":9,"duplicate_buy_skips":0,"flat_sell_skips":0,"hold_signals":423,"risk_blocked_signals":0,"sell_signals":2,"stop_loss_exits":6,"take_profit_exits":0},"starting_equity":500,"total_return":-0.046461162763431596,"trade_analysis":{"average_loss":-10.350227862116874,"average_trade_duration_days":13.777777777777779,"average_win":12.95692859699514,"expectancy":-2.581175709079535,"largest_loss":-17.026028588618438,"largest_win":16.207135921246376,"max_trade_duration_days":24.0,"median_trade_duration_days":12.0,"profit_factor":0.6259247994152436,"time_in_market_percent":0.19434467445960948,"total_trades":9,"win_rate":0.3333333333333333}}