{"capital_utilization":{"average_cash_percent":0.828629306143542,"average_exposure_percent":0.17137069385645795,"average_leverage":0.17137069385645795,"average_position_value":203.29122228030732,"max_exposure_percent":0.4149127602032387},"closed_trades":26,"equity_curve":[],"final_equity":499.97136357815884,"max_drawdown":0.242862822051209,"open_trades":0,"profit_factor":0.9998652641467904,"sharpe":0.07415844848104901,"signal_diagnostics":{"buy_signals":26,"duplicate_buy_skips":0,"flat_sell_skips":0,"hold_signals":501,"risk_blocked_signals":0,"sell_signals":8,"stop_loss_exits":17,"take_profit_exits":0},"starting_equity":500,"total_return":-5.72728436822878e-05,"trade_analysis":{"average_loss":-10.626875163143009,"average_trade_duration_days":12.080128205128206,"average_win":35.41814447350317,"expectancy":-0.0011014008400434326,"largest_loss":-19.09206057455056,"largest_win":130.76207002579193,"max_trade_duration_days":43.0,"median_trade_duration_days":7.0,"profit_factor":0.9998652641467904,"time_in_market_percent":0.39063066797947876,"total_trades":26,"win_rate":0.23076923076923078}}