{"capital_utilization":{"average_cash_percent":0.9272060051717673,"average_exposure_percent":0.07279399482823266,"average_leverage":0.07279399482823266,"average_position_value":203.02698712842042,"max_exposure_percent":0.4073055802016701},"closed_trades":15,"equity_curve":[],"final_equity":522.1144577352137,"max_drawdown":0.03998530480211419,"open_trades":0,"profit_factor":1.5820988293068154,"sharpe":0.5405832599673305,"signal_diagnostics":{"buy_signals":15,"duplicate_buy_skips":0,"flat_sell_skips":0,"hold_signals":524,"risk_blocked_signals":0,"sell_signals":7,"stop_loss_exits":7,"take_profit_exits":0},"starting_equity":500,"total_return":0.0442289154704274,"trade_analysis":{"average_loss":-5.427271261908858,"average_trade_duration_days":8.2,"average_win":7.513169571071963,"expectancy":1.4742971823475797,"largest_loss":-8.838576586855124,"largest_win":14.776195794729432,"max_trade_duration_days":14.0,"median_trade_duration_days":8.0,"profit_factor":1.5820988293068154,"time_in_market_percent":0.15297714670674198,"total_trades":15,"win_rate":0.5333333333333333}}