{"capital_utilization":{"average_cash_percent":0.7954078831751373,"average_exposure_percent":0.20459211682486267,"average_leverage":0.20459211682486267,"average_position_value":207.1529275262113,"max_exposure_percent":0.40653676529540106},"closed_trades":20,"equity_curve":[],"final_equity":552.0131217794013,"max_drawdown":0.041638544529633906,"open_trades":0,"profit_factor":2.105536992917406,"sharpe":0.8717334316682567,"signal_diagnostics":{"buy_signals":20,"duplicate_buy_skips":0,"flat_sell_skips":0,"hold_signals":512,"risk_blocked_signals":0,"sell_signals":5,"stop_loss_exits":12,"take_profit_exits":3},"starting_equity":500,"total_return":0.10402624355880263,"trade_analysis":{"average_loss":-4.2770758885519005,"average_trade_duration_days":19.052083333333336,"average_win":11.006772950385802,"expectancy":2.6006560889700645,"largest_loss":-8.05602913487387,"largest_win":24.35351932332602,"max_trade_duration_days":52.041666666666664,"median_trade_duration_days":15.5,"profit_factor":2.105536992917406,"time_in_market_percent":0.4739078613255947,"total_trades":20,"win_rate":0.45}}