{"capital_utilization":{"average_cash_percent":0.829256352558832,"average_exposure_percent":0.17074364744116802,"average_leverage":0.17074364744116802,"average_position_value":201.72959034388913,"max_exposure_percent":0.40531301947691245},"closed_trades":13,"equity_curve":[],"final_equity":528.5993068915366,"max_drawdown":0.03998296839383128,"open_trades":0,"profit_factor":1.8141573107187072,"sharpe":0.7231911812079289,"signal_diagnostics":{"buy_signals":13,"duplicate_buy_skips":0,"flat_sell_skips":0,"hold_signals":415,"risk_blocked_signals":0,"sell_signals":3,"stop_loss_exits":6,"take_profit_exits":3},"starting_equity":500,"total_return":0.057198613783073116,"trade_analysis":{"average_loss":-4.39093687961393,"average_trade_duration_days":19.307692307692307,"average_win":12.7453603856896,"expectancy":2.1999466839643502,"largest_loss":-6.423976229155885,"largest_win":19.790646684553124,"max_trade_duration_days":44.0,"median_trade_duration_days":19.0,"profit_factor":1.8141573107187072,"time_in_market_percent":0.39339123620453215,"total_trades":13,"win_rate":0.38461538461538464}}