{"capital_utilization":{"average_cash_percent":0.8777936975401381,"average_exposure_percent":0.12220630245986187,"average_leverage":0.12220630245986187,"average_position_value":212.06207469910902,"max_exposure_percent":0.4182215334708348},"closed_trades":20,"equity_curve":[],"final_equity":578.2590983199067,"max_drawdown":0.09702927031245363,"open_trades":0,"profit_factor":1.4732462147286116,"sharpe":0.5859230973054921,"signal_diagnostics":{"buy_signals":20,"duplicate_buy_skips":0,"flat_sell_skips":0,"hold_signals":514,"risk_blocked_signals":0,"sell_signals":1,"stop_loss_exits":15,"take_profit_exits":3},"starting_equity":500,"total_return":0.15651819663981348,"trade_analysis":{"average_loss":-13.780546623914935,"average_trade_duration_days":10.852083333333333,"average_win":30.453207225860737,"expectancy":3.9129549159953365,"largest_loss":-23.45194685620932,"largest_win":74.37791918908198,"max_trade_duration_days":28.0,"median_trade_duration_days":8.0,"profit_factor":1.4732462147286116,"time_in_market_percent":0.26993833238327203,"total_trades":20,"win_rate":0.4}}