{"capital_utilization":{"average_cash_percent":0.8953266338555237,"average_exposure_percent":0.1046733661444763,"average_leverage":0.1046733661444763,"average_position_value":208.70708824198468,"max_exposure_percent":0.4079213726059566},"closed_trades":24,"equity_curve":[],"final_equity":548.8207390540954,"max_drawdown":0.057276112493091176,"open_trades":0,"profit_factor":1.941354404501662,"sharpe":0.7832456495463979,"signal_diagnostics":{"buy_signals":24,"duplicate_buy_skips":0,"flat_sell_skips":0,"hold_signals":504,"risk_blocked_signals":0,"sell_signals":16,"stop_loss_exits":8,"take_profit_exits":0},"starting_equity":500,"total_return":0.09764147810819068,"trade_analysis":{"average_loss":-6.482778805281673,"average_trade_duration_days":7.585069444444444,"average_win":6.292685593521799,"expectancy":2.03419746058731,"largest_loss":-9.961665782983856,"largest_win":20.76889814540239,"max_trade_duration_days":21.0,"median_trade_duration_days":6.0,"profit_factor":1.941354404501662,"time_in_market_percent":0.22640824998704462,"total_trades":24,"win_rate":0.6666666666666666}}