{"capital_utilization":{"average_cash_percent":0.7447974457722623,"average_exposure_percent":0.25520255422773774,"average_leverage":0.25520255422773774,"average_position_value":205.29137997212828,"max_exposure_percent":0.4050260010598911},"closed_trades":15,"equity_curve":[],"final_equity":545.6753451394479,"max_drawdown":0.027219782184479527,"open_trades":0,"profit_factor":2.9477433548394476,"sharpe":1.1848488643652206,"signal_diagnostics":{"buy_signals":15,"duplicate_buy_skips":0,"flat_sell_skips":0,"hold_signals":523,"risk_blocked_signals":0,"sell_signals":0,"stop_loss_exits":15,"take_profit_exits":0},"starting_equity":500,"total_return":0.09135069027889586,"trade_analysis":{"average_loss":-3.908398662650723,"average_trade_duration_days":33.330555555555556,"average_win":7.680637457261369,"expectancy":3.0450230092965325,"largest_loss":-6.074207550967966,"largest_win":24.74421362374915,"max_trade_duration_days":98.0,"median_trade_duration_days":27.0,"profit_factor":2.9477433548394476,"time_in_market_percent":0.6218064984194435,"total_trades":15,"win_rate":0.6}}