{"capital_utilization":{"average_cash_percent":0.7518873112245171,"average_exposure_percent":0.24811268877548284,"average_leverage":0.24811268877548284,"average_position_value":210.12094100828125,"max_exposure_percent":0.4052324924331552},"closed_trades":36,"equity_curve":[],"final_equity":525.21901106543,"max_drawdown":0.03956734938290642,"open_trades":0,"profit_factor":1.4747524107064358,"sharpe":0.5028079195136934,"signal_diagnostics":{"buy_signals":36,"duplicate_buy_skips":0,"flat_sell_skips":0,"hold_signals":481,"risk_blocked_signals":0,"sell_signals":5,"stop_loss_exits":31,"take_profit_exits":0},"starting_equity":500,"total_return":0.050438022130860016,"trade_analysis":{"average_loss":-2.414561061599539,"average_trade_duration_days":12.859953703703702,"average_win":5.5956681729014175,"expectancy":0.7005280851508329,"largest_loss":-6.672886296901421,"largest_win":13.55475213090509,"max_trade_duration_days":36.0,"median_trade_duration_days":11.0,"profit_factor":1.4747524107064358,"time_in_market_percent":0.5757889827434316,"total_trades":36,"win_rate":0.3888888888888889}}