{"capital_utilization":{"average_cash_percent":0.7995533503015558,"average_exposure_percent":0.20044664969844414,"average_leverage":0.20044664969844414,"average_position_value":215.53715318782685,"max_exposure_percent":0.4056515052098758},"closed_trades":17,"equity_curve":[],"final_equity":569.8313042863842,"max_drawdown":0.043485230687443435,"open_trades":0,"profit_factor":2.721060778511703,"sharpe":1.1862092307078385,"signal_diagnostics":{"buy_signals":17,"duplicate_buy_skips":0,"flat_sell_skips":0,"hold_signals":520,"risk_blocked_signals":0,"sell_signals":3,"stop_loss_exits":10,"take_profit_exits":3},"starting_equity":500,"total_return":0.13966260857276858,"trade_analysis":{"average_loss":-5.796367412990101,"average_trade_duration_days":22.235294117647058,"average_win":11.040587617731498,"expectancy":4.107723781552014,"largest_loss":-7.38461959326268,"largest_win":26.847996633615313,"max_trade_duration_days":53.0,"median_trade_duration_days":12.0,"profit_factor":2.721060778511703,"time_in_market_percent":0.4701248898792559,"total_trades":17,"win_rate":0.5882352941176471}}