{"capital_utilization":{"average_cash_percent":0.7449834733376333,"average_exposure_percent":0.2550165266623667,"average_leverage":0.2550165266623667,"average_position_value":207.0640577007882,"max_exposure_percent":0.4036472860946774},"closed_trades":15,"equity_curve":[],"final_equity":541.6586240449097,"max_drawdown":0.026288390901520693,"open_trades":0,"profit_factor":3.522261285728539,"sharpe":1.0452775890235746,"signal_diagnostics":{"buy_signals":15,"duplicate_buy_skips":0,"flat_sell_skips":0,"hold_signals":523,"risk_blocked_signals":0,"sell_signals":0,"stop_loss_exits":15,"take_profit_exits":0},"starting_equity":500,"total_return":0.08331724808981944,"trade_analysis":{"average_loss":-2.752729880433259,"average_trade_duration_days":33.46388888888889,"average_win":6.463889258612145,"expectancy":2.7772416029939837,"largest_loss":-4.5030240112246895,"largest_win":19.312396537905325,"max_trade_duration_days":91.0,"median_trade_duration_days":29.0,"profit_factor":3.522261285728539,"time_in_market_percent":0.6242939316992279,"total_trades":15,"win_rate":0.6}}