{"capital_utilization":{"average_cash_percent":0.9732720832235299,"average_exposure_percent":0.026727916776470097,"average_leverage":0.026727916776470097,"average_position_value":205.16369341238354,"max_exposure_percent":0.4060526694210714},"closed_trades":4,"equity_curve":[],"final_equity":510.7181058729867,"max_drawdown":0.028373610475299595,"open_trades":0,"profit_factor":1.8487037753214868,"sharpe":0.4520753538260244,"signal_diagnostics":{"buy_signals":4,"duplicate_buy_skips":0,"flat_sell_skips":0,"hold_signals":545,"risk_blocked_signals":0,"sell_signals":0,"stop_loss_exits":2,"take_profit_exits":2},"starting_equity":500,"total_return":0.021436211745973432,"trade_analysis":{"average_loss":-6.31439742855315,"average_trade_duration_days":12.75,"average_win":11.673450365046497,"expectancy":2.679526468246674,"largest_loss":-7.659993561774415,"largest_win":12.06230092424602,"max_trade_duration_days":22.0,"median_trade_duration_days":12.0,"profit_factor":1.8487037753214868,"time_in_market_percent":0.06342954863450277,"total_trades":4,"win_rate":0.5}}