{"capital_utilization":{"average_cash_percent":0.8076401284809567,"average_exposure_percent":0.19235987151904332,"average_leverage":0.19235987151904332,"average_position_value":206.34916974521806,"max_exposure_percent":0.4052255401709875},"closed_trades":27,"equity_curve":[],"final_equity":543.1620905994973,"max_drawdown":0.035821721635026324,"open_trades":0,"profit_factor":1.8365174025740554,"sharpe":0.7487430068868345,"signal_diagnostics":{"buy_signals":27,"duplicate_buy_skips":0,"flat_sell_skips":0,"hold_signals":498,"risk_blocked_signals":0,"sell_signals":3,"stop_loss_exits":24,"take_profit_exits":0},"starting_equity":500,"total_return":0.08632418119899476,"trade_analysis":{"average_loss":-3.685525802459004,"average_trade_duration_days":13.112654320987655,"average_win":7.289188602609491,"expectancy":1.5985959481295302,"largest_loss":-6.727494055750999,"largest_win":19.323699458479105,"max_trade_duration_days":30.0,"median_trade_duration_days":13.0,"profit_factor":1.8365174025740554,"time_in_market_percent":0.440327512048505,"total_trades":27,"win_rate":0.48148148148148145}}