{"capital_utilization":{"average_cash_percent":0.8433068703181575,"average_exposure_percent":0.15669312968184249,"average_leverage":0.15669312968184249,"average_position_value":217.4014637757933,"max_exposure_percent":0.4083990406091531},"closed_trades":32,"equity_curve":[],"final_equity":581.6718937015804,"max_drawdown":0.05705843271217396,"open_trades":0,"profit_factor":1.9331591721991732,"sharpe":1.1563498121514657,"signal_diagnostics":{"buy_signals":32,"duplicate_buy_skips":0,"flat_sell_skips":0,"hold_signals":489,"risk_blocked_signals":0,"sell_signals":4,"stop_loss_exits":13,"take_profit_exits":15},"starting_equity":500,"total_return":0.1633437874031609,"trade_analysis":{"average_loss":-6.732456314879481,"average_trade_duration_days":8.342447916666666,"average_win":8.904938199737563,"expectancy":2.5522466781743893,"largest_loss":-10.599796563643881,"largest_win":16.076618395562594,"max_trade_duration_days":20.041666666666668,"median_trade_duration_days":7.0,"profit_factor":1.9331591721991732,"time_in_market_percent":0.3320205213245582,"total_trades":32,"win_rate":0.59375}}