{"capital_utilization":{"average_cash_percent":0.7097981577060907,"average_exposure_percent":0.29020184229390933,"average_leverage":0.29020184229390933,"average_position_value":210.2626052100012,"max_exposure_percent":0.404366514417513},"closed_trades":46,"equity_curve":[],"final_equity":527.0295101142029,"max_drawdown":0.039169225127069045,"open_trades":0,"profit_factor":1.356659798830794,"sharpe":0.5244863955561694,"signal_diagnostics":{"buy_signals":46,"duplicate_buy_skips":0,"flat_sell_skips":0,"hold_signals":461,"risk_blocked_signals":0,"sell_signals":2,"stop_loss_exits":43,"take_profit_exits":0},"starting_equity":500,"total_return":0.05405902022840592,"trade_analysis":{"average_loss":-3.2950057611606574,"average_trade_duration_days":11.304347826086957,"average_win":4.470201853082525,"expectancy":0.5875980459609338,"largest_loss":-5.637166479434434,"largest_win":11.249696621208965,"max_trade_duration_days":37.0,"median_trade_duration_days":9.5,"profit_factor":1.356659798830794,"time_in_market_percent":0.6467326527439499,"total_trades":46,"win_rate":0.5}}