{"capital_utilization":{"average_cash_percent":0.8528447581367505,"average_exposure_percent":0.1471552418632495,"average_leverage":0.1471552418632495,"average_position_value":200.85135597091252,"max_exposure_percent":0.40594401210744013},"closed_trades":27,"equity_curve":[],"final_equity":494.36183168723187,"max_drawdown":0.06030529493311517,"open_trades":0,"profit_factor":0.9242550769326019,"sharpe":-0.08601980450109008,"signal_diagnostics":{"buy_signals":27,"duplicate_buy_skips":0,"flat_sell_skips":0,"hold_signals":498,"risk_blocked_signals":0,"sell_signals":5,"stop_loss_exits":22,"take_profit_exits":0},"starting_equity":500,"total_return":-0.011276336625536287,"trade_analysis":{"average_loss":-4.378603161026212,"average_trade_duration_days":9.405864197530864,"average_win":6.879808542467745,"expectancy":-0.20882104862104273,"largest_loss":-7.0421042123314335,"largest_win":14.076457659499196,"max_trade_duration_days":21.0,"median_trade_duration_days":8.0,"profit_factor":0.9242550769326019,"time_in_market_percent":0.3158522050059595,"total_trades":27,"win_rate":0.37037037037037035}}