{"capital_utilization":{"average_cash_percent":0.9095863915566972,"average_exposure_percent":0.09041360844330285,"average_leverage":0.09041360844330285,"average_position_value":211.72712906158085,"max_exposure_percent":0.4172011120244209},"closed_trades":19,"equity_curve":[],"final_equity":625.8018485258646,"max_drawdown":0.10506064811587337,"open_trades":0,"profit_factor":2.063851084408792,"sharpe":1.0596056586194575,"signal_diagnostics":{"buy_signals":19,"duplicate_buy_skips":0,"flat_sell_skips":0,"hold_signals":514,"risk_blocked_signals":0,"sell_signals":0,"stop_loss_exits":9,"take_profit_exits":10},"starting_equity":500,"total_return":0.251603697051729,"trade_analysis":{"average_loss":-13.139041144380094,"average_trade_duration_days":8.260964912280702,"average_win":24.405321882528533,"expectancy":6.621149922413922,"largest_loss":-22.611468051158745,"largest_win":40.02126013259654,"max_trade_duration_days":21.0,"median_trade_duration_days":7.0,"profit_factor":2.063851084408792,"time_in_market_percent":0.195211690936415,"total_trades":19,"win_rate":0.5263157894736842}}