{"capital_utilization":{"average_cash_percent":0.86748168750421,"average_exposure_percent":0.13251831249579,"average_leverage":0.13251831249579,"average_position_value":172.368951383779,"max_exposure_percent":0.42219083459089957},"closed_trades":20,"equity_curve":[],"final_equity":416.7602618099734,"max_drawdown":0.2847971530446571,"open_trades":0,"profit_factor":0.5763686528113218,"sharpe":-0.6651579515714872,"signal_diagnostics":{"buy_signals":20,"duplicate_buy_skips":0,"flat_sell_skips":0,"hold_signals":400,"risk_blocked_signals":0,"sell_signals":1,"stop_loss_exits":14,"take_profit_exits":5},"starting_equity":500,"total_return":-0.16647947638005323,"trade_analysis":{"average_loss":-16.374248259016163,"average_trade_duration_days":9.297916666666667,"average_win":14.156405114770914,"expectancy":-4.161986909501333,"largest_loss":-25.163149068479154,"largest_win":25.860648179255993,"max_trade_duration_days":26.0,"median_trade_duration_days":7.5,"profit_factor":0.5763686528113218,"time_in_market_percent":0.2914517076993405,"total_trades":20,"win_rate":0.4}}