{"capital_utilization":{"average_cash_percent":0.8897399109310504,"average_exposure_percent":0.11026008906894956,"average_leverage":0.11026008906894956,"average_position_value":204.0700066546184,"max_exposure_percent":0.40469785218642884},"closed_trades":21,"equity_curve":[],"final_equity":544.9833103783892,"max_drawdown":0.026976346781733117,"open_trades":0,"profit_factor":2.4441956456606895,"sharpe":1.2914943368385494,"signal_diagnostics":{"buy_signals":21,"duplicate_buy_skips":0,"flat_sell_skips":0,"hold_signals":511,"risk_blocked_signals":0,"sell_signals":5,"stop_loss_exits":12,"take_profit_exits":4},"starting_equity":500,"total_return":0.08996662075677841,"trade_analysis":{"average_loss":-2.595638069857351,"average_trade_duration_days":9.285714285714286,"average_win":8.458996357408605,"expectancy":2.142062398970916,"largest_loss":-5.6737082859226895,"largest_win":15.952244799772789,"max_trade_duration_days":21.0,"median_trade_duration_days":8.0,"profit_factor":2.4441956456606895,"time_in_market_percent":0.2425247447789812,"total_trades":21,"win_rate":0.42857142857142855}}