{"capital_utilization":{"average_cash_percent":0.8603054083711839,"average_exposure_percent":0.1396945916288162,"average_leverage":0.1396945916288162,"average_position_value":201.52804949694604,"max_exposure_percent":0.4037842486939074},"closed_trades":15,"equity_curve":[],"final_equity":515.6099819862332,"max_drawdown":0.026452264535962864,"open_trades":0,"profit_factor":1.8064426146196566,"sharpe":0.6858944651126408,"signal_diagnostics":{"buy_signals":15,"duplicate_buy_skips":0,"flat_sell_skips":0,"hold_signals":411,"risk_blocked_signals":0,"sell_signals":3,"stop_loss_exits":11,"take_profit_exits":0},"starting_equity":500,"total_return":0.031219963972466402,"trade_analysis":{"average_loss":-2.150732626812898,"average_trade_duration_days":13.533333333333333,"average_win":5.82776260459154,"expectancy":1.040665465748877,"largest_loss":-4.596514717504676,"largest_win":11.877985476501937,"max_trade_duration_days":45.0,"median_trade_duration_days":10.0,"profit_factor":1.8064426146196566,"time_in_market_percent":0.31816103963952197,"total_trades":15,"win_rate":0.4}}