{"capital_utilization":{"average_cash_percent":0.7600667030522041,"average_exposure_percent":0.2399332969477959,"average_leverage":0.2399332969477959,"average_position_value":209.9097834745861,"max_exposure_percent":0.40754212156748437},"closed_trades":32,"equity_curve":[],"final_equity":547.2036904058757,"max_drawdown":0.05357269216965389,"open_trades":0,"profit_factor":1.6042238377813918,"sharpe":0.7062114424896043,"signal_diagnostics":{"buy_signals":32,"duplicate_buy_skips":0,"flat_sell_skips":0,"hold_signals":489,"risk_blocked_signals":0,"sell_signals":2,"stop_loss_exits":30,"take_profit_exits":0},"starting_equity":500,"total_return":0.09440738081175137,"trade_analysis":{"average_loss":-5.2081902383725565,"average_trade_duration_days":13.874999999999998,"average_win":7.3721496459684746,"expectancy":1.4751153251836155,"largest_loss":-9.6235334566045,"largest_win":25.721661131059314,"max_trade_duration_days":41.0,"median_trade_duration_days":11.5,"profit_factor":1.6042238377813918,"time_in_market_percent":0.5522101881121417,"total_trades":32,"win_rate":0.53125}}