{"capital_utilization":{"average_cash_percent":0.8901571799887087,"average_exposure_percent":0.10984282001129136,"average_leverage":0.10984282001129136,"average_position_value":200.97731321043804,"max_exposure_percent":0.40802929139217325},"closed_trades":28,"equity_curve":[],"final_equity":532.054298161457,"max_drawdown":0.030233819606682675,"open_trades":0,"profit_factor":1.6785623892639132,"sharpe":0.7281055875165603,"signal_diagnostics":{"buy_signals":28,"duplicate_buy_skips":0,"flat_sell_skips":0,"hold_signals":497,"risk_blocked_signals":0,"sell_signals":18,"stop_loss_exits":10,"take_profit_exits":0},"starting_equity":500,"total_return":0.06410859632291399,"trade_analysis":{"average_loss":-4.723854234866857,"average_trade_duration_days":6.467261904761905,"average_win":4.405157806118092,"expectancy":1.1447963629091817,"largest_loss":-9.715548142031118,"largest_win":12.477779765180669,"max_trade_duration_days":18.0,"median_trade_duration_days":5.520833333333334,"profit_factor":1.6785623892639132,"time_in_market_percent":0.2252163548738146,"total_trades":28,"win_rate":0.6428571428571429}}