{"capital_utilization":{"average_cash_percent":0.9482471378082874,"average_exposure_percent":0.05175286219171264,"average_leverage":0.05175286219171264,"average_position_value":207.54618266419428,"max_exposure_percent":0.40567794480041136},"closed_trades":8,"equity_curve":[],"final_equity":560.3370449949967,"max_drawdown":0.023857310460030406,"open_trades":0,"profit_factor":5.661795203218354,"sharpe":1.68138928670297,"signal_diagnostics":{"buy_signals":8,"duplicate_buy_skips":0,"flat_sell_skips":0,"hold_signals":537,"risk_blocked_signals":0,"sell_signals":5,"stop_loss_exits":2,"take_profit_exits":1},"starting_equity":500,"total_return":0.1206740899899934,"trade_analysis":{"average_loss":-6.471438830404006,"average_trade_duration_days":11.375,"average_win":12.213320442634133,"expectancy":7.5421306243745985,"largest_loss":-6.867969777374319,"largest_win":19.05700442343014,"max_trade_duration_days":20.0,"median_trade_duration_days":9.0,"profit_factor":5.661795203218354,"time_in_market_percent":0.11317821423019123,"total_trades":8,"win_rate":0.75}}