{"capital_utilization":{"average_cash_percent":0.7419674686864033,"average_exposure_percent":0.25803253131359666,"average_leverage":0.25803253131359666,"average_position_value":203.07381313940786,"max_exposure_percent":0.4037082818232476},"closed_trades":35,"equity_curve":[],"final_equity":522.6923727407457,"max_drawdown":0.0256224158947247,"open_trades":0,"profit_factor":1.5203545431808294,"sharpe":0.6384377379167516,"signal_diagnostics":{"buy_signals":35,"duplicate_buy_skips":0,"flat_sell_skips":0,"hold_signals":483,"risk_blocked_signals":0,"sell_signals":4,"stop_loss_exits":31,"take_profit_exits":0},"starting_equity":500,"total_return":0.045384745481491295,"trade_analysis":{"average_loss":-1.9822474920859159,"average_trade_duration_days":13.627380952380951,"average_win":5.1001398128181386,"expectancy":0.6483535068784468,"largest_loss":-4.540078369421697,"largest_win":11.113999418128394,"max_trade_duration_days":50.0,"median_trade_duration_days":9.0,"profit_factor":1.5203545431808294,"time_in_market_percent":0.5932010157019226,"total_trades":35,"win_rate":0.37142857142857144}}