{"capital_utilization":{"average_cash_percent":0.7126118133977921,"average_exposure_percent":0.28738818660220794,"average_leverage":0.28738818660220794,"average_position_value":204.45166590275252,"max_exposure_percent":0.4054269232889505},"closed_trades":41,"equity_curve":[],"final_equity":506.9668848266579,"max_drawdown":0.04743614467232199,"open_trades":0,"profit_factor":1.1324690290702628,"sharpe":0.20957664650835198,"signal_diagnostics":{"buy_signals":41,"duplicate_buy_skips":0,"flat_sell_skips":0,"hold_signals":471,"risk_blocked_signals":0,"sell_signals":2,"stop_loss_exits":36,"take_profit_exits":2},"starting_equity":500,"total_return":0.013933769653315942,"trade_analysis":{"average_loss":-2.2866328685853277,"average_trade_duration_days":12.682926829268293,"average_win":3.308857822451136,"expectancy":0.16992402016238806,"largest_loss":-6.679752503497475,"largest_win":14.87195902496936,"max_trade_duration_days":36.0,"median_trade_duration_days":10.0,"profit_factor":1.1324690290702628,"time_in_market_percent":0.6467326527439499,"total_trades":41,"win_rate":0.43902439024390244}}