{"capital_utilization":{"average_cash_percent":0.7804156862874229,"average_exposure_percent":0.2195843137125771,"average_leverage":0.2195843137125771,"average_position_value":175.6378861570539,"max_exposure_percent":0.42278734284385716},"closed_trades":19,"equity_curve":[],"final_equity":357.07192300192935,"max_drawdown":0.3050386230614788,"open_trades":0,"profit_factor":0.34968500572916544,"sharpe":-2.1773083206516772,"signal_diagnostics":{"buy_signals":19,"duplicate_buy_skips":0,"flat_sell_skips":0,"hold_signals":156,"risk_blocked_signals":0,"sell_signals":4,"stop_loss_exits":13,"take_profit_exits":1},"starting_equity":500,"total_return":-0.2858561539961413,"trade_analysis":{"average_loss":-15.698774358496914,"average_trade_duration_days":6.631578947368421,"average_win":15.370952804177232,"expectancy":-7.522530368319508,"largest_loss":-24.32236929938684,"largest_win":23.852168772720283,"max_trade_duration_days":21.0,"median_trade_duration_days":6.0,"profit_factor":0.34968500572916544,"time_in_market_percent":0.4499330456777265,"total_trades":19,"win_rate":0.2631578947368421}}