{"capital_utilization":{"average_cash_percent":0.8598412609743981,"average_exposure_percent":0.14015873902560191,"average_leverage":0.14015873902560191,"average_position_value":204.2910592802941,"max_exposure_percent":0.40391175893496917},"closed_trades":8,"equity_curve":[],"final_equity":536.7697571469181,"max_drawdown":0.03207306394771465,"open_trades":0,"profit_factor":3.1559560399188746,"sharpe":1.126222348444974,"signal_diagnostics":{"buy_signals":8,"duplicate_buy_skips":0,"flat_sell_skips":0,"hold_signals":425,"risk_blocked_signals":0,"sell_signals":3,"stop_loss_exits":4,"take_profit_exits":0},"starting_equity":500,"total_return":0.0735395142938362,"trade_analysis":{"average_loss":-4.263741521870466,"average_trade_duration_days":27.25,"average_win":13.456180808599994,"expectancy":4.596219643364764,"largest_loss":-4.945431806579982,"largest_win":26.631751270931087,"max_trade_duration_days":63.0,"median_trade_duration_days":21.0,"profit_factor":3.1559560399188746,"time_in_market_percent":0.34167047606608764,"total_trades":8,"win_rate":0.5}}