{"capital_utilization":{"average_cash_percent":0.7673308004168912,"average_exposure_percent":0.23266919958310886,"average_leverage":0.23266919958310886,"average_position_value":212.9083699772672,"max_exposure_percent":0.40751454720464897},"closed_trades":38,"equity_curve":[],"final_equity":554.703908473912,"max_drawdown":0.049448499817346926,"open_trades":0,"profit_factor":1.6977609647234764,"sharpe":0.8350456835797645,"signal_diagnostics":{"buy_signals":38,"duplicate_buy_skips":0,"flat_sell_skips":0,"hold_signals":477,"risk_blocked_signals":0,"sell_signals":9,"stop_loss_exits":26,"take_profit_exits":3},"starting_equity":500,"total_return":0.10940781694782387,"trade_analysis":{"average_loss":-4.899950631337558,"average_trade_duration_days":10.973684210526315,"average_win":6.050141753423316,"expectancy":1.4395765387871573,"largest_loss":-9.702778097429354,"largest_win":27.659962646028127,"max_trade_duration_days":38.0,"median_trade_duration_days":8.5,"profit_factor":1.6977609647234764,"time_in_market_percent":0.518629838835052,"total_trades":38,"win_rate":0.5789473684210527}}