{"capital_utilization":{"average_cash_percent":0.8717683393637673,"average_exposure_percent":0.1282316606362327,"average_leverage":0.1282316606362327,"average_position_value":198.30357568529118,"max_exposure_percent":0.4037842486939074},"closed_trades":14,"equity_curve":[],"final_equity":507.6153655952937,"max_drawdown":0.025755561698152008,"open_trades":0,"profit_factor":1.3593094602211822,"sharpe":0.36426559962379157,"signal_diagnostics":{"buy_signals":14,"duplicate_buy_skips":0,"flat_sell_skips":0,"hold_signals":413,"risk_blocked_signals":0,"sell_signals":1,"stop_loss_exits":11,"take_profit_exits":1},"starting_equity":500,"total_return":0.015230731190587488,"trade_analysis":{"average_loss":-2.3549386433898527,"average_trade_duration_days":13.5,"average_win":5.761962677160475,"expectancy":0.5439546853781213,"largest_loss":-4.532217282212408,"largest_win":14.61715025563377,"max_trade_duration_days":36.0,"median_trade_duration_days":10.0,"profit_factor":1.3593094602211822,"time_in_market_percent":0.29621889897472736,"total_trades":14,"win_rate":0.35714285714285715}}