{"capital_utilization":{"average_cash_percent":0.8428484922187044,"average_exposure_percent":0.15715150778129564,"average_leverage":0.15715150778129564,"average_position_value":207.80218133755642,"max_exposure_percent":0.40438103776689166},"closed_trades":11,"equity_curve":[],"final_equity":543.3244898148747,"max_drawdown":0.03999318989840095,"open_trades":0,"profit_factor":2.954340400141862,"sharpe":1.2102473906482285,"signal_diagnostics":{"buy_signals":11,"duplicate_buy_skips":0,"flat_sell_skips":0,"hold_signals":419,"risk_blocked_signals":0,"sell_signals":3,"stop_loss_exits":4,"take_profit_exits":3},"starting_equity":500,"total_return":0.08664897962974938,"trade_analysis":{"average_loss":-3.694723960040419,"average_trade_duration_days":21.454545454545453,"average_win":13.098566715023443,"expectancy":3.9385899831704276,"largest_loss":-5.585948445816888,"largest_win":20.345405347036976,"max_trade_duration_days":44.0,"median_trade_duration_days":19.0,"profit_factor":2.954340400141862,"time_in_market_percent":0.3698817997779665,"total_trades":11,"win_rate":0.45454545454545453}}