{"capital_utilization":{"average_cash_percent":0.9059168408034699,"average_exposure_percent":0.0940831591965301,"average_leverage":0.0940831591965301,"average_position_value":210.11149836244144,"max_exposure_percent":0.411230694328275},"closed_trades":19,"equity_curve":[],"final_equity":530.3280018763048,"max_drawdown":0.043651543148037486,"open_trades":0,"profit_factor":1.4817681648372953,"sharpe":0.5821798985378402,"signal_diagnostics":{"buy_signals":19,"duplicate_buy_skips":0,"flat_sell_skips":0,"hold_signals":515,"risk_blocked_signals":0,"sell_signals":5,"stop_loss_exits":12,"take_profit_exits":1},"starting_equity":500,"total_return":0.0606560037526096,"trade_analysis":{"average_loss":-6.994604941142466,"average_trade_duration_days":8.263157894736842,"average_win":9.327944634658696,"expectancy":1.5962106250686727,"largest_loss":-14.714980691925104,"largest_win":19.137204758128078,"max_trade_duration_days":21.0,"median_trade_duration_days":7.0,"profit_factor":1.4817681648372953,"time_in_market_percent":0.19526351246307716,"total_trades":19,"win_rate":0.5263157894736842}}