{"capital_utilization":{"average_cash_percent":0.7592895974229882,"average_exposure_percent":0.24071040257701184,"average_leverage":0.24071040257701184,"average_position_value":216.98104505678992,"max_exposure_percent":0.407502452122163},"closed_trades":23,"equity_curve":[],"final_equity":559.051880699176,"max_drawdown":0.05109706313793407,"open_trades":0,"profit_factor":1.7906147606080072,"sharpe":0.8200295649292032,"signal_diagnostics":{"buy_signals":23,"duplicate_buy_skips":0,"flat_sell_skips":0,"hold_signals":507,"risk_blocked_signals":0,"sell_signals":3,"stop_loss_exits":15,"take_profit_exits":5},"starting_equity":500,"total_return":0.11810376139835199,"trade_analysis":{"average_loss":-5.335078079327538,"average_trade_duration_days":20.043478260869563,"average_win":14.86033042330683,"expectancy":2.567473073877215,"largest_loss":-9.804732913809316,"largest_win":30.090361403040426,"max_trade_duration_days":49.0,"median_trade_duration_days":18.0,"profit_factor":1.7906147606080072,"time_in_market_percent":0.5733533709903094,"total_trades":23,"win_rate":0.391304347826087}}