{"capital_utilization":{"average_cash_percent":0.8786090027015507,"average_exposure_percent":0.1213909972984493,"average_leverage":0.1213909972984493,"average_position_value":198.83761199603467,"max_exposure_percent":0.4059440121074402},"closed_trades":27,"equity_curve":[],"final_equity":486.65840476308284,"max_drawdown":0.05302803399286517,"open_trades":0,"profit_factor":0.8194254569735255,"sharpe":-0.2576625902753509,"signal_diagnostics":{"buy_signals":27,"duplicate_buy_skips":0,"flat_sell_skips":0,"hold_signals":498,"risk_blocked_signals":0,"sell_signals":8,"stop_loss_exits":19,"take_profit_exits":0},"starting_equity":500,"total_return":-0.026683190473834273,"trade_analysis":{"average_loss":-4.10467457351183,"average_trade_duration_days":7.4429012345679,"average_win":6.726949676255085,"expectancy":-0.49413315692285836,"largest_loss":-7.019436952129372,"largest_win":13.75062160537545,"max_trade_duration_days":21.0,"median_trade_duration_days":6.958333333333333,"profit_factor":0.8194254569735255,"time_in_market_percent":0.24993522309167227,"total_trades":27,"win_rate":0.3333333333333333}}