{"capital_utilization":{"average_cash_percent":0.7096788758729111,"average_exposure_percent":0.2903211241270889,"average_leverage":0.2903211241270889,"average_position_value":209.98522607758954,"max_exposure_percent":0.4043872855581506},"closed_trades":48,"equity_curve":[],"final_equity":525.7758206457769,"max_drawdown":0.039146774106438534,"open_trades":0,"profit_factor":1.312686454692725,"sharpe":0.5028726574879636,"signal_diagnostics":{"buy_signals":48,"duplicate_buy_skips":0,"flat_sell_skips":0,"hold_signals":457,"risk_blocked_signals":0,"sell_signals":2,"stop_loss_exits":43,"take_profit_exits":2},"starting_equity":500,"total_return":0.05155164129155376,"trade_analysis":{"average_loss":-3.2973376695970575,"average_trade_duration_days":10.791666666666666,"average_win":4.70475053850884,"expectancy":0.536996263453685,"largest_loss":-5.629893312356401,"largest_win":13.364696703147636,"max_trade_duration_days":37.0,"median_trade_duration_days":8.5,"profit_factor":1.312686454692725,"time_in_market_percent":0.6442452194641655,"total_trades":48,"win_rate":0.4791666666666667}}