{"capital_utilization":{"average_cash_percent":0.916491624387265,"average_exposure_percent":0.08350837561273505,"average_leverage":0.08350837561273505,"average_position_value":207.97315104344426,"max_exposure_percent":0.4112306943282751},"closed_trades":19,"equity_curve":[],"final_equity":517.9839742978628,"max_drawdown":0.04469623940746657,"open_trades":0,"profit_factor":1.2894090908848042,"sharpe":0.36415897322206736,"signal_diagnostics":{"buy_signals":19,"duplicate_buy_skips":0,"flat_sell_skips":0,"hold_signals":515,"risk_blocked_signals":0,"sell_signals":5,"stop_loss_exits":12,"take_profit_exits":1},"starting_equity":500,"total_return":0.03596794859572561,"trade_analysis":{"average_loss":-6.904480299219646,"average_trade_duration_days":7.2631578947368425,"average_win":8.01242969908396,"expectancy":0.9465249630454095,"largest_loss":-14.372471665747508,"largest_win":14.710782254665762,"max_trade_duration_days":20.0,"median_trade_duration_days":6.0,"profit_factor":1.2894090908848042,"time_in_market_percent":0.17163289630512515,"total_trades":19,"win_rate":0.5263157894736842}}