{"capital_utilization":{"average_cash_percent":0.960261640496872,"average_exposure_percent":0.039738359503127936,"average_leverage":0.039738359503127936,"average_position_value":194.36509849964605,"max_exposure_percent":0.4112551864813572},"closed_trades":5,"equity_curve":[],"final_equity":501.6819000067213,"max_drawdown":0.07776879377022357,"open_trades":0,"profit_factor":1.060380589060845,"sharpe":0.06630488755688173,"signal_diagnostics":{"buy_signals":5,"duplicate_buy_skips":0,"flat_sell_skips":0,"hold_signals":430,"risk_blocked_signals":0,"sell_signals":0,"stop_loss_exits":3,"take_profit_exits":2},"starting_equity":500,"total_return":0.0033638000134426083,"trade_analysis":{"average_loss":-9.28499281464166,"average_trade_duration_days":11.599999999999998,"average_win":14.768439225323156,"expectancy":0.3363800013442674,"largest_loss":-13.339650143459801,"largest_win":15.198566975869182,"max_trade_duration_days":18.958333333333332,"median_trade_duration_days":11.041666666666666,"profit_factor":1.060380589060845,"time_in_market_percent":0.09090315418272056,"total_trades":5,"win_rate":0.4}}