{"capital_utilization":{"average_cash_percent":0.8245104445141797,"average_exposure_percent":0.17548955548582038,"average_leverage":0.17548955548582038,"average_position_value":201.691734818587,"max_exposure_percent":0.40559350988902465},"closed_trades":29,"equity_curve":[],"final_equity":525.1534319742004,"max_drawdown":0.05563342744470861,"open_trades":0,"profit_factor":1.3186614979691225,"sharpe":0.4434740903630067,"signal_diagnostics":{"buy_signals":29,"duplicate_buy_skips":0,"flat_sell_skips":0,"hold_signals":495,"risk_blocked_signals":0,"sell_signals":5,"stop_loss_exits":14,"take_profit_exits":9},"starting_equity":500,"total_return":0.05030686394840078,"trade_analysis":{"average_loss":-5.26230961579546,"average_trade_duration_days":10.827586206896552,"average_win":7.434862586509456,"expectancy":0.8673597232482924,"largest_loss":-6.580556177510556,"largest_win":11.195294044933958,"max_trade_duration_days":39.0,"median_trade_duration_days":7.0,"profit_factor":1.3186614979691225,"time_in_market_percent":0.3905270249261543,"total_trades":29,"win_rate":0.4827586206896552}}