{"capital_utilization":{"average_cash_percent":0.8005606160741037,"average_exposure_percent":0.19943938392589639,"average_leverage":0.19943938392589639,"average_position_value":163.0437809528939,"max_exposure_percent":0.421813862629503},"closed_trades":34,"equity_curve":[],"final_equity":418.6240844044793,"max_drawdown":0.2834785393541407,"open_trades":0,"profit_factor":0.7256034057954259,"sharpe":-0.44341316281688953,"signal_diagnostics":{"buy_signals":34,"duplicate_buy_skips":0,"flat_sell_skips":0,"hold_signals":485,"risk_blocked_signals":0,"sell_signals":8,"stop_loss_exits":23,"take_profit_exits":3},"starting_equity":500,"total_return":-0.16275183119104142,"trade_analysis":{"average_loss":-12.894049567262424,"average_trade_duration_days":10.411764705882353,"average_win":19.56247495013773,"expectancy":-2.3934092822211968,"largest_loss":-21.397213862167018,"largest_win":30.27184084304235,"max_trade_duration_days":25.0,"median_trade_duration_days":8.5,"profit_factor":0.7256034057954259,"time_in_market_percent":0.4402756905218428,"total_trades":34,"win_rate":0.3235294117647059}}