{"capital_utilization":{"average_cash_percent":0.7461428745292973,"average_exposure_percent":0.25385712547070277,"average_leverage":0.25385712547070277,"average_position_value":219.65876669071113,"max_exposure_percent":0.40412737559764117},"closed_trades":24,"equity_curve":[],"final_equity":583.1810266003348,"max_drawdown":0.03594576767610069,"open_trades":0,"profit_factor":4.992433463313789,"sharpe":1.4415610854136511,"signal_diagnostics":{"buy_signals":24,"duplicate_buy_skips":0,"flat_sell_skips":0,"hold_signals":506,"risk_blocked_signals":0,"sell_signals":8,"stop_loss_exits":12,"take_profit_exits":3},"starting_equity":500,"total_return":0.16636205320066955,"trade_analysis":{"average_loss":-2.6043335275553057,"average_trade_duration_days":19.87326388888889,"average_win":6.500980926298576,"expectancy":3.4658761083472824,"largest_loss":-5.3041521444870865,"largest_win":20.39165030452403,"max_trade_duration_days":43.0,"median_trade_duration_days":19.0,"profit_factor":4.992433463313789,"time_in_market_percent":0.5932010157019226,"total_trades":24,"win_rate":0.6666666666666666}}