{"capital_utilization":{"average_cash_percent":0.9293246903956645,"average_exposure_percent":0.07067530960433559,"average_leverage":0.07067530960433559,"average_position_value":201.7885555384625,"max_exposure_percent":0.4073055802016701},"closed_trades":15,"equity_curve":[],"final_equity":515.7223135345212,"max_drawdown":0.039985304802113875,"open_trades":0,"profit_factor":1.4157070652347683,"sharpe":0.39303082303714276,"signal_diagnostics":{"buy_signals":15,"duplicate_buy_skips":0,"flat_sell_skips":0,"hold_signals":524,"risk_blocked_signals":0,"sell_signals":2,"stop_loss_exits":7,"take_profit_exits":5},"starting_equity":500,"total_return":0.031444627069042275,"trade_analysis":{"average_loss":-5.402950727761733,"average_trade_duration_days":7.866666666666666,"average_win":6.692871078606666,"expectancy":1.0481542356347462,"largest_loss":-8.838576586855124,"largest_win":12.18732567759813,"max_trade_duration_days":14.0,"median_trade_duration_days":7.0,"profit_factor":1.4157070652347683,"time_in_market_percent":0.14675856350728092,"total_trades":15,"win_rate":0.5333333333333333}}