{"capital_utilization":{"average_cash_percent":0.9264669341364763,"average_exposure_percent":0.07353306586352372,"average_leverage":0.07353306586352372,"average_position_value":205.19522515387595,"max_exposure_percent":0.4065112731005879},"closed_trades":13,"equity_curve":[],"final_equity":530.9396021602645,"max_drawdown":0.037272242672359616,"open_trades":0,"profit_factor":1.9613634602652148,"sharpe":0.780037760318709,"signal_diagnostics":{"buy_signals":13,"duplicate_buy_skips":0,"flat_sell_skips":0,"hold_signals":414,"risk_blocked_signals":0,"sell_signals":2,"stop_loss_exits":6,"take_profit_exits":5},"starting_equity":500,"total_return":0.06187920432052896,"trade_analysis":{"average_loss":-6.436608720645369,"average_trade_duration_days":6.923076923076923,"average_win":7.890330720436411,"expectancy":2.3799693969434186,"largest_loss":-8.216176825462975,"largest_win":12.788557140537572,"max_trade_duration_days":10.0,"median_trade_duration_days":7.0,"profit_factor":1.9613634602652148,"time_in_market_percent":0.141056618559394,"total_trades":13,"win_rate":0.6153846153846154}}