{"capital_utilization":{"average_cash_percent":0.7559301073619972,"average_exposure_percent":0.24406989263800286,"average_leverage":0.24406989263800286,"average_position_value":213.44720384412895,"max_exposure_percent":0.40408285750095485},"closed_trades":24,"equity_curve":[],"final_equity":543.7572343105544,"max_drawdown":0.038902334319490244,"open_trades":0,"profit_factor":2.0798233814176257,"sharpe":0.8415740929197328,"signal_diagnostics":{"buy_signals":24,"duplicate_buy_skips":0,"flat_sell_skips":0,"hold_signals":505,"risk_blocked_signals":0,"sell_signals":7,"stop_loss_exits":14,"take_profit_exits":3},"starting_equity":500,"total_return":0.0875144686211089,"trade_analysis":{"average_loss":-3.376882048765277,"average_trade_duration_days":19.49826388888889,"average_win":7.023318241311478,"expectancy":1.8232180962731002,"largest_loss":-5.488772145051973,"largest_win":19.630032499107106,"max_trade_duration_days":42.958333333333336,"median_trade_duration_days":16.5,"profit_factor":2.0798233814176257,"time_in_market_percent":0.5820075659428927,"total_trades":24,"win_rate":0.5}}