{"capital_utilization":{"average_cash_percent":0.9609596313423967,"average_exposure_percent":0.03904036865760328,"average_leverage":0.03904036865760328,"average_position_value":204.23039608573563,"max_exposure_percent":0.4059317686334084},"closed_trades":9,"equity_curve":[],"final_equity":508.3497632620213,"max_drawdown":0.03072501392722893,"open_trades":0,"profit_factor":1.5820660433271259,"sharpe":0.35477300223708,"signal_diagnostics":{"buy_signals":9,"duplicate_buy_skips":0,"flat_sell_skips":0,"hold_signals":534,"risk_blocked_signals":0,"sell_signals":0,"stop_loss_exits":6,"take_profit_exits":3},"starting_equity":500,"total_return":0.016699526524042607,"trade_analysis":{"average_loss":-2.8690088891953054,"average_trade_duration_days":7.0,"average_win":5.6737019269994615,"expectancy":0.9277514735579248,"largest_loss":-7.393689386186956,"largest_win":7.934211712239731,"max_trade_duration_days":19.0,"median_trade_duration_days":4.0,"profit_factor":1.5820660433271259,"time_in_market_percent":0.0783541483132093,"total_trades":9,"win_rate":0.4444444444444444}}