{"capital_utilization":{"average_cash_percent":0.8503587684168425,"average_exposure_percent":0.14964123158315742,"average_leverage":0.14964123158315742,"average_position_value":168.12655680890188,"max_exposure_percent":0.42181386262950304},"closed_trades":36,"equity_curve":[],"final_equity":430.87904555086516,"max_drawdown":0.2525567657253344,"open_trades":0,"profit_factor":0.7518644841983025,"sharpe":-0.4598790515586585,"signal_diagnostics":{"buy_signals":36,"duplicate_buy_skips":0,"flat_sell_skips":0,"hold_signals":481,"risk_blocked_signals":0,"sell_signals":7,"stop_loss_exits":20,"take_profit_exits":9},"starting_equity":500,"total_return":-0.1382419088982697,"trade_analysis":{"average_loss":-13.928065522142777,"average_trade_duration_days":6.943287037037037,"average_win":13.09002224960755,"expectancy":-1.920026512475967,"largest_loss":-22.226125913830526,"largest_win":25.605576036388445,"max_trade_duration_days":19.0,"median_trade_duration_days":6.0,"profit_factor":0.7518644841983025,"time_in_market_percent":0.31087733844639065,"total_trades":36,"win_rate":0.4444444444444444}}