{"capital_utilization":{"average_cash_percent":0.9054128326138112,"average_exposure_percent":0.09458716738618878,"average_leverage":0.09458716738618878,"average_position_value":204.93112111198388,"max_exposure_percent":0.40931956957750876},"closed_trades":25,"equity_curve":[],"final_equity":524.5143653677079,"max_drawdown":0.03909956848493819,"open_trades":0,"profit_factor":1.350519763946815,"sharpe":0.5061503547938216,"signal_diagnostics":{"buy_signals":25,"duplicate_buy_skips":0,"flat_sell_skips":0,"hold_signals":503,"risk_blocked_signals":0,"sell_signals":1,"stop_loss_exits":14,"take_profit_exits":9},"starting_equity":500,"total_return":0.049028730735415804,"trade_analysis":{"average_loss":-5.828098700169984,"average_trade_duration_days":6.278333333333333,"average_win":7.265503828442129,"expectancy":0.9805746147083149,"largest_loss":-11.763070889417278,"largest_win":13.465001025900063,"max_trade_duration_days":19.0,"median_trade_duration_days":5.0,"profit_factor":1.350519763946815,"time_in_market_percent":0.195211690936415,"total_trades":25,"win_rate":0.52}}