{"capital_utilization":{"average_cash_percent":0.8434909256840355,"average_exposure_percent":0.15650907431596456,"average_leverage":0.15650907431596456,"average_position_value":202.65493318591658,"max_exposure_percent":0.40706790201578164},"closed_trades":10,"equity_curve":[],"final_equity":531.12373862367,"max_drawdown":0.03500589374777542,"open_trades":0,"profit_factor":2.1806931329396453,"sharpe":0.8685271293803917,"signal_diagnostics":{"buy_signals":10,"duplicate_buy_skips":0,"flat_sell_skips":0,"hold_signals":421,"risk_blocked_signals":0,"sell_signals":1,"stop_loss_exits":5,"take_profit_exits":3},"starting_equity":500,"total_return":0.06224747724734003,"trade_analysis":{"average_loss":-5.272113092786315,"average_trade_duration_days":24.1,"average_win":11.49686081752031,"expectancy":3.1123738623669985,"largest_loss":-8.551798003927882,"largest_win":19.273732446606118,"max_trade_duration_days":43.0,"median_trade_duration_days":20.5,"profit_factor":2.1806931329396453,"time_in_market_percent":0.37771827858682167,"total_trades":10,"win_rate":0.5}}