{"capital_utilization":{"average_cash_percent":0.9226879091636505,"average_exposure_percent":0.07731209083634946,"average_leverage":0.07731209083634946,"average_position_value":204.82512686900364,"max_exposure_percent":0.40567794480041136},"closed_trades":20,"equity_curve":[],"final_equity":542.8825076912906,"max_drawdown":0.026746844591893686,"open_trades":0,"profit_factor":2.1838628491781122,"sharpe":1.1648117801293094,"signal_diagnostics":{"buy_signals":20,"duplicate_buy_skips":0,"flat_sell_skips":0,"hold_signals":513,"risk_blocked_signals":0,"sell_signals":4,"stop_loss_exits":7,"take_profit_exits":9},"starting_equity":500,"total_return":0.08576501538258108,"trade_analysis":{"average_loss":-5.1746471574644,"average_trade_duration_days":6.2,"average_win":6.08500290719549,"expectancy":2.144125384564528,"largest_loss":-6.867969777374319,"largest_win":11.96295442923897,"max_trade_duration_days":18.0,"median_trade_duration_days":5.5,"profit_factor":2.1838628491781122,"time_in_market_percent":0.1542208633466342,"total_trades":20,"win_rate":0.65}}