{"capital_utilization":{"average_cash_percent":0.8915059197846751,"average_exposure_percent":0.10849408021532489,"average_leverage":0.10849408021532489,"average_position_value":200.8219498236296,"max_exposure_percent":0.41717006974521725},"closed_trades":25,"equity_curve":[],"final_equity":635.9049490735231,"max_drawdown":0.10864749636165107,"open_trades":0,"profit_factor":1.8280747533878419,"sharpe":0.938247208794384,"signal_diagnostics":{"buy_signals":25,"duplicate_buy_skips":0,"flat_sell_skips":0,"hold_signals":502,"risk_blocked_signals":0,"sell_signals":10,"stop_loss_exits":13,"take_profit_exits":2},"starting_equity":500,"total_return":0.27180989814704626,"trade_analysis":{"average_loss":-12.624738055397597,"average_trade_duration_days":7.2,"average_win":25.00221198280765,"expectancy":5.436197962940923,"largest_loss":-21.80876543756498,"largest_win":55.57981876131715,"max_trade_duration_days":18.0,"median_trade_duration_days":6.0,"profit_factor":1.8280747533878419,"time_in_market_percent":0.22386899518059802,"total_trades":25,"win_rate":0.48}}