{"capital_utilization":{"average_cash_percent":0.8975380649376634,"average_exposure_percent":0.10246193506233661,"average_leverage":0.10246193506233661,"average_position_value":196.2326034528545,"max_exposure_percent":0.4171630076436926},"closed_trades":26,"equity_curve":[],"final_equity":562.5914992740296,"max_drawdown":0.10491699812906248,"open_trades":0,"profit_factor":1.3880075113206163,"sharpe":0.5700913141749044,"signal_diagnostics":{"buy_signals":26,"duplicate_buy_skips":0,"flat_sell_skips":0,"hold_signals":500,"risk_blocked_signals":0,"sell_signals":6,"stop_loss_exits":13,"take_profit_exits":7},"starting_equity":500,"total_return":0.12518299854805925,"trade_analysis":{"average_loss":-12.408859552743062,"average_trade_duration_days":6.267628205128205,"average_win":17.223590266129953,"expectancy":2.407365356693445,"largest_loss":-20.68399215508512,"largest_win":36.642395609243216,"max_trade_duration_days":14.0,"median_trade_duration_days":5.5,"profit_factor":1.3880075113206163,"time_in_market_percent":0.20267399077576828,"total_trades":26,"win_rate":0.5}}