{"capital_utilization":{"average_cash_percent":0.7774571329961786,"average_exposure_percent":0.22254286700382148,"average_leverage":0.22254286700382148,"average_position_value":212.60295344196268,"max_exposure_percent":0.4075359490402815},"closed_trades":16,"equity_curve":[],"final_equity":539.9704542414155,"max_drawdown":0.0636551944251574,"open_trades":0,"profit_factor":1.932497324249892,"sharpe":0.6117776944790276,"signal_diagnostics":{"buy_signals":16,"duplicate_buy_skips":0,"flat_sell_skips":0,"hold_signals":521,"risk_blocked_signals":0,"sell_signals":1,"stop_loss_exits":15,"take_profit_exits":0},"starting_equity":500,"total_return":0.07994090848283109,"trade_analysis":{"average_loss":-4.762653432761333,"average_trade_duration_days":27.502604166666664,"average_win":11.83347644803822,"expectancy":2.4981533900884707,"largest_loss":-9.58045983525142,"largest_win":24.025900590002106,"max_trade_duration_days":61.0,"median_trade_duration_days":21.0,"profit_factor":1.932497324249892,"time_in_market_percent":0.5472871430792351,"total_trades":16,"win_rate":0.4375}}