{"capital_utilization":{"average_cash_percent":0.8019829353533685,"average_exposure_percent":0.19801706464663146,"average_leverage":0.19801706464663146,"average_position_value":206.32260984918696,"max_exposure_percent":0.4052107191216742},"closed_trades":29,"equity_curve":[],"final_equity":543.2074185518942,"max_drawdown":0.039616202277472444,"open_trades":0,"profit_factor":1.7402432340821925,"sharpe":0.7366322928725628,"signal_diagnostics":{"buy_signals":29,"duplicate_buy_skips":0,"flat_sell_skips":0,"hold_signals":494,"risk_blocked_signals":0,"sell_signals":4,"stop_loss_exits":25,"take_profit_exits":0},"starting_equity":500,"total_return":0.08641483710378828,"trade_analysis":{"average_loss":-3.648076112227653,"average_trade_duration_days":12.51867816091954,"average_win":7.813587411348975,"expectancy":1.4899109845480767,"largest_loss":-6.665209712470065,"largest_win":21.709475566283608,"max_trade_duration_days":30.0,"median_trade_duration_days":9.0,"profit_factor":1.7402432340821925,"time_in_market_percent":0.45152096180753487,"total_trades":29,"win_rate":0.4482758620689655}}