{"capital_utilization":{"average_cash_percent":0.8411553566029522,"average_exposure_percent":0.15884464339704787,"average_leverage":0.15884464339704787,"average_position_value":192.98711108058018,"max_exposure_percent":0.409153449959333},"closed_trades":25,"equity_curve":[],"final_equity":511.0308807193247,"max_drawdown":0.09849837169648945,"open_trades":0,"profit_factor":1.14206001818633,"sharpe":0.22342585723028088,"signal_diagnostics":{"buy_signals":25,"duplicate_buy_skips":0,"flat_sell_skips":0,"hold_signals":390,"risk_blocked_signals":0,"sell_signals":1,"stop_loss_exits":14,"take_profit_exits":10},"starting_equity":500,"total_return":0.022061761438649352,"trade_analysis":{"average_loss":-5.973033770761214,"average_trade_duration_days":8.598333333333334,"average_win":7.390026644935042,"expectancy":0.44123522877298854,"largest_loss":-10.453897151503025,"largest_win":12.332553028213367,"max_trade_duration_days":18.0,"median_trade_duration_days":8.0,"profit_factor":1.14206001818633,"time_in_market_percent":0.33690328479070075,"total_trades":25,"win_rate":0.48}}