{"capital_utilization":{"average_cash_percent":0.9303404993003251,"average_exposure_percent":0.06965950069967489,"average_leverage":0.06965950069967489,"average_position_value":197.67034484101237,"max_exposure_percent":0.4182025686730712},"closed_trades":12,"equity_curve":[],"final_equity":532.294727329647,"max_drawdown":0.09158656119808128,"open_trades":0,"profit_factor":1.3012419027362816,"sharpe":0.3284393193391632,"signal_diagnostics":{"buy_signals":12,"duplicate_buy_skips":0,"flat_sell_skips":0,"hold_signals":530,"risk_blocked_signals":0,"sell_signals":0,"stop_loss_exits":9,"take_profit_exits":2},"starting_equity":500,"total_return":0.064589454659294,"trade_analysis":{"average_loss":-13.400661991369367,"average_trade_duration_days":10.003472222222223,"average_win":34.87500581515049,"expectancy":2.691227277470588,"largest_loss":-21.57916434832645,"largest_win":68.476094800998,"max_trade_duration_days":28.0,"median_trade_duration_days":8.0,"profit_factor":1.3012419027362816,"time_in_market_percent":0.14929781831372754,"total_trades":12,"win_rate":0.3333333333333333}}