{"capital_utilization":{"average_cash_percent":0.8714006654610484,"average_exposure_percent":0.12859933453895153,"average_leverage":0.12859933453895153,"average_position_value":203.3404774146248,"max_exposure_percent":0.41825283564912025},"closed_trades":26,"equity_curve":[],"final_equity":633.306521982136,"max_drawdown":0.14521072998065923,"open_trades":0,"profit_factor":1.7215558446869261,"sharpe":0.8664011910400685,"signal_diagnostics":{"buy_signals":26,"duplicate_buy_skips":0,"flat_sell_skips":0,"hold_signals":500,"risk_blocked_signals":0,"sell_signals":12,"stop_loss_exits":12,"take_profit_exits":2},"starting_equity":500,"total_return":0.266613043964272,"trade_analysis":{"average_loss":-14.21144034836129,"average_trade_duration_days":8.76923076923077,"average_win":24.465788193140984,"expectancy":5.127173922389847,"largest_loss":-22.165588799428257,"largest_win":53.484739112971795,"max_trade_duration_days":19.0,"median_trade_duration_days":7.0,"profit_factor":1.7215558446869261,"time_in_market_percent":0.2835673938954242,"total_trades":26,"win_rate":0.5}}