{"capital_utilization":{"average_cash_percent":0.9440990108901617,"average_exposure_percent":0.055900989109838345,"average_leverage":0.055900989109838345,"average_position_value":205.17124556968537,"max_exposure_percent":0.40567794480041136},"closed_trades":9,"equity_curve":[],"final_equity":551.5172406380873,"max_drawdown":0.023857310460030406,"open_trades":0,"profit_factor":4.202865963226046,"sharpe":1.4480618734275381,"signal_diagnostics":{"buy_signals":9,"duplicate_buy_skips":0,"flat_sell_skips":0,"hold_signals":535,"risk_blocked_signals":0,"sell_signals":4,"stop_loss_exits":4,"take_profit_exits":1},"starting_equity":500,"total_return":0.10303448127617454,"trade_analysis":{"average_loss":-5.361577332050575,"average_trade_duration_days":10.666666666666666,"average_win":11.266995439039837,"expectancy":5.724137848676365,"largest_loss":-6.867969777374319,"largest_win":19.010333549175655,"max_trade_duration_days":20.0,"median_trade_duration_days":8.0,"profit_factor":4.202865963226046,"time_in_market_percent":0.11939679742965228,"total_trades":9,"win_rate":0.6666666666666666}}