{"capital_utilization":{"average_cash_percent":0.7441261550446562,"average_exposure_percent":0.2558738449553438,"average_leverage":0.2558738449553438,"average_position_value":214.2359430279566,"max_exposure_percent":0.4054770935427867},"closed_trades":34,"equity_curve":[],"final_equity":546.3744702519967,"max_drawdown":0.069536580692511,"open_trades":0,"profit_factor":1.5725107086192576,"sharpe":0.7632553810919314,"signal_diagnostics":{"buy_signals":34,"duplicate_buy_skips":0,"flat_sell_skips":0,"hold_signals":485,"risk_blocked_signals":0,"sell_signals":1,"stop_loss_exits":32,"take_profit_exits":0},"starting_equity":500,"total_return":0.0927489405039934,"trade_analysis":{"average_loss":-4.500107019234192,"average_trade_duration_days":14.060049019607844,"average_win":7.961024787388261,"expectancy":1.3639550074116686,"largest_loss":-7.13721293005482,"largest_win":25.63992485048172,"max_trade_duration_days":41.0,"median_trade_duration_days":11.0,"profit_factor":1.5725107086192576,"time_in_market_percent":0.5945483753951392,"total_trades":34,"win_rate":0.47058823529411764}}