{"capital_utilization":{"average_cash_percent":0.8470735813631334,"average_exposure_percent":0.1529264186368666,"average_leverage":0.1529264186368666,"average_position_value":200.4373518668269,"max_exposure_percent":0.41820461204298565},"closed_trades":29,"equity_curve":[],"final_equity":491.9080761339695,"max_drawdown":0.18964752149313976,"open_trades":0,"profit_factor":0.9664628195223032,"sharpe":0.01202554990236663,"signal_diagnostics":{"buy_signals":29,"duplicate_buy_skips":0,"flat_sell_skips":0,"hold_signals":494,"risk_blocked_signals":0,"sell_signals":4,"stop_loss_exits":21,"take_profit_exits":4},"starting_equity":500,"total_return":-0.016183847732061052,"trade_analysis":{"average_loss":-11.489627405096526,"average_trade_duration_days":9.24425287356322,"average_win":29.148781455124567,"expectancy":-0.2790318574493279,"largest_loss":-21.929731603151577,"largest_win":69.34573709432968,"max_trade_duration_days":28.0,"median_trade_duration_days":7.041666666666667,"profit_factor":0.9664628195223032,"time_in_market_percent":0.33341970254443704,"total_trades":29,"win_rate":0.27586206896551724}}