{"capital_utilization":{"average_cash_percent":0.758076625247171,"average_exposure_percent":0.24192337475282902,"average_leverage":0.24192337475282902,"average_position_value":212.79490677138278,"max_exposure_percent":0.4075333385525382},"closed_trades":35,"equity_curve":[],"final_equity":552.3262796210714,"max_drawdown":0.05888958824514229,"open_trades":0,"profit_factor":1.716469751975615,"sharpe":0.7973487980780162,"signal_diagnostics":{"buy_signals":35,"duplicate_buy_skips":0,"flat_sell_skips":0,"hold_signals":483,"risk_blocked_signals":0,"sell_signals":10,"stop_loss_exits":25,"take_profit_exits":0},"starting_equity":500,"total_return":0.10465255924214278,"trade_analysis":{"average_loss":-4.2960870850596375,"average_trade_duration_days":12.799999999999999,"average_win":6.964431114838073,"expectancy":1.495036560602042,"largest_loss":-9.630823187223834,"largest_win":25.87668204917828,"max_trade_duration_days":41.0,"median_trade_duration_days":9.0,"profit_factor":1.716469751975615,"time_in_market_percent":0.5571850546717105,"total_trades":35,"win_rate":0.5142857142857142}}