{"capital_utilization":{"average_cash_percent":0.7452552210860333,"average_exposure_percent":0.2547447789139667,"average_leverage":0.2547447789139667,"average_position_value":216.01984186527955,"max_exposure_percent":0.40519297774399843},"closed_trades":22,"equity_curve":[],"final_equity":550.887343246011,"max_drawdown":0.04134472205728331,"open_trades":0,"profit_factor":2.073048970498396,"sharpe":0.9024765609473426,"signal_diagnostics":{"buy_signals":22,"duplicate_buy_skips":0,"flat_sell_skips":0,"hold_signals":509,"risk_blocked_signals":0,"sell_signals":2,"stop_loss_exits":15,"take_profit_exits":5},"starting_equity":500,"total_return":0.10177468649202215,"trade_analysis":{"average_loss":-4.311193841530874,"average_trade_duration_days":22.31628787878788,"average_win":8.937315954804602,"expectancy":2.3130610566368643,"largest_loss":-6.984688688686515,"largest_win":19.61025850398052,"max_trade_duration_days":53.958333333333336,"median_trade_duration_days":19.5,"profit_factor":2.073048970498396,"time_in_market_percent":0.6106130486604135,"total_trades":22,"win_rate":0.5}}