{"capital_utilization":{"average_cash_percent":0.8877843687700729,"average_exposure_percent":0.11221563122992706,"average_leverage":0.11221563122992706,"average_position_value":202.84674286049486,"max_exposure_percent":0.4057882901297951},"closed_trades":14,"equity_curve":[],"final_equity":527.9199171148855,"max_drawdown":0.028963743398400438,"open_trades":0,"profit_factor":2.4185384027863677,"sharpe":0.7117933276100747,"signal_diagnostics":{"buy_signals":14,"duplicate_buy_skips":0,"flat_sell_skips":0,"hold_signals":412,"risk_blocked_signals":0,"sell_signals":3,"stop_loss_exits":10,"take_profit_exits":1},"starting_equity":500,"total_return":0.05583983422977101,"trade_analysis":{"average_loss":-3.2803620332077674,"average_trade_duration_days":11.211309523809522,"average_win":5.950261164266516,"expectancy":1.9942797939203945,"largest_loss":-7.00206634355947,"largest_win":11.48589177126193,"max_trade_duration_days":24.0,"median_trade_duration_days":9.5,"profit_factor":2.4185384027863677,"time_in_market_percent":0.24600013060798012,"total_trades":14,"win_rate":0.5714285714285714}}