{"capital_utilization":{"average_cash_percent":0.7443297345530098,"average_exposure_percent":0.2556702654469903,"average_leverage":0.2556702654469903,"average_position_value":208.17794260870704,"max_exposure_percent":0.40277273830532495},"closed_trades":20,"equity_curve":[],"final_equity":544.0297771255914,"max_drawdown":0.02432253546831113,"open_trades":0,"profit_factor":2.923453451304649,"sharpe":1.1128017405968271,"signal_diagnostics":{"buy_signals":20,"duplicate_buy_skips":0,"flat_sell_skips":0,"hold_signals":513,"risk_blocked_signals":0,"sell_signals":0,"stop_loss_exits":16,"take_profit_exits":4},"starting_equity":500,"total_return":0.08805955425118284,"trade_analysis":{"average_loss":-2.2891002168899215,"average_trade_duration_days":24.547916666666666,"average_win":6.692077929449061,"expectancy":2.2014888562795702,"largest_loss":-3.4354273892812897,"largest_win":14.379602217629674,"max_trade_duration_days":66.0,"median_trade_duration_days":22.5,"profit_factor":2.923453451304649,"time_in_market_percent":0.6106130486604135,"total_trades":20,"win_rate":0.5}}