{"capital_utilization":{"average_cash_percent":0.8856646173630401,"average_exposure_percent":0.11433538263695987,"average_leverage":0.11433538263695987,"average_position_value":200.30885282666804,"max_exposure_percent":0.4077567285654637},"closed_trades":21,"equity_curve":[],"final_equity":512.3890113848843,"max_drawdown":0.05547167533138181,"open_trades":0,"profit_factor":1.1737279164121481,"sharpe":0.2475408521087895,"signal_diagnostics":{"buy_signals":21,"duplicate_buy_skips":0,"flat_sell_skips":0,"hold_signals":510,"risk_blocked_signals":0,"sell_signals":11,"stop_loss_exits":9,"take_profit_exits":1},"starting_equity":500,"total_return":0.024778022769768482,"trade_analysis":{"average_loss":-7.131272647910505,"average_trade_duration_days":9.569444444444445,"average_win":7.609248896726308,"expectancy":0.5899529230897299,"largest_loss":-9.522393098248681,"largest_win":19.111060878935042,"max_trade_duration_days":23.0,"median_trade_duration_days":8.0,"profit_factor":1.1737279164121481,"time_in_market_percent":0.2499352230916723,"total_trades":21,"win_rate":0.5238095238095238}}