{"capital_utilization":{"average_cash_percent":0.9480733614368617,"average_exposure_percent":0.051926638563138255,"average_leverage":0.051926638563138255,"average_position_value":205.59371943161645,"max_exposure_percent":0.40243645913910453},"closed_trades":10,"equity_curve":[],"final_equity":534.644181102627,"max_drawdown":0.017190079781181877,"open_trades":0,"profit_factor":7.205895033498941,"sharpe":1.4551317027573856,"signal_diagnostics":{"buy_signals":10,"duplicate_buy_skips":0,"flat_sell_skips":0,"hold_signals":533,"risk_blocked_signals":0,"sell_signals":2,"stop_loss_exits":3,"take_profit_exits":5},"starting_equity":500,"total_return":0.06928836220525403,"trade_analysis":{"average_loss":-1.8608210911088243,"average_trade_duration_days":9.195833333333335,"average_win":5.746663482279068,"expectancy":3.464418110262701,"largest_loss":-3.001384359965945,"largest_win":8.195989070008745,"max_trade_duration_days":21.0,"median_trade_duration_days":7.0,"profit_factor":7.205895033498941,"time_in_market_percent":0.11437010934342128,"total_trades":10,"win_rate":0.7}}