{"capital_utilization":{"average_cash_percent":0.8492020869973314,"average_exposure_percent":0.1507979130026687,"average_leverage":0.1507979130026687,"average_position_value":208.56688146097258,"max_exposure_percent":0.4038697172867536},"closed_trades":14,"equity_curve":[],"final_equity":545.2151587795698,"max_drawdown":0.03303681879671218,"open_trades":0,"profit_factor":3.7789899479877267,"sharpe":1.3368814728883018,"signal_diagnostics":{"buy_signals":14,"duplicate_buy_skips":0,"flat_sell_skips":0,"hold_signals":413,"risk_blocked_signals":0,"sell_signals":4,"stop_loss_exits":9,"take_profit_exits":0},"starting_equity":500,"total_return":0.09043031755913966,"trade_analysis":{"average_loss":-2.3243367259239633,"average_trade_duration_days":15.928571428571429,"average_win":8.78364512300536,"expectancy":3.2296541985406995,"largest_loss":-4.081390274167469,"largest_win":13.781393331277526,"max_trade_duration_days":38.0,"median_trade_duration_days":11.5,"profit_factor":3.7789899479877267,"time_in_market_percent":0.3495069548749429,"total_trades":14,"win_rate":0.5}}