{"capital_utilization":{"average_cash_percent":0.7976673320110987,"average_exposure_percent":0.20233266798890123,"average_leverage":0.20233266798890123,"average_position_value":208.7827693095587,"max_exposure_percent":0.40581113360243204},"closed_trades":29,"equity_curve":[],"final_equity":547.9933246152333,"max_drawdown":0.044814372906926615,"open_trades":0,"profit_factor":1.877178401691705,"sharpe":0.8615105728669683,"signal_diagnostics":{"buy_signals":29,"duplicate_buy_skips":0,"flat_sell_skips":0,"hold_signals":495,"risk_blocked_signals":0,"sell_signals":1,"stop_loss_exits":27,"take_profit_exits":1},"starting_equity":500,"total_return":0.09598664923046663,"trade_analysis":{"average_loss":-3.419581219358748,"average_trade_duration_days":12.931034482758621,"average_win":7.900509548074863,"expectancy":1.6549422281114918,"largest_loss":-7.229363385491325,"largest_win":21.647142449015202,"max_trade_duration_days":30.0,"median_trade_duration_days":9.0,"profit_factor":1.877178401691705,"time_in_market_percent":0.4663937399595792,"total_trades":29,"win_rate":0.4482758620689655}}