{"capital_utilization":{"average_cash_percent":0.8812770822864454,"average_exposure_percent":0.11872291771355462,"average_leverage":0.11872291771355462,"average_position_value":215.57909665494688,"max_exposure_percent":0.405936476616695},"closed_trades":30,"equity_curve":[],"final_equity":568.9945996242985,"max_drawdown":0.06661496508347733,"open_trades":0,"profit_factor":1.9498913076830076,"sharpe":1.2779834349639454,"signal_diagnostics":{"buy_signals":30,"duplicate_buy_skips":0,"flat_sell_skips":0,"hold_signals":493,"risk_blocked_signals":0,"sell_signals":13,"stop_loss_exits":15,"take_profit_exits":1},"starting_equity":500,"total_return":0.1379891992485971,"trade_analysis":{"average_loss":-5.188157474007014,"average_trade_duration_days":6.369444444444444,"average_win":8.851800266274793,"expectancy":2.2998199874766168,"largest_loss":-7.968018578209396,"largest_win":18.165277864102165,"max_trade_duration_days":18.0,"median_trade_duration_days":6.020833333333334,"profit_factor":1.9498913076830076,"time_in_market_percent":0.23765352127273667,"total_trades":30,"win_rate":0.5333333333333333}}