{"capital_utilization":{"average_cash_percent":0.7050069324727004,"average_exposure_percent":0.29499306752729965,"average_leverage":0.29499306752729965,"average_position_value":205.5937351148373,"max_exposure_percent":0.4045792067237669},"closed_trades":38,"equity_curve":[],"final_equity":523.5891201576675,"max_drawdown":0.02721886502375433,"open_trades":0,"profit_factor":1.5543269517268716,"sharpe":0.6660244025185266,"signal_diagnostics":{"buy_signals":38,"duplicate_buy_skips":0,"flat_sell_skips":0,"hold_signals":477,"risk_blocked_signals":0,"sell_signals":0,"stop_loss_exits":36,"take_profit_exits":1},"starting_equity":500,"total_return":0.04717824031533491,"trade_analysis":{"average_loss":-2.364140281008181,"average_trade_duration_days":14.18421052631579,"average_win":3.30718226079074,"expectancy":0.6207663199386192,"largest_loss":-5.734806250578985,"largest_win":9.850794858641022,"max_trade_duration_days":50.0,"median_trade_duration_days":12.0,"profit_factor":1.5543269517268716,"time_in_market_percent":0.6703632689019019,"total_trades":38,"win_rate":0.5263157894736842}}