{"capital_utilization":{"average_cash_percent":0.8930154362536487,"average_exposure_percent":0.10698456374635139,"average_leverage":0.10698456374635139,"average_position_value":205.4792342109218,"max_exposure_percent":0.40615602925557975},"closed_trades":33,"equity_curve":[],"final_equity":547.7673035882684,"max_drawdown":0.025461370504256238,"open_trades":0,"profit_factor":1.8322834491545985,"sharpe":1.0984364974431204,"signal_diagnostics":{"buy_signals":33,"duplicate_buy_skips":0,"flat_sell_skips":0,"hold_signals":487,"risk_blocked_signals":0,"sell_signals":13,"stop_loss_exits":11,"take_profit_exits":9},"starting_equity":500,"total_return":0.09553460717653683,"trade_analysis":{"average_loss":-4.782755966610962,"average_trade_duration_days":5.151515151515151,"average_win":5.007636913695239,"expectancy":1.4474940481293472,"largest_loss":-7.954179585119821,"largest_win":11.727749335127022,"max_trade_duration_days":18.0,"median_trade_duration_days":4.0,"profit_factor":1.8322834491545985,"time_in_market_percent":0.2114318287816759,"total_trades":33,"win_rate":0.6363636363636364}}