{"capital_utilization":{"average_cash_percent":0.8687182636698001,"average_exposure_percent":0.13128173633019988,"average_leverage":0.13128173633019988,"average_position_value":214.20106562611565,"max_exposure_percent":0.40687287921512455},"closed_trades":35,"equity_curve":[],"final_equity":558.7238563659105,"max_drawdown":0.05563706026573521,"open_trades":0,"profit_factor":1.8073340682557342,"sharpe":1.0102407655746508,"signal_diagnostics":{"buy_signals":35,"duplicate_buy_skips":0,"flat_sell_skips":0,"hold_signals":484,"risk_blocked_signals":0,"sell_signals":14,"stop_loss_exits":11,"take_profit_exits":9},"starting_equity":500,"total_return":0.11744771273182097,"trade_analysis":{"average_loss":-5.195570624259754,"average_trade_duration_days":5.944047619047619,"average_win":6.260087862168911,"expectancy":1.6778244675974436,"largest_loss":-8.641485924499674,"largest_win":15.952047265696143,"max_trade_duration_days":20.0,"median_trade_duration_days":5.0,"profit_factor":1.8073340682557342,"time_in_market_percent":0.2587448826242421,"total_trades":35,"win_rate":0.6}}