{"capital_utilization":{"average_cash_percent":0.7772540483020315,"average_exposure_percent":0.2227459516979685,"average_leverage":0.2227459516979685,"average_position_value":215.0658530552222,"max_exposure_percent":0.40548849657907643},"closed_trades":36,"equity_curve":[],"final_equity":551.2340916043701,"max_drawdown":0.07189145653238803,"open_trades":0,"profit_factor":1.6479368605915266,"sharpe":0.9053275124034564,"signal_diagnostics":{"buy_signals":36,"duplicate_buy_skips":0,"flat_sell_skips":0,"hold_signals":480,"risk_blocked_signals":0,"sell_signals":5,"stop_loss_exits":28,"take_profit_exits":3},"starting_equity":500,"total_return":0.10246818320874018,"trade_analysis":{"average_loss":-4.392925600600142,"average_trade_duration_days":11.195601851851853,"average_win":7.239264023065145,"expectancy":1.4231692112325016,"largest_loss":-7.038092269074963,"largest_win":27.19657029518897,"max_trade_duration_days":47.0,"median_trade_duration_days":8.0,"profit_factor":1.6479368605915266,"time_in_market_percent":0.5012696274032233,"total_trades":36,"win_rate":0.5}}