{"capital_utilization":{"average_cash_percent":0.8315015704060539,"average_exposure_percent":0.1684984295939461,"average_leverage":0.1684984295939461,"average_position_value":200.23859781836816,"max_exposure_percent":0.40531301947691245},"closed_trades":10,"equity_curve":[],"final_equity":530.6211470427618,"max_drawdown":0.04122431993197106,"open_trades":0,"profit_factor":1.949165638363544,"sharpe":0.7585867356906879,"signal_diagnostics":{"buy_signals":10,"duplicate_buy_skips":0,"flat_sell_skips":0,"hold_signals":421,"risk_blocked_signals":0,"sell_signals":3,"stop_loss_exits":6,"take_profit_exits":0},"starting_equity":500,"total_return":0.06124229408552351,"trade_analysis":{"average_loss":-4.608731501363003,"average_trade_duration_days":25.7,"average_win":20.960755850767583,"expectancy":3.062114704276173,"largest_loss":-6.423976229155885,"largest_win":32.76467179775911,"max_trade_duration_days":97.0,"median_trade_duration_days":14.5,"profit_factor":1.949165638363544,"time_in_market_percent":0.4027950107751584,"total_trades":10,"win_rate":0.3}}