{"capital_utilization":{"average_cash_percent":0.758013881633979,"average_exposure_percent":0.24198611836602096,"average_leverage":0.24198611836602096,"average_position_value":201.47007542828356,"max_exposure_percent":0.4050260010598911},"closed_trades":33,"equity_curve":[],"final_equity":508.70140059938853,"max_drawdown":0.02877982387315544,"open_trades":0,"profit_factor":1.1817502983713228,"sharpe":0.26926086793512327,"signal_diagnostics":{"buy_signals":33,"duplicate_buy_skips":0,"flat_sell_skips":0,"hold_signals":487,"risk_blocked_signals":0,"sell_signals":0,"stop_loss_exits":31,"take_profit_exits":2},"starting_equity":500,"total_return":0.017402801198777018,"trade_analysis":{"average_loss":-2.17616263966212,"average_trade_duration_days":13.54419191919192,"average_win":5.14336169745047,"expectancy":0.2636788060420772,"largest_loss":-6.074207550967966,"largest_win":14.695611971864706,"max_trade_duration_days":36.0,"median_trade_duration_days":9.0,"profit_factor":1.1817502983713228,"time_in_market_percent":0.5558895165051563,"total_trades":33,"win_rate":0.3333333333333333}}