{"capital_utilization":{"average_cash_percent":0.7984331205994741,"average_exposure_percent":0.2015668794005258,"average_leverage":0.2015668794005258,"average_position_value":204.49021517009447,"max_exposure_percent":0.4051952812200723},"closed_trades":29,"equity_curve":[],"final_equity":540.440794576722,"max_drawdown":0.040392710985518325,"open_trades":0,"profit_factor":1.6270062753031271,"sharpe":0.6891816149127137,"signal_diagnostics":{"buy_signals":29,"duplicate_buy_skips":0,"flat_sell_skips":0,"hold_signals":494,"risk_blocked_signals":0,"sell_signals":2,"stop_loss_exits":27,"take_profit_exits":0},"starting_equity":500,"total_return":0.08088158915344401,"trade_analysis":{"average_loss":-4.031139337199101,"average_trade_duration_days":12.794540229885058,"average_win":8.072232613223663,"expectancy":1.3945101578180004,"largest_loss":-6.6090862991640975,"largest_win":21.598906465901635,"max_trade_duration_days":30.0,"median_trade_duration_days":9.0,"profit_factor":1.6270062753031271,"time_in_market_percent":0.4614706949266726,"total_trades":29,"win_rate":0.4482758620689655}}