{"capital_utilization":{"average_cash_percent":0.8985485966086457,"average_exposure_percent":0.10145140339135432,"average_leverage":0.10145140339135432,"average_position_value":211.47695437349765,"max_exposure_percent":0.40829106130635373},"closed_trades":15,"equity_curve":[],"final_equity":553.1087634454982,"max_drawdown":0.04633201786061255,"open_trades":0,"profit_factor":2.640507067941452,"sharpe":1.0262823769486262,"signal_diagnostics":{"buy_signals":15,"duplicate_buy_skips":0,"flat_sell_skips":0,"hold_signals":410,"risk_blocked_signals":0,"sell_signals":7,"stop_loss_exits":8,"take_profit_exits":0},"starting_equity":500,"total_return":0.1062175268909964,"trade_analysis":{"average_loss":-5.395563815129875,"average_trade_duration_days":9.2,"average_win":9.498016259586386,"expectancy":3.540584229699882,"largest_loss":-10.745863250316111,"largest_win":15.883697039728778,"max_trade_duration_days":17.0,"median_trade_duration_days":9.0,"profit_factor":2.640507067941452,"time_in_market_percent":0.21628681512440412,"total_trades":15,"win_rate":0.6}}