{"capital_utilization":{"average_cash_percent":0.8487156976732617,"average_exposure_percent":0.1512843023267383,"average_leverage":0.1512843023267383,"average_position_value":194.99734618548788,"max_exposure_percent":0.4182528356491202},"closed_trades":26,"equity_curve":[],"final_equity":533.7666967498884,"max_drawdown":0.1722663974820008,"open_trades":0,"profit_factor":1.1721381984315933,"sharpe":0.2971270755800128,"signal_diagnostics":{"buy_signals":26,"duplicate_buy_skips":0,"flat_sell_skips":0,"hold_signals":500,"risk_blocked_signals":0,"sell_signals":4,"stop_loss_exits":14,"take_profit_exits":8},"starting_equity":500,"total_return":0.06753339349977683,"trade_analysis":{"average_loss":-13.077359570216517,"average_trade_duration_days":10.4599358974359,"average_win":20.902462754830562,"expectancy":1.2987191057649383,"largest_loss":-21.468978440758033,"largest_win":33.047319442487954,"max_trade_duration_days":27.0,"median_trade_duration_days":7.5,"profit_factor":1.1721381984315933,"time_in_market_percent":0.33823910452401934,"total_trades":26,"win_rate":0.4230769230769231}}