{"capital_utilization":{"average_cash_percent":0.9157387691067507,"average_exposure_percent":0.0842612308932493,"average_leverage":0.0842612308932493,"average_position_value":208.06214737607277,"max_exposure_percent":0.40900179491893446},"closed_trades":17,"equity_curve":[],"final_equity":524.4392952096454,"max_drawdown":0.03428953753043433,"open_trades":0,"profit_factor":1.4604891371446378,"sharpe":0.5003920066728056,"signal_diagnostics":{"buy_signals":17,"duplicate_buy_skips":0,"flat_sell_skips":0,"hold_signals":519,"risk_blocked_signals":0,"sell_signals":5,"stop_loss_exits":10,"take_profit_exits":1},"starting_equity":500,"total_return":0.04887859041929077,"trade_analysis":{"average_loss":-7.581781209304792,"average_trade_duration_days":8.529411764705882,"average_win":7.751176367477887,"expectancy":1.4376056005673734,"largest_loss":-11.616061246381495,"largest_win":14.710782254665762,"max_trade_duration_days":18.0,"median_trade_duration_days":7.0,"profit_factor":1.4604891371446378,"time_in_market_percent":0.18033891278437064,"total_trades":17,"win_rate":0.5882352941176471}}