{"capital_utilization":{"average_cash_percent":0.9105838058941,"average_exposure_percent":0.08941619410589996,"average_leverage":0.08941619410589996,"average_position_value":201.73171663557613,"max_exposure_percent":0.40469785218642884},"closed_trades":23,"equity_curve":[],"final_equity":521.5752025541868,"max_drawdown":0.02697634678173312,"open_trades":0,"profit_factor":1.6291017560627998,"sharpe":0.7317111749870054,"signal_diagnostics":{"buy_signals":23,"duplicate_buy_skips":0,"flat_sell_skips":0,"hold_signals":508,"risk_blocked_signals":0,"sell_signals":2,"stop_loss_exits":11,"take_profit_exits":9},"starting_equity":500,"total_return":0.04315040510837376,"trade_analysis":{"average_loss":-2.8579375734611028,"average_trade_duration_days":6.434782608695652,"average_win":5.079132130520008,"expectancy":0.9380522849646458,"largest_loss":-5.6737082859226895,"largest_win":7.837465401676428,"max_trade_duration_days":21.0,"median_trade_duration_days":6.0,"profit_factor":1.6291017560627998,"time_in_market_percent":0.18407006270404727,"total_trades":23,"win_rate":0.4782608695652174}}