{"capital_utilization":{"average_cash_percent":0.8471939136424809,"average_exposure_percent":0.1528060863575192,"average_leverage":0.1528060863575192,"average_position_value":205.8867246342055,"max_exposure_percent":0.4063447753166998},"closed_trades":13,"equity_curve":[],"final_equity":532.1310437529047,"max_drawdown":0.04892997475065676,"open_trades":0,"profit_factor":1.845996126703888,"sharpe":0.663062582367304,"signal_diagnostics":{"buy_signals":13,"duplicate_buy_skips":0,"flat_sell_skips":0,"hold_signals":415,"risk_blocked_signals":0,"sell_signals":0,"stop_loss_exits":10,"take_profit_exits":2},"starting_equity":500,"total_return":0.0642620875058093,"trade_analysis":{"average_loss":-4.747516380200742,"average_trade_duration_days":17.772435897435898,"average_win":14.022234958902132,"expectancy":2.4716187502234415,"largest_loss":-7.966461961851609,"largest_win":29.4206935260182,"max_trade_duration_days":49.0,"median_trade_duration_days":15.0,"profit_factor":1.845996126703888,"time_in_market_percent":0.362110624959185,"total_trades":13,"win_rate":0.38461538461538464}}