{"capital_utilization":{"average_cash_percent":0.80400191502367,"average_exposure_percent":0.19599808497633,"average_leverage":0.19599808497633,"average_position_value":210.5587134214838,"max_exposure_percent":0.40551427347828606},"closed_trades":29,"equity_curve":[],"final_equity":538.5338490663684,"max_drawdown":0.07216833217345779,"open_trades":0,"profit_factor":1.6337197806300163,"sharpe":0.7306842059121018,"signal_diagnostics":{"buy_signals":29,"duplicate_buy_skips":0,"flat_sell_skips":0,"hold_signals":494,"risk_blocked_signals":0,"sell_signals":3,"stop_loss_exits":25,"take_profit_exits":1},"starting_equity":500,"total_return":0.07706769813273673,"trade_analysis":{"average_loss":-4.0537211392349395,"average_trade_duration_days":12.208333333333332,"average_win":7.095690439635177,"expectancy":1.3287534160816685,"largest_loss":-6.829706844189353,"largest_win":20.63609608489911,"max_trade_duration_days":47.0,"median_trade_duration_days":8.0,"profit_factor":1.6337197806300163,"time_in_market_percent":0.4403275120485049,"total_trades":29,"win_rate":0.4827586206896552}}