{"capital_utilization":{"average_cash_percent":0.8649108724720366,"average_exposure_percent":0.13508912752796345,"average_leverage":0.13508912752796345,"average_position_value":202.78532143033317,"max_exposure_percent":0.4056225808061604},"closed_trades":16,"equity_curve":[],"final_equity":522.7331713965053,"max_drawdown":0.03179562305506779,"open_trades":0,"profit_factor":1.8061055617539665,"sharpe":0.7781360851254066,"signal_diagnostics":{"buy_signals":16,"duplicate_buy_skips":0,"flat_sell_skips":0,"hold_signals":409,"risk_blocked_signals":0,"sell_signals":2,"stop_loss_exits":11,"take_profit_exits":2},"starting_equity":500,"total_return":0.04546634279301065,"trade_analysis":{"average_loss":-3.133470419741341,"average_trade_duration_days":12.125,"average_win":7.276343596311051,"expectancy":1.4208232122815805,"largest_loss":-6.8006614957891385,"largest_win":14.079644296463346,"max_trade_duration_days":32.0,"median_trade_duration_days":9.5,"profit_factor":1.8061055617539665,"time_in_market_percent":0.3040553777835826,"total_trades":16,"win_rate":0.4375}}