{"capital_utilization":{"average_cash_percent":0.8333210912991093,"average_exposure_percent":0.16667890870089072,"average_leverage":0.16667890870089072,"average_position_value":200.71877250449344,"max_exposure_percent":0.4135342753158344},"closed_trades":26,"equity_curve":[],"final_equity":529.0521428324687,"max_drawdown":0.1899728684247852,"open_trades":0,"profit_factor":1.162498497500935,"sharpe":0.25746844969370775,"signal_diagnostics":{"buy_signals":26,"duplicate_buy_skips":0,"flat_sell_skips":0,"hold_signals":500,"risk_blocked_signals":0,"sell_signals":0,"stop_loss_exits":26,"take_profit_exits":0},"starting_equity":500,"total_return":0.058104285664937416,"trade_analysis":{"average_loss":-9.409687920766796,"average_trade_duration_days":11.733974358974361,"average_win":29.690887618148263,"expectancy":1.1173901089411045,"largest_loss":-17.21498128753662,"largest_win":78.87524676030516,"max_trade_duration_days":33.0,"median_trade_duration_days":9.5,"profit_factor":1.162498497500935,"time_in_market_percent":0.37943721822044885,"total_trades":26,"win_rate":0.2692307692307692}}