{"capital_utilization":{"average_cash_percent":0.8610463173850754,"average_exposure_percent":0.13895368261492455,"average_leverage":0.13895368261492455,"average_position_value":203.2473268823217,"max_exposure_percent":0.4171630076436926},"closed_trades":28,"equity_curve":[],"final_equity":601.403677657704,"max_drawdown":0.13110470372569277,"open_trades":0,"profit_factor":1.6126541937554586,"sharpe":0.7591367664572688,"signal_diagnostics":{"buy_signals":28,"duplicate_buy_skips":0,"flat_sell_skips":0,"hold_signals":496,"risk_blocked_signals":0,"sell_signals":3,"stop_loss_exits":15,"take_profit_exits":10},"starting_equity":500,"total_return":0.20280735531540794,"trade_analysis":{"average_loss":-11.034357139940875,"average_trade_duration_days":8.569940476190476,"average_win":20.532233442832084,"expectancy":3.621559916346571,"largest_loss":-21.019778844213825,"largest_win":37.23725314985328,"max_trade_duration_days":20.0,"median_trade_duration_days":6.979166666666666,"profit_factor":1.6126541937554586,"time_in_market_percent":0.29844017204746853,"total_trades":28,"win_rate":0.4642857142857143}}