{"capital_utilization":{"average_cash_percent":0.9603533617912124,"average_exposure_percent":0.03964663820878751,"average_leverage":0.03964663820878751,"average_position_value":205.03450929046434,"max_exposure_percent":0.40613834943638005},"closed_trades":10,"equity_curve":[],"final_equity":537.2985131341896,"max_drawdown":0.023857310460030406,"open_trades":0,"profit_factor":3.065211697423203,"sharpe":1.264695515998617,"signal_diagnostics":{"buy_signals":10,"duplicate_buy_skips":0,"flat_sell_skips":0,"hold_signals":533,"risk_blocked_signals":0,"sell_signals":1,"stop_loss_exits":3,"take_profit_exits":6},"starting_equity":500,"total_return":0.07459702626837927,"trade_analysis":{"average_loss":-6.020127489549473,"average_trade_duration_days":6.8,"average_win":7.908413657548297,"expectancy":3.7298513134189655,"largest_loss":-7.946790924822713,"largest_win":11.733513379772958,"max_trade_duration_days":11.0,"median_trade_duration_days":6.5,"profit_factor":3.065211697423203,"time_in_market_percent":0.08457273151267036,"total_trades":10,"win_rate":0.7}}