{"capital_utilization":{"average_cash_percent":0.7191480487235726,"average_exposure_percent":0.2808519512764273,"average_leverage":0.2808519512764273,"average_position_value":203.3027434936881,"max_exposure_percent":0.40458660713133904},"closed_trades":39,"equity_curve":[],"final_equity":506.86690291921553,"max_drawdown":0.039261910406120766,"open_trades":0,"profit_factor":1.1462599776092746,"sharpe":0.21770043417588458,"signal_diagnostics":{"buy_signals":39,"duplicate_buy_skips":0,"flat_sell_skips":0,"hold_signals":475,"risk_blocked_signals":0,"sell_signals":2,"stop_loss_exits":35,"take_profit_exits":1},"starting_equity":500,"total_return":0.01373380583843109,"trade_analysis":{"average_loss":-2.2357132993623936,"average_trade_duration_days":13.051282051282051,"average_win":2.9898267892125436,"expectancy":0.17607443382603932,"largest_loss":-5.606653493599961,"largest_win":9.885125956213104,"max_trade_duration_days":50.0,"median_trade_duration_days":10.0,"profit_factor":1.1462599776092746,"time_in_market_percent":0.6330517697051355,"total_trades":39,"win_rate":0.46153846153846156}}