{"capital_utilization":{"average_cash_percent":0.8837114196888498,"average_exposure_percent":0.11628858031115022,"average_leverage":0.11628858031115022,"average_position_value":188.58486663463043,"max_exposure_percent":0.4073356447216809},"closed_trades":24,"equity_curve":[],"final_equity":460.43254566619606,"max_drawdown":0.1146876040756371,"open_trades":0,"profit_factor":0.45694545601105496,"sharpe":-0.9724694819343883,"signal_diagnostics":{"buy_signals":24,"duplicate_buy_skips":0,"flat_sell_skips":0,"hold_signals":392,"risk_blocked_signals":0,"sell_signals":3,"stop_loss_exits":20,"take_profit_exits":1},"starting_equity":500,"total_return":-0.07913490866760786,"trade_analysis":{"average_loss":-3.834785326017617,"average_trade_duration_days":5.998263888888888,"average_win":6.658693372106164,"expectancy":-1.6486439305751632,"largest_loss":-8.62673595064911,"largest_win":10.22186435068611,"max_trade_duration_days":21.0,"median_trade_duration_days":5.0,"profit_factor":0.45694545601105496,"time_in_market_percent":0.22562528570495655,"total_trades":24,"win_rate":0.20833333333333334}}