{"capital_utilization":{"average_cash_percent":0.7949077236245471,"average_exposure_percent":0.2050922763754529,"average_leverage":0.2050922763754529,"average_position_value":203.81591070438805,"max_exposure_percent":0.4075254739006812},"closed_trades":33,"equity_curve":[],"final_equity":506.7056763482203,"max_drawdown":0.059328803335982117,"open_trades":0,"profit_factor":1.0785192382224922,"sharpe":0.13547991431171738,"signal_diagnostics":{"buy_signals":33,"duplicate_buy_skips":0,"flat_sell_skips":0,"hold_signals":487,"risk_blocked_signals":0,"sell_signals":0,"stop_loss_exits":32,"take_profit_exits":1},"starting_equity":500,"total_return":0.01341135269644056,"trade_analysis":{"average_loss":-5.023629352816629,"average_trade_duration_days":11.243686868686867,"average_win":5.756710959131438,"expectancy":0.20320231358243382,"largest_loss":-9.184355183654977,"largest_win":20.360229110712613,"max_trade_duration_days":33.0,"median_trade_duration_days":10.0,"profit_factor":1.0785192382224922,"time_in_market_percent":0.46147069492667253,"total_trades":33,"win_rate":0.48484848484848486}}