{"capital_utilization":{"average_cash_percent":0.9246351084500668,"average_exposure_percent":0.07536489154993317,"average_leverage":0.07536489154993317,"average_position_value":206.8885809714824,"max_exposure_percent":0.406511985428989},"closed_trades":12,"equity_curve":[],"final_equity":536.752897108038,"max_drawdown":0.03930612641261091,"open_trades":0,"profit_factor":2.209433659055351,"sharpe":0.9032737195832162,"signal_diagnostics":{"buy_signals":12,"duplicate_buy_skips":0,"flat_sell_skips":0,"hold_signals":416,"risk_blocked_signals":0,"sell_signals":3,"stop_loss_exits":4,"take_profit_exits":5},"starting_equity":500,"total_return":0.07350579421607617,"trade_analysis":{"average_loss":-7.597129621963829,"average_trade_duration_days":8.246527777777777,"average_win":8.392676949486669,"expectancy":3.0627414256698366,"largest_loss":-8.244111315880623,"largest_win":12.856766048679066,"max_trade_duration_days":16.0,"median_trade_duration_days":8.5,"profit_factor":2.209433659055351,"time_in_market_percent":0.15509697642525958,"total_trades":12,"win_rate":0.6666666666666666}}