{"capital_utilization":{"average_cash_percent":0.9790705273121204,"average_exposure_percent":0.02092947268787958,"average_leverage":0.02092947268787958,"average_position_value":197.66404459266974,"max_exposure_percent":0.41275583677588035},"closed_trades":3,"equity_curve":[],"final_equity":485.7881951069651,"max_drawdown":0.06194972635791964,"open_trades":0,"profit_factor":0.0,"sharpe":-0.36705410147773365,"signal_diagnostics":{"buy_signals":3,"duplicate_buy_skips":0,"flat_sell_skips":0,"hold_signals":434,"risk_blocked_signals":0,"sell_signals":1,"stop_loss_exits":2,"take_profit_exits":0},"starting_equity":500,"total_return":-0.028423609786069837,"trade_analysis":{"average_loss":-4.737268297678307,"average_trade_duration_days":10.333333333333334,"average_win":0,"expectancy":-4.737268297678307,"largest_loss":-9.982265702077822,"largest_win":0,"max_trade_duration_days":14.0,"median_trade_duration_days":11.0,"profit_factor":0.0,"time_in_market_percent":0.04858616861490237,"total_trades":3,"win_rate":0.0}}