{"capital_utilization":{"average_cash_percent":0.8077757344704393,"average_exposure_percent":0.19222426552956073,"average_leverage":0.19222426552956073,"average_position_value":189.4450388314198,"max_exposure_percent":0.409153449959333},"closed_trades":31,"equity_curve":[],"final_equity":498.7619237184892,"max_drawdown":0.10834053499755351,"open_trades":0,"profit_factor":0.9867732571095245,"sharpe":0.01729571554572739,"signal_diagnostics":{"buy_signals":31,"duplicate_buy_skips":0,"flat_sell_skips":0,"hold_signals":378,"risk_blocked_signals":0,"sell_signals":8,"stop_loss_exits":22,"take_profit_exits":1},"starting_equity":500,"total_return":-0.002476152563021583,"trade_analysis":{"average_loss":-5.506118714374104,"average_trade_duration_days":8.290322580645162,"average_win":6.597567275917778,"expectancy":-0.0399379445648652,"largest_loss":-10.453897151503025,"largest_win":13.719247083716143,"max_trade_duration_days":21.0,"median_trade_duration_days":7.0,"profit_factor":0.9867732571095245,"time_in_market_percent":0.4027950107751584,"total_trades":31,"win_rate":0.45161290322580644}}