{"capital_utilization":{"average_cash_percent":0.9230849517014165,"average_exposure_percent":0.07691504829858352,"average_leverage":0.07691504829858352,"average_position_value":199.6627657814397,"max_exposure_percent":0.4118597302461745},"closed_trades":10,"equity_curve":[],"final_equity":519.9683076394772,"max_drawdown":0.09207703496978634,"open_trades":0,"profit_factor":1.3586574625470553,"sharpe":0.3203103631705659,"signal_diagnostics":{"buy_signals":10,"duplicate_buy_skips":0,"flat_sell_skips":0,"hold_signals":420,"risk_blocked_signals":0,"sell_signals":0,"stop_loss_exits":9,"take_profit_exits":1},"starting_equity":500,"total_return":0.039936615278954424,"trade_analysis":{"average_loss":-7.953592703215867,"average_trade_duration_days":11.2,"average_win":25.214485520662773,"expectancy":1.9968307639477239,"largest_loss":-14.174215156239756,"largest_win":43.32459912028604,"max_trade_duration_days":23.0,"median_trade_duration_days":10.0,"profit_factor":1.3586574625470553,"time_in_market_percent":0.17553712531835697,"total_trades":10,"win_rate":0.3}}