{"capital_utilization":{"average_cash_percent":0.7861021722857293,"average_exposure_percent":0.2138978277142707,"average_leverage":0.2138978277142707,"average_position_value":217.30981509047749,"max_exposure_percent":0.4065154201118269},"closed_trades":21,"equity_curve":[],"final_equity":572.8026987985806,"max_drawdown":0.05347112820957192,"open_trades":0,"profit_factor":2.344500412700724,"sharpe":1.1467541764381826,"signal_diagnostics":{"buy_signals":21,"duplicate_buy_skips":0,"flat_sell_skips":0,"hold_signals":512,"risk_blocked_signals":0,"sell_signals":5,"stop_loss_exits":11,"take_profit_exits":4},"starting_equity":500,"total_return":0.1456053975971614,"trade_analysis":{"average_loss":-5.414851353770918,"average_trade_duration_days":19.0,"average_win":11.541019303299082,"expectancy":3.466795180884795,"largest_loss":-8.687873816716982,"largest_win":26.93203338851342,"max_trade_duration_days":51.0,"median_trade_duration_days":12.0,"profit_factor":2.344500412700724,"time_in_market_percent":0.4962429393169923,"total_trades":21,"win_rate":0.5238095238095238}}