{"capital_utilization":{"average_cash_percent":0.9639372885278332,"average_exposure_percent":0.036062711472166775,"average_leverage":0.036062711472166775,"average_position_value":205.49407067596522,"max_exposure_percent":0.40456132755636376},"closed_trades":5,"equity_curve":[],"final_equity":507.8162770889961,"max_drawdown":0.03530228246843624,"open_trades":0,"profit_factor":1.4796887702889605,"sharpe":0.2889213840690097,"signal_diagnostics":{"buy_signals":5,"duplicate_buy_skips":0,"flat_sell_skips":0,"hold_signals":543,"risk_blocked_signals":0,"sell_signals":0,"stop_loss_exits":3,"take_profit_exits":2},"starting_equity":500,"total_return":0.015632554177992253,"trade_analysis":{"average_loss":-5.4314919541738576,"average_trade_duration_days":12.991666666666665,"average_win":12.055376475758848,"expectancy":1.5632554177992248,"largest_loss":-5.7674130015795635,"largest_win":12.809682681018005,"max_trade_duration_days":22.0,"median_trade_duration_days":14.0,"profit_factor":1.4796887702889605,"time_in_market_percent":0.08078976006633155,"total_trades":5,"win_rate":0.4}}