{"capital_utilization":{"average_cash_percent":0.9560050339294732,"average_exposure_percent":0.04399496607052677,"average_leverage":0.04399496607052677,"average_position_value":208.90332144786353,"max_exposure_percent":0.40593176863340835},"closed_trades":9,"equity_curve":[],"final_equity":523.5801481968062,"max_drawdown":0.030725013927228692,"open_trades":0,"profit_factor":2.5959676572168138,"sharpe":0.897878452922331,"signal_diagnostics":{"buy_signals":9,"duplicate_buy_skips":0,"flat_sell_skips":0,"hold_signals":534,"risk_blocked_signals":0,"sell_signals":1,"stop_loss_exits":6,"take_profit_exits":2},"starting_equity":500,"total_return":0.04716029639361241,"trade_analysis":{"average_loss":-2.9549656711624515,"average_trade_duration_days":8.0,"average_win":9.588744138154624,"expectancy":2.620016466311804,"largest_loss":-7.615207607651768,"largest_win":16.15130168212912,"max_trade_duration_days":20.0,"median_trade_duration_days":4.0,"profit_factor":2.5959676572168138,"time_in_market_percent":0.0895475980722392,"total_trades":9,"win_rate":0.4444444444444444}}