{"capital_utilization":{"average_cash_percent":0.8389127628523534,"average_exposure_percent":0.1610872371476466,"average_leverage":0.1610872371476466,"average_position_value":196.47552042158475,"max_exposure_percent":0.4182927300341842},"closed_trades":24,"equity_curve":[],"final_equity":580.2617016143058,"max_drawdown":0.1723036783081869,"open_trades":0,"profit_factor":1.4092489449200214,"sharpe":0.5340203809817662,"signal_diagnostics":{"buy_signals":24,"duplicate_buy_skips":0,"flat_sell_skips":0,"hold_signals":504,"risk_blocked_signals":0,"sell_signals":6,"stop_loss_exits":15,"take_profit_exits":3},"starting_equity":500,"total_return":0.16052340322861158,"trade_analysis":{"average_loss":-13.074633848270711,"average_trade_duration_days":12.416666666666666,"average_win":30.709023259818498,"expectancy":3.344237567262743,"largest_loss":-21.291061456495342,"largest_win":47.71993352099494,"max_trade_duration_days":27.0,"median_trade_duration_days":12.5,"profit_factor":1.4092489449200214,"time_in_market_percent":0.37062755868787894,"total_trades":24,"win_rate":0.375}}