{"capital_utilization":{"average_cash_percent":0.8026371673287764,"average_exposure_percent":0.19736283267122362,"average_leverage":0.19736283267122362,"average_position_value":204.6721025049715,"max_exposure_percent":0.40653980067765194},"closed_trades":17,"equity_curve":[],"final_equity":539.4699884584595,"max_drawdown":0.04322405928853758,"open_trades":0,"profit_factor":2.039804050953828,"sharpe":0.6753538571643998,"signal_diagnostics":{"buy_signals":17,"duplicate_buy_skips":0,"flat_sell_skips":0,"hold_signals":518,"risk_blocked_signals":0,"sell_signals":5,"stop_loss_exits":12,"take_profit_exits":0},"starting_equity":500,"total_return":0.07893997691691901,"trade_analysis":{"average_loss":-4.744882992888545,"average_trade_duration_days":21.943627450980394,"average_win":8.603228044618646,"expectancy":2.321764026968204,"largest_loss":-8.040194696267701,"largest_win":16.53891470479162,"max_trade_duration_days":52.041666666666664,"median_trade_duration_days":21.0,"profit_factor":2.039804050953828,"time_in_market_percent":0.463958128206457,"total_trades":17,"win_rate":0.5294117647058824}}