{"capital_utilization":{"average_cash_percent":0.7244919007585041,"average_exposure_percent":0.2755080992414959,"average_leverage":0.2755080992414959,"average_position_value":214.0801790170213,"max_exposure_percent":0.4058160701631225},"closed_trades":39,"equity_curve":[],"final_equity":553.9157113261483,"max_drawdown":0.04067677302160855,"open_trades":0,"profit_factor":1.8643973803254792,"sharpe":0.9188026225178306,"signal_diagnostics":{"buy_signals":39,"duplicate_buy_skips":0,"flat_sell_skips":0,"hold_signals":475,"risk_blocked_signals":0,"sell_signals":2,"stop_loss_exits":37,"take_profit_exits":0},"starting_equity":500,"total_return":0.10783142265229673,"trade_analysis":{"average_loss":-2.9701788592741347,"average_trade_duration_days":13.0758547008547,"average_win":6.460525965050286,"expectancy":1.382454136567906,"largest_loss":-7.36357966519844,"largest_win":13.63436150161022,"max_trade_duration_days":42.0,"median_trade_duration_days":10.0,"profit_factor":1.8643973803254792,"time_in_market_percent":0.6342436648183656,"total_trades":39,"win_rate":0.46153846153846156}}