{"capital_utilization":{"average_cash_percent":0.943049933472835,"average_exposure_percent":0.056950066527165014,"average_leverage":0.056950066527165014,"average_position_value":205.10205528011232,"max_exposure_percent":0.4024364591391046},"closed_trades":9,"equity_curve":[],"final_equity":541.83478123211,"max_drawdown":0.013372984932261672,"open_trades":0,"profit_factor":8.866383244479362,"sharpe":1.566401385468948,"signal_diagnostics":{"buy_signals":9,"duplicate_buy_skips":0,"flat_sell_skips":0,"hold_signals":535,"risk_blocked_signals":0,"sell_signals":6,"stop_loss_exits":2,"take_profit_exits":1},"starting_equity":500,"total_return":0.08366956246422008,"trade_analysis":{"average_loss":-2.6590861347538426,"average_trade_duration_days":11.328703703703704,"average_win":6.736136214516818,"expectancy":4.648309025790004,"largest_loss":-2.988377645990416,"largest_win":11.472783892052266,"max_trade_duration_days":20.0,"median_trade_duration_days":10.958333333333334,"profit_factor":8.866383244479362,"time_in_market_percent":0.12680727574234338,"total_trades":9,"win_rate":0.7777777777777778}}