{"capital_utilization":{"average_cash_percent":0.7489237724148504,"average_exposure_percent":0.2510762275851496,"average_leverage":0.2510762275851496,"average_position_value":207.83793196332584,"max_exposure_percent":0.40395154086227825},"closed_trades":40,"equity_curve":[],"final_equity":516.1278589713025,"max_drawdown":0.042208759028534694,"open_trades":0,"profit_factor":1.2138188188546717,"sharpe":0.3305309662068562,"signal_diagnostics":{"buy_signals":40,"duplicate_buy_skips":0,"flat_sell_skips":0,"hold_signals":473,"risk_blocked_signals":0,"sell_signals":1,"stop_loss_exits":36,"take_profit_exits":3},"starting_equity":500,"total_return":0.03225571794260507,"trade_analysis":{"average_loss":-3.0171074852423243,"average_trade_duration_days":11.623958333333333,"average_win":6.103703073490712,"expectancy":0.4031964742825645,"largest_loss":-4.903638068479458,"largest_win":14.086199340863114,"max_trade_duration_days":40.0,"median_trade_duration_days":9.5,"profit_factor":1.2138188188546717,"time_in_market_percent":0.578276416023216,"total_trades":40,"win_rate":0.375}}