{"capital_utilization":{"average_cash_percent":0.8843274283766371,"average_exposure_percent":0.11567257162336288,"average_leverage":0.11567257162336288,"average_position_value":199.51889391286727,"max_exposure_percent":0.41122909550966874},"closed_trades":19,"equity_curve":[],"final_equity":530.6643132150454,"max_drawdown":0.052924645849134075,"open_trades":0,"profit_factor":1.4969352858483562,"sharpe":0.545076901575691,"signal_diagnostics":{"buy_signals":19,"duplicate_buy_skips":0,"flat_sell_skips":0,"hold_signals":515,"risk_blocked_signals":0,"sell_signals":11,"stop_loss_exits":7,"take_profit_exits":1},"starting_equity":500,"total_return":0.06132862643009074,"trade_analysis":{"average_loss":-8.815264881219724,"average_trade_duration_days":11.107456140350878,"average_win":7.6975972819652805,"expectancy":1.6139112218444904,"largest_loss":-13.332447322121505,"largest_win":16.38269914257138,"max_trade_duration_days":20.0,"median_trade_duration_days":10.0,"profit_factor":1.4969352858483562,"time_in_market_percent":0.26247603254391877,"total_trades":19,"win_rate":0.631578947368421}}