{"capital_utilization":{"average_cash_percent":0.9084527453876188,"average_exposure_percent":0.09154725461238117,"average_leverage":0.09154725461238117,"average_position_value":208.67123069734518,"max_exposure_percent":0.40914923617349425},"closed_trades":18,"equity_curve":[],"final_equity":536.2969734574208,"max_drawdown":0.055481418043325646,"open_trades":0,"profit_factor":1.7052222282763771,"sharpe":0.7339973061481676,"signal_diagnostics":{"buy_signals":18,"duplicate_buy_skips":0,"flat_sell_skips":0,"hold_signals":518,"risk_blocked_signals":0,"sell_signals":10,"stop_loss_exits":6,"take_profit_exits":1},"starting_equity":500,"total_return":0.07259394691484156,"trade_analysis":{"average_loss":-6.4336056072235595,"average_trade_duration_days":8.664351851851853,"average_win":8.776581831520922,"expectancy":2.0164985254122643,"largest_loss":-11.051785390259287,"largest_win":17.0296999587335,"max_trade_duration_days":19.0,"median_trade_duration_days":7.5,"profit_factor":1.7052222282763771,"time_in_market_percent":0.1939679742965228,"total_trades":18,"win_rate":0.5555555555555556}}