{"capital_utilization":{"average_cash_percent":0.8086924866762983,"average_exposure_percent":0.19130751332370163,"average_leverage":0.19130751332370163,"average_position_value":186.54079597344415,"max_exposure_percent":0.40940187180989945},"closed_trades":29,"equity_curve":[],"final_equity":491.11507896208684,"max_drawdown":0.13584455000353127,"open_trades":0,"profit_factor":0.9130054404414744,"sharpe":-0.07256107767511778,"signal_diagnostics":{"buy_signals":29,"duplicate_buy_skips":0,"flat_sell_skips":0,"hold_signals":383,"risk_blocked_signals":0,"sell_signals":6,"stop_loss_exits":21,"take_profit_exits":1},"starting_equity":500,"total_return":-0.017769842075826325,"trade_analysis":{"average_loss":-6.007759757014264,"average_trade_duration_days":8.966954022988507,"average_win":7.770582902610779,"expectancy":-0.306376587514246,"largest_loss":-10.594602922369111,"largest_win":15.785614169965244,"max_trade_duration_days":23.0,"median_trade_duration_days":8.0,"profit_factor":0.9130054404414744,"time_in_market_percent":0.40756220205054533,"total_trades":29,"win_rate":0.41379310344827586}}