{"capital_utilization":{"average_cash_percent":0.7254298468456095,"average_exposure_percent":0.2745701531543905,"average_leverage":0.2745701531543905,"average_position_value":205.69603943000638,"max_exposure_percent":0.4056654421219496},"closed_trades":40,"equity_curve":[],"final_equity":504.3687608781933,"max_drawdown":0.06805114150971081,"open_trades":0,"profit_factor":1.0583380466419503,"sharpe":0.11220776074207271,"signal_diagnostics":{"buy_signals":40,"duplicate_buy_skips":0,"flat_sell_skips":0,"hold_signals":472,"risk_blocked_signals":0,"sell_signals":2,"stop_loss_exits":38,"take_profit_exits":0},"starting_equity":500,"total_return":0.008737521756386535,"trade_analysis":{"average_loss":-3.566047275661166,"average_trade_duration_days":12.525,"average_win":4.171355456161991,"expectancy":0.10921902195483338,"largest_loss":-7.040283632479106,"largest_win":11.229491731865847,"max_trade_duration_days":37.0,"median_trade_duration_days":12.0,"profit_factor":1.0583380466419503,"time_in_market_percent":0.6231020365859978,"total_trades":40,"win_rate":0.475}}