{"capital_utilization":{"average_cash_percent":0.8844001841355054,"average_exposure_percent":0.11559981586449466,"average_leverage":0.11559981586449466,"average_position_value":200.34656521667054,"max_exposure_percent":0.40839610507384644},"closed_trades":28,"equity_curve":[],"final_equity":523.9752559962086,"max_drawdown":0.05709250544625447,"open_trades":0,"profit_factor":1.2746755414169824,"sharpe":0.4660301734109178,"signal_diagnostics":{"buy_signals":28,"duplicate_buy_skips":0,"flat_sell_skips":0,"hold_signals":497,"risk_blocked_signals":0,"sell_signals":2,"stop_loss_exits":14,"take_profit_exits":12},"starting_equity":500,"total_return":0.04795051199241729,"trade_analysis":{"average_loss":-6.234695221165359,"average_trade_duration_days":6.964285714285714,"average_win":7.9472135066088265,"expectancy":0.8562591427217339,"largest_loss":-9.996577228041993,"largest_win":13.53414865228727,"max_trade_duration_days":19.041666666666668,"median_trade_duration_days":6.0,"profit_factor":1.2746755414169824,"time_in_market_percent":0.2425247447789812,"total_trades":28,"win_rate":0.5}}