{"capital_utilization":{"average_cash_percent":0.7962135909773748,"average_exposure_percent":0.20378640902262526,"average_leverage":0.20378640902262526,"average_position_value":204.73825000940408,"max_exposure_percent":0.40653980067765194},"closed_trades":17,"equity_curve":[],"final_equity":541.8461598495787,"max_drawdown":0.04322405928853758,"open_trades":0,"profit_factor":2.1907788379297144,"sharpe":0.7042426103588574,"signal_diagnostics":{"buy_signals":17,"duplicate_buy_skips":0,"flat_sell_skips":0,"hold_signals":518,"risk_blocked_signals":0,"sell_signals":5,"stop_loss_exits":12,"take_profit_exits":0},"starting_equity":500,"total_return":0.08369231969915747,"trade_analysis":{"average_loss":-4.392730047412959,"average_trade_duration_days":22.590686274509807,"average_win":8.554222247653602,"expectancy":2.461538814681102,"largest_loss":-8.040194696267701,"largest_win":16.521857099421524,"max_trade_duration_days":52.041666666666664,"median_trade_duration_days":22.0,"profit_factor":2.1907788379297144,"time_in_market_percent":0.4776390112452713,"total_trades":17,"win_rate":0.5294117647058824}}