{"capital_utilization":{"average_cash_percent":0.7036379936679741,"average_exposure_percent":0.2963620063320259,"average_leverage":0.2963620063320259,"average_position_value":217.59920848307863,"max_exposure_percent":0.40435915586106935},"closed_trades":24,"equity_curve":[],"final_equity":554.6720282525032,"max_drawdown":0.036227686061776045,"open_trades":0,"profit_factor":2.54182414434316,"sharpe":0.9419680931551613,"signal_diagnostics":{"buy_signals":24,"duplicate_buy_skips":0,"flat_sell_skips":0,"hold_signals":505,"risk_blocked_signals":0,"sell_signals":1,"stop_loss_exits":22,"take_profit_exits":0},"starting_equity":500,"total_return":0.10934405650500634,"trade_analysis":{"average_loss":-2.9549429298347043,"average_trade_duration_days":23.625,"average_win":7.510945284209968,"expectancy":2.278001177187632,"largest_loss":-5.81914362421565,"largest_win":17.099697563280827,"max_trade_duration_days":79.0,"median_trade_duration_days":18.0,"profit_factor":2.54182414434316,"time_in_market_percent":0.7051873348188838,"total_trades":24,"win_rate":0.5}}