{"capital_utilization":{"average_cash_percent":0.7276113872754177,"average_exposure_percent":0.2723886127245823,"average_leverage":0.2723886127245823,"average_position_value":208.58662862297976,"max_exposure_percent":0.40567122564200353},"closed_trades":26,"equity_curve":[],"final_equity":526.1484088956362,"max_drawdown":0.06323870572301672,"open_trades":0,"profit_factor":1.5182865119184121,"sharpe":0.5220603991411643,"signal_diagnostics":{"buy_signals":26,"duplicate_buy_skips":0,"flat_sell_skips":0,"hold_signals":500,"risk_blocked_signals":0,"sell_signals":5,"stop_loss_exits":18,"take_profit_exits":3},"starting_equity":500,"total_return":0.052296817791272376,"trade_analysis":{"average_loss":-3.363443229993789,"average_trade_duration_days":19.846153846153847,"average_win":6.963641576867546,"expectancy":1.005708034447544,"largest_loss":-7.112075899142518,"largest_win":21.513803168084497,"max_trade_duration_days":78.0,"median_trade_duration_days":15.0,"profit_factor":1.5182865119184121,"time_in_market_percent":0.6417577861843811,"total_trades":26,"win_rate":0.4230769230769231}}