{"capital_utilization":{"average_cash_percent":0.9465292501810809,"average_exposure_percent":0.05347074981891909,"average_leverage":0.05347074981891909,"average_position_value":205.65205244906986,"max_exposure_percent":0.4059664289288788},"closed_trades":15,"equity_curve":[],"final_equity":514.9073999311283,"max_drawdown":0.05000040959629399,"open_trades":0,"profit_factor":1.3880266445020113,"sharpe":0.42755770713644464,"signal_diagnostics":{"buy_signals":15,"duplicate_buy_skips":0,"flat_sell_skips":0,"hold_signals":522,"risk_blocked_signals":0,"sell_signals":2,"stop_loss_exits":8,"take_profit_exits":5},"starting_equity":500,"total_return":0.029814799862256658,"trade_analysis":{"average_loss":-5.488356513050535,"average_trade_duration_days":5.133333333333334,"average_win":6.665736940310257,"expectancy":0.993826662075221,"largest_loss":-7.522492668426799,"largest_win":11.658506693950287,"max_trade_duration_days":18.0,"median_trade_duration_days":4.0,"profit_factor":1.3880266445020113,"time_in_market_percent":0.09576618127170027,"total_trades":15,"win_rate":0.5333333333333333}}