{"capital_utilization":{"average_cash_percent":0.9045735211290751,"average_exposure_percent":0.0954264788709249,"average_leverage":0.0954264788709249,"average_position_value":205.90281078319347,"max_exposure_percent":0.4079308764801643},"closed_trades":18,"equity_curve":[],"final_equity":554.6359352850596,"max_drawdown":0.03477306341158333,"open_trades":0,"profit_factor":2.037114389704118,"sharpe":1.1434082768790612,"signal_diagnostics":{"buy_signals":18,"duplicate_buy_skips":0,"flat_sell_skips":0,"hold_signals":517,"risk_blocked_signals":0,"sell_signals":6,"stop_loss_exits":11,"take_profit_exits":1},"starting_equity":500,"total_return":0.10927187057011922,"trade_analysis":{"average_loss":-5.8534136025724814,"average_trade_duration_days":9.055555555555555,"average_win":11.924073078690222,"expectancy":3.03532973805887,"largest_loss":-9.591452693832187,"largest_win":19.329729259623075,"max_trade_duration_days":18.0,"median_trade_duration_days":7.5,"profit_factor":2.037114389704118,"time_in_market_percent":0.20272581230243045,"total_trades":18,"win_rate":0.5}}