{"capital_utilization":{"average_cash_percent":0.7374642245653333,"average_exposure_percent":0.2625357754346667,"average_leverage":0.2625357754346667,"average_position_value":203.10077593351713,"max_exposure_percent":0.403787097056262},"closed_trades":38,"equity_curve":[],"final_equity":523.6310229505136,"max_drawdown":0.022492250817969777,"open_trades":0,"profit_factor":1.521365194332879,"sharpe":0.6495813317120953,"signal_diagnostics":{"buy_signals":38,"duplicate_buy_skips":0,"flat_sell_skips":0,"hold_signals":477,"risk_blocked_signals":0,"sell_signals":3,"stop_loss_exits":33,"take_profit_exits":2},"starting_equity":500,"total_return":0.04726204590102734,"trade_analysis":{"average_loss":-2.0602399594701684,"average_trade_duration_days":12.68311403508772,"average_win":4.3097688786785815,"expectancy":0.621869025013516,"largest_loss":-4.554780729360269,"largest_win":10.995271943994931,"max_trade_duration_days":50.0,"median_trade_duration_days":9.0,"profit_factor":1.521365194332879,"time_in_market_percent":0.5994195989013836,"total_trades":38,"win_rate":0.42105263157894735}}