{"capital_utilization":{"average_cash_percent":0.8532977322556019,"average_exposure_percent":0.14670226774439812,"average_leverage":0.14670226774439812,"average_position_value":201.92898758238806,"max_exposure_percent":0.40415073828299397},"closed_trades":8,"equity_curve":[],"final_equity":517.3787834302722,"max_drawdown":0.023788142059789096,"open_trades":0,"profit_factor":2.370882155057221,"sharpe":0.7412799780829462,"signal_diagnostics":{"buy_signals":8,"duplicate_buy_skips":0,"flat_sell_skips":0,"hold_signals":425,"risk_blocked_signals":0,"sell_signals":0,"stop_loss_exits":7,"take_profit_exits":0},"starting_equity":500,"total_return":0.03475756686054443,"trade_analysis":{"average_loss":-3.169270124014912,"average_trade_duration_days":28.0,"average_win":7.513965981582942,"expectancy":2.1723479287840153,"largest_loss":-5.141553474224795,"largest_win":11.923866453152426,"max_trade_duration_days":47.0,"median_trade_duration_days":29.0,"profit_factor":2.370882155057221,"time_in_market_percent":0.35107425063671394,"total_trades":8,"win_rate":0.5}}