{"capital_utilization":{"average_cash_percent":0.958138874617578,"average_exposure_percent":0.04186112538242208,"average_leverage":0.04186112538242208,"average_position_value":207.72606331663167,"max_exposure_percent":0.4059317686334084},"closed_trades":9,"equity_curve":[],"final_equity":519.6114911327368,"max_drawdown":0.030725013927228824,"open_trades":0,"profit_factor":2.3374963222442777,"sharpe":0.7591399244360864,"signal_diagnostics":{"buy_signals":9,"duplicate_buy_skips":0,"flat_sell_skips":0,"hold_signals":534,"risk_blocked_signals":0,"sell_signals":2,"stop_loss_exits":6,"take_profit_exits":1},"starting_equity":500,"total_return":0.039222982265473494,"trade_analysis":{"average_loss":-2.932567485468571,"average_trade_duration_days":7.222222222222222,"average_win":8.568582140019917,"expectancy":2.17905457030409,"largest_loss":-7.557485504224915,"largest_win":14.555879495049323,"max_trade_duration_days":18.0,"median_trade_duration_days":4.0,"profit_factor":2.3374963222442777,"time_in_market_percent":0.08084158159299373,"total_trades":9,"win_rate":0.4444444444444444}}