{"capital_utilization":{"average_cash_percent":0.7705195344827727,"average_exposure_percent":0.22948046551722728,"average_leverage":0.22948046551722728,"average_position_value":215.69909963257388,"max_exposure_percent":0.40733268250068116},"closed_trades":22,"equity_curve":[],"final_equity":558.9693248340544,"max_drawdown":0.07487989275850941,"open_trades":0,"profit_factor":1.837157009171402,"sharpe":0.9211475711063078,"signal_diagnostics":{"buy_signals":22,"duplicate_buy_skips":0,"flat_sell_skips":0,"hold_signals":508,"risk_blocked_signals":0,"sell_signals":2,"stop_loss_exits":15,"take_profit_exits":5},"starting_equity":500,"total_return":0.11793864966810874,"trade_analysis":{"average_loss":-5.418460170095939,"average_trade_duration_days":19.956439393939394,"average_win":14.378811893922407,"expectancy":2.680423856093384,"largest_loss":-9.3664416617223,"largest_win":33.479345139533216,"max_trade_duration_days":63.0,"median_trade_duration_days":18.5,"profit_factor":1.837157009171402,"time_in_market_percent":0.546043426439343,"total_trades":22,"win_rate":0.4090909090909091}}