{"capital_utilization":{"average_cash_percent":0.7981873379169686,"average_exposure_percent":0.2018126620830314,"average_leverage":0.2018126620830314,"average_position_value":214.1876889633645,"max_exposure_percent":0.40566821901256805},"closed_trades":16,"equity_curve":[],"final_equity":566.0921233440839,"max_drawdown":0.05346268970912923,"open_trades":0,"profit_factor":2.650440645729987,"sharpe":1.1016623679583597,"signal_diagnostics":{"buy_signals":16,"duplicate_buy_skips":0,"flat_sell_skips":0,"hold_signals":522,"risk_blocked_signals":0,"sell_signals":2,"stop_loss_exits":10,"take_profit_exits":3},"starting_equity":500,"total_return":0.13218424668816775,"trade_analysis":{"average_loss":-5.720733993509744,"average_trade_duration_days":23.9375,"average_win":11.793029033183574,"expectancy":4.1307577090052465,"largest_loss":-7.3279146510443205,"largest_win":26.847996633615313,"max_trade_duration_days":53.0,"median_trade_duration_days":22.0,"profit_factor":2.650440645729987,"time_in_market_percent":0.47634347307871694,"total_trades":16,"win_rate":0.5625}}