{"capital_utilization":{"average_cash_percent":0.8678611072478687,"average_exposure_percent":0.13213889275213128,"average_leverage":0.13213889275213128,"average_position_value":203.09597218687446,"max_exposure_percent":0.4095012902429605},"closed_trades":29,"equity_curve":[],"final_equity":525.1840367725747,"max_drawdown":0.05546540109457494,"open_trades":0,"profit_factor":1.2810218410546317,"sharpe":0.3875186071167007,"signal_diagnostics":{"buy_signals":29,"duplicate_buy_skips":0,"flat_sell_skips":0,"hold_signals":495,"risk_blocked_signals":0,"sell_signals":8,"stop_loss_exits":18,"take_profit_exits":2},"starting_equity":500,"total_return":0.050368073545149494,"trade_analysis":{"average_loss":-6.401138654272503,"average_trade_duration_days":7.862068965517242,"average_win":7.653331862159321,"expectancy":0.8684150611232664,"largest_loss":-11.602601431707289,"largest_win":18.37670632809326,"max_trade_duration_days":20.0,"median_trade_duration_days":6.0,"profit_factor":1.2810218410546317,"time_in_market_percent":0.2835673938954242,"total_trades":29,"win_rate":0.5172413793103449}}