{"capital_utilization":{"average_cash_percent":0.9350353893597488,"average_exposure_percent":0.06496461064025119,"average_leverage":0.06496461064025119,"average_position_value":204.26444905097574,"max_exposure_percent":0.40567794480041136},"closed_trades":15,"equity_curve":[],"final_equity":541.0918998160307,"max_drawdown":0.026746844591893686,"open_trades":0,"profit_factor":2.6000065673433945,"sharpe":1.1959473809353185,"signal_diagnostics":{"buy_signals":15,"duplicate_buy_skips":0,"flat_sell_skips":0,"hold_signals":523,"risk_blocked_signals":0,"sell_signals":1,"stop_loss_exits":6,"take_profit_exits":8},"starting_equity":500,"total_return":0.08218379963206135,"trade_analysis":{"average_loss":-5.136466393917194,"average_trade_duration_days":7.133333333333334,"average_win":6.677423178561675,"expectancy":2.7394599877353847,"largest_loss":-6.867969777374319,"largest_win":11.90804902993232,"max_trade_duration_days":18.0,"median_trade_duration_days":7.0,"profit_factor":2.6000065673433945,"time_in_market_percent":0.1330776804684666,"total_trades":15,"win_rate":0.6666666666666666}}