{"capital_utilization":{"average_cash_percent":0.7031359108574613,"average_exposure_percent":0.29686408914253865,"average_leverage":0.29686408914253865,"average_position_value":209.34967588950715,"max_exposure_percent":0.4043872855581506},"closed_trades":49,"equity_curve":[],"final_equity":520.1487298235861,"max_drawdown":0.046166642198547936,"open_trades":0,"profit_factor":1.2317515615945094,"sharpe":0.3981284353105932,"signal_diagnostics":{"buy_signals":49,"duplicate_buy_skips":0,"flat_sell_skips":0,"hold_signals":455,"risk_blocked_signals":0,"sell_signals":2,"stop_loss_exits":44,"take_profit_exits":2},"starting_equity":500,"total_return":0.04029745964717213,"trade_analysis":{"average_loss":-3.3438874876576525,"average_trade_duration_days":10.775510204081632,"average_win":4.656078456638479,"expectancy":0.411198567828287,"largest_loss":-5.629893312356401,"largest_win":13.364696703147636,"max_trade_duration_days":37.0,"median_trade_duration_days":9.0,"profit_factor":1.2317515615945094,"time_in_market_percent":0.6566823858630876,"total_trades":49,"win_rate":0.46938775510204084}}