{"capital_utilization":{"average_cash_percent":0.947551726060839,"average_exposure_percent":0.05244827393916098,"average_leverage":0.05244827393916098,"average_position_value":207.53072616359273,"max_exposure_percent":0.40593176863340835},"closed_trades":9,"equity_curve":[],"final_equity":539.7993513293727,"max_drawdown":0.04067132294288077,"open_trades":0,"profit_factor":3.153938003508814,"sharpe":0.9055851724276115,"signal_diagnostics":{"buy_signals":9,"duplicate_buy_skips":0,"flat_sell_skips":0,"hold_signals":534,"risk_blocked_signals":0,"sell_signals":4,"stop_loss_exits":4,"take_profit_exits":1},"starting_equity":500,"total_return":0.07959870265874547,"trade_analysis":{"average_loss":-4.619370574331603,"average_trade_duration_days":10.106481481481483,"average_win":11.655366725339821,"expectancy":4.422150147708077,"largest_loss":-7.479933635780547,"largest_win":22.115123210064784,"max_trade_duration_days":20.0,"median_trade_duration_days":8.0,"profit_factor":3.153938003508814,"time_in_market_percent":0.11312639270352906,"total_trades":9,"win_rate":0.5555555555555556}}