{"capital_utilization":{"average_cash_percent":0.8665974397266415,"average_exposure_percent":0.13340256027335848,"average_leverage":0.13340256027335848,"average_position_value":203.63669940190667,"max_exposure_percent":0.40930695853935933},"closed_trades":33,"equity_curve":[],"final_equity":537.71331296231,"max_drawdown":0.040162525114440246,"open_trades":0,"profit_factor":1.3382998602968057,"sharpe":0.5505643374824253,"signal_diagnostics":{"buy_signals":33,"duplicate_buy_skips":0,"flat_sell_skips":0,"hold_signals":487,"risk_blocked_signals":0,"sell_signals":3,"stop_loss_exits":17,"take_profit_exits":12},"starting_equity":500,"total_return":0.07542662592462013,"trade_analysis":{"average_loss":-6.557585250869449,"average_trade_duration_days":6.695707070707071,"average_win":9.324516389193164,"expectancy":1.1428276655245457,"largest_loss":-11.497040390472796,"largest_win":21.358028943383555,"max_trade_duration_days":21.041666666666668,"median_trade_duration_days":4.0,"profit_factor":1.3382998602968057,"time_in_market_percent":0.27480955588951655,"total_trades":33,"win_rate":0.48484848484848486}}