{"capital_utilization":{"average_cash_percent":0.7914122249589585,"average_exposure_percent":0.20858777504104156,"average_leverage":0.20858777504104156,"average_position_value":210.33254632434893,"max_exposure_percent":0.40753333855253815},"closed_trades":28,"equity_curve":[],"final_equity":536.7607335592387,"max_drawdown":0.05075321311099522,"open_trades":0,"profit_factor":1.6568115950229712,"sharpe":0.6194100700640035,"signal_diagnostics":{"buy_signals":28,"duplicate_buy_skips":0,"flat_sell_skips":0,"hold_signals":497,"risk_blocked_signals":0,"sell_signals":5,"stop_loss_exits":23,"take_profit_exits":0},"starting_equity":500,"total_return":0.0735214671184774,"trade_analysis":{"average_loss":-4.66403834293266,"average_trade_duration_days":13.822916666666666,"average_win":5.795574604651916,"expectancy":1.3128833414013834,"largest_loss":-9.456532583991232,"largest_win":20.901210720613832,"max_trade_duration_days":38.0,"median_trade_duration_days":11.5,"profit_factor":1.6568115950229712,"time_in_market_percent":0.4813701611649479,"total_trades":28,"win_rate":0.5714285714285714}}