{"capital_utilization":{"average_cash_percent":0.696968964928,"average_exposure_percent":0.30303103507199997,"average_leverage":0.30303103507199997,"average_position_value":204.22961205643858,"max_exposure_percent":0.40401142942319807},"closed_trades":43,"equity_curve":[],"final_equity":511.42747784798365,"max_drawdown":0.04221390827546077,"open_trades":0,"profit_factor":1.196604144050042,"sharpe":0.3147016261051806,"signal_diagnostics":{"buy_signals":43,"duplicate_buy_skips":0,"flat_sell_skips":0,"hold_signals":467,"risk_blocked_signals":0,"sell_signals":3,"stop_loss_exits":37,"take_profit_exits":2},"starting_equity":500,"total_return":0.022854955695967405,"trade_analysis":{"average_loss":-2.4218457481316245,"average_trade_duration_days":12.69767441860465,"average_win":3.6606197791127695,"expectancy":0.26575529879031695,"largest_loss":-4.9638262246679625,"largest_win":14.74575875808087,"max_trade_duration_days":41.0,"median_trade_duration_days":10.0,"profit_factor":1.196604144050042,"time_in_market_percent":0.6790692853811474,"total_trades":43,"win_rate":0.4418604651162791}}