{"capital_utilization":{"average_cash_percent":0.8781586167192728,"average_exposure_percent":0.12184138328072722,"average_leverage":0.12184138328072722,"average_position_value":177.71211136379048,"max_exposure_percent":0.42219083459089957},"closed_trades":20,"equity_curve":[],"final_equity":433.45499917180695,"max_drawdown":0.2588211220249762,"open_trades":0,"profit_factor":0.6707968503998272,"sharpe":-0.5267969278151307,"signal_diagnostics":{"buy_signals":20,"duplicate_buy_skips":0,"flat_sell_skips":0,"hold_signals":400,"risk_blocked_signals":0,"sell_signals":4,"stop_loss_exits":12,"take_profit_exits":4},"starting_equity":500,"total_return":-0.13309000165638607,"trade_analysis":{"average_loss":-16.844968653604408,"average_trade_duration_days":8.397916666666665,"average_win":16.94932787688248,"expectancy":-3.327250041409652,"largest_loss":-25.163149068479154,"largest_win":26.894010575736598,"max_trade_duration_days":22.0,"median_trade_duration_days":7.5,"profit_factor":0.6707968503998272,"time_in_market_percent":0.26324038398746163,"total_trades":20,"win_rate":0.4}}