{"capital_utilization":{"average_cash_percent":0.704842221103601,"average_exposure_percent":0.295157778896399,"average_leverage":0.295157778896399,"average_position_value":215.33313315594256,"max_exposure_percent":0.40528122659189736},"closed_trades":25,"equity_curve":[],"final_equity":560.330741667123,"max_drawdown":0.036232638199079466,"open_trades":0,"profit_factor":3.2828606868811674,"sharpe":1.0483463310152235,"signal_diagnostics":{"buy_signals":25,"duplicate_buy_skips":0,"flat_sell_skips":0,"hold_signals":503,"risk_blocked_signals":0,"sell_signals":8,"stop_loss_exits":16,"take_profit_exits":0},"starting_equity":500,"total_return":0.12066148333424609,"trade_analysis":{"average_loss":-2.2023077599457985,"average_trade_duration_days":22.36,"average_win":6.6737257528055896,"expectancy":2.413229666684922,"largest_loss":-7.33708582157609,"largest_win":16.985577115661513,"max_trade_duration_days":78.0,"median_trade_duration_days":16.0,"profit_factor":3.2828606868811674,"time_in_market_percent":0.6952376016997461,"total_trades":25,"win_rate":0.52}}