{"capital_utilization":{"average_cash_percent":0.9056349400596131,"average_exposure_percent":0.09436505994038692,"average_leverage":0.09436505994038692,"average_position_value":212.710267563261,"max_exposure_percent":0.4073230327189232},"closed_trades":16,"equity_curve":[],"final_equity":552.7589876996641,"max_drawdown":0.038996949695191095,"open_trades":0,"profit_factor":2.234930544514038,"sharpe":1.0879631236538014,"signal_diagnostics":{"buy_signals":16,"duplicate_buy_skips":0,"flat_sell_skips":0,"hold_signals":408,"risk_blocked_signals":0,"sell_signals":2,"stop_loss_exits":7,"take_profit_exits":7},"starting_equity":500,"total_return":0.10551797539932828,"trade_analysis":{"average_loss":-7.120371793922153,"average_trade_duration_days":7.5625,"average_win":9.548121846319702,"expectancy":3.2974367312290047,"largest_loss":-9.591909125932421,"largest_win":14.97646095025,"max_trade_duration_days":13.0,"median_trade_duration_days":8.5,"profit_factor":2.234930544514038,"time_in_market_percent":0.18964278717429636,"total_trades":16,"win_rate":0.625}}