{"capital_utilization":{"average_cash_percent":0.8801663152379043,"average_exposure_percent":0.11983368476209562,"average_leverage":0.11983368476209562,"average_position_value":213.69003301626452,"max_exposure_percent":0.406145757617113},"closed_trades":32,"equity_curve":[],"final_equity":574.4282014202453,"max_drawdown":0.025461370504256182,"open_trades":0,"profit_factor":2.2827507582101476,"sharpe":1.5094435507814057,"signal_diagnostics":{"buy_signals":32,"duplicate_buy_skips":0,"flat_sell_skips":0,"hold_signals":489,"risk_blocked_signals":0,"sell_signals":4,"stop_loss_exits":12,"take_profit_exits":16},"starting_equity":500,"total_return":0.14885640284049062,"trade_analysis":{"average_loss":-4.835195051459614,"average_trade_duration_days":6.09375,"average_win":6.622527101888032,"expectancy":2.325881294382665,"largest_loss":-8.301201775640294,"largest_win":12.231668273773886,"max_trade_duration_days":19.0,"median_trade_duration_days":5.979166666666666,"profit_factor":2.2827507582101476,"time_in_market_percent":0.2425247447789812,"total_trades":32,"win_rate":0.625}}