{"capital_utilization":{"average_cash_percent":0.8432559829607889,"average_exposure_percent":0.1567440170392111,"average_leverage":0.1567440170392111,"average_position_value":170.42091990809206,"max_exposure_percent":0.421813862629503},"closed_trades":36,"equity_curve":[],"final_equity":442.7100030898884,"max_drawdown":0.23316270477981377,"open_trades":0,"profit_factor":0.7965627199803667,"sharpe":-0.34861401036625844,"signal_diagnostics":{"buy_signals":36,"duplicate_buy_skips":0,"flat_sell_skips":0,"hold_signals":481,"risk_blocked_signals":0,"sell_signals":7,"stop_loss_exits":20,"take_profit_exits":9},"starting_equity":500,"total_return":-0.11457999382022321,"trade_analysis":{"average_loss":-14.08050601752608,"average_trade_duration_days":7.332175925925927,"average_win":14.020007715025617,"expectancy":-1.5913888030586558,"largest_loss":-22.324570095760006,"largest_win":25.718988513016544,"max_trade_duration_days":19.0,"median_trade_duration_days":6.479166666666666,"profit_factor":0.7965627199803667,"time_in_market_percent":0.3282893714048816,"total_trades":36,"win_rate":0.4444444444444444}}