{"capital_utilization":{"average_cash_percent":0.8892780740156605,"average_exposure_percent":0.11072192598433955,"average_leverage":0.11072192598433955,"average_position_value":213.60300077176606,"max_exposure_percent":0.4047720350834782},"closed_trades":19,"equity_curve":[],"final_equity":562.303662690252,"max_drawdown":0.04879178372118851,"open_trades":0,"profit_factor":2.7667867778017134,"sharpe":1.2643305664462217,"signal_diagnostics":{"buy_signals":19,"duplicate_buy_skips":0,"flat_sell_skips":0,"hold_signals":515,"risk_blocked_signals":0,"sell_signals":4,"stop_loss_exits":9,"take_profit_exits":5},"starting_equity":500,"total_return":0.12460732538050401,"trade_analysis":{"average_loss":-3.9182029630191786,"average_trade_duration_days":10.475877192982457,"average_win":9.756748935742463,"expectancy":3.2791401415922126,"largest_loss":-6.176987844200092,"largest_win":19.366047517331733,"max_trade_duration_days":21.0,"median_trade_duration_days":12.0,"profit_factor":2.7667867778017134,"time_in_market_percent":0.24755143286521225,"total_trades":19,"win_rate":0.5263157894736842}}