{"capital_utilization":{"average_cash_percent":0.7192849207476151,"average_exposure_percent":0.28071507925238487,"average_leverage":0.28071507925238487,"average_position_value":203.44241842146803,"max_exposure_percent":0.4045792067237669},"closed_trades":38,"equity_curve":[],"final_equity":507.69791791346114,"max_drawdown":0.039412983035106854,"open_trades":0,"profit_factor":1.1637644095749167,"sharpe":0.24152419103710268,"signal_diagnostics":{"buy_signals":38,"duplicate_buy_skips":0,"flat_sell_skips":0,"hold_signals":477,"risk_blocked_signals":0,"sell_signals":2,"stop_loss_exits":35,"take_profit_exits":0},"starting_equity":500,"total_return":0.015395835826922388,"trade_analysis":{"average_loss":-2.238383300987831,"average_trade_duration_days":13.473684210526315,"average_win":3.2178804255415043,"expectancy":0.20257678719634595,"largest_loss":-5.601324283424592,"largest_win":11.112080660366573,"max_trade_duration_days":50.0,"median_trade_duration_days":10.5,"profit_factor":1.1637644095749167,"time_in_market_percent":0.6367829196248121,"total_trades":38,"win_rate":0.4473684210526316}}