{"capital_utilization":{"average_cash_percent":0.9145172075737174,"average_exposure_percent":0.0854827924262826,"average_leverage":0.0854827924262826,"average_position_value":212.45251815064358,"max_exposure_percent":0.4178144664739948},"closed_trades":18,"equity_curve":[],"final_equity":610.5563472547984,"max_drawdown":0.14280443599046888,"open_trades":0,"profit_factor":1.8375744553985192,"sharpe":0.910395949133588,"signal_diagnostics":{"buy_signals":18,"duplicate_buy_skips":0,"flat_sell_skips":0,"hold_signals":516,"risk_blocked_signals":0,"sell_signals":0,"stop_loss_exits":8,"take_profit_exits":10},"starting_equity":500,"total_return":0.22111269450959692,"trade_analysis":{"average_loss":-16.499480515167388,"average_trade_duration_days":8.328703703703704,"average_win":24.255219137613754,"expectancy":6.142019291933243,"largest_loss":-22.881459579804826,"largest_win":38.349101303823026,"max_trade_duration_days":21.0,"median_trade_duration_days":6.5,"profit_factor":1.8375744553985192,"time_in_market_percent":0.18645385293050737,"total_trades":18,"win_rate":0.5555555555555556}}