{"capital_utilization":{"average_cash_percent":0.7974274923868222,"average_exposure_percent":0.2025725076131778,"average_leverage":0.2025725076131778,"average_position_value":207.58089843178138,"max_exposure_percent":0.40653676529540106},"closed_trades":21,"equity_curve":[],"final_equity":547.9647342595061,"max_drawdown":0.04163854452963398,"open_trades":0,"profit_factor":2.020972804669556,"sharpe":0.8136866373866036,"signal_diagnostics":{"buy_signals":21,"duplicate_buy_skips":0,"flat_sell_skips":0,"hold_signals":510,"risk_blocked_signals":0,"sell_signals":6,"stop_loss_exits":12,"take_profit_exits":3},"starting_equity":500,"total_return":0.09592946851901218,"trade_analysis":{"average_loss":-4.270858506009978,"average_trade_duration_days":17.95436507936508,"average_win":9.494417782561596,"expectancy":2.28403496473839,"largest_loss":-8.05602913487387,"largest_win":24.329959279981217,"max_trade_duration_days":38.0,"median_trade_duration_days":16.0,"profit_factor":2.020972804669556,"time_in_market_percent":0.46893299476602585,"total_trades":21,"win_rate":0.47619047619047616}}