{"capital_utilization":{"average_cash_percent":0.929873864836495,"average_exposure_percent":0.07012613516350502,"average_leverage":0.07012613516350502,"average_position_value":200.91977095142224,"max_exposure_percent":0.41409673672750064},"closed_trades":13,"equity_curve":[],"final_equity":571.653847913998,"max_drawdown":0.10089196288099021,"open_trades":0,"profit_factor":1.6874528915271714,"sharpe":0.6325816566836926,"signal_diagnostics":{"buy_signals":13,"duplicate_buy_skips":0,"flat_sell_skips":0,"hold_signals":528,"risk_blocked_signals":0,"sell_signals":1,"stop_loss_exits":8,"take_profit_exits":3},"starting_equity":500,"total_return":0.14330769582799596,"trade_analysis":{"average_loss":-11.58121342602021,"average_trade_duration_days":9.387820512820513,"average_win":43.97119218704498,"expectancy":5.511834454922925,"largest_loss":-16.513223365113692,"largest_win":71.57645012969292,"max_trade_duration_days":29.0,"median_trade_duration_days":6.0,"profit_factor":1.6874528915271714,"time_in_market_percent":0.15178525159351197,"total_trades":13,"win_rate":0.3076923076923077}}