{"capital_utilization":{"average_cash_percent":0.8381728968714519,"average_exposure_percent":0.1618271031285481,"average_leverage":0.1618271031285481,"average_position_value":176.32873300352745,"max_exposure_percent":0.42462203086874384},"closed_trades":14,"equity_curve":[],"final_equity":469.6346128688161,"max_drawdown":0.2537619009101,"open_trades":0,"profit_factor":0.7804323516602998,"sharpe":-0.16637981062540266,"signal_diagnostics":{"buy_signals":14,"duplicate_buy_skips":0,"flat_sell_skips":0,"hold_signals":412,"risk_blocked_signals":0,"sell_signals":6,"stop_loss_exits":7,"take_profit_exits":1},"starting_equity":500,"total_return":-0.06073077426236784,"trade_analysis":{"average_loss":-19.756610229757836,"average_trade_duration_days":17.43154761904762,"average_win":15.418697782445845,"expectancy":-2.168956223655996,"largest_loss":-22.74443811609463,"largest_win":26.07607690778235,"max_trade_duration_days":33.0,"median_trade_duration_days":16.479166666666664,"profit_factor":0.7804323516602998,"time_in_market_percent":0.38248546986220866,"total_trades":14,"win_rate":0.5}}