{"capital_utilization":{"average_cash_percent":0.9273458224705187,"average_exposure_percent":0.07265417752948129,"average_leverage":0.07265417752948129,"average_position_value":205.91587534073656,"max_exposure_percent":0.40243645913910453},"closed_trades":9,"equity_curve":[],"final_equity":552.6345593883067,"max_drawdown":0.01559122015924321,"open_trades":0,"profit_factor":10.864142785936433,"sharpe":1.796997194773378,"signal_diagnostics":{"buy_signals":9,"duplicate_buy_skips":0,"flat_sell_skips":0,"hold_signals":535,"risk_blocked_signals":0,"sell_signals":5,"stop_loss_exits":2,"take_profit_exits":2},"starting_equity":500,"total_return":0.10526911877661327,"trade_analysis":{"average_loss":-2.667974325318421,"average_trade_duration_days":14.995370370370368,"average_win":8.2815011484205,"expectancy":5.848284376478518,"largest_loss":-2.999592253271523,"largest_win":16.71639819301364,"max_trade_duration_days":21.0,"median_trade_duration_days":19.0,"profit_factor":10.864142785936433,"time_in_market_percent":0.16784992485878633,"total_trades":9,"win_rate":0.7777777777777778}}