{"capital_utilization":{"average_cash_percent":0.790349908990058,"average_exposure_percent":0.209650091009942,"average_leverage":0.209650091009942,"average_position_value":175.20439480108328,"max_exposure_percent":0.42219083459089957},"closed_trades":12,"equity_curve":[],"final_equity":362.119679778167,"max_drawdown":0.3002286998532356,"open_trades":0,"profit_factor":0.17665195645839865,"sharpe":-2.0834968420920603,"signal_diagnostics":{"buy_signals":12,"duplicate_buy_skips":0,"flat_sell_skips":0,"hold_signals":167,"risk_blocked_signals":0,"sell_signals":1,"stop_loss_exits":10,"take_profit_exits":1},"starting_equity":500,"total_return":-0.275760640443666,"trade_analysis":{"average_loss":-16.746298397545935,"average_trade_duration_days":11.086805555555557,"average_win":14.791331876813176,"expectancy":-11.490026685152749,"largest_loss":-25.163149068479154,"largest_win":22.08509042784906,"max_trade_duration_days":27.041666666666668,"median_trade_duration_days":7.5,"profit_factor":0.17665195645839865,"time_in_market_percent":0.478495429342125,"total_trades":12,"win_rate":0.16666666666666666}}