{"capital_utilization":{"average_cash_percent":0.8426638595853461,"average_exposure_percent":0.1573361404146539,"average_leverage":0.1573361404146539,"average_position_value":198.66190361426567,"max_exposure_percent":0.4093734500907265},"closed_trades":13,"equity_curve":[],"final_equity":505.28132416586567,"max_drawdown":0.0510970631379342,"open_trades":0,"profit_factor":1.1050367276581206,"sharpe":0.13823236443886722,"signal_diagnostics":{"buy_signals":13,"duplicate_buy_skips":0,"flat_sell_skips":0,"hold_signals":415,"risk_blocked_signals":0,"sell_signals":2,"stop_loss_exits":8,"take_profit_exits":2},"starting_equity":500,"total_return":0.010562648331731372,"trade_analysis":{"average_loss":-5.5867486477424535,"average_trade_duration_days":18.38782051282051,"average_win":13.89051549888694,"expectancy":0.40625570506659037,"largest_loss":-11.160076066606807,"largest_win":28.105163456506006,"max_trade_duration_days":49.0,"median_trade_duration_days":9.0,"profit_factor":1.1050367276581206,"time_in_market_percent":0.37464899105335336,"total_trades":13,"win_rate":0.3076923076923077}}