{"capital_utilization":{"average_cash_percent":0.797882155331894,"average_exposure_percent":0.20211784466810606,"average_leverage":0.20211784466810606,"average_position_value":205.47653489356708,"max_exposure_percent":0.40518838066510127},"closed_trades":31,"equity_curve":[],"final_equity":539.7879104562238,"max_drawdown":0.040392710985518325,"open_trades":0,"profit_factor":1.5494589209327434,"sharpe":0.6889082843649703,"signal_diagnostics":{"buy_signals":31,"duplicate_buy_skips":0,"flat_sell_skips":0,"hold_signals":490,"risk_blocked_signals":0,"sell_signals":2,"stop_loss_exits":27,"take_profit_exits":2},"starting_equity":500,"total_return":0.07957582091244753,"trade_analysis":{"average_loss":-4.022938541133965,"average_trade_duration_days":11.904569892473118,"average_win":8.630831092048863,"expectancy":1.2834809824588331,"largest_loss":-6.663344707885477,"largest_win":23.969594456953743,"max_trade_duration_days":27.0,"median_trade_duration_days":9.0,"profit_factor":1.5494589209327434,"time_in_market_percent":0.4589832616468882,"total_trades":31,"win_rate":0.41935483870967744}}