{"capital_utilization":{"average_cash_percent":0.8211032653241868,"average_exposure_percent":0.17889673467581327,"average_leverage":0.17889673467581327,"average_position_value":191.46031803494225,"max_exposure_percent":0.4076413884486524},"closed_trades":28,"equity_curve":[],"final_equity":487.5490541717337,"max_drawdown":0.07737009154640359,"open_trades":0,"profit_factor":0.8307426119758281,"sharpe":-0.22979338112241612,"signal_diagnostics":{"buy_signals":28,"duplicate_buy_skips":0,"flat_sell_skips":0,"hold_signals":384,"risk_blocked_signals":0,"sell_signals":11,"stop_loss_exits":16,"take_profit_exits":1},"starting_equity":500,"total_return":-0.02490189165653256,"trade_analysis":{"average_loss":-4.5976374996139695,"average_trade_duration_days":8.891369047619047,"average_win":5.092604513796433,"expectancy":-0.4446766367237972,"largest_loss":-8.847078721659036,"largest_win":10.597445896160279,"max_trade_duration_days":22.0,"median_trade_duration_days":6.5,"profit_factor":0.8307426119758281,"time_in_market_percent":0.39019134069091627,"total_trades":28,"win_rate":0.42857142857142855}}