{"capital_utilization":{"average_cash_percent":0.8942543630883234,"average_exposure_percent":0.1057456369116766,"average_leverage":0.1057456369116766,"average_position_value":205.0843089565617,"max_exposure_percent":0.40469785218642884},"closed_trades":19,"equity_curve":[],"final_equity":550.3190333808317,"max_drawdown":0.017813656152168025,"open_trades":0,"profit_factor":2.803171810901067,"sharpe":1.4309194777833631,"signal_diagnostics":{"buy_signals":19,"duplicate_buy_skips":0,"flat_sell_skips":0,"hold_signals":516,"risk_blocked_signals":0,"sell_signals":7,"stop_loss_exits":8,"take_profit_exits":3},"starting_equity":500,"total_return":0.10063806676166331,"trade_analysis":{"average_loss":-3.4882306470068567,"average_trade_duration_days":9.789473684210526,"average_win":7.11135259608059,"expectancy":2.6483701779385074,"largest_loss":-5.6737082859226895,"largest_win":14.590139144251031,"max_trade_duration_days":21.0,"median_trade_duration_days":8.0,"profit_factor":2.803171810901067,"time_in_market_percent":0.23133129501995126,"total_trades":19,"win_rate":0.5789473684210527}}