{"capital_utilization":{"average_cash_percent":0.864478789156946,"average_exposure_percent":0.13552121084305405,"average_leverage":0.13552121084305405,"average_position_value":195.95366200262558,"max_exposure_percent":0.4115297505273371},"closed_trades":24,"equity_curve":[],"final_equity":487.2908870316192,"max_drawdown":0.08809350396047351,"open_trades":0,"profit_factor":0.8707725547856676,"sharpe":-0.18501176738756275,"signal_diagnostics":{"buy_signals":24,"duplicate_buy_skips":0,"flat_sell_skips":0,"hold_signals":392,"risk_blocked_signals":0,"sell_signals":7,"stop_loss_exits":12,"take_profit_exits":5},"starting_equity":500,"total_return":-0.025418225936761574,"trade_analysis":{"average_loss":-8.195571347932228,"average_trade_duration_days":7.541666666666667,"average_win":7.136478600567163,"expectancy":-0.5295463736825328,"largest_loss":-13.702124823860798,"largest_win":14.478832546304664,"max_trade_duration_days":15.0,"median_trade_duration_days":7.0,"profit_factor":0.8707725547856676,"time_in_market_percent":0.283680532880559,"total_trades":24,"win_rate":0.5}}