{"capital_utilization":{"average_cash_percent":0.8690993451675856,"average_exposure_percent":0.13090065483241445,"average_leverage":0.13090065483241445,"average_position_value":204.6963927344453,"max_exposure_percent":0.40469785218642884},"closed_trades":24,"equity_curve":[],"final_equity":552.3136389423632,"max_drawdown":0.023499455378573883,"open_trades":0,"profit_factor":2.453595637851865,"sharpe":1.4028760102371671,"signal_diagnostics":{"buy_signals":24,"duplicate_buy_skips":0,"flat_sell_skips":0,"hold_signals":506,"risk_blocked_signals":0,"sell_signals":8,"stop_loss_exits":11,"take_profit_exits":4},"starting_equity":500,"total_return":0.10462727788472659,"trade_analysis":{"average_loss":-3.2717388760362542,"average_trade_duration_days":9.624999999999998,"average_win":6.792520506058622,"expectancy":2.1797349559318033,"largest_loss":-5.6737082859226895,"largest_win":16.139960879642388,"max_trade_duration_days":21.0,"median_trade_duration_days":8.0,"profit_factor":2.453595637851865,"time_in_market_percent":0.2872985438151008,"total_trades":24,"win_rate":0.5416666666666666}}