{"capital_utilization":{"average_cash_percent":0.8906565917995215,"average_exposure_percent":0.10934340820047846,"average_leverage":0.10934340820047846,"average_position_value":214.1163616820816,"max_exposure_percent":0.40571739172239596},"closed_trades":18,"equity_curve":[],"final_equity":598.4146973312195,"max_drawdown":0.023823495969589617,"open_trades":0,"profit_factor":4.116483870255173,"sharpe":2.0778432741598643,"signal_diagnostics":{"buy_signals":18,"duplicate_buy_skips":0,"flat_sell_skips":0,"hold_signals":517,"risk_blocked_signals":0,"sell_signals":9,"stop_loss_exits":7,"take_profit_exits":2},"starting_equity":500,"total_return":0.19682939466243887,"trade_analysis":{"average_loss":-5.263126728090602,"average_trade_duration_days":10.664351851851853,"average_win":10.832788141646924,"expectancy":5.467483185067748,"largest_loss":-7.7901376430301985,"largest_win":23.04176587004134,"max_trade_duration_days":18.0,"median_trade_duration_days":10.5,"profit_factor":4.116483870255173,"time_in_market_percent":0.2387417733326424,"total_trades":18,"win_rate":0.6666666666666666}}