{"capital_utilization":{"average_cash_percent":0.7041064971243784,"average_exposure_percent":0.2958935028756215,"average_leverage":0.2958935028756215,"average_position_value":213.87553791057687,"max_exposure_percent":0.40681846065110616},"closed_trades":29,"equity_curve":[],"final_equity":553.1924308769343,"max_drawdown":0.04335182857996666,"open_trades":0,"profit_factor":2.2561237344496883,"sharpe":0.9180064721213357,"signal_diagnostics":{"buy_signals":29,"duplicate_buy_skips":0,"flat_sell_skips":0,"hold_signals":495,"risk_blocked_signals":0,"sell_signals":8,"stop_loss_exits":17,"take_profit_exits":3},"starting_equity":500,"total_return":0.10638486175386852,"trade_analysis":{"average_loss":-2.8230993183293904,"average_trade_duration_days":19.137931034482758,"average_win":6.824208617991078,"expectancy":1.8342217543770427,"largest_loss":-8.986635993977783,"largest_win":21.640998126014345,"max_trade_duration_days":76.0,"median_trade_duration_days":16.0,"profit_factor":2.2561237344496883,"time_in_market_percent":0.6902627351401772,"total_trades":29,"win_rate":0.4827586206896552}}