{"capital_utilization":{"average_cash_percent":0.773753952958142,"average_exposure_percent":0.22624604704185805,"average_leverage":0.22624604704185805,"average_position_value":215.03357111450907,"max_exposure_percent":0.4073325591643355},"closed_trades":18,"equity_curve":[],"final_equity":554.8847960591382,"max_drawdown":0.07459953089230233,"open_trades":0,"profit_factor":1.9495338860145415,"sharpe":0.8685617316175845,"signal_diagnostics":{"buy_signals":18,"duplicate_buy_skips":0,"flat_sell_skips":0,"hold_signals":516,"risk_blocked_signals":0,"sell_signals":2,"stop_loss_exits":16,"take_profit_exits":0},"starting_equity":500,"total_return":0.10976959211827642,"trade_analysis":{"average_loss":-5.780182978988254,"average_trade_duration_days":24.391203703703706,"average_win":14.0858282311276,"expectancy":3.049155336618792,"largest_loss":-9.3747140311056,"largest_win":46.294928956294065,"max_trade_duration_days":86.0,"median_trade_duration_days":14.5,"profit_factor":1.9495338860145415,"time_in_market_percent":0.546043426439343,"total_trades":18,"win_rate":0.4444444444444444}}