{"capital_utilization":{"average_cash_percent":0.7697357380216377,"average_exposure_percent":0.23026426197836225,"average_leverage":0.23026426197836225,"average_position_value":165.12198502587052,"max_exposure_percent":0.4246721099526355},"closed_trades":26,"equity_curve":[],"final_equity":432.0858468864943,"max_drawdown":0.2855074173711462,"open_trades":0,"profit_factor":0.7488789805313625,"sharpe":-0.30787933729526584,"signal_diagnostics":{"buy_signals":26,"duplicate_buy_skips":0,"flat_sell_skips":0,"hold_signals":501,"risk_blocked_signals":0,"sell_signals":5,"stop_loss_exits":18,"take_profit_exits":3},"starting_equity":500,"total_return":-0.13582830622701136,"trade_analysis":{"average_loss":-15.90846593248369,"average_trade_duration_days":16.38621794871795,"average_win":22.503307526524118,"expectancy":-2.6120828120579094,"largest_loss":-25.089418957069377,"largest_win":42.659747011245535,"max_trade_duration_days":44.0,"median_trade_duration_days":13.5,"profit_factor":0.7488789805313625,"time_in_market_percent":0.5298751101207442,"total_trades":26,"win_rate":0.34615384615384615}}