{"capital_utilization":{"average_cash_percent":0.8308684910737455,"average_exposure_percent":0.16913150892625453,"average_leverage":0.16913150892625453,"average_position_value":218.16433512506427,"max_exposure_percent":0.4084043892399572},"closed_trades":29,"equity_curve":[],"final_equity":581.5948028823773,"max_drawdown":0.045850661895171854,"open_trades":0,"profit_factor":2.0457882282972757,"sharpe":1.0944445367371276,"signal_diagnostics":{"buy_signals":29,"duplicate_buy_skips":0,"flat_sell_skips":0,"hold_signals":495,"risk_blocked_signals":0,"sell_signals":10,"stop_loss_exits":17,"take_profit_exits":2},"starting_equity":500,"total_return":0.1631896057647546,"trade_analysis":{"average_loss":-5.573021428414248,"average_trade_duration_days":10.242816091954024,"average_win":10.64114019201178,"expectancy":2.8136138924957668,"largest_loss":-10.805440402093058,"largest_win":20.473730899852438,"max_trade_duration_days":23.0,"median_trade_duration_days":10.0,"profit_factor":2.0457882282972757,"time_in_market_percent":0.36943566357464896,"total_trades":29,"win_rate":0.5172413793103449}}