{"capital_utilization":{"average_cash_percent":0.9364787896332123,"average_exposure_percent":0.06352121036678773,"average_leverage":0.06352121036678773,"average_position_value":195.52896103226524,"max_exposure_percent":0.41409673672750064},"closed_trades":8,"equity_curve":[],"final_equity":575.3492425810413,"max_drawdown":0.10235049054767718,"open_trades":0,"profit_factor":2.0163096884367233,"sharpe":0.6106291280342862,"signal_diagnostics":{"buy_signals":8,"duplicate_buy_skips":0,"flat_sell_skips":0,"hold_signals":538,"risk_blocked_signals":0,"sell_signals":0,"stop_loss_exits":7,"take_profit_exits":0},"starting_equity":500,"total_return":0.1506984851620825,"trade_analysis":{"average_loss":-12.356673600304951,"average_trade_duration_days":15.380208333333334,"average_win":74.74464209143548,"expectancy":9.418655322630158,"largest_loss":-16.513223365113692,"largest_win":128.83016279680203,"max_trade_duration_days":43.0,"median_trade_duration_days":10.0,"profit_factor":2.0163096884367233,"time_in_market_percent":0.15302896823340417,"total_trades":8,"win_rate":0.25}}