{"capital_utilization":{"average_cash_percent":0.85823655584319,"average_exposure_percent":0.14176344415680997,"average_leverage":0.14176344415680997,"average_position_value":186.1155223313005,"max_exposure_percent":0.40972972921712825},"closed_trades":22,"equity_curve":[],"final_equity":476.3911051505034,"max_drawdown":0.11160833089936269,"open_trades":0,"profit_factor":0.7178586993796852,"sharpe":-0.3923013599716477,"signal_diagnostics":{"buy_signals":22,"duplicate_buy_skips":0,"flat_sell_skips":0,"hold_signals":396,"risk_blocked_signals":0,"sell_signals":8,"stop_loss_exits":13,"take_profit_exits":1},"starting_equity":500,"total_return":-0.04721778969899326,"trade_analysis":{"average_loss":-6.436735176962241,"average_trade_duration_days":8.636363636363637,"average_win":6.674295827890285,"expectancy":-1.0731315840680267,"largest_loss":-11.01500947575415,"largest_win":13.35281926663996,"max_trade_duration_days":22.0,"median_trade_duration_days":8.0,"profit_factor":0.7178586993796852,"time_in_market_percent":0.2977861947364984,"total_trades":22,"win_rate":0.4090909090909091}}