{"capital_utilization":{"average_cash_percent":0.7428100191370546,"average_exposure_percent":0.25718998086294537,"average_leverage":0.25718998086294537,"average_position_value":170.2315466497037,"max_exposure_percent":0.42278734284385716},"closed_trades":17,"equity_curve":[],"final_equity":343.4598281870842,"max_drawdown":0.33153154940531615,"open_trades":0,"profit_factor":0.16328978888038087,"sharpe":-2.410926222640344,"signal_diagnostics":{"buy_signals":17,"duplicate_buy_skips":0,"flat_sell_skips":0,"hold_signals":154,"risk_blocked_signals":0,"sell_signals":1,"stop_loss_exits":15,"take_profit_exits":0},"starting_equity":500,"total_return":-0.3130803436258316,"trade_analysis":{"average_loss":-14.391543831888402,"average_trade_duration_days":8.823529411764707,"average_win":7.637474500408365,"expectancy":-9.208245400759752,"largest_loss":-24.32236929938684,"largest_win":12.20328619601115,"max_trade_duration_days":26.0,"median_trade_duration_days":7.0,"profit_factor":0.16328978888038087,"time_in_market_percent":0.5534204458109147,"total_trades":17,"win_rate":0.23529411764705882}}