{"capital_utilization":{"average_cash_percent":0.8480346542987698,"average_exposure_percent":0.15196534570123027,"average_leverage":0.15196534570123027,"average_position_value":210.58546166985556,"max_exposure_percent":0.4135342753158345},"closed_trades":30,"equity_curve":[],"final_equity":547.2138808783629,"max_drawdown":0.16439807599615483,"open_trades":0,"profit_factor":1.2227352810156773,"sharpe":0.3837756012648534,"signal_diagnostics":{"buy_signals":30,"duplicate_buy_skips":0,"flat_sell_skips":0,"hold_signals":492,"risk_blocked_signals":0,"sell_signals":3,"stop_loss_exits":23,"take_profit_exits":4},"starting_equity":500,"total_return":0.09442776175672596,"trade_analysis":{"average_loss":-10.598653402161222,"average_trade_duration_days":8.936111111111112,"average_win":25.918694892158733,"expectancy":1.5737960292787636,"largest_loss":-18.110794119424668,"largest_win":71.99808802217864,"max_trade_duration_days":27.0,"median_trade_duration_days":7.0,"profit_factor":1.2227352810156773,"time_in_market_percent":0.33341970254443704,"total_trades":30,"win_rate":0.3333333333333333}}