{"capital_utilization":{"average_cash_percent":0.8527596468867613,"average_exposure_percent":0.14724035311323871,"average_leverage":0.14724035311323871,"average_position_value":196.01198276221365,"max_exposure_percent":0.40913906134489864},"closed_trades":20,"equity_curve":[],"final_equity":495.63627574110654,"max_drawdown":0.1082903581857818,"open_trades":0,"profit_factor":0.9344047100930692,"sharpe":-0.03536955613791411,"signal_diagnostics":{"buy_signals":20,"duplicate_buy_skips":0,"flat_sell_skips":0,"hold_signals":401,"risk_blocked_signals":0,"sell_signals":2,"stop_loss_exits":16,"take_profit_exits":1},"starting_equity":500,"total_return":-0.008727448517786951,"trade_analysis":{"average_loss":-5.117304875307657,"average_trade_duration_days":10.0,"average_win":8.880177017158017,"expectancy":-0.2181862129446718,"largest_loss":-10.552919152699515,"largest_win":15.965230414308909,"max_trade_duration_days":20.0,"median_trade_duration_days":11.0,"profit_factor":0.9344047100930692,"time_in_market_percent":0.31345915235420885,"total_trades":20,"win_rate":0.35}}