{"capital_utilization":{"average_cash_percent":0.8942078908847414,"average_exposure_percent":0.10579210911525865,"average_leverage":0.10579210911525865,"average_position_value":204.06945245641705,"max_exposure_percent":0.40624098654921476},"closed_trades":18,"equity_curve":[],"final_equity":547.6796607904107,"max_drawdown":0.021429975601539353,"open_trades":0,"profit_factor":2.622847954471861,"sharpe":1.339085005889949,"signal_diagnostics":{"buy_signals":18,"duplicate_buy_skips":0,"flat_sell_skips":0,"hold_signals":518,"risk_blocked_signals":0,"sell_signals":7,"stop_loss_exits":7,"take_profit_exits":3},"starting_equity":500,"total_return":0.0953593215808215,"trade_analysis":{"average_loss":-4.197177002409016,"average_trade_duration_days":10.388888888888888,"average_win":7.005445437024889,"expectancy":2.6488700439117028,"largest_loss":-7.551440746283723,"largest_win":14.521860440204948,"max_trade_duration_days":18.958333333333332,"median_trade_duration_days":11.0,"profit_factor":2.622847954471861,"time_in_market_percent":0.23257501165984348,"total_trades":18,"win_rate":0.6111111111111112}}