{"capital_utilization":{"average_cash_percent":0.9170250598757969,"average_exposure_percent":0.08297494012420317,"average_leverage":0.08297494012420317,"average_position_value":205.09175185692868,"max_exposure_percent":0.40567794480041136},"closed_trades":18,"equity_curve":[],"final_equity":543.5176701481676,"max_drawdown":0.026746844591893686,"open_trades":0,"profit_factor":2.200497236766675,"sharpe":1.098214843963657,"signal_diagnostics":{"buy_signals":18,"duplicate_buy_skips":0,"flat_sell_skips":0,"hold_signals":517,"risk_blocked_signals":0,"sell_signals":10,"stop_loss_exits":7,"take_profit_exits":1},"starting_equity":500,"total_return":0.08703534029633508,"trade_analysis":{"average_loss":-5.178529221700388,"average_trade_duration_days":7.555555555555555,"average_win":7.251579518188208,"expectancy":2.417648341564865,"largest_loss":-6.867969777374319,"largest_win":14.631523754287276,"max_trade_duration_days":18.0,"median_trade_duration_days":8.0,"profit_factor":2.200497236766675,"time_in_market_percent":0.16914546302534073,"total_trades":18,"win_rate":0.6111111111111112}}