{"capital_utilization":{"average_cash_percent":0.8160407881311791,"average_exposure_percent":0.1839592118688209,"average_leverage":0.1839592118688209,"average_position_value":178.392504117516,"max_exposure_percent":0.4246499388818238},"closed_trades":23,"equity_curve":[],"final_equity":437.2596685674078,"max_drawdown":0.22890000920589446,"open_trades":0,"profit_factor":0.7276926805480003,"sharpe":-0.4005104808836104,"signal_diagnostics":{"buy_signals":23,"duplicate_buy_skips":0,"flat_sell_skips":0,"hold_signals":394,"risk_blocked_signals":0,"sell_signals":10,"stop_loss_exits":12,"take_profit_exits":1},"starting_equity":500,"total_return":-0.12548066286518444,"trade_analysis":{"average_loss":-19.200221878860063,"average_trade_duration_days":11.478260869565217,"average_win":15.242030101248046,"expectancy":-2.7278404970692263,"largest_loss":-24.218224981881345,"largest_win":29.585375008080927,"max_trade_duration_days":22.0,"median_trade_duration_days":12.0,"profit_factor":0.7276926805480003,"time_in_market_percent":0.4137660811075557,"total_trades":23,"win_rate":0.4782608695652174}}