{"capital_utilization":{"average_cash_percent":0.9402041012839031,"average_exposure_percent":0.05979589871609687,"average_leverage":0.05979589871609687,"average_position_value":208.72875819579156,"max_exposure_percent":0.40631937443589455},"closed_trades":11,"equity_curve":[],"final_equity":538.296130054211,"max_drawdown":0.029688819500223042,"open_trades":0,"profit_factor":2.367424561204025,"sharpe":0.9951519425525412,"signal_diagnostics":{"buy_signals":11,"duplicate_buy_skips":0,"flat_sell_skips":0,"hold_signals":531,"risk_blocked_signals":0,"sell_signals":0,"stop_loss_exits":4,"take_profit_exits":7},"starting_equity":500,"total_return":0.0765922601084219,"trade_analysis":{"average_loss":-7.001506909545885,"average_trade_duration_days":9.359848484848486,"average_win":9.47173681319921,"expectancy":3.4814663685646283,"largest_loss":-7.9900215240758925,"largest_win":12.162348523604612,"max_trade_duration_days":19.0,"median_trade_duration_days":7.0,"profit_factor":2.367424561204025,"time_in_market_percent":0.1280509923822356,"total_trades":11,"win_rate":0.6363636363636364}}