{"capital_utilization":{"average_cash_percent":0.8780005340070653,"average_exposure_percent":0.12199946599293465,"average_leverage":0.12199946599293465,"average_position_value":201.78395731245305,"max_exposure_percent":0.40624098654921476},"closed_trades":28,"equity_curve":[],"final_equity":536.9382909113147,"max_drawdown":0.02339131765599158,"open_trades":0,"profit_factor":1.8660369146792588,"sharpe":1.0111340682948056,"signal_diagnostics":{"buy_signals":28,"duplicate_buy_skips":0,"flat_sell_skips":0,"hold_signals":497,"risk_blocked_signals":0,"sell_signals":11,"stop_loss_exits":14,"take_profit_exits":3},"starting_equity":500,"total_return":0.07387658182262924,"trade_analysis":{"average_loss":-3.046578391852215,"average_trade_duration_days":7.142857142857143,"average_win":5.685027742660405,"expectancy":1.319224675404095,"largest_loss":-7.551440746283723,"largest_win":14.298821856851388,"max_trade_duration_days":18.0,"median_trade_duration_days":6.520833333333334,"profit_factor":1.8660369146792588,"time_in_market_percent":0.24874332797844226,"total_trades":28,"win_rate":0.5}}