{"capital_utilization":{"average_cash_percent":0.7384168177303996,"average_exposure_percent":0.2615831822696005,"average_leverage":0.2615831822696005,"average_position_value":204.54869505908164,"max_exposure_percent":0.40378424869390744},"closed_trades":33,"equity_curve":[],"final_equity":525.9537584072443,"max_drawdown":0.02636177632596492,"open_trades":0,"profit_factor":1.608453358864704,"sharpe":0.7081412047849225,"signal_diagnostics":{"buy_signals":33,"duplicate_buy_skips":0,"flat_sell_skips":0,"hold_signals":487,"risk_blocked_signals":0,"sell_signals":1,"stop_loss_exits":32,"take_profit_exits":0},"starting_equity":500,"total_return":0.051907516814488686,"trade_analysis":{"average_loss":-2.0312045935514975,"average_trade_duration_days":14.78661616161616,"average_win":5.7174212393188135,"expectancy":0.7864775274922519,"largest_loss":-4.569756446983562,"largest_win":11.219396470047574,"max_trade_duration_days":50.0,"median_trade_duration_days":9.0,"profit_factor":1.608453358864704,"time_in_market_percent":0.606881898740737,"total_trades":33,"win_rate":0.36363636363636365}}