{"capital_utilization":{"average_cash_percent":0.7040353402157158,"average_exposure_percent":0.2959646597842842,"average_leverage":0.2959646597842842,"average_position_value":214.22127899285505,"max_exposure_percent":0.40681323315604795},"closed_trades":26,"equity_curve":[],"final_equity":550.0473249425509,"max_drawdown":0.04340214475212416,"open_trades":0,"profit_factor":2.4212905329767636,"sharpe":0.863025101407755,"signal_diagnostics":{"buy_signals":26,"duplicate_buy_skips":0,"flat_sell_skips":0,"hold_signals":501,"risk_blocked_signals":0,"sell_signals":8,"stop_loss_exits":17,"take_profit_exits":0},"starting_equity":500,"total_return":0.10009464988510164,"trade_analysis":{"average_loss":-2.708660992968847,"average_trade_duration_days":21.5,"average_win":6.55845521931891,"expectancy":1.9248971131750314,"largest_loss":-9.044640630272923,"largest_win":16.840726798571737,"max_trade_duration_days":77.0,"median_trade_duration_days":16.0,"profit_factor":2.4212905329767636,"time_in_market_percent":0.6952376016997461,"total_trades":26,"win_rate":0.5}}