{"capital_utilization":{"average_cash_percent":0.7326594960106463,"average_exposure_percent":0.2673405039893537,"average_leverage":0.2673405039893537,"average_position_value":219.77176286429642,"max_exposure_percent":0.4041147312189489},"closed_trades":22,"equity_curve":[],"final_equity":591.1930655949258,"max_drawdown":0.035962763082321804,"open_trades":0,"profit_factor":5.696590796970667,"sharpe":1.451902782020923,"signal_diagnostics":{"buy_signals":22,"duplicate_buy_skips":0,"flat_sell_skips":0,"hold_signals":510,"risk_blocked_signals":0,"sell_signals":9,"stop_loss_exits":12,"take_profit_exits":0},"starting_equity":500,"total_return":0.18238613118985159,"trade_analysis":{"average_loss":-2.773837739425368,"average_trade_duration_days":23.361742424242422,"average_win":7.37399531806022,"expectancy":4.145139345223897,"largest_loss":-5.355512400201074,"largest_win":28.988300263691396,"max_trade_duration_days":71.0,"median_trade_duration_days":20.0,"profit_factor":5.696590796970667,"time_in_market_percent":0.6392185313779344,"total_trades":22,"win_rate":0.6818181818181818}}