{"capital_utilization":{"average_cash_percent":0.8076901348223816,"average_exposure_percent":0.19230986517761842,"average_leverage":0.19230986517761842,"average_position_value":208.53089044587588,"max_exposure_percent":0.4057843801456051},"closed_trades":26,"equity_curve":[],"final_equity":550.8705619564619,"max_drawdown":0.035326269396805235,"open_trades":0,"profit_factor":2.0763517274283143,"sharpe":0.8702764184062993,"signal_diagnostics":{"buy_signals":26,"duplicate_buy_skips":0,"flat_sell_skips":0,"hold_signals":500,"risk_blocked_signals":0,"sell_signals":3,"stop_loss_exits":23,"take_profit_exits":0},"starting_equity":500,"total_return":0.10174112391292378,"trade_analysis":{"average_loss":-3.6355403636007884,"average_trade_duration_days":13.655448717948719,"average_win":7.5486605140978575,"expectancy":1.9565600752485344,"largest_loss":-7.044987316317192,"largest_win":19.494626584707284,"max_trade_duration_days":30.0,"median_trade_duration_days":13.0,"profit_factor":2.0763517274283143,"time_in_market_percent":0.4415712286883972,"total_trades":26,"win_rate":0.5}}