{"capital_utilization":{"average_cash_percent":0.8294749060008906,"average_exposure_percent":0.17052509399910937,"average_leverage":0.17052509399910937,"average_position_value":194.42474258182986,"max_exposure_percent":0.41899918236367983},"closed_trades":23,"equity_curve":[],"final_equity":464.49121882390557,"max_drawdown":0.19897924960886973,"open_trades":0,"profit_factor":0.8332943505584288,"sharpe":-0.1778559566855997,"signal_diagnostics":{"buy_signals":23,"duplicate_buy_skips":0,"flat_sell_skips":0,"hold_signals":507,"risk_blocked_signals":0,"sell_signals":6,"stop_loss_exits":13,"take_profit_exits":3},"starting_equity":500,"total_return":-0.07101756235218881,"trade_analysis":{"average_loss":-13.312679149987353,"average_trade_duration_days":13.612318840579713,"average_win":25.356297889100453,"expectancy":-1.5438600511345417,"largest_loss":-22.805872328859575,"largest_win":67.32749423780876,"max_trade_duration_days":50.0,"median_trade_duration_days":9.0,"profit_factor":0.8332943505584288,"time_in_market_percent":0.3893869513395865,"total_trades":23,"win_rate":0.30434782608695654}}