{"capital_utilization":{"average_cash_percent":0.8731307894341815,"average_exposure_percent":0.1268692105658185,"average_leverage":0.1268692105658185,"average_position_value":207.77900613931817,"max_exposure_percent":0.40608641806890733},"closed_trades":28,"equity_curve":[],"final_equity":572.2584110915932,"max_drawdown":0.038165517747983095,"open_trades":0,"profit_factor":2.2011523531781405,"sharpe":1.3520675443911416,"signal_diagnostics":{"buy_signals":28,"duplicate_buy_skips":0,"flat_sell_skips":0,"hold_signals":497,"risk_blocked_signals":0,"sell_signals":14,"stop_loss_exits":13,"take_profit_exits":1},"starting_equity":500,"total_return":0.1445168221831863,"trade_analysis":{"average_loss":-4.6275056615683035,"average_trade_duration_days":7.395833333333333,"average_win":8.82773231279874,"expectancy":2.58065753898547,"largest_loss":-7.435763663904063,"largest_win":18.601570176137784,"max_trade_duration_days":19.0,"median_trade_duration_days":6.520833333333334,"profit_factor":2.2011523531781405,"time_in_market_percent":0.2575529875110121,"total_trades":28,"win_rate":0.5357142857142857}}