{"capital_utilization":{"average_cash_percent":0.7998385912472685,"average_exposure_percent":0.20016140875273147,"average_leverage":0.20016140875273147,"average_position_value":208.61205925333672,"max_exposure_percent":0.4056738255681897},"closed_trades":18,"equity_curve":[],"final_equity":555.6512913915473,"max_drawdown":0.04233441858853445,"open_trades":0,"profit_factor":2.7036797387863474,"sharpe":0.9481574866183594,"signal_diagnostics":{"buy_signals":18,"duplicate_buy_skips":0,"flat_sell_skips":0,"hold_signals":516,"risk_blocked_signals":0,"sell_signals":5,"stop_loss_exits":11,"take_profit_exits":2},"starting_equity":500,"total_return":0.11130258278309446,"trade_analysis":{"average_loss":-3.62948310090719,"average_trade_duration_days":20.94675925925926,"average_win":9.812959922190213,"expectancy":3.0917384106415122,"largest_loss":-6.931096206360455,"largest_win":24.522572576901112,"max_trade_duration_days":52.041666666666664,"median_trade_duration_days":18.0,"profit_factor":2.7036797387863474,"time_in_market_percent":0.46893299476602585,"total_trades":18,"win_rate":0.5}}