{"capital_utilization":{"average_cash_percent":0.7572627768238201,"average_exposure_percent":0.24273722317617985,"average_leverage":0.24273722317617985,"average_position_value":209.12488373163956,"max_exposure_percent":0.40316515705881284},"closed_trades":20,"equity_curve":[],"final_equity":553.2255529541309,"max_drawdown":0.025178795713087086,"open_trades":0,"profit_factor":2.9389810447984392,"sharpe":1.4632012211412408,"signal_diagnostics":{"buy_signals":20,"duplicate_buy_skips":0,"flat_sell_skips":0,"hold_signals":513,"risk_blocked_signals":0,"sell_signals":0,"stop_loss_exits":15,"take_profit_exits":5},"starting_equity":500,"total_return":0.10645110590826179,"trade_analysis":{"average_loss":-2.7450269870824764,"average_trade_duration_days":23.047916666666666,"average_win":8.067582282495568,"expectancy":2.6612776477065463,"largest_loss":-3.873479132715414,"largest_win":15.056281629621868,"max_trade_duration_days":55.958333333333336,"median_trade_duration_days":22.5,"profit_factor":2.9389810447984392,"time_in_market_percent":0.5733015494636472,"total_trades":20,"win_rate":0.5}}