{"capital_utilization":{"average_cash_percent":0.7163960952325463,"average_exposure_percent":0.28360390476745373,"average_leverage":0.28360390476745373,"average_position_value":209.40579616944865,"max_exposure_percent":0.404604976608512},"closed_trades":20,"equity_curve":[],"final_equity":528.4669325434769,"max_drawdown":0.03602414332512538,"open_trades":0,"profit_factor":2.122249982096858,"sharpe":0.7803916347846321,"signal_diagnostics":{"buy_signals":20,"duplicate_buy_skips":0,"flat_sell_skips":0,"hold_signals":513,"risk_blocked_signals":0,"sell_signals":3,"stop_loss_exits":16,"take_profit_exits":0},"starting_equity":500,"total_return":0.05693386508695375,"trade_analysis":{"average_loss":-3.170743261038876,"average_trade_duration_days":27.15,"average_win":4.486073219315659,"expectancy":1.4233466271738453,"largest_loss":-5.80771077088306,"largest_win":12.4066398412181,"max_trade_duration_days":66.0,"median_trade_duration_days":23.520833333333336,"profit_factor":2.122249982096858,"time_in_market_percent":0.6753381354614707,"total_trades":20,"win_rate":0.6}}