{"capital_utilization":{"average_cash_percent":0.9418022287276367,"average_exposure_percent":0.05819777127236323,"average_leverage":0.05819777127236323,"average_position_value":209.97645213823805,"max_exposure_percent":0.40611480734180627},"closed_trades":8,"equity_curve":[],"final_equity":557.1518527415361,"max_drawdown":0.03270640120575427,"open_trades":0,"profit_factor":4.076256402807818,"sharpe":1.0243369540244116,"signal_diagnostics":{"buy_signals":8,"duplicate_buy_skips":0,"flat_sell_skips":0,"hold_signals":536,"risk_blocked_signals":0,"sell_signals":3,"stop_loss_exits":3,"take_profit_exits":2},"starting_equity":500,"total_return":0.11430370548307223,"trade_analysis":{"average_loss":-6.192792500366289,"average_trade_duration_days":13.125,"average_win":15.146046048526992,"expectancy":7.143981592692011,"largest_loss":-7.793009695120217,"largest_win":24.064343006215363,"max_trade_duration_days":21.0,"median_trade_duration_days":10.5,"profit_factor":4.076256402807818,"time_in_market_percent":0.13059024718868217,"total_trades":8,"win_rate":0.625}}