{"capital_utilization":{"average_cash_percent":0.9417808293430845,"average_exposure_percent":0.05821917065691549,"average_leverage":0.05821917065691549,"average_position_value":211.72047243685012,"max_exposure_percent":0.40609105888770247},"closed_trades":7,"equity_curve":[],"final_equity":568.8761254760171,"max_drawdown":0.029722998063726785,"open_trades":0,"profit_factor":9.374820369941483,"sharpe":1.8508444861393274,"signal_diagnostics":{"buy_signals":7,"duplicate_buy_skips":0,"flat_sell_skips":0,"hold_signals":539,"risk_blocked_signals":0,"sell_signals":4,"stop_loss_exits":1,"take_profit_exits":2},"starting_equity":500,"total_return":0.13775225095203436,"trade_analysis":{"average_loss":-8.224191377671113,"average_trade_duration_days":15.428571428571429,"average_win":12.850052808948044,"expectancy":9.839446496573881,"largest_loss":-8.224191377671113,"largest_win":20.68641776211624,"max_trade_duration_days":24.0,"median_trade_duration_days":14.0,"profit_factor":9.374820369941483,"time_in_market_percent":0.13432139710835883,"total_trades":7,"win_rate":0.8571428571428571}}