{"capital_utilization":{"average_cash_percent":0.7403366360565378,"average_exposure_percent":0.2596633639434622,"average_leverage":0.2596633639434622,"average_position_value":217.41012675454638,"max_exposure_percent":0.4043669812223739},"closed_trades":24,"equity_curve":[],"final_equity":572.6576302208047,"max_drawdown":0.039964058920858934,"open_trades":0,"profit_factor":2.954172244309009,"sharpe":1.2419442496406576,"signal_diagnostics":{"buy_signals":24,"duplicate_buy_skips":0,"flat_sell_skips":0,"hold_signals":506,"risk_blocked_signals":0,"sell_signals":2,"stop_loss_exits":16,"take_profit_exits":5},"starting_equity":500,"total_return":0.14531526044160925,"trade_analysis":{"average_loss":-3.3800700681417366,"average_trade_duration_days":20.45659722222222,"average_win":8.449107766951059,"expectancy":3.027401259200193,"largest_loss":-5.530418783853508,"largest_win":20.160162422165154,"max_trade_duration_days":53.958333333333336,"median_trade_duration_days":18.5,"profit_factor":2.954172244309009,"time_in_market_percent":0.6106130486604135,"total_trades":24,"win_rate":0.5416666666666666}}