{"capital_utilization":{"average_cash_percent":0.7316022794513739,"average_exposure_percent":0.2683977205486261,"average_leverage":0.2683977205486261,"average_position_value":207.86349006653307,"max_exposure_percent":0.40295590833363554},"closed_trades":20,"equity_curve":[],"final_equity":553.7255770367098,"max_drawdown":0.026708628509187756,"open_trades":0,"profit_factor":3.7160051583100033,"sharpe":1.292358712313778,"signal_diagnostics":{"buy_signals":20,"duplicate_buy_skips":0,"flat_sell_skips":0,"hold_signals":513,"risk_blocked_signals":0,"sell_signals":0,"stop_loss_exits":16,"take_profit_exits":4},"starting_equity":500,"total_return":0.10745115407341954,"trade_analysis":{"average_loss":-2.197900302718448,"average_trade_duration_days":25.74791666666666,"average_win":6.682425432834166,"expectancy":2.68627885183549,"largest_loss":-3.6226614205450147,"largest_win":14.383120624092305,"max_trade_duration_days":66.0,"median_trade_duration_days":23.5,"profit_factor":3.7160051583100033,"time_in_market_percent":0.6404622480178266,"total_trades":20,"win_rate":0.55}}