{"capital_utilization":{"average_cash_percent":0.6947677986909656,"average_exposure_percent":0.3052322013090344,"average_leverage":0.3052322013090344,"average_position_value":210.07498686251023,"max_exposure_percent":0.40402286936869997},"closed_trades":27,"equity_curve":[],"final_equity":536.1578960292521,"max_drawdown":0.04105395863389324,"open_trades":0,"profit_factor":1.955522949131992,"sharpe":0.9021537595547808,"signal_diagnostics":{"buy_signals":27,"duplicate_buy_skips":0,"flat_sell_skips":0,"hold_signals":499,"risk_blocked_signals":0,"sell_signals":3,"stop_loss_exits":20,"take_profit_exits":3},"starting_equity":500,"total_return":0.07231579205850425,"trade_analysis":{"average_loss":-2.9108422986192157,"average_trade_duration_days":21.185185185185187,"average_win":5.285631850807282,"expectancy":1.3391813344167458,"largest_loss":-5.135143131014053,"largest_win":16.348351197464456,"max_trade_duration_days":62.0,"median_trade_duration_days":21.0,"profit_factor":1.955522949131992,"time_in_market_percent":0.7114059180183449,"total_trades":27,"win_rate":0.5185185185185185}}