{"capital_utilization":{"average_cash_percent":0.7491521102954384,"average_exposure_percent":0.2508478897045616,"average_leverage":0.2508478897045616,"average_position_value":208.14836503420975,"max_exposure_percent":0.40392373800061343},"closed_trades":37,"equity_curve":[],"final_equity":518.7140579259731,"max_drawdown":0.039877129707254974,"open_trades":0,"profit_factor":1.2805006172351947,"sharpe":0.3777589453660765,"signal_diagnostics":{"buy_signals":37,"duplicate_buy_skips":0,"flat_sell_skips":0,"hold_signals":479,"risk_blocked_signals":0,"sell_signals":1,"stop_loss_exits":36,"take_profit_exits":0},"starting_equity":500,"total_return":0.03742811585194605,"trade_analysis":{"average_loss":-3.0325744200480487,"average_trade_duration_days":12.647522522522522,"average_win":5.69537967780201,"expectancy":0.5057853493506236,"largest_loss":-4.929617767356119,"largest_win":13.363925244051307,"max_trade_duration_days":40.0,"median_trade_duration_days":10.0,"profit_factor":1.2805006172351947,"time_in_market_percent":0.5820075659428927,"total_trades":37,"win_rate":0.40540540540540543}}