{"capital_utilization":{"average_cash_percent":0.8565747724339129,"average_exposure_percent":0.1434252275660871,"average_leverage":0.1434252275660871,"average_position_value":204.44272096892988,"max_exposure_percent":0.4056225808061604},"closed_trades":7,"equity_curve":[],"final_equity":536.531094662052,"max_drawdown":0.04120830487531868,"open_trades":0,"profit_factor":2.699159838166907,"sharpe":1.0615869837045784,"signal_diagnostics":{"buy_signals":7,"duplicate_buy_skips":0,"flat_sell_skips":0,"hold_signals":427,"risk_blocked_signals":0,"sell_signals":1,"stop_loss_exits":5,"take_profit_exits":0},"starting_equity":500,"total_return":0.07306218932410413,"trade_analysis":{"average_loss":-5.374876136058906,"average_trade_duration_days":31.571428571428573,"average_win":19.343533068762568,"expectancy":5.218727808864581,"largest_loss":-6.8006614957891385,"largest_win":33.11575566551632,"max_trade_duration_days":97.0,"median_trade_duration_days":21.0,"profit_factor":2.699159838166907,"time_in_market_percent":0.3463723633514008,"total_trades":7,"win_rate":0.42857142857142855}}