{"capital_utilization":{"average_cash_percent":0.9138283413804345,"average_exposure_percent":0.0861716586195655,"average_leverage":0.0861716586195655,"average_position_value":195.85093148754942,"max_exposure_percent":0.4071005567891673},"closed_trades":14,"equity_curve":[],"final_equity":504.2560839487584,"max_drawdown":0.07580902074858079,"open_trades":0,"profit_factor":1.094302836335522,"sharpe":0.11886749674942217,"signal_diagnostics":{"buy_signals":14,"duplicate_buy_skips":0,"flat_sell_skips":0,"hold_signals":412,"risk_blocked_signals":0,"sell_signals":3,"stop_loss_exits":10,"take_profit_exits":1},"starting_equity":500,"total_return":0.008512167897516854,"trade_analysis":{"average_loss":-5.64151105383453,"average_trade_duration_days":8.285714285714286,"average_win":8.231362063239102,"expectancy":0.30400599633988357,"largest_loss":-8.468580967524616,"largest_win":14.620081482017612,"max_trade_duration_days":13.0,"median_trade_duration_days":8.0,"profit_factor":1.094302836335522,"time_in_market_percent":0.18180630836544115,"total_trades":14,"win_rate":0.42857142857142855}}