{"capital_utilization":{"average_cash_percent":0.9351829031717064,"average_exposure_percent":0.06481709682829358,"average_leverage":0.06481709682829358,"average_position_value":205.79896996503365,"max_exposure_percent":0.40321141171464164},"closed_trades":9,"equity_curve":[],"final_equity":548.2543389843313,"max_drawdown":0.014892944949413353,"open_trades":0,"profit_factor":8.617694315839747,"sharpe":1.7005582852227112,"signal_diagnostics":{"buy_signals":9,"duplicate_buy_skips":0,"flat_sell_skips":0,"hold_signals":535,"risk_blocked_signals":0,"sell_signals":6,"stop_loss_exits":2,"take_profit_exits":1},"starting_equity":500,"total_return":0.09650867796866258,"trade_analysis":{"average_loss":-3.167253566738321,"average_trade_duration_days":12.773148148148147,"average_win":7.798406588258284,"expectancy":5.36159322048126,"largest_loss":-3.998150736111322,"largest_win":15.070777400173899,"max_trade_duration_days":21.0,"median_trade_duration_days":13.0,"profit_factor":8.617694315839747,"time_in_market_percent":0.14297559206094212,"total_trades":9,"win_rate":0.7777777777777778}}