{"capital_utilization":{"average_cash_percent":0.877753532143308,"average_exposure_percent":0.12224646785669199,"average_leverage":0.12224646785669199,"average_position_value":205.43324502080256,"max_exposure_percent":0.40703215488468836},"closed_trades":13,"equity_curve":[],"final_equity":523.1809963890063,"max_drawdown":0.05149435000883408,"open_trades":0,"profit_factor":1.556856995084365,"sharpe":0.4270848470075556,"signal_diagnostics":{"buy_signals":13,"duplicate_buy_skips":0,"flat_sell_skips":0,"hold_signals":527,"risk_blocked_signals":0,"sell_signals":4,"stop_loss_exits":7,"take_profit_exits":1},"starting_equity":500,"total_return":0.04636199277801256,"trade_analysis":{"average_loss":-5.946896495775327,"average_trade_duration_days":17.53525641025641,"average_win":10.8015453099056,"expectancy":1.783153568385101,"largest_loss":-9.00747104383094,"largest_win":19.454171936835035,"max_trade_duration_days":40.0,"median_trade_duration_days":15.0,"profit_factor":1.556856995084365,"time_in_market_percent":0.28351557236876196,"total_trades":13,"win_rate":0.46153846153846156}}