{"capital_utilization":{"average_cash_percent":0.7980370595780228,"average_exposure_percent":0.20196294042197716,"average_leverage":0.20196294042197716,"average_position_value":214.22062125034316,"max_exposure_percent":0.4058702430448007},"closed_trades":14,"equity_curve":[],"final_equity":563.2436337121954,"max_drawdown":0.0463501132773594,"open_trades":0,"profit_factor":2.78262747370923,"sharpe":1.040464812796087,"signal_diagnostics":{"buy_signals":14,"duplicate_buy_skips":0,"flat_sell_skips":0,"hold_signals":526,"risk_blocked_signals":0,"sell_signals":1,"stop_loss_exits":12,"take_profit_exits":0},"starting_equity":500,"total_return":0.12648726742439087,"trade_analysis":{"average_loss":-5.068251751572419,"average_trade_duration_days":28.0,"average_win":14.103056567600337,"expectancy":4.517402408013961,"largest_loss":-7.789786475886823,"largest_win":45.06709242879144,"max_trade_duration_days":119.0,"median_trade_duration_days":21.5,"profit_factor":2.78262747370923,"time_in_market_percent":0.4875369228377468,"total_trades":14,"win_rate":0.5}}