{"capital_utilization":{"average_cash_percent":0.8067124368822252,"average_exposure_percent":0.19328756311777487,"average_leverage":0.19328756311777487,"average_position_value":207.10867740742722,"max_exposure_percent":0.40583068554349644},"closed_trades":17,"equity_curve":[],"final_equity":535.8246555634297,"max_drawdown":0.04377979924157346,"open_trades":0,"profit_factor":2.138574700087215,"sharpe":0.6187490023608604,"signal_diagnostics":{"buy_signals":17,"duplicate_buy_skips":0,"flat_sell_skips":0,"hold_signals":518,"risk_blocked_signals":0,"sell_signals":2,"stop_loss_exits":15,"take_profit_exits":0},"starting_equity":500,"total_return":0.07164931112685946,"trade_analysis":{"average_loss":-4.494925047290087,"average_trade_duration_days":21.590686274509807,"average_win":6.728913089446036,"expectancy":2.10733268020175,"largest_loss":-7.339550292149435,"largest_win":16.700501833086577,"max_trade_duration_days":48.0,"median_trade_duration_days":22.0,"profit_factor":2.138574700087215,"time_in_market_percent":0.45649582836710373,"total_trades":17,"win_rate":0.5882352941176471}}