{"capital_utilization":{"average_cash_percent":0.7879835423394914,"average_exposure_percent":0.2120164576605086,"average_leverage":0.2120164576605086,"average_position_value":207.98436239535556,"max_exposure_percent":0.40634477531669977},"closed_trades":25,"equity_curve":[],"final_equity":527.423126687672,"max_drawdown":0.058225975389148824,"open_trades":0,"profit_factor":1.4210659883886108,"sharpe":0.45957587774813896,"signal_diagnostics":{"buy_signals":25,"duplicate_buy_skips":0,"flat_sell_skips":0,"hold_signals":503,"risk_blocked_signals":0,"sell_signals":6,"stop_loss_exits":16,"take_profit_exits":3},"starting_equity":500,"total_return":0.05484625337534399,"trade_analysis":{"average_loss":-4.070491241856526,"average_trade_duration_days":16.121666666666666,"average_win":10.283442950819607,"expectancy":1.0969250675068805,"largest_loss":-7.8403084215997065,"largest_win":29.227829369752012,"max_trade_duration_days":49.0,"median_trade_duration_days":12.0,"profit_factor":1.4210659883886108,"time_in_market_percent":0.5012696274032232,"total_trades":25,"win_rate":0.36}}