{"capital_utilization":{"average_cash_percent":0.902102570241855,"average_exposure_percent":0.09789742975814494,"average_leverage":0.09789742975814494,"average_position_value":202.78759356563165,"max_exposure_percent":0.40914923617349425},"closed_trades":21,"equity_curve":[],"final_equity":514.8642866628453,"max_drawdown":0.0474868320095065,"open_trades":0,"profit_factor":1.2802906595159276,"sharpe":0.3033138145154287,"signal_diagnostics":{"buy_signals":21,"duplicate_buy_skips":0,"flat_sell_skips":0,"hold_signals":512,"risk_blocked_signals":0,"sell_signals":7,"stop_loss_exits":12,"take_profit_exits":1},"starting_equity":500,"total_return":0.029728573325690677,"trade_analysis":{"average_loss":-4.419307291139749,"average_trade_duration_days":7.666666666666667,"average_win":7.5439971285024745,"expectancy":0.7078231744212043,"largest_loss":-11.051785390259287,"largest_win":16.73464575456247,"max_trade_duration_days":20.0,"median_trade_duration_days":6.0,"profit_factor":1.2802906595159276,"time_in_market_percent":0.20023837902264602,"total_trades":21,"win_rate":0.42857142857142855}}