{"capital_utilization":{"average_cash_percent":0.730686030310664,"average_exposure_percent":0.26931396968933596,"average_leverage":0.26931396968933596,"average_position_value":218.62978167284487,"max_exposure_percent":0.40436698122237397},"closed_trades":19,"equity_curve":[],"final_equity":585.4358530395374,"max_drawdown":0.041193592762675556,"open_trades":0,"profit_factor":4.494445904364286,"sharpe":1.3679701481472255,"signal_diagnostics":{"buy_signals":19,"duplicate_buy_skips":0,"flat_sell_skips":0,"hold_signals":516,"risk_blocked_signals":0,"sell_signals":4,"stop_loss_exits":14,"take_profit_exits":0},"starting_equity":500,"total_return":0.17087170607907476,"trade_analysis":{"average_loss":-3.4927202185467583,"average_trade_duration_days":27.629385964912277,"average_win":9.157074547447058,"expectancy":4.496623844186177,"largest_loss":-5.599637285292771,"largest_win":33.67206114000116,"max_trade_duration_days":97.0,"median_trade_duration_days":20.0,"profit_factor":4.494445904364286,"time_in_market_percent":0.6528994144167487,"total_trades":19,"win_rate":0.631578947368421}}