{"capital_utilization":{"average_cash_percent":0.7192255809773997,"average_exposure_percent":0.28077441902260025,"average_leverage":0.28077441902260025,"average_position_value":203.3447470120701,"max_exposure_percent":0.40346512945899965},"closed_trades":39,"equity_curve":[],"final_equity":507.3049248272216,"max_drawdown":0.04145261260177039,"open_trades":0,"profit_factor":1.150345128444494,"sharpe":0.22186972154819495,"signal_diagnostics":{"buy_signals":39,"duplicate_buy_skips":0,"flat_sell_skips":0,"hold_signals":475,"risk_blocked_signals":0,"sell_signals":2,"stop_loss_exits":35,"take_profit_exits":1},"starting_equity":500,"total_return":0.014609849654443119,"trade_analysis":{"average_loss":-2.2085320690890886,"average_trade_duration_days":13.128205128205128,"average_win":3.2878017851283285,"expectancy":0.18730576480055422,"largest_loss":-4.204587577053953,"largest_win":9.895032476006786,"max_trade_duration_days":50.0,"median_trade_duration_days":10.0,"profit_factor":1.150345128444494,"time_in_market_percent":0.6367829196248121,"total_trades":39,"win_rate":0.4358974358974359}}