{"capital_utilization":{"average_cash_percent":0.7382258788770355,"average_exposure_percent":0.2617741211229645,"average_leverage":0.2617741211229645,"average_position_value":203.95329057545246,"max_exposure_percent":0.40378424869390744},"closed_trades":35,"equity_curve":[],"final_equity":523.2162652598797,"max_drawdown":0.02636177632596492,"open_trades":0,"profit_factor":1.508495261159363,"sharpe":0.6419539685871491,"signal_diagnostics":{"buy_signals":35,"duplicate_buy_skips":0,"flat_sell_skips":0,"hold_signals":483,"risk_blocked_signals":0,"sell_signals":1,"stop_loss_exits":32,"take_profit_exits":2},"starting_equity":500,"total_return":0.046432530519759485,"trade_analysis":{"average_loss":-2.0753089854445275,"average_trade_duration_days":13.827380952380953,"average_win":5.297927918435333,"expectancy":0.6633218645679918,"largest_loss":-4.569756446983562,"largest_win":11.0765559104441,"max_trade_duration_days":50.0,"median_trade_duration_days":9.0,"profit_factor":1.508495261159363,"time_in_market_percent":0.601907032181168,"total_trades":35,"win_rate":0.37142857142857144}}