{"capital_utilization":{"average_cash_percent":0.9511192481218328,"average_exposure_percent":0.04888075187816721,"average_leverage":0.04888075187816721,"average_position_value":205.06397597906806,"max_exposure_percent":0.40446306403229726},"closed_trades":9,"equity_curve":[],"final_equity":554.0485234995914,"max_drawdown":0.020925282579327263,"open_trades":0,"profit_factor":6.18663820827032,"sharpe":1.6090511906490612,"signal_diagnostics":{"buy_signals":9,"duplicate_buy_skips":0,"flat_sell_skips":0,"hold_signals":535,"risk_blocked_signals":0,"sell_signals":4,"stop_loss_exits":4,"take_profit_exits":1},"starting_equity":500,"total_return":0.10809704699918288,"trade_analysis":{"average_loss":-3.4735745537709235,"average_trade_duration_days":9.333333333333334,"average_win":10.744874526817362,"expectancy":6.0053914999546,"largest_loss":-5.386755117904885,"largest_win":18.851015492064068,"max_trade_duration_days":17.0,"median_trade_duration_days":8.0,"profit_factor":6.18663820827032,"time_in_market_percent":0.10447219775094575,"total_trades":9,"win_rate":0.6666666666666666}}