{"capital_utilization":{"average_cash_percent":0.7109018448016857,"average_exposure_percent":0.2890981551983143,"average_leverage":0.2890981551983143,"average_position_value":210.57950874824647,"max_exposure_percent":0.4040635022108354},"closed_trades":22,"equity_curve":[],"final_equity":528.8921550115998,"max_drawdown":0.04793847984431432,"open_trades":0,"profit_factor":1.9246195890381093,"sharpe":0.7564649169350426,"signal_diagnostics":{"buy_signals":22,"duplicate_buy_skips":0,"flat_sell_skips":0,"hold_signals":509,"risk_blocked_signals":0,"sell_signals":3,"stop_loss_exits":18,"take_profit_exits":0},"starting_equity":500,"total_return":0.057784310023199614,"trade_analysis":{"average_loss":-3.124761291468702,"average_trade_duration_days":25.045454545454547,"average_win":5.011647327190571,"expectancy":1.3132797732545378,"largest_loss":-5.189277541813146,"largest_win":14.081322039601885,"max_trade_duration_days":66.0,"median_trade_duration_days":21.520833333333336,"profit_factor":1.9246195890381093,"time_in_market_percent":0.6852878685806084,"total_trades":22,"win_rate":0.5454545454545454}}