{"capital_utilization":{"average_cash_percent":0.9409329380668902,"average_exposure_percent":0.05906706193310986,"average_leverage":0.05906706193310986,"average_position_value":204.63063636043358,"max_exposure_percent":0.40841752175097096},"closed_trades":9,"equity_curve":[],"final_equity":535.8307943533138,"max_drawdown":0.025076681958869817,"open_trades":0,"profit_factor":2.542808117600378,"sharpe":1.0370350939887887,"signal_diagnostics":{"buy_signals":9,"duplicate_buy_skips":0,"flat_sell_skips":0,"hold_signals":535,"risk_blocked_signals":0,"sell_signals":6,"stop_loss_exits":3,"take_profit_exits":0},"starting_equity":500,"total_return":0.07166158870662742,"trade_analysis":{"average_loss":-7.7414669922451935,"average_trade_duration_days":10.995370370370372,"average_win":9.84253255500823,"expectancy":3.9811993725904213,"largest_loss":-10.4214732982125,"largest_win":15.144479278838087,"max_trade_duration_days":15.0,"median_trade_duration_days":11.0,"profit_factor":2.542808117600378,"time_in_market_percent":0.12307612582266675,"total_trades":9,"win_rate":0.6666666666666666}}