{"capital_utilization":{"average_cash_percent":0.7281422244567207,"average_exposure_percent":0.2718577755432793,"average_leverage":0.2718577755432793,"average_position_value":207.55378763054014,"max_exposure_percent":0.4056910690946866},"closed_trades":23,"equity_curve":[],"final_equity":520.7708508607427,"max_drawdown":0.06394292604649508,"open_trades":0,"profit_factor":1.4696843120732337,"sharpe":0.41763584057538977,"signal_diagnostics":{"buy_signals":23,"duplicate_buy_skips":0,"flat_sell_skips":0,"hold_signals":506,"risk_blocked_signals":0,"sell_signals":5,"stop_loss_exits":18,"take_profit_exits":0},"starting_equity":500,"total_return":0.04154170172148541,"trade_analysis":{"average_loss":-3.401769481007376,"average_trade_duration_days":22.565217391304348,"average_win":6.4993854113838605,"expectancy":0.903080472206205,"largest_loss":-7.117923263648062,"largest_win":15.793963355905046,"max_trade_duration_days":78.0,"median_trade_duration_days":18.0,"profit_factor":1.4696843120732337,"time_in_market_percent":0.6454889361040577,"total_trades":23,"win_rate":0.43478260869565216}}