{"capital_utilization":{"average_cash_percent":0.9152143069493445,"average_exposure_percent":0.08478569305065556,"average_leverage":0.08478569305065556,"average_position_value":212.1250898375948,"max_exposure_percent":0.41781446647399473},"closed_trades":18,"equity_curve":[],"final_equity":609.2872544672495,"max_drawdown":0.14280443599046883,"open_trades":0,"profit_factor":1.8292005274540286,"sharpe":0.9015726837009944,"signal_diagnostics":{"buy_signals":18,"duplicate_buy_skips":0,"flat_sell_skips":0,"hold_signals":516,"risk_blocked_signals":0,"sell_signals":1,"stop_loss_exits":8,"take_profit_exits":9},"starting_equity":500,"total_return":0.2185745089344988,"trade_analysis":{"average_loss":-16.474792714315484,"average_trade_duration_days":8.273148148148149,"average_win":24.108559618177335,"expectancy":6.071514137069416,"largest_loss":-22.83389853903949,"largest_win":38.26938946708186,"max_trade_duration_days":20.0,"median_trade_duration_days":6.5,"profit_factor":1.8292005274540286,"time_in_market_percent":0.18521013629061514,"total_trades":18,"win_rate":0.5555555555555556}}