{"capital_utilization":{"average_cash_percent":0.8744592757083025,"average_exposure_percent":0.12554072429169755,"average_leverage":0.12554072429169755,"average_position_value":218.66036829925164,"max_exposure_percent":0.4059669841027009},"closed_trades":24,"equity_curve":[],"final_equity":578.4990982121462,"max_drawdown":0.06605754387966593,"open_trades":0,"profit_factor":2.341915663801867,"sharpe":1.5130789300771115,"signal_diagnostics":{"buy_signals":24,"duplicate_buy_skips":0,"flat_sell_skips":0,"hold_signals":505,"risk_blocked_signals":0,"sell_signals":8,"stop_loss_exits":12,"take_profit_exits":3},"starting_equity":500,"total_return":0.15699819642429258,"trade_analysis":{"average_loss":-5.317980740631196,"average_trade_duration_days":8.875,"average_win":10.538222027622258,"expectancy":3.2707957588394243,"largest_loss":-7.9891594044193655,"largest_win":18.6988760450978,"max_trade_duration_days":18.0,"median_trade_duration_days":8.5,"profit_factor":2.341915663801867,"time_in_market_percent":0.264911644297041,"total_trades":24,"win_rate":0.5416666666666666}}