{"capital_utilization":{"average_cash_percent":0.9031978236814733,"average_exposure_percent":0.09680217631852675,"average_leverage":0.09680217631852675,"average_position_value":200.84621263918208,"max_exposure_percent":0.41122100156355174},"closed_trades":17,"equity_curve":[],"final_equity":531.2673283386039,"max_drawdown":0.040900445903304446,"open_trades":0,"profit_factor":1.5928045531431794,"sharpe":0.6388405914679357,"signal_diagnostics":{"buy_signals":17,"duplicate_buy_skips":0,"flat_sell_skips":0,"hold_signals":519,"risk_blocked_signals":0,"sell_signals":10,"stop_loss_exits":6,"take_profit_exits":1},"starting_equity":500,"total_return":0.06253465667720781,"trade_analysis":{"average_loss":-8.790791774685724,"average_trade_duration_days":10.176470588235293,"average_win":7.637461726065289,"expectancy":1.8392546081531667,"largest_loss":-13.515146903186128,"largest_win":14.463666356638104,"max_trade_duration_days":20.0,"median_trade_duration_days":8.0,"profit_factor":1.5928045531431794,"time_in_market_percent":0.21516297870135256,"total_trades":17,"win_rate":0.6470588235294118}}