{"capital_utilization":{"average_cash_percent":0.8161537894785539,"average_exposure_percent":0.18384621052144612,"average_leverage":0.18384621052144612,"average_position_value":204.3034069863015,"max_exposure_percent":0.4171645983103744},"closed_trades":34,"equity_curve":[],"final_equity":688.7740774991905,"max_drawdown":0.15990328156374722,"open_trades":0,"profit_factor":2.058076520946231,"sharpe":1.0414047386296157,"signal_diagnostics":{"buy_signals":34,"duplicate_buy_skips":0,"flat_sell_skips":0,"hold_signals":484,"risk_blocked_signals":0,"sell_signals":15,"stop_loss_exits":17,"take_profit_exits":2},"starting_equity":500,"total_return":0.377548154998381,"trade_analysis":{"average_loss":-11.894166679638074,"average_trade_duration_days":9.558823529411764,"average_win":19.325609352303246,"expectancy":5.552178749976194,"largest_loss":-20.85080371589803,"largest_win":39.085070157513066,"max_trade_duration_days":22.0,"median_trade_duration_days":7.979166666666666,"profit_factor":2.058076520946231,"time_in_market_percent":0.4042079079649687,"total_trades":34,"win_rate":0.5588235294117647}}