{"capital_utilization":{"average_cash_percent":0.8685665370398309,"average_exposure_percent":0.13143346296016908,"average_leverage":0.13143346296016908,"average_position_value":205.3492423559779,"max_exposure_percent":0.40411851217973255},"closed_trades":12,"equity_curve":[],"final_equity":531.6107539823713,"max_drawdown":0.033006847572063534,"open_trades":0,"profit_factor":3.012135267893425,"sharpe":1.0712700239652222,"signal_diagnostics":{"buy_signals":12,"duplicate_buy_skips":0,"flat_sell_skips":0,"hold_signals":417,"risk_blocked_signals":0,"sell_signals":3,"stop_loss_exits":8,"take_profit_exits":0},"starting_equity":500,"total_return":0.06322150796474268,"trade_analysis":{"average_loss":-2.244293447631573,"average_trade_duration_days":16.0,"average_win":9.46416162315846,"expectancy":2.634229498530942,"largest_loss":-3.965253620919444,"largest_win":13.417762623353584,"max_trade_duration_days":27.0,"median_trade_duration_days":13.5,"profit_factor":3.012135267893425,"time_in_market_percent":0.3009207862600405,"total_trades":12,"win_rate":0.4166666666666667}}