{"capital_utilization":{"average_cash_percent":0.8175993072813271,"average_exposure_percent":0.1824006927186729,"average_leverage":0.1824006927186729,"average_position_value":206.79578627770871,"max_exposure_percent":0.4102855704876692},"closed_trades":33,"equity_curve":[],"final_equity":530.048183887394,"max_drawdown":0.07844101917629046,"open_trades":0,"profit_factor":1.2604990159979657,"sharpe":0.4219177504247661,"signal_diagnostics":{"buy_signals":33,"duplicate_buy_skips":0,"flat_sell_skips":0,"hold_signals":487,"risk_blocked_signals":0,"sell_signals":8,"stop_loss_exits":21,"take_profit_exits":3},"starting_equity":500,"total_return":0.060096367774787884,"trade_analysis":{"average_loss":-6.785208849633566,"average_trade_duration_days":9.636363636363637,"average_win":9.087295895697785,"expectancy":0.9105510268907259,"largest_loss":-13.26250891742498,"largest_win":19.17864050456978,"max_trade_duration_days":22.0,"median_trade_duration_days":10.0,"profit_factor":1.2604990159979657,"time_in_market_percent":0.3955018914857232,"total_trades":33,"win_rate":0.48484848484848486}}