{"capital_utilization":{"average_cash_percent":0.8280697155456189,"average_exposure_percent":0.17193028445438102,"average_leverage":0.17193028445438102,"average_position_value":206.92451583192323,"max_exposure_percent":0.40543234643082543},"closed_trades":22,"equity_curve":[],"final_equity":539.7168336206009,"max_drawdown":0.047874066442712866,"open_trades":0,"profit_factor":1.5755020784373934,"sharpe":0.6332530256433436,"signal_diagnostics":{"buy_signals":22,"duplicate_buy_skips":0,"flat_sell_skips":0,"hold_signals":509,"risk_blocked_signals":0,"sell_signals":9,"stop_loss_exits":12,"take_profit_exits":0},"starting_equity":500,"total_return":0.07943366724120193,"trade_analysis":{"average_loss":-5.751041150080105,"average_trade_duration_days":14.31628787878788,"average_win":10.87293274215622,"expectancy":1.8053106191182244,"largest_loss":-6.854405268150497,"largest_win":20.542000154854964,"max_trade_duration_days":41.0,"median_trade_duration_days":12.5,"profit_factor":1.5755020784373934,"time_in_market_percent":0.3917189200393844,"total_trades":22,"win_rate":0.45454545454545453}}