{"capital_utilization":{"average_cash_percent":0.818680639247564,"average_exposure_percent":0.18131936075243604,"average_leverage":0.18131936075243604,"average_position_value":202.65530940026224,"max_exposure_percent":0.4200562050174938},"closed_trades":28,"equity_curve":[],"final_equity":482.0527809494412,"max_drawdown":0.22615031844462,"open_trades":0,"profit_factor":0.9272000480503146,"sharpe":-0.046657289926254626,"signal_diagnostics":{"buy_signals":28,"duplicate_buy_skips":0,"flat_sell_skips":0,"hold_signals":497,"risk_blocked_signals":0,"sell_signals":9,"stop_loss_exits":14,"take_profit_exits":4},"starting_equity":500,"total_return":-0.03589443810111759,"trade_analysis":{"average_loss":-11.739423663201084,"average_trade_duration_days":11.717261904761907,"average_win":32.654382553809135,"expectancy":-0.6409721089485277,"largest_loss":-24.19927120596115,"largest_win":71.46041992400494,"max_trade_duration_days":43.0,"median_trade_duration_days":9.5,"profit_factor":0.9272000480503146,"time_in_market_percent":0.4080427009379697,"total_trades":28,"win_rate":0.25}}