{"capital_utilization":{"average_cash_percent":0.9092263424175969,"average_exposure_percent":0.09077365758240309,"average_leverage":0.09077365758240309,"average_position_value":206.35792774402333,"max_exposure_percent":0.40685858888961485},"closed_trades":22,"equity_curve":[],"final_equity":525.280564740884,"max_drawdown":0.049096778692692175,"open_trades":0,"profit_factor":1.4317870621850788,"sharpe":0.5346891900076792,"signal_diagnostics":{"buy_signals":22,"duplicate_buy_skips":0,"flat_sell_skips":0,"hold_signals":510,"risk_blocked_signals":0,"sell_signals":9,"stop_loss_exits":11,"take_profit_exits":1},"starting_equity":500,"total_return":0.05056112948176783,"trade_analysis":{"average_loss":-4.879057092970495,"average_trade_duration_days":6.590909090909091,"average_win":8.382924985652995,"expectancy":1.1491165791310909,"largest_loss":-8.298966768904425,"largest_win":17.019101293236094,"max_trade_duration_days":17.0,"median_trade_duration_days":5.5,"profit_factor":1.4317870621850788,"time_in_market_percent":0.18033891278437064,"total_trades":22,"win_rate":0.45454545454545453}}