{"capital_utilization":{"average_cash_percent":0.7912965633514706,"average_exposure_percent":0.2087034366485294,"average_leverage":0.2087034366485294,"average_position_value":210.1321398166168,"max_exposure_percent":0.40753333855253815},"closed_trades":29,"equity_curve":[],"final_equity":534.7623338227362,"max_drawdown":0.05081216398317421,"open_trades":0,"profit_factor":1.6034919257151012,"sharpe":0.5891266406641671,"signal_diagnostics":{"buy_signals":29,"duplicate_buy_skips":0,"flat_sell_skips":0,"hold_signals":495,"risk_blocked_signals":0,"sell_signals":5,"stop_loss_exits":23,"take_profit_exits":1},"starting_equity":500,"total_return":0.06952466764547238,"trade_analysis":{"average_loss":-4.430922046725739,"average_trade_duration_days":13.311781609195402,"average_win":5.772770026885674,"expectancy":1.1987011663012463,"largest_loss":-9.456532583991232,"largest_win":20.901210720613832,"max_trade_duration_days":38.0,"median_trade_duration_days":11.0,"profit_factor":1.6034919257151012,"time_in_market_percent":0.4801264445250557,"total_trades":29,"win_rate":0.5517241379310345}}