{"capital_utilization":{"average_cash_percent":0.8273789152884071,"average_exposure_percent":0.17262108471159288,"average_leverage":0.17262108471159288,"average_position_value":216.92216159867903,"max_exposure_percent":0.41717475637301127},"closed_trades":37,"equity_curve":[],"final_equity":739.5554244063683,"max_drawdown":0.12782766693873734,"open_trades":0,"profit_factor":2.2683617849426527,"sharpe":1.3819349729693051,"signal_diagnostics":{"buy_signals":37,"duplicate_buy_skips":0,"flat_sell_skips":0,"hold_signals":478,"risk_blocked_signals":0,"sell_signals":9,"stop_loss_exits":15,"take_profit_exits":13},"starting_equity":500,"total_return":0.47911084881273647,"trade_analysis":{"average_loss":-12.591329868719827,"average_trade_duration_days":7.971846846846848,"average_win":19.47388056532571,"expectancy":6.474470929901846,"largest_loss":-22.269547710075333,"largest_win":39.43574841056825,"max_trade_duration_days":20.0,"median_trade_duration_days":7.0,"profit_factor":2.2683617849426527,"time_in_market_percent":0.3668445872415402,"total_trades":37,"win_rate":0.5945945945945946}}