{"capital_utilization":{"average_cash_percent":0.8056857027918022,"average_exposure_percent":0.1943142972081978,"average_leverage":0.1943142972081978,"average_position_value":191.0731009634096,"max_exposure_percent":0.4100729091461703},"closed_trades":21,"equity_curve":[],"final_equity":495.5349454698922,"max_drawdown":0.08640316113353988,"open_trades":0,"profit_factor":0.9478479403053139,"sharpe":-0.03222491267030721,"signal_diagnostics":{"buy_signals":21,"duplicate_buy_skips":0,"flat_sell_skips":0,"hold_signals":398,"risk_blocked_signals":0,"sell_signals":8,"stop_loss_exits":12,"take_profit_exits":1},"starting_equity":500,"total_return":-0.00893010906021563,"trade_analysis":{"average_loss":-7.134672718341325,"average_trade_duration_days":13.14484126984127,"average_win":9.016779787776454,"expectancy":-0.2126216442908478,"largest_loss":-11.689688259976412,"largest_win":13.65978659802089,"max_trade_duration_days":25.0,"median_trade_duration_days":14.0,"profit_factor":0.9478479403053139,"time_in_market_percent":0.43263893423888206,"total_trades":21,"win_rate":0.42857142857142855}}