{"capital_utilization":{"average_cash_percent":0.9717263631774236,"average_exposure_percent":0.028273636822576494,"average_leverage":0.028273636822576494,"average_position_value":197.28267280399848,"max_exposure_percent":0.4062666884976091},"closed_trades":3,"equity_curve":[],"final_equity":482.8520029447346,"max_drawdown":0.04295654590683331,"open_trades":0,"profit_factor":0.0,"sharpe":-0.5453925932233104,"signal_diagnostics":{"buy_signals":3,"duplicate_buy_skips":0,"flat_sell_skips":0,"hold_signals":434,"risk_blocked_signals":0,"sell_signals":0,"stop_loss_exits":3,"take_profit_exits":0},"starting_equity":500,"total_return":-0.03429599411053086,"trade_analysis":{"average_loss":-5.715999018421798,"average_trade_duration_days":12.333333333333334,"average_win":0,"expectancy":-5.715999018421798,"largest_loss":-7.342143964812963,"largest_win":0,"max_trade_duration_days":15.0,"median_trade_duration_days":11.0,"profit_factor":0.0,"time_in_market_percent":0.057989943185528636,"total_trades":3,"win_rate":0.0}}