{"capital_utilization":{"average_cash_percent":0.7436447885090871,"average_exposure_percent":0.25635521149091284,"average_leverage":0.25635521149091284,"average_position_value":210.2855599543839,"max_exposure_percent":0.4063306972320445},"closed_trades":28,"equity_curve":[],"final_equity":534.4615553373367,"max_drawdown":0.06343787562037571,"open_trades":0,"profit_factor":1.411540389929281,"sharpe":0.5126583653948185,"signal_diagnostics":{"buy_signals":28,"duplicate_buy_skips":0,"flat_sell_skips":0,"hold_signals":497,"risk_blocked_signals":0,"sell_signals":4,"stop_loss_exits":20,"take_profit_exits":4},"starting_equity":500,"total_return":0.06892311067467327,"trade_analysis":{"average_loss":-4.407261388603484,"average_trade_duration_days":17.392857142857142,"average_win":13.13328019120032,"expectancy":1.2307698334763104,"largest_loss":-7.954450196158742,"largest_win":28.96201473271307,"max_trade_duration_days":49.0,"median_trade_duration_days":13.0,"profit_factor":1.411540389929281,"time_in_market_percent":0.6056900036275068,"total_trades":28,"win_rate":0.32142857142857145}}