{"capital_utilization":{"average_cash_percent":0.7101852585254471,"average_exposure_percent":0.2898147414745529,"average_leverage":0.2898147414745529,"average_position_value":211.48442820924683,"max_exposure_percent":0.4054351220716225},"closed_trades":20,"equity_curve":[],"final_equity":533.4545384444668,"max_drawdown":0.04319358612748624,"open_trades":0,"profit_factor":2.2527340003898075,"sharpe":0.8517802270709779,"signal_diagnostics":{"buy_signals":20,"duplicate_buy_skips":0,"flat_sell_skips":0,"hold_signals":513,"risk_blocked_signals":0,"sell_signals":3,"stop_loss_exits":16,"take_profit_exits":0},"starting_equity":500,"total_return":0.06690907688893377,"trade_analysis":{"average_loss":-3.33815263596032,"average_trade_duration_days":27.95,"average_win":5.013313294345782,"expectancy":1.672726922223341,"largest_loss":-6.944065460713778,"largest_win":14.081322039601885,"max_trade_duration_days":78.0,"median_trade_duration_days":23.520833333333336,"profit_factor":2.2527340003898075,"time_in_market_percent":0.6952376016997461,"total_trades":20,"win_rate":0.6}}