{"capital_utilization":{"average_cash_percent":0.8626206543443646,"average_exposure_percent":0.1373793456556354,"average_leverage":0.1373793456556354,"average_position_value":202.3024504781209,"max_exposure_percent":0.40839904060915305},"closed_trades":32,"equity_curve":[],"final_equity":526.4267918391241,"max_drawdown":0.05705843271217401,"open_trades":0,"profit_factor":1.3201357436942511,"sharpe":0.45242859407423336,"signal_diagnostics":{"buy_signals":32,"duplicate_buy_skips":0,"flat_sell_skips":0,"hold_signals":489,"risk_blocked_signals":0,"sell_signals":11,"stop_loss_exits":13,"take_profit_exits":8},"starting_equity":500,"total_return":0.05285358367824822,"trade_analysis":{"average_loss":-5.503247160963349,"average_trade_duration_days":7.217447916666667,"average_win":6.410323485504376,"expectancy":0.8258372449726298,"largest_loss":-10.288701269435643,"largest_win":15.643335813686614,"max_trade_duration_days":19.041666666666668,"median_trade_duration_days":6.5,"profit_factor":1.3201357436942511,"time_in_market_percent":0.2872467222884386,"total_trades":32,"win_rate":0.53125}}