{"capital_utilization":{"average_cash_percent":0.8011464069170042,"average_exposure_percent":0.19885359308299577,"average_leverage":0.19885359308299577,"average_position_value":204.61870446679234,"max_exposure_percent":0.40586148047379145},"closed_trades":17,"equity_curve":[],"final_equity":538.0716269687917,"max_drawdown":0.043788574151601846,"open_trades":0,"profit_factor":2.073440065642514,"sharpe":0.648491301956553,"signal_diagnostics":{"buy_signals":17,"duplicate_buy_skips":0,"flat_sell_skips":0,"hold_signals":518,"risk_blocked_signals":0,"sell_signals":1,"stop_loss_exits":16,"take_profit_exits":0},"starting_equity":500,"total_return":0.07614325393758348,"trade_analysis":{"average_loss":-4.433366634447792,"average_trade_duration_days":22.17892156862745,"average_win":8.170951116041566,"expectancy":2.2395074687524565,"largest_loss":-7.28667877950787,"largest_win":16.54949884972918,"max_trade_duration_days":52.041666666666664,"median_trade_duration_days":22.0,"profit_factor":2.073440065642514,"time_in_market_percent":0.46893299476602585,"total_trades":17,"win_rate":0.5294117647058824}}