{"capital_utilization":{"average_cash_percent":0.8809411745944535,"average_exposure_percent":0.1190588254055465,"average_leverage":0.1190588254055465,"average_position_value":193.76822916370404,"max_exposure_percent":0.40947714211372416},"closed_trades":15,"equity_curve":[],"final_equity":503.2167766857957,"max_drawdown":0.07820546662864696,"open_trades":0,"profit_factor":1.0580937436416382,"sharpe":0.09049762123894241,"signal_diagnostics":{"buy_signals":15,"duplicate_buy_skips":0,"flat_sell_skips":0,"hold_signals":410,"risk_blocked_signals":0,"sell_signals":7,"stop_loss_exits":7,"take_profit_exits":1},"starting_equity":500,"total_return":0.0064335533715913495,"trade_analysis":{"average_loss":-7.910310090824892,"average_trade_duration_days":11.133333333333333,"average_win":7.323618415196244,"expectancy":0.21445177905304705,"largest_loss":-11.258914407703966,"largest_win":14.098304621731769,"max_trade_duration_days":21.0,"median_trade_duration_days":11.0,"profit_factor":1.0580937436416382,"time_in_market_percent":0.2617383922157644,"total_trades":15,"win_rate":0.5333333333333333}}