{"capital_utilization":{"average_cash_percent":0.8906946587322662,"average_exposure_percent":0.10930534126773382,"average_leverage":0.10930534126773382,"average_position_value":214.41218547816845,"max_exposure_percent":0.40567794480041136},"closed_trades":19,"equity_curve":[],"final_equity":596.8010857423371,"max_drawdown":0.026746844591893686,"open_trades":0,"profit_factor":3.796527768368114,"sharpe":2.0675423481425423,"signal_diagnostics":{"buy_signals":19,"duplicate_buy_skips":0,"flat_sell_skips":0,"hold_signals":515,"risk_blocked_signals":0,"sell_signals":9,"stop_loss_exits":8,"take_profit_exits":2},"starting_equity":500,"total_return":0.1936021714846743,"trade_analysis":{"average_loss":-4.944963068501624,"average_trade_duration_days":9.945175438596491,"average_win":10.951318935154042,"expectancy":5.094793986438795,"largest_loss":-6.867969777374319,"largest_win":23.077955305289905,"max_trade_duration_days":19.0,"median_trade_duration_days":9.0,"profit_factor":3.796527768368114,"time_in_market_percent":0.23501062341296577,"total_trades":19,"win_rate":0.631578947368421}}