{"capital_utilization":{"average_cash_percent":0.8850780252628729,"average_exposure_percent":0.1149219747371271,"average_leverage":0.1149219747371271,"average_position_value":218.66899386158283,"max_exposure_percent":0.4135356685309154},"closed_trades":19,"equity_curve":[],"final_equity":639.0677285866378,"max_drawdown":0.0944840671580978,"open_trades":0,"profit_factor":2.177969358050123,"sharpe":0.9946917714305102,"signal_diagnostics":{"buy_signals":19,"duplicate_buy_skips":0,"flat_sell_skips":0,"hold_signals":516,"risk_blocked_signals":0,"sell_signals":0,"stop_loss_exits":15,"take_profit_exits":3},"starting_equity":500,"total_return":0.2781354571732757,"trade_analysis":{"average_loss":-11.805716985443045,"average_trade_duration_days":11.054824561403509,"average_win":28.56943316011869,"expectancy":7.3193541361388315,"largest_loss":-18.129853990625637,"largest_win":78.64877197882439,"max_trade_duration_days":27.0,"median_trade_duration_days":8.0,"profit_factor":2.177969358050123,"time_in_market_percent":0.2612323159040265,"total_trades":19,"win_rate":0.47368421052631576}}