{"capital_utilization":{"average_cash_percent":0.7493073407481038,"average_exposure_percent":0.2506926592518962,"average_leverage":0.2506926592518962,"average_position_value":203.0489113252003,"max_exposure_percent":0.4050260010598911},"closed_trades":33,"equity_curve":[],"final_equity":524.0137118368739,"max_drawdown":0.028323022893310523,"open_trades":0,"profit_factor":1.542060057864728,"sharpe":0.6878083730848544,"signal_diagnostics":{"buy_signals":33,"duplicate_buy_skips":0,"flat_sell_skips":0,"hold_signals":487,"risk_blocked_signals":0,"sell_signals":3,"stop_loss_exits":30,"take_profit_exits":0},"starting_equity":500,"total_return":0.04802742367374768,"trade_analysis":{"average_loss":-2.1095634531248777,"average_trade_duration_days":14.059343434343436,"average_win":5.692878696041363,"expectancy":0.7276882374810275,"largest_loss":-6.074207550967966,"largest_win":14.909681664213856,"max_trade_duration_days":57.0,"median_trade_duration_days":9.0,"profit_factor":1.542060057864728,"time_in_market_percent":0.5770326993833239,"total_trades":33,"win_rate":0.36363636363636365}}