{"capital_utilization":{"average_cash_percent":0.8908756636516888,"average_exposure_percent":0.10912433634831122,"average_leverage":0.10912433634831122,"average_position_value":184.9275276612082,"max_exposure_percent":0.41410022415898573},"closed_trades":15,"equity_curve":[],"final_equity":526.8610416114396,"max_drawdown":0.18618616612235858,"open_trades":0,"profit_factor":1.202061274953796,"sharpe":0.24594266519599092,"signal_diagnostics":{"buy_signals":15,"duplicate_buy_skips":0,"flat_sell_skips":0,"hold_signals":524,"risk_blocked_signals":0,"sell_signals":0,"stop_loss_exits":14,"take_profit_exits":0},"starting_equity":500,"total_return":0.0537220832228793,"trade_analysis":{"average_loss":-11.077927399985372,"average_trade_duration_days":13.602777777777778,"average_win":53.265390137088026,"expectancy":1.7907361074293076,"largest_loss":-14.960560234846366,"largest_win":117.97548496530739,"max_trade_duration_days":43.0,"median_trade_duration_days":9.0,"profit_factor":1.202061274953796,"time_in_market_percent":0.25377001606467325,"total_trades":15,"win_rate":0.2}}