{"capital_utilization":{"average_cash_percent":0.7106387739195472,"average_exposure_percent":0.2893612260804528,"average_leverage":0.2893612260804528,"average_position_value":215.33466413547336,"max_exposure_percent":0.4052812265918973},"closed_trades":25,"equity_curve":[],"final_equity":560.3442809220395,"max_drawdown":0.03623263819907937,"open_trades":0,"profit_factor":3.283344580423983,"sharpe":1.0609686146388329,"signal_diagnostics":{"buy_signals":25,"duplicate_buy_skips":0,"flat_sell_skips":0,"hold_signals":503,"risk_blocked_signals":0,"sell_signals":8,"stop_loss_exits":16,"take_profit_exits":0},"starting_equity":500,"total_return":0.12068856184407895,"trade_analysis":{"average_loss":-2.202335170937218,"average_trade_duration_days":21.84,"average_win":6.674792536406622,"expectancy":2.413771236881578,"largest_loss":-7.3372631073608865,"largest_win":16.999221526665,"max_trade_duration_days":65.0,"median_trade_duration_days":16.0,"profit_factor":3.283344580423983,"time_in_market_percent":0.6790692853811474,"total_trades":25,"win_rate":0.52}}