{"capital_utilization":{"average_cash_percent":0.7863041894282776,"average_exposure_percent":0.21369581057172235,"average_leverage":0.21369581057172235,"average_position_value":208.9637657400923,"max_exposure_percent":0.4048866683982873},"closed_trades":31,"equity_curve":[],"final_equity":549.7517163730963,"max_drawdown":0.04704084211915797,"open_trades":0,"profit_factor":1.8666262667661566,"sharpe":0.8602478840627076,"signal_diagnostics":{"buy_signals":31,"duplicate_buy_skips":0,"flat_sell_skips":0,"hold_signals":491,"risk_blocked_signals":0,"sell_signals":2,"stop_loss_exits":29,"take_profit_exits":0},"starting_equity":500,"total_return":0.09950343274619255,"trade_analysis":{"average_loss":-3.588031418574061,"average_trade_duration_days":12.741935483870968,"average_win":7.144014604685415,"expectancy":1.6048940765514923,"largest_loss":-6.377897134220519,"largest_win":20.183144939218575,"max_trade_duration_days":30.0,"median_trade_duration_days":10.0,"profit_factor":1.8666262667661566,"time_in_market_percent":0.49126807275742346,"total_trades":31,"win_rate":0.4838709677419355}}