{"capital_utilization":{"average_cash_percent":0.8373492223901005,"average_exposure_percent":0.16265077760989957,"average_leverage":0.16265077760989957,"average_position_value":206.35532034720904,"max_exposure_percent":0.4070697501018377},"closed_trades":12,"equity_curve":[],"final_equity":531.2910796101626,"max_drawdown":0.06091692886399669,"open_trades":0,"profit_factor":1.8067020792327706,"sharpe":0.6325929765326056,"signal_diagnostics":{"buy_signals":12,"duplicate_buy_skips":0,"flat_sell_skips":0,"hold_signals":417,"risk_blocked_signals":0,"sell_signals":3,"stop_loss_exits":8,"take_profit_exits":0},"starting_equity":500,"total_return":0.06258215922032506,"trade_analysis":{"average_loss":-5.541270247220198,"average_trade_duration_days":20.42013888888889,"average_win":14.01599426814079,"expectancy":2.607589967513546,"largest_loss":-8.554029165956385,"largest_win":24.407651947710562,"max_trade_duration_days":61.0,"median_trade_duration_days":8.0,"profit_factor":1.8067020792327706,"time_in_market_percent":0.3840527656239796,"total_trades":12,"win_rate":0.4166666666666667}}