{"capital_utilization":{"average_cash_percent":0.873051490824701,"average_exposure_percent":0.12694850917529896,"average_leverage":0.12694850917529896,"average_position_value":200.29948885364857,"max_exposure_percent":0.40929363669096747},"closed_trades":34,"equity_curve":[],"final_equity":508.43057882356453,"max_drawdown":0.05133654865211483,"open_trades":0,"profit_factor":1.076023270247767,"sharpe":0.16388153274762793,"signal_diagnostics":{"buy_signals":34,"duplicate_buy_skips":0,"flat_sell_skips":0,"hold_signals":485,"risk_blocked_signals":0,"sell_signals":3,"stop_loss_exits":21,"take_profit_exits":9},"starting_equity":500,"total_return":0.016861157647129144,"trade_analysis":{"average_loss":-6.160817453282135,"average_trade_duration_days":6.145833333333334,"average_win":7.457830811415183,"expectancy":0.2479582006930738,"largest_loss":-11.245546076486326,"largest_win":19.18592501121768,"max_trade_duration_days":19.041666666666668,"median_trade_duration_days":3.979166666666667,"profit_factor":1.076023270247767,"time_in_market_percent":0.25988495621081,"total_trades":34,"win_rate":0.47058823529411764}}