{"capital_utilization":{"average_cash_percent":0.9672722257726077,"average_exposure_percent":0.032727774227392245,"average_leverage":0.032727774227392245,"average_position_value":193.14081784256345,"max_exposure_percent":0.41115187941159603},"closed_trades":6,"equity_curve":[],"final_equity":480.38173450139277,"max_drawdown":0.08738489047224383,"open_trades":0,"profit_factor":0.39585843479118565,"sharpe":-0.6033053233414446,"signal_diagnostics":{"buy_signals":6,"duplicate_buy_skips":0,"flat_sell_skips":0,"hold_signals":428,"risk_blocked_signals":0,"sell_signals":0,"stop_loss_exits":5,"take_profit_exits":1},"starting_equity":500,"total_return":-0.03923653099721447,"trade_analysis":{"average_loss":-8.118240255421936,"average_trade_duration_days":7.166666666666667,"average_win":6.427347761540246,"expectancy":-3.2697109164345424,"largest_loss":-13.069539234723253,"largest_win":10.352690615049394,"max_trade_duration_days":11.0,"median_trade_duration_days":6.5,"profit_factor":0.39585843479118565,"time_in_market_percent":0.06739371775615491,"total_trades":6,"win_rate":0.3333333333333333}}