{"capital_utilization":{"average_cash_percent":0.9354249784902462,"average_exposure_percent":0.06457502150975378,"average_leverage":0.06457502150975378,"average_position_value":198.8179076838734,"max_exposure_percent":0.4135321730362888},"closed_trades":12,"equity_curve":[],"final_equity":568.0069869731578,"max_drawdown":0.0964889117185281,"open_trades":0,"profit_factor":1.8796635608132128,"sharpe":0.6526511828809322,"signal_diagnostics":{"buy_signals":12,"duplicate_buy_skips":0,"flat_sell_skips":0,"hold_signals":530,"risk_blocked_signals":0,"sell_signals":0,"stop_loss_exits":9,"take_profit_exits":2},"starting_equity":500,"total_return":0.13601397394631576,"trade_analysis":{"average_loss":-11.044317721114737,"average_trade_duration_days":9.586805555555555,"average_win":29.063442204192192,"expectancy":5.667248914429817,"largest_loss":-16.110208143540923,"largest_win":69.92501289537299,"max_trade_duration_days":27.0,"median_trade_duration_days":7.020833333333334,"profit_factor":1.8796635608132128,"time_in_market_percent":0.14307923511426648,"total_trades":12,"win_rate":0.4166666666666667}}