{"capital_utilization":{"average_cash_percent":0.974108103395094,"average_exposure_percent":0.02589189660490593,"average_leverage":0.02589189660490593,"average_position_value":204.62859105443036,"max_exposure_percent":0.4053002825276056},"closed_trades":5,"equity_curve":[],"final_equity":509.7693221675219,"max_drawdown":0.02641051587779446,"open_trades":0,"profit_factor":1.8608476061366443,"sharpe":0.3898610146969609,"signal_diagnostics":{"buy_signals":5,"duplicate_buy_skips":0,"flat_sell_skips":0,"hold_signals":543,"risk_blocked_signals":0,"sell_signals":0,"stop_loss_exits":4,"take_profit_exits":1},"starting_equity":500,"total_return":0.01953864433504382,"trade_analysis":{"average_loss":-3.7828306651414594,"average_trade_duration_days":9.208333333333332,"average_win":10.558907081473162,"expectancy":1.9538644335043887,"largest_loss":-6.629300927654575,"largest_win":14.889713842732696,"max_trade_duration_days":13.0,"median_trade_duration_days":10.0,"profit_factor":1.8608476061366443,"time_in_market_percent":0.05726278696170389,"total_trades":5,"win_rate":0.4}}