{"capital_utilization":{"average_cash_percent":0.7117797220053045,"average_exposure_percent":0.2882202779946955,"average_leverage":0.2882202779946955,"average_position_value":205.65041424922424,"max_exposure_percent":0.4035531358171318},"closed_trades":39,"equity_curve":[],"final_equity":523.5814539269927,"max_drawdown":0.02224861673305448,"open_trades":0,"profit_factor":1.5156015393433373,"sharpe":0.6764509676666933,"signal_diagnostics":{"buy_signals":39,"duplicate_buy_skips":0,"flat_sell_skips":0,"hold_signals":475,"risk_blocked_signals":0,"sell_signals":4,"stop_loss_exits":34,"take_profit_exits":0},"starting_equity":500,"total_return":0.04716290785398547,"trade_analysis":{"average_loss":-2.177895703930568,"average_trade_duration_days":13.487179487179487,"average_win":3.8509590949741455,"expectancy":0.604652664794684,"largest_loss":-4.271505334994717,"largest_win":13.301484281394327,"max_trade_duration_days":51.0,"median_trade_duration_days":11.0,"profit_factor":1.5156015393433373,"time_in_market_percent":0.6541949525833032,"total_trades":39,"win_rate":0.46153846153846156}}