{"capital_utilization":{"average_cash_percent":0.8829352660944343,"average_exposure_percent":0.1170647339055657,"average_leverage":0.1170647339055657,"average_position_value":218.96525151177048,"max_exposure_percent":0.4059669841027008},"closed_trades":24,"equity_curve":[],"final_equity":578.3559949509078,"max_drawdown":0.06605754387966578,"open_trades":0,"profit_factor":2.3376235376613965,"sharpe":1.5230462947050771,"signal_diagnostics":{"buy_signals":24,"duplicate_buy_skips":0,"flat_sell_skips":0,"hold_signals":505,"risk_blocked_signals":0,"sell_signals":8,"stop_loss_exits":12,"take_profit_exits":3},"starting_equity":500,"total_return":0.15671198990181545,"trade_analysis":{"average_loss":-5.325319170682476,"average_trade_duration_days":8.291666666666666,"average_win":10.533423525262695,"expectancy":3.264833122954492,"largest_loss":-8.000317498454816,"largest_win":21.695659592489594,"max_trade_duration_days":18.0,"median_trade_duration_days":8.0,"profit_factor":2.3376235376613965,"time_in_market_percent":0.24749961133855006,"total_trades":24,"win_rate":0.5416666666666666}}