{"capital_utilization":{"average_cash_percent":0.7920360299826206,"average_exposure_percent":0.20796397001737948,"average_leverage":0.20796397001737948,"average_position_value":209.94957967465467,"max_exposure_percent":0.4048866683982872},"closed_trades":32,"equity_curve":[],"final_equity":556.1539879151442,"max_drawdown":0.04327059431401255,"open_trades":0,"profit_factor":2.0041605439495522,"sharpe":0.984904758272026,"signal_diagnostics":{"buy_signals":32,"duplicate_buy_skips":0,"flat_sell_skips":0,"hold_signals":489,"risk_blocked_signals":0,"sell_signals":4,"stop_loss_exits":27,"take_profit_exits":1},"starting_equity":500,"total_return":0.11230797583028829,"trade_analysis":{"average_loss":-3.2894896932738975,"average_trade_duration_days":11.90625,"average_win":7.471687513386695,"expectancy":1.7548121223482545,"largest_loss":-6.407043043693587,"largest_win":21.982831883881467,"max_trade_duration_days":30.0,"median_trade_duration_days":8.0,"profit_factor":2.0041605439495522,"time_in_market_percent":0.4738560397989325,"total_trades":32,"win_rate":0.46875}}