{"capital_utilization":{"average_cash_percent":0.9581449637090246,"average_exposure_percent":0.04185503629097541,"average_leverage":0.04185503629097541,"average_position_value":205.8608468445676,"max_exposure_percent":0.4071451936826903},"closed_trades":12,"equity_curve":[],"final_equity":521.0301128206147,"max_drawdown":0.0390407924187331,"open_trades":0,"profit_factor":1.7408200832979497,"sharpe":0.6059909466913717,"signal_diagnostics":{"buy_signals":12,"duplicate_buy_skips":0,"flat_sell_skips":0,"hold_signals":528,"risk_blocked_signals":0,"sell_signals":0,"stop_loss_exits":7,"take_profit_exits":5},"starting_equity":500,"total_return":0.042060225641229465,"trade_analysis":{"average_loss":-5.677522328226804,"average_trade_duration_days":5.583333333333333,"average_win":7.059674923106967,"expectancy":1.7525094017178962,"largest_loss":-8.96247819558783,"largest_win":11.47621214380717,"max_trade_duration_days":18.0,"median_trade_duration_days":4.5,"profit_factor":1.7408200832979497,"time_in_market_percent":0.08332901487277816,"total_trades":12,"win_rate":0.5833333333333334}}