{"capital_utilization":{"average_cash_percent":0.9616772613945932,"average_exposure_percent":0.03832273860540683,"average_leverage":0.03832273860540683,"average_position_value":203.99181757753817,"max_exposure_percent":0.40593176863340835},"closed_trades":9,"equity_curve":[],"final_equity":507.5895156590351,"max_drawdown":0.030725013927228692,"open_trades":0,"profit_factor":1.529861232955249,"sharpe":0.324105054847193,"signal_diagnostics":{"buy_signals":9,"duplicate_buy_skips":0,"flat_sell_skips":0,"hold_signals":534,"risk_blocked_signals":0,"sell_signals":1,"stop_loss_exits":6,"take_profit_exits":2},"starting_equity":500,"total_return":0.01517903131807019,"trade_analysis":{"average_loss":-2.8647182269611764,"average_trade_duration_days":6.666666666666667,"average_win":5.478276698460251,"expectancy":0.8432795176705692,"largest_loss":-7.382631970526912,"largest_win":7.922345934242494,"max_trade_duration_days":18.0,"median_trade_duration_days":4.0,"profit_factor":1.529861232955249,"time_in_market_percent":0.07462299839353267,"total_trades":9,"win_rate":0.4444444444444444}}