{"capital_utilization":{"average_cash_percent":0.8848258499420807,"average_exposure_percent":0.11517415005791926,"average_leverage":0.11517415005791926,"average_position_value":206.86533407276397,"max_exposure_percent":0.4189619961274653},"closed_trades":12,"equity_curve":[],"final_equity":611.3134887060764,"max_drawdown":0.12095548500748197,"open_trades":0,"profit_factor":2.204489891217728,"sharpe":0.7233743785017456,"signal_diagnostics":{"buy_signals":12,"duplicate_buy_skips":0,"flat_sell_skips":0,"hold_signals":530,"risk_blocked_signals":0,"sell_signals":0,"stop_loss_exits":11,"take_profit_exits":0},"starting_equity":500,"total_return":0.22262697741215298,"trade_analysis":{"average_loss":-15.402576852615388,"average_trade_duration_days":18.836805555555554,"average_win":33.954824970294794,"expectancy":9.276124058839706,"largest_loss":-23.701427257555665,"largest_win":136.854654148086,"max_trade_duration_days":43.0,"median_trade_duration_days":14.520833333333332,"profit_factor":2.204489891217728,"time_in_market_percent":0.2811317821423019,"total_trades":12,"win_rate":0.5}}