{"capital_utilization":{"average_cash_percent":0.7130435123218997,"average_exposure_percent":0.2869564876781004,"average_leverage":0.2869564876781004,"average_position_value":204.99652062441174,"max_exposure_percent":0.4054093057233066},"closed_trades":39,"equity_curve":[],"final_equity":508.92454612702204,"max_drawdown":0.047644654479573334,"open_trades":0,"profit_factor":1.1723224013304794,"sharpe":0.26201692470592847,"signal_diagnostics":{"buy_signals":39,"duplicate_buy_skips":0,"flat_sell_skips":0,"hold_signals":475,"risk_blocked_signals":0,"sell_signals":2,"stop_loss_exits":36,"take_profit_exits":0},"starting_equity":500,"total_return":0.017849092254044185,"trade_analysis":{"average_loss":-2.35408272203644,"average_trade_duration_days":13.435897435897436,"average_win":3.5714332948131595,"expectancy":0.22883451607748845,"largest_loss":-6.69795980104034,"largest_win":15.01566028490264,"max_trade_duration_days":57.0,"median_trade_duration_days":9.0,"profit_factor":1.1723224013304794,"time_in_market_percent":0.6517075193035187,"total_trades":39,"win_rate":0.4358974358974359}}