{"capital_utilization":{"average_cash_percent":0.897758156546663,"average_exposure_percent":0.10224184345333692,"average_leverage":0.10224184345333692,"average_position_value":210.237659526273,"max_exposure_percent":0.40685858888961485},"closed_trades":19,"equity_curve":[],"final_equity":552.2204808396174,"max_drawdown":0.03818200166537536,"open_trades":0,"profit_factor":2.102889070576331,"sharpe":1.109314356143121,"signal_diagnostics":{"buy_signals":19,"duplicate_buy_skips":0,"flat_sell_skips":0,"hold_signals":516,"risk_blocked_signals":0,"sell_signals":0,"stop_loss_exits":7,"take_profit_exits":11},"starting_equity":500,"total_return":0.10444096167923478,"trade_analysis":{"average_loss":-5.918600772370611,"average_trade_duration_days":9.31359649122807,"average_win":9.051753365325663,"expectancy":2.7484463599798636,"largest_loss":-8.298966768904425,"largest_win":12.200715166830598,"max_trade_duration_days":27.0,"median_trade_duration_days":7.0,"profit_factor":2.102889070576331,"time_in_market_percent":0.22008602373425923,"total_trades":19,"win_rate":0.5789473684210527}}