{"capital_utilization":{"average_cash_percent":0.9023002673042889,"average_exposure_percent":0.09769973269571104,"average_leverage":0.09769973269571104,"average_position_value":203.90890952210907,"max_exposure_percent":0.4079308764801643},"closed_trades":17,"equity_curve":[],"final_equity":539.1969468214356,"max_drawdown":0.04081022409609072,"open_trades":0,"profit_factor":1.755250907868205,"sharpe":0.8080839950672812,"signal_diagnostics":{"buy_signals":17,"duplicate_buy_skips":0,"flat_sell_skips":0,"hold_signals":519,"risk_blocked_signals":0,"sell_signals":5,"stop_loss_exits":10,"take_profit_exits":2},"starting_equity":500,"total_return":0.07839389364287119,"trade_analysis":{"average_loss":-5.766582030051463,"average_trade_duration_days":10.117647058823529,"average_win":11.387023136487345,"expectancy":2.305702754202094,"largest_loss":-9.591452693832187,"largest_win":18.569676627306816,"max_trade_duration_days":26.958333333333332,"median_trade_duration_days":7.0,"profit_factor":1.755250907868205,"time_in_market_percent":0.21391926206146034,"total_trades":17,"win_rate":0.47058823529411764}}