{"capital_utilization":{"average_cash_percent":0.8923997720685377,"average_exposure_percent":0.10760022793146234,"average_leverage":0.10760022793146234,"average_position_value":218.47124322607613,"max_exposure_percent":0.4178144664739947},"closed_trades":18,"equity_curve":[],"final_equity":668.4837180841067,"max_drawdown":0.1428044359904688,"open_trades":0,"profit_factor":2.2230652441856757,"sharpe":1.0554534632536716,"signal_diagnostics":{"buy_signals":18,"duplicate_buy_skips":0,"flat_sell_skips":0,"hold_signals":516,"risk_blocked_signals":0,"sell_signals":6,"stop_loss_exits":9,"take_profit_exits":3},"starting_equity":500,"total_return":0.33696743616821356,"trade_analysis":{"average_loss":-15.306144303790168,"average_trade_duration_days":10.886574074074074,"average_win":34.02655742424648,"expectancy":9.360206560228153,"largest_loss":-23.912196075048993,"largest_win":56.426503352131085,"max_trade_duration_days":21.0,"median_trade_duration_days":10.0,"profit_factor":2.2230652441856757,"time_in_market_percent":0.24371663989221123,"total_trades":18,"win_rate":0.5}}