{"capital_utilization":{"average_cash_percent":0.8063661310430227,"average_exposure_percent":0.19363386895697732,"average_leverage":0.19363386895697732,"average_position_value":205.15727447295617,"max_exposure_percent":0.40639854454189156},"closed_trades":18,"equity_curve":[],"final_equity":534.5772412144497,"max_drawdown":0.04770672219707684,"open_trades":0,"profit_factor":1.7773629507976154,"sharpe":0.5986202001301789,"signal_diagnostics":{"buy_signals":18,"duplicate_buy_skips":0,"flat_sell_skips":0,"hold_signals":516,"risk_blocked_signals":0,"sell_signals":1,"stop_loss_exits":17,"take_profit_exits":0},"starting_equity":500,"total_return":0.06915448242889943,"trade_analysis":{"average_loss":-5.560022055812475,"average_trade_duration_days":20.391203703703706,"average_win":7.9057417660949465,"expectancy":1.920957845247204,"largest_loss":-8.109887144052006,"largest_win":16.64690189078524,"max_trade_duration_days":52.041666666666664,"median_trade_duration_days":19.0,"profit_factor":1.7773629507976154,"time_in_market_percent":0.45649582836710373,"total_trades":18,"win_rate":0.5555555555555556}}