{"capital_utilization":{"average_cash_percent":0.934249009003048,"average_exposure_percent":0.06575099099695199,"average_leverage":0.06575099099695199,"average_position_value":198.83027136641317,"max_exposure_percent":0.40359190954236274},"closed_trades":17,"equity_curve":[],"final_equity":508.0668685145343,"max_drawdown":0.04153094674732458,"open_trades":0,"profit_factor":1.2958734638530685,"sharpe":0.3234317695506984,"signal_diagnostics":{"buy_signals":17,"duplicate_buy_skips":0,"flat_sell_skips":0,"hold_signals":519,"risk_blocked_signals":0,"sell_signals":2,"stop_loss_exits":10,"take_profit_exits":5},"starting_equity":500,"total_return":0.016133737029068618,"trade_analysis":{"average_loss":-2.7264589427797916,"average_trade_duration_days":6.11764705882353,"average_win":5.047351134618891,"expectancy":0.47452167732554806,"largest_loss":-4.343131440873668,"largest_win":7.681032900848754,"max_trade_duration_days":21.0,"median_trade_duration_days":5.0,"profit_factor":1.2958734638530685,"time_in_market_percent":0.12934653054879,"total_trades":17,"win_rate":0.4117647058823529}}