{"capital_utilization":{"average_cash_percent":0.8425719286122946,"average_exposure_percent":0.1574280713877054,"average_leverage":0.1574280713877054,"average_position_value":197.894898283275,"max_exposure_percent":0.4070218982003456},"closed_trades":21,"equity_curve":[],"final_equity":509.21431444201,"max_drawdown":0.05833606639120379,"open_trades":0,"profit_factor":1.1707337592644982,"sharpe":0.22362600924841097,"signal_diagnostics":{"buy_signals":21,"duplicate_buy_skips":0,"flat_sell_skips":0,"hold_signals":399,"risk_blocked_signals":0,"sell_signals":2,"stop_loss_exits":17,"take_profit_exits":1},"starting_equity":500,"total_return":0.018428628884020082,"trade_analysis":{"average_loss":-4.906264308138021,"average_trade_duration_days":10.478174603174603,"average_win":6.318322183152825,"expectancy":0.4387768781909531,"largest_loss":-8.414118205454132,"largest_win":26.227660403027905,"max_trade_duration_days":34.0,"median_trade_duration_days":7.0,"profit_factor":1.1707337592644982,"time_in_market_percent":0.3448703715797035,"total_trades":21,"win_rate":0.47619047619047616}}