{"capital_utilization":{"average_cash_percent":0.8230219934098673,"average_exposure_percent":0.17697800659013274,"average_leverage":0.17697800659013274,"average_position_value":217.4867691493128,"max_exposure_percent":0.4084191477443794},"closed_trades":27,"equity_curve":[],"final_equity":585.1122654458028,"max_drawdown":0.05709581798411588,"open_trades":0,"profit_factor":2.0440383375907953,"sharpe":1.111355344969001,"signal_diagnostics":{"buy_signals":27,"duplicate_buy_skips":0,"flat_sell_skips":0,"hold_signals":499,"risk_blocked_signals":0,"sell_signals":10,"stop_loss_exits":14,"take_profit_exits":3},"starting_equity":500,"total_return":0.1702245308916055,"trade_analysis":{"average_loss":-6.270935756145507,"average_trade_duration_days":11.851851851851851,"average_win":11.902459305406742,"expectancy":3.1523061276223245,"largest_loss":-10.683261402529965,"largest_win":20.429826982326944,"max_trade_duration_days":26.958333333333332,"median_trade_duration_days":11.041666666666666,"profit_factor":2.0440383375907953,"time_in_market_percent":0.39798932476550763,"total_trades":27,"win_rate":0.5185185185185185}}