{"capital_utilization":{"average_cash_percent":0.9589263525289997,"average_exposure_percent":0.041073647471000285,"average_leverage":0.041073647471000285,"average_position_value":206.11938043975275,"max_exposure_percent":0.4061550846148816},"closed_trades":9,"equity_curve":[],"final_equity":540.6904405750889,"max_drawdown":0.023857310460030406,"open_trades":0,"profit_factor":3.73748074693173,"sharpe":1.373798026974317,"signal_diagnostics":{"buy_signals":9,"duplicate_buy_skips":0,"flat_sell_skips":0,"hold_signals":535,"risk_blocked_signals":0,"sell_signals":0,"stop_loss_exits":2,"take_profit_exits":7},"starting_equity":500,"total_return":0.08138088115017794,"trade_analysis":{"average_loss":-7.432096211214685,"average_trade_duration_days":7.888888888888889,"average_win":7.936376142502612,"expectancy":4.521160063898766,"largest_loss":-7.9962226450550515,"largest_win":11.79485065803,"max_trade_duration_days":19.0,"median_trade_duration_days":7.0,"profit_factor":3.73748074693173,"time_in_market_percent":0.088303881432347,"total_trades":9,"win_rate":0.7777777777777778}}