{"capital_utilization":{"average_cash_percent":0.9736388395218744,"average_exposure_percent":0.02636116047812563,"average_leverage":0.02636116047812563,"average_position_value":193.7330969836211,"max_exposure_percent":0.41128131281724445},"closed_trades":6,"equity_curve":[],"final_equity":489.4402481312798,"max_drawdown":0.08088067177328562,"open_trades":0,"profit_factor":0.6739661021042105,"sharpe":-0.3186112522210667,"signal_diagnostics":{"buy_signals":6,"duplicate_buy_skips":0,"flat_sell_skips":0,"hold_signals":428,"risk_blocked_signals":0,"sell_signals":0,"stop_loss_exits":4,"take_profit_exits":2},"starting_equity":500,"total_return":-0.021119503737440315,"trade_analysis":{"average_loss":-8.097127274857307,"average_trade_duration_days":5.666666666666667,"average_win":10.914378615354535,"expectancy":-1.7599586447866933,"largest_loss":-13.21972194319786,"largest_win":11.280846892870326,"max_trade_duration_days":7.0,"median_trade_duration_days":6.0,"profit_factor":0.6739661021042105,"time_in_market_percent":0.05328805590021551,"total_trades":6,"win_rate":0.3333333333333333}}