{"capital_utilization":{"average_cash_percent":0.8366768467501039,"average_exposure_percent":0.16332315324989607,"average_leverage":0.16332315324989607,"average_position_value":185.25999229864271,"max_exposure_percent":0.4112445841343072},"closed_trades":32,"equity_curve":[],"final_equity":473.1663018745178,"max_drawdown":0.12459770263052848,"open_trades":0,"profit_factor":0.7988965463980812,"sharpe":-0.36868915886514775,"signal_diagnostics":{"buy_signals":32,"duplicate_buy_skips":0,"flat_sell_skips":0,"hold_signals":377,"risk_blocked_signals":0,"sell_signals":5,"stop_loss_exits":17,"take_profit_exits":9},"starting_equity":500,"total_return":-0.053667396250964394,"trade_analysis":{"average_loss":-7.022753095711594,"average_trade_duration_days":6.811197916666667,"average_win":8.199893130233699,"expectancy":-0.83855306642132,"largest_loss":-12.214536395025815,"largest_win":16.39069415176053,"max_trade_duration_days":19.0,"median_trade_duration_days":5.5,"profit_factor":0.7988965463980812,"time_in_market_percent":0.3416051720760139,"total_trades":32,"win_rate":0.40625}}