{"capital_utilization":{"average_cash_percent":0.90380077676144,"average_exposure_percent":0.09619922323856005,"average_leverage":0.09619922323856005,"average_position_value":208.02730385456593,"max_exposure_percent":0.40732303271892323},"closed_trades":16,"equity_curve":[],"final_equity":538.9711852382476,"max_drawdown":0.038996949695191116,"open_trades":0,"profit_factor":1.8146304856231266,"sharpe":0.7941255539758284,"signal_diagnostics":{"buy_signals":16,"duplicate_buy_skips":0,"flat_sell_skips":0,"hold_signals":408,"risk_blocked_signals":0,"sell_signals":1,"stop_loss_exits":8,"take_profit_exits":7},"starting_equity":500,"total_return":0.07794237047649522,"trade_analysis":{"average_loss":-6.8341564367480965,"average_trade_duration_days":7.6875,"average_win":9.645586699498256,"expectancy":2.4356990773904763,"largest_loss":-9.352652322878734,"largest_win":14.602894007426519,"max_trade_duration_days":13.0,"median_trade_duration_days":8.5,"profit_factor":1.8146304856231266,"time_in_market_percent":0.19277737869783845,"total_trades":16,"win_rate":0.5625}}