{"capital_utilization":{"average_cash_percent":0.894505341411215,"average_exposure_percent":0.105494658588785,"average_leverage":0.105494658588785,"average_position_value":217.25240371652114,"max_exposure_percent":0.4178144664739947},"closed_trades":18,"equity_curve":[],"final_equity":660.388806068928,"max_drawdown":0.14280443599046871,"open_trades":0,"profit_factor":2.1809735947717113,"sharpe":1.0266629554911721,"signal_diagnostics":{"buy_signals":18,"duplicate_buy_skips":0,"flat_sell_skips":0,"hold_signals":516,"risk_blocked_signals":0,"sell_signals":7,"stop_loss_exits":8,"take_profit_exits":3},"starting_equity":500,"total_return":0.32077761213785605,"trade_analysis":{"average_loss":-16.97633278794138,"average_trade_duration_days":10.719907407407408,"average_win":29.6199468372459,"expectancy":8.910489226051558,"largest_loss":-23.80037359003241,"largest_win":56.162631652274314,"max_trade_duration_days":20.0,"median_trade_duration_days":10.0,"profit_factor":2.1809735947717113,"time_in_market_percent":0.2399854899725346,"total_trades":18,"win_rate":0.5555555555555556}}