{"capital_utilization":{"average_cash_percent":0.8940956997443018,"average_exposure_percent":0.10590430025569819,"average_leverage":0.10590430025569819,"average_position_value":207.8067756751971,"max_exposure_percent":0.4093188987525171},"closed_trades":24,"equity_curve":[],"final_equity":537.3903735810399,"max_drawdown":0.04204048465064134,"open_trades":0,"profit_factor":1.5663210675669563,"sharpe":0.6786894866150573,"signal_diagnostics":{"buy_signals":24,"duplicate_buy_skips":0,"flat_sell_skips":0,"hold_signals":505,"risk_blocked_signals":0,"sell_signals":5,"stop_loss_exits":16,"take_profit_exits":2},"starting_equity":500,"total_return":0.07478074716207961,"trade_analysis":{"average_loss":-5.501939877449936,"average_trade_duration_days":7.5,"average_win":8.617804342536592,"expectancy":1.5579322325433285,"largest_loss":-11.886780885570744,"largest_win":14.788126081549807,"max_trade_duration_days":20.0,"median_trade_duration_days":6.5,"profit_factor":1.5663210675669563,"time_in_market_percent":0.22386899518059802,"total_trades":24,"win_rate":0.5}}