{"capital_utilization":{"average_cash_percent":0.7608146773198476,"average_exposure_percent":0.23918532268015236,"average_leverage":0.23918532268015236,"average_position_value":210.35218808257517,"max_exposure_percent":0.4094340140373104},"closed_trades":36,"equity_curve":[],"final_equity":548.1368762903094,"max_drawdown":0.049439377575671954,"open_trades":0,"profit_factor":1.619786624747155,"sharpe":0.7372647370031805,"signal_diagnostics":{"buy_signals":36,"duplicate_buy_skips":0,"flat_sell_skips":0,"hold_signals":481,"risk_blocked_signals":0,"sell_signals":9,"stop_loss_exits":27,"take_profit_exits":0},"starting_equity":500,"total_return":0.09627375258061877,"trade_analysis":{"average_loss":-4.854178273646495,"average_trade_duration_days":12.111111111111109,"average_win":6.2901864334326625,"expectancy":1.3371354525085937,"largest_loss":-11.391868586328568,"largest_win":25.738923668498032,"max_trade_duration_days":41.0,"median_trade_duration_days":8.5,"profit_factor":1.619786624747155,"time_in_market_percent":0.542260454993004,"total_trades":36,"win_rate":0.5555555555555556}}