{"capital_utilization":{"average_cash_percent":0.8061249810965629,"average_exposure_percent":0.1938750189034371,"average_leverage":0.1938750189034371,"average_position_value":208.19606118268266,"max_exposure_percent":0.40583068554349644},"closed_trades":19,"equity_curve":[],"final_equity":539.3794789998907,"max_drawdown":0.04377979924157346,"open_trades":0,"profit_factor":1.947361532528529,"sharpe":0.6764040708893381,"signal_diagnostics":{"buy_signals":19,"duplicate_buy_skips":0,"flat_sell_skips":0,"hold_signals":514,"risk_blocked_signals":0,"sell_signals":2,"stop_loss_exits":15,"take_profit_exits":2},"starting_equity":500,"total_return":0.07875895799978139,"trade_analysis":{"average_loss":-4.618614453318813,"average_trade_duration_days":19.212719298245617,"average_win":8.094700907976003,"expectancy":2.0726041578889856,"largest_loss":-7.339550292149435,"largest_win":24.1089871921834,"max_trade_duration_days":48.0,"median_trade_duration_days":17.0,"profit_factor":1.947361532528529,"time_in_market_percent":0.4540083950873193,"total_trades":19,"win_rate":0.5263157894736842}}