{"capital_utilization":{"average_cash_percent":0.8632231063049766,"average_exposure_percent":0.1367768936950234,"average_leverage":0.1367768936950234,"average_position_value":199.19971778535964,"max_exposure_percent":0.40494408603460846},"closed_trades":9,"equity_curve":[],"final_equity":514.2147270815638,"max_drawdown":0.02643724566486923,"open_trades":0,"profit_factor":1.8135470194245709,"sharpe":0.6544371682950005,"signal_diagnostics":{"buy_signals":9,"duplicate_buy_skips":0,"flat_sell_skips":0,"hold_signals":423,"risk_blocked_signals":0,"sell_signals":3,"stop_loss_exits":5,"take_profit_exits":0},"starting_equity":500,"total_return":0.028429454163127588,"trade_analysis":{"average_loss":-3.494506584663769,"average_trade_duration_days":22.77777777777778,"average_win":7.921815001220644,"expectancy":1.579414120173748,"largest_loss":-5.974292661057205,"largest_win":17.39858689698064,"max_trade_duration_days":52.0,"median_trade_duration_days":21.0,"profit_factor":1.8135470194245709,"time_in_market_percent":0.3212956311630641,"total_trades":9,"win_rate":0.4444444444444444}}