{"capital_utilization":{"average_cash_percent":0.6941306784422676,"average_exposure_percent":0.30586932155773244,"average_leverage":0.30586932155773244,"average_position_value":210.5435533603509,"max_exposure_percent":0.4053484161475811},"closed_trades":24,"equity_curve":[],"final_equity":539.4986697844228,"max_drawdown":0.035717273741316564,"open_trades":0,"profit_factor":2.2911889930488356,"sharpe":0.9577520409723628,"signal_diagnostics":{"buy_signals":24,"duplicate_buy_skips":0,"flat_sell_skips":0,"hold_signals":505,"risk_blocked_signals":0,"sell_signals":5,"stop_loss_exits":16,"take_profit_exits":2},"starting_equity":500,"total_return":0.07899733956884547,"trade_analysis":{"average_loss":-3.0590928204209673,"average_trade_duration_days":24.208333333333332,"average_win":5.0063998563308845,"expectancy":1.6457779076842798,"largest_loss":-6.879905146931312,"largest_win":14.74068505479523,"max_trade_duration_days":78.0,"median_trade_duration_days":22.520833333333336,"profit_factor":2.2911889930488356,"time_in_market_percent":0.7225993677773748,"total_trades":24,"win_rate":0.5833333333333334}}