{"capital_utilization":{"average_cash_percent":0.9201939818752259,"average_exposure_percent":0.07980601812477406,"average_leverage":0.07980601812477406,"average_position_value":201.8041497042863,"max_exposure_percent":0.40827282978745194},"closed_trades":12,"equity_curve":[],"final_equity":522.6591267338424,"max_drawdown":0.06194545796272337,"open_trades":0,"profit_factor":1.9420528543155753,"sharpe":0.5345178225107463,"signal_diagnostics":{"buy_signals":12,"duplicate_buy_skips":0,"flat_sell_skips":0,"hold_signals":416,"risk_blocked_signals":0,"sell_signals":5,"stop_loss_exits":7,"take_profit_exits":0},"starting_equity":500,"total_return":0.04531825346768481,"trade_analysis":{"average_loss":-4.810585017611319,"average_trade_duration_days":8.833333333333334,"average_win":6.6731502602712895,"expectancy":1.8882605611535361,"largest_loss":-10.099107684349589,"largest_win":11.57166812200138,"max_trade_duration_days":14.0,"median_trade_duration_days":9.5,"profit_factor":1.9420528543155753,"time_in_market_percent":0.1661333507477307,"total_trades":12,"win_rate":0.5833333333333334}}