{"capital_utilization":{"average_cash_percent":0.8763925909617273,"average_exposure_percent":0.12360740903827268,"average_leverage":0.12360740903827268,"average_position_value":202.37380428403875,"max_exposure_percent":0.40416338311935435},"closed_trades":8,"equity_curve":[],"final_equity":520.7121519145799,"max_drawdown":0.026424731474966975,"open_trades":0,"profit_factor":2.512082174417635,"sharpe":1.018217478868532,"signal_diagnostics":{"buy_signals":8,"duplicate_buy_skips":0,"flat_sell_skips":0,"hold_signals":425,"risk_blocked_signals":0,"sell_signals":0,"stop_loss_exits":5,"take_profit_exits":2},"starting_equity":500,"total_return":0.041424303829159737,"trade_analysis":{"average_loss":-3.4244421806237164,"average_trade_duration_days":23.25,"average_win":8.602480159268692,"expectancy":2.589018989322488,"largest_loss":-5.13654149111529,"largest_win":14.99778995563351,"max_trade_duration_days":48.0,"median_trade_duration_days":18.0,"profit_factor":2.512082174417635,"time_in_market_percent":0.29151701168941424,"total_trades":8,"win_rate":0.5}}