{"capital_utilization":{"average_cash_percent":0.915543848907462,"average_exposure_percent":0.08445615109253801,"average_leverage":0.08445615109253801,"average_position_value":209.58151393313287,"max_exposure_percent":0.40567794480041136},"closed_trades":20,"equity_curve":[],"final_equity":559.5566949744923,"max_drawdown":0.026746844591893686,"open_trades":0,"profit_factor":2.7625889176290084,"sharpe":1.5465403688592938,"signal_diagnostics":{"buy_signals":20,"duplicate_buy_skips":0,"flat_sell_skips":0,"hold_signals":513,"risk_blocked_signals":0,"sell_signals":0,"stop_loss_exits":7,"take_profit_exits":13},"starting_equity":500,"total_return":0.11911338994898468,"trade_analysis":{"average_loss":-4.8270468496506975,"average_trade_duration_days":6.997916666666667,"average_win":7.180463301695942,"expectancy":2.9778347487246175,"largest_loss":-6.867969777374319,"largest_win":12.307495438239933,"max_trade_duration_days":18.0,"median_trade_duration_days":6.0,"profit_factor":2.7625889176290084,"time_in_market_percent":0.17406850805824742,"total_trades":20,"win_rate":0.65}}