{"capital_utilization":{"average_cash_percent":0.9066071884427032,"average_exposure_percent":0.09339281155729688,"average_leverage":0.09339281155729688,"average_position_value":201.60766681418787,"max_exposure_percent":0.4060387751546931},"closed_trades":18,"equity_curve":[],"final_equity":506.7243922026424,"max_drawdown":0.03992022517668365,"open_trades":0,"profit_factor":1.132862057760094,"sharpe":0.159972792401511,"signal_diagnostics":{"buy_signals":18,"duplicate_buy_skips":0,"flat_sell_skips":0,"hold_signals":516,"risk_blocked_signals":0,"sell_signals":5,"stop_loss_exits":8,"take_profit_exits":5},"starting_equity":500,"total_return":0.013448784405284853,"trade_analysis":{"average_loss":-6.326479052793667,"average_trade_duration_days":8.775462962962962,"average_win":5.733622462499172,"expectancy":0.37357734459124337,"largest_loss":-7.4274322838483355,"largest_win":12.618300992622068,"max_trade_duration_days":23.0,"median_trade_duration_days":6.5,"profit_factor":1.132862057760094,"time_in_market_percent":0.1964554075763072,"total_trades":18,"win_rate":0.5555555555555556}}