{"capital_utilization":{"average_cash_percent":0.8987438206083345,"average_exposure_percent":0.10125617939166554,"average_leverage":0.10125617939166554,"average_position_value":211.78580575391595,"max_exposure_percent":0.41125111963731725},"closed_trades":17,"equity_curve":[],"final_equity":547.3036765226045,"max_drawdown":0.0407519797156763,"open_trades":0,"profit_factor":1.8595090403063081,"sharpe":0.8412120322107981,"signal_diagnostics":{"buy_signals":17,"duplicate_buy_skips":0,"flat_sell_skips":0,"hold_signals":519,"risk_blocked_signals":0,"sell_signals":4,"stop_loss_exits":9,"take_profit_exits":3},"starting_equity":500,"total_return":0.09460735304520895,"trade_analysis":{"average_loss":-6.879461748556283,"average_trade_duration_days":10.352941176470589,"average_win":11.371041167894978,"expectancy":2.78256920721203,"largest_loss":-15.189867051186571,"largest_win":22.092913702545438,"max_trade_duration_days":26.958333333333332,"median_trade_duration_days":8.0,"profit_factor":1.8595090403063081,"time_in_market_percent":0.2188941286210292,"total_trades":17,"win_rate":0.5294117647058824}}