{"capital_utilization":{"average_cash_percent":0.828055070056267,"average_exposure_percent":0.17194492994373303,"average_leverage":0.17194492994373303,"average_position_value":167.3819008005076,"max_exposure_percent":0.42178220645280123},"closed_trades":34,"equity_curve":[],"final_equity":418.1393899617901,"max_drawdown":0.2499931316177489,"open_trades":0,"profit_factor":0.7148297897318563,"sharpe":-0.5181853654949923,"signal_diagnostics":{"buy_signals":34,"duplicate_buy_skips":0,"flat_sell_skips":0,"hold_signals":485,"risk_blocked_signals":0,"sell_signals":4,"stop_loss_exits":21,"take_profit_exits":9},"starting_equity":500,"total_return":-0.16372122007641987,"trade_analysis":{"average_loss":-13.66946527783679,"average_trade_duration_days":8.764705882352942,"average_win":15.784473907412512,"expectancy":-2.407665001123821,"largest_loss":-21.98618312483058,"largest_win":27.986118504599748,"max_trade_duration_days":25.0,"median_trade_duration_days":7.0,"profit_factor":0.7148297897318563,"time_in_market_percent":0.37062755868787894,"total_trades":34,"win_rate":0.38235294117647056}}