{"capital_utilization":{"average_cash_percent":0.8565069884187245,"average_exposure_percent":0.14349301158127548,"average_leverage":0.14349301158127548,"average_position_value":206.16036150693103,"max_exposure_percent":0.4095012902429605},"closed_trades":28,"equity_curve":[],"final_equity":539.5802407071324,"max_drawdown":0.055228855416174776,"open_trades":0,"profit_factor":1.442577163561493,"sharpe":0.580362462290278,"signal_diagnostics":{"buy_signals":28,"duplicate_buy_skips":0,"flat_sell_skips":0,"hold_signals":497,"risk_blocked_signals":0,"sell_signals":7,"stop_loss_exits":18,"take_profit_exits":2},"starting_equity":500,"total_return":0.0791604814142648,"trade_analysis":{"average_loss":-6.879328965028285,"average_trade_duration_days":8.892857142857142,"average_win":8.600767816833335,"expectancy":1.413580025254727,"largest_loss":-11.861525963510713,"largest_win":19.839598928124495,"max_trade_duration_days":22.0,"median_trade_duration_days":7.5,"profit_factor":1.442577163561493,"time_in_market_percent":0.3096854433331606,"total_trades":28,"win_rate":0.5357142857142857}}