{"capital_utilization":{"average_cash_percent":0.9094917865155718,"average_exposure_percent":0.09050821348442821,"average_leverage":0.09050821348442821,"average_position_value":221.7523054783706,"max_exposure_percent":0.4213222408867893},"closed_trades":14,"equity_curve":[],"final_equity":682.4682611246039,"max_drawdown":0.12755642852327456,"open_trades":0,"profit_factor":2.959403091286739,"sharpe":1.2237280424141541,"signal_diagnostics":{"buy_signals":14,"duplicate_buy_skips":0,"flat_sell_skips":0,"hold_signals":524,"risk_blocked_signals":0,"sell_signals":8,"stop_loss_exits":4,"take_profit_exits":2},"starting_equity":500,"total_return":0.3649365222492078,"trade_analysis":{"average_loss":-23.281103048170795,"average_trade_duration_days":11.857142857142858,"average_win":27.559267331728712,"expectancy":13.033447223185997,"largest_loss":-28.75045054916767,"largest_win":59.0080961071469,"max_trade_duration_days":19.041666666666668,"median_trade_duration_days":13.0,"profit_factor":2.959403091286739,"time_in_market_percent":0.20645696222210708,"total_trades":14,"win_rate":0.7142857142857143}}