{"capital_utilization":{"average_cash_percent":0.7694272412503926,"average_exposure_percent":0.23057275874960736,"average_leverage":0.23057275874960736,"average_position_value":169.20013540270577,"max_exposure_percent":0.4227873428438571},"closed_trades":16,"equity_curve":[],"final_equity":345.5060084774074,"max_drawdown":0.3156539336164306,"open_trades":0,"profit_factor":0.24891195722098092,"sharpe":-2.438466710180978,"signal_diagnostics":{"buy_signals":16,"duplicate_buy_skips":0,"flat_sell_skips":0,"hold_signals":156,"risk_blocked_signals":0,"sell_signals":1,"stop_loss_exits":12,"take_profit_exits":2},"starting_equity":500,"total_return":-0.30898798304518516,"trade_analysis":{"average_loss":-15.822583395249275,"average_trade_duration_days":8.625,"average_win":17.06653087188266,"expectancy":-9.655874470162036,"largest_loss":-23.855348905451862,"largest_win":23.554160722922635,"max_trade_duration_days":25.0,"median_trade_duration_days":7.5,"profit_factor":0.24891195722098092,"time_in_market_percent":0.5091468101460415,"total_trades":16,"win_rate":0.1875}}