{"capital_utilization":{"average_cash_percent":0.9215631193849046,"average_exposure_percent":0.07843688061509536,"average_leverage":0.07843688061509536,"average_position_value":196.1584544295012,"max_exposure_percent":0.41060023086928904},"closed_trades":8,"equity_curve":[],"final_equity":494.97572467509565,"max_drawdown":0.08197078718242662,"open_trades":0,"profit_factor":0.8886347489098266,"sharpe":-0.02315652893676552,"signal_diagnostics":{"buy_signals":8,"duplicate_buy_skips":0,"flat_sell_skips":0,"hold_signals":425,"risk_blocked_signals":0,"sell_signals":1,"stop_loss_exits":6,"take_profit_exits":0},"starting_equity":500,"total_return":-0.010048550649808696,"trade_analysis":{"average_loss":-9.023057508012332,"average_trade_duration_days":14.375,"average_win":13.363670738385773,"expectancy":-0.6280344156130414,"largest_loss":-12.779649167673774,"largest_win":16.70299311761156,"max_trade_duration_days":24.0,"median_trade_duration_days":15.0,"profit_factor":0.8886347489098266,"time_in_market_percent":0.1802390126036701,"total_trades":8,"win_rate":0.375}}