{"capital_utilization":{"average_cash_percent":0.9094054490255313,"average_exposure_percent":0.09059455097446868,"average_leverage":0.09059455097446868,"average_position_value":197.2458696938388,"max_exposure_percent":0.4071005567891673},"closed_trades":14,"equity_curve":[],"final_equity":510.458004807502,"max_drawdown":0.07580902074858072,"open_trades":0,"profit_factor":1.2305843725597976,"sharpe":0.2491068989435209,"signal_diagnostics":{"buy_signals":14,"duplicate_buy_skips":0,"flat_sell_skips":0,"hold_signals":412,"risk_blocked_signals":0,"sell_signals":3,"stop_loss_exits":10,"take_profit_exits":1},"starting_equity":500,"total_return":0.02091600961500406,"trade_analysis":{"average_loss":-5.669294004730259,"average_trade_duration_days":8.857142857142858,"average_win":9.30205947422401,"expectancy":0.7470003433929996,"largest_loss":-8.468580967524616,"largest_win":18.23060483134542,"max_trade_duration_days":13.0,"median_trade_duration_days":8.5,"profit_factor":1.2305843725597976,"time_in_market_percent":0.19434467445960948,"total_trades":14,"win_rate":0.42857142857142855}}