{"capital_utilization":{"average_cash_percent":0.8008071018813293,"average_exposure_percent":0.1991928981186707,"average_leverage":0.1991928981186707,"average_position_value":187.69607127506134,"max_exposure_percent":0.4112445841343072},"closed_trades":27,"equity_curve":[],"final_equity":496.74174719209435,"max_drawdown":0.13291279989363228,"open_trades":0,"profit_factor":0.9727364374358607,"sharpe":0.004197198814217872,"signal_diagnostics":{"buy_signals":27,"duplicate_buy_skips":0,"flat_sell_skips":0,"hold_signals":387,"risk_blocked_signals":0,"sell_signals":8,"stop_loss_exits":17,"take_profit_exits":1},"starting_equity":500,"total_return":-0.006516505615811297,"trade_analysis":{"average_loss":-6.639412749445296,"average_trade_duration_days":10.481481481481483,"average_win":12.9167974091233,"expectancy":-0.12067602992243136,"largest_loss":-12.214536395025815,"largest_win":22.226159155034345,"max_trade_duration_days":28.0,"median_trade_duration_days":9.0,"profit_factor":0.9727364374358607,"time_in_market_percent":0.44354470058120565,"total_trades":27,"win_rate":0.3333333333333333}}