{"capital_utilization":{"average_cash_percent":0.9011611130167729,"average_exposure_percent":0.0988388869832271,"average_leverage":0.0988388869832271,"average_position_value":201.82162075725276,"max_exposure_percent":0.4076644641527178},"closed_trades":14,"equity_curve":[],"final_equity":529.9147620809529,"max_drawdown":0.04790539246363339,"open_trades":0,"profit_factor":1.9624570167837587,"sharpe":0.8003238632819812,"signal_diagnostics":{"buy_signals":14,"duplicate_buy_skips":0,"flat_sell_skips":0,"hold_signals":412,"risk_blocked_signals":0,"sell_signals":0,"stop_loss_exits":5,"take_profit_exits":9},"starting_equity":500,"total_return":0.05982952416190579,"trade_analysis":{"average_loss":-6.216332066634832,"average_trade_duration_days":10.282738095238093,"average_win":6.777380268236339,"expectancy":2.136768720068063,"largest_loss":-9.042832904996901,"largest_win":10.973471315976779,"max_trade_duration_days":22.0,"median_trade_duration_days":10.0,"profit_factor":1.9624570167837587,"time_in_market_percent":0.22562528570495655,"total_trades":14,"win_rate":0.6428571428571429}}