{"capital_utilization":{"average_cash_percent":0.9056156893548977,"average_exposure_percent":0.09438431064510237,"average_leverage":0.09438431064510237,"average_position_value":211.95173116291656,"max_exposure_percent":0.40567794480041136},"closed_trades":19,"equity_curve":[],"final_equity":584.23858261385,"max_drawdown":0.026746844591893686,"open_trades":0,"profit_factor":3.4614186237759177,"sharpe":1.8784579951286533,"signal_diagnostics":{"buy_signals":19,"duplicate_buy_skips":0,"flat_sell_skips":0,"hold_signals":515,"risk_blocked_signals":0,"sell_signals":10,"stop_loss_exits":8,"take_profit_exits":1},"starting_equity":500,"total_return":0.16847716522769995,"trade_analysis":{"average_loss":-4.88908433303768,"average_trade_duration_days":8.260964912280702,"average_win":9.87184774542615,"expectancy":4.433609611255266,"largest_loss":-6.867969777374319,"largest_win":19.303913936811174,"max_trade_duration_days":19.0,"median_trade_duration_days":8.0,"profit_factor":3.4614186237759177,"time_in_market_percent":0.195211690936415,"total_trades":19,"win_rate":0.631578947368421}}