{"capital_utilization":{"average_cash_percent":0.8901428798980404,"average_exposure_percent":0.10985712010195955,"average_leverage":0.10985712010195955,"average_position_value":186.53211396139878,"max_exposure_percent":0.4189619961274653},"closed_trades":12,"equity_curve":[],"final_equity":520.1271789235309,"max_drawdown":0.19462032740071963,"open_trades":0,"profit_factor":1.1683194166285769,"sharpe":0.20096174237980657,"signal_diagnostics":{"buy_signals":12,"duplicate_buy_skips":0,"flat_sell_skips":0,"hold_signals":530,"risk_blocked_signals":0,"sell_signals":0,"stop_loss_exits":11,"take_profit_exits":0},"starting_equity":500,"total_return":0.04025435784706177,"trade_analysis":{"average_loss":-13.286365046407681,"average_trade_duration_days":17.25347222222222,"average_win":46.568154780400015,"expectancy":1.677264910294241,"largest_loss":-20.260565197069955,"largest_win":116.44078938167216,"max_trade_duration_days":45.0,"median_trade_duration_days":11.020833333333332,"profit_factor":1.1683194166285769,"time_in_market_percent":0.2575011659843499,"total_trades":12,"win_rate":0.25}}