{"capital_utilization":{"average_cash_percent":0.8658376050821749,"average_exposure_percent":0.1341623949178251,"average_leverage":0.1341623949178251,"average_position_value":217.56570665463926,"max_exposure_percent":0.4091635153573399},"closed_trades":31,"equity_curve":[],"final_equity":567.9410784122663,"max_drawdown":0.05613163575734169,"open_trades":0,"profit_factor":2.059127773341936,"sharpe":1.0648777057190963,"signal_diagnostics":{"buy_signals":31,"duplicate_buy_skips":0,"flat_sell_skips":0,"hold_signals":492,"risk_blocked_signals":0,"sell_signals":22,"stop_loss_exits":8,"take_profit_exits":0},"starting_equity":500,"total_return":0.13588215682453253,"trade_analysis":{"average_loss":-5.831649239405173,"average_trade_duration_days":7.16263440860215,"average_win":6.604461002286162,"expectancy":2.191647690718269,"largest_loss":-11.60974197947123,"largest_win":20.756730226833106,"max_trade_duration_days":20.0,"median_trade_duration_days":6.041666666666667,"profit_factor":2.059127773341936,"time_in_market_percent":0.2761569155827331,"total_trades":31,"win_rate":0.6451612903225806}}