{"capital_utilization":{"average_cash_percent":0.8546077180241708,"average_exposure_percent":0.14539228197582924,"average_leverage":0.14539228197582924,"average_position_value":190.24698988165565,"max_exposure_percent":0.4076413884486523},"closed_trades":24,"equity_curve":[],"final_equity":478.9858035932975,"max_drawdown":0.08380922219653181,"open_trades":0,"profit_factor":0.7025512293732111,"sharpe":-0.43600091142238506,"signal_diagnostics":{"buy_signals":24,"duplicate_buy_skips":0,"flat_sell_skips":0,"hold_signals":392,"risk_blocked_signals":0,"sell_signals":3,"stop_loss_exits":15,"take_profit_exits":6},"starting_equity":500,"total_return":-0.04202839281340509,"trade_analysis":{"average_loss":-4.709874658958606,"average_trade_duration_days":8.414930555555555,"average_win":5.514880386408503,"expectancy":-0.8755915169459395,"largest_loss":-8.842185518519665,"largest_win":9.06623513282757,"max_trade_duration_days":22.0,"median_trade_duration_days":6.5,"profit_factor":0.7025512293732111,"time_in_market_percent":0.31652843988767715,"total_trades":24,"win_rate":0.375}}