{"capital_utilization":{"average_cash_percent":0.8420177828707258,"average_exposure_percent":0.15798221712927416,"average_leverage":0.15798221712927416,"average_position_value":189.69577545869788,"max_exposure_percent":0.4076413884486523},"closed_trades":24,"equity_curve":[],"final_equity":483.4918737308387,"max_drawdown":0.08900240388923404,"open_trades":0,"profit_factor":0.7659255715423288,"sharpe":-0.3280452691476629,"signal_diagnostics":{"buy_signals":24,"duplicate_buy_skips":0,"flat_sell_skips":0,"hold_signals":392,"risk_blocked_signals":0,"sell_signals":8,"stop_loss_exits":15,"take_profit_exits":1},"starting_equity":500,"total_return":-0.03301625253832263,"trade_analysis":{"average_loss":-4.701674414112432,"average_trade_duration_days":9.164930555555555,"average_win":6.00188777139168,"expectancy":-0.6878385945483894,"largest_loss":-8.842185518519665,"largest_win":10.53245358541163,"max_trade_duration_days":22.0,"median_trade_duration_days":8.0,"profit_factor":0.7659255715423288,"time_in_market_percent":0.344739763599556,"total_trades":24,"win_rate":0.375}}