{"capital_utilization":{"average_cash_percent":0.854731362333537,"average_exposure_percent":0.145268637666463,"average_leverage":0.145268637666463,"average_position_value":203.34000291385877,"max_exposure_percent":0.40748434019912994},"closed_trades":7,"equity_curve":[],"final_equity":530.4156774295815,"max_drawdown":0.04778609672304415,"open_trades":0,"profit_factor":2.1183284012740673,"sharpe":0.8778381282590507,"signal_diagnostics":{"buy_signals":7,"duplicate_buy_skips":0,"flat_sell_skips":0,"hold_signals":427,"risk_blocked_signals":0,"sell_signals":1,"stop_loss_exits":5,"take_profit_exits":0},"starting_equity":500,"total_return":0.06083135485916302,"trade_analysis":{"average_loss":-6.799361751639804,"average_trade_duration_days":32.285714285714285,"average_win":19.204374812046918,"expectancy":4.345096775654503,"largest_loss":-9.05404502610555,"largest_win":32.96445274885594,"max_trade_duration_days":97.0,"median_trade_duration_days":21.0,"profit_factor":2.1183284012740673,"time_in_market_percent":0.354208842160256,"total_trades":7,"win_rate":0.42857142857142855}}