{"capital_utilization":{"average_cash_percent":0.910860381110722,"average_exposure_percent":0.08913961888927799,"average_leverage":0.08913961888927799,"average_position_value":208.96369746954733,"max_exposure_percent":0.41123069432827514},"closed_trades":19,"equity_curve":[],"final_equity":523.5537322977035,"max_drawdown":0.04365154314803746,"open_trades":0,"profit_factor":1.3768962562313487,"sharpe":0.4652846786136599,"signal_diagnostics":{"buy_signals":19,"duplicate_buy_skips":0,"flat_sell_skips":0,"hold_signals":515,"risk_blocked_signals":0,"sell_signals":5,"stop_loss_exits":12,"take_profit_exits":1},"starting_equity":500,"total_return":0.047107464595407045,"trade_analysis":{"average_loss":-6.943771192052022,"average_trade_duration_days":7.7894736842105265,"average_win":8.604767302617166,"expectancy":1.2396701209317618,"largest_loss":-14.52701542194439,"largest_win":18.667585451255885,"max_trade_duration_days":21.0,"median_trade_duration_days":7.0,"profit_factor":1.3768962562313487,"time_in_market_percent":0.18407006270404727,"total_trades":19,"win_rate":0.5263157894736842}}