{"capital_utilization":{"average_cash_percent":0.9588303342406043,"average_exposure_percent":0.041169665759395714,"average_leverage":0.041169665759395714,"average_position_value":203.4214107003594,"max_exposure_percent":0.4059317686334084},"closed_trades":9,"equity_curve":[],"final_equity":517.9666804670992,"max_drawdown":0.04067132294288085,"open_trades":0,"profit_factor":1.9953851400893174,"sharpe":0.5664544789805681,"signal_diagnostics":{"buy_signals":9,"duplicate_buy_skips":0,"flat_sell_skips":0,"hold_signals":534,"risk_blocked_signals":0,"sell_signals":1,"stop_loss_exits":4,"take_profit_exits":4},"starting_equity":500,"total_return":0.0359333609341983,"trade_analysis":{"average_loss":-4.5124946474203425,"average_trade_duration_days":7.773148148148149,"average_win":7.203331811356108,"expectancy":1.9962978296776852,"largest_loss":-7.306874378530021,"largest_win":13.06459777154399,"max_trade_duration_days":20.0,"median_trade_duration_days":5.0,"profit_factor":1.9953851400893174,"time_in_market_percent":0.08700834326579263,"total_trades":9,"win_rate":0.5555555555555556}}