{"capital_utilization":{"average_cash_percent":0.9360522308819107,"average_exposure_percent":0.06394776911808926,"average_leverage":0.06394776911808926,"average_position_value":197.63119445751252,"max_exposure_percent":0.4135321730362888},"closed_trades":10,"equity_curve":[],"final_equity":589.5446142418509,"max_drawdown":0.0964889117185281,"open_trades":0,"profit_factor":2.453911836805069,"sharpe":0.7703100311620409,"signal_diagnostics":{"buy_signals":10,"duplicate_buy_skips":0,"flat_sell_skips":0,"hold_signals":534,"risk_blocked_signals":0,"sell_signals":0,"stop_loss_exits":9,"take_profit_exits":0},"starting_equity":500,"total_return":0.1790892284837018,"trade_analysis":{"average_loss":-10.264791850403476,"average_trade_duration_days":11.904166666666667,"average_win":37.78334133606795,"expectancy":8.954461424185094,"largest_loss":-16.08772320427841,"largest_win":81.46955763315134,"max_trade_duration_days":33.0,"median_trade_duration_days":9.5,"profit_factor":2.453911836805069,"time_in_market_percent":0.14805410167383531,"total_trades":10,"win_rate":0.4}}