{"capital_utilization":{"average_cash_percent":0.9783639467695403,"average_exposure_percent":0.021636053230459706,"average_leverage":0.021636053230459706,"average_position_value":205.62631747635842,"max_exposure_percent":0.40530028252760564},"closed_trades":5,"equity_curve":[],"final_equity":511.9498654487228,"max_drawdown":0.026410515877794496,"open_trades":0,"profit_factor":2.048506489074072,"sharpe":0.5092143815415202,"signal_diagnostics":{"buy_signals":5,"duplicate_buy_skips":0,"flat_sell_skips":0,"hold_signals":543,"risk_blocked_signals":0,"sell_signals":0,"stop_loss_exits":3,"take_profit_exits":2},"starting_equity":500,"total_return":0.02389973089744557,"trade_analysis":{"average_loss":-3.799011760456733,"average_trade_duration_days":7.6,"average_win":11.673450365046497,"expectancy":2.3899730897445592,"largest_loss":-6.657657827468381,"largest_win":12.06230092424602,"max_trade_duration_days":13.0,"median_trade_duration_days":7.0,"profit_factor":2.048506489074072,"time_in_market_percent":0.047261232315904025,"total_trades":5,"win_rate":0.4}}