{"capital_utilization":{"average_cash_percent":0.7459944597984053,"average_exposure_percent":0.2540055402015947,"average_leverage":0.2540055402015947,"average_position_value":213.85223217433347,"max_exposure_percent":0.40408285750095496},"closed_trades":24,"equity_curve":[],"final_equity":547.7172292976093,"max_drawdown":0.038902334319490264,"open_trades":0,"profit_factor":1.9563462270621035,"sharpe":0.8591186388944468,"signal_diagnostics":{"buy_signals":24,"duplicate_buy_skips":0,"flat_sell_skips":0,"hold_signals":505,"risk_blocked_signals":0,"sell_signals":2,"stop_loss_exits":17,"take_profit_exits":5},"starting_equity":500,"total_return":0.09543445859521849,"trade_analysis":{"average_loss":-3.838103812143485,"average_trade_duration_days":20.33159722222222,"average_win":8.873870805043145,"expectancy":1.9882178874003873,"largest_loss":-5.528744965288658,"largest_win":19.502626192267616,"max_trade_duration_days":53.958333333333336,"median_trade_duration_days":19.0,"profit_factor":1.9563462270621035,"time_in_market_percent":0.606881898740737,"total_trades":24,"win_rate":0.4583333333333333}}