{"capital_utilization":{"average_cash_percent":0.8578030842084099,"average_exposure_percent":0.14219691579159005,"average_leverage":0.14219691579159005,"average_position_value":205.2814624085589,"max_exposure_percent":0.4056225808061604},"closed_trades":16,"equity_curve":[],"final_equity":530.0788332070729,"max_drawdown":0.03528981597295489,"open_trades":0,"profit_factor":2.0913409662594318,"sharpe":0.9605099948326371,"signal_diagnostics":{"buy_signals":16,"duplicate_buy_skips":0,"flat_sell_skips":0,"hold_signals":409,"risk_blocked_signals":0,"sell_signals":3,"stop_loss_exits":10,"take_profit_exits":2},"starting_equity":500,"total_return":0.06015766641414566,"trade_analysis":{"average_loss":-3.0623725140811535,"average_trade_duration_days":12.625,"average_win":8.234312261971892,"expectancy":1.8799270754420536,"largest_loss":-6.8006614957891385,"largest_win":14.247448647649268,"max_trade_duration_days":32.0,"median_trade_duration_days":9.5,"profit_factor":2.0913409662594318,"time_in_market_percent":0.31659374387775097,"total_trades":16,"win_rate":0.4375}}