{"capital_utilization":{"average_cash_percent":0.8378144779223099,"average_exposure_percent":0.16218552207769013,"average_leverage":0.16218552207769013,"average_position_value":203.77185155389054,"max_exposure_percent":0.40531301947691245},"closed_trades":11,"equity_curve":[],"final_equity":543.208496910172,"max_drawdown":0.03601044204145552,"open_trades":0,"profit_factor":2.803841496885263,"sharpe":1.124123321147824,"signal_diagnostics":{"buy_signals":11,"duplicate_buy_skips":0,"flat_sell_skips":0,"hold_signals":419,"risk_blocked_signals":0,"sell_signals":5,"stop_loss_exits":5,"take_profit_exits":0},"starting_equity":500,"total_return":0.08641699382034407,"trade_analysis":{"average_loss":-3.9922665955574206,"average_trade_duration_days":22.181818181818183,"average_win":13.432419296703301,"expectancy":3.9280451736520003,"largest_loss":-6.423976229155885,"largest_win":28.596699467482843,"max_trade_duration_days":71.0,"median_trade_duration_days":20.0,"profit_factor":2.803841496885263,"time_in_market_percent":0.3824201658721348,"total_trades":11,"win_rate":0.45454545454545453}}