{"capital_utilization":{"average_cash_percent":0.9162534600108267,"average_exposure_percent":0.08374653998917324,"average_leverage":0.08374653998917324,"average_position_value":209.0209934703517,"max_exposure_percent":0.40567794480041136},"closed_trades":20,"equity_curve":[],"final_equity":557.9034538117434,"max_drawdown":0.026746844591893686,"open_trades":0,"profit_factor":2.71770451361775,"sharpe":1.5087969937506265,"signal_diagnostics":{"buy_signals":20,"duplicate_buy_skips":0,"flat_sell_skips":0,"hold_signals":513,"risk_blocked_signals":0,"sell_signals":1,"stop_loss_exits":7,"take_profit_exits":12},"starting_equity":500,"total_return":0.11580690762348667,"trade_analysis":{"average_loss":-4.815683901117693,"average_trade_duration_days":6.947916666666667,"average_win":7.047172393812863,"expectancy":2.895172690587169,"largest_loss":-6.867969777374319,"largest_win":12.271132263155824,"max_trade_duration_days":18.0,"median_trade_duration_days":6.0,"profit_factor":2.71770451361775,"time_in_market_percent":0.17282479141835522,"total_trades":20,"win_rate":0.65}}