{"capital_utilization":{"average_cash_percent":0.7677918278047475,"average_exposure_percent":0.2322081721952525,"average_leverage":0.2322081721952525,"average_position_value":173.87231423293926,"max_exposure_percent":0.4246499388818238},"closed_trades":24,"equity_curve":[],"final_equity":350.7688586164975,"max_drawdown":0.3052297710771907,"open_trades":0,"profit_factor":0.4160204689783045,"sharpe":-1.38715650473051,"signal_diagnostics":{"buy_signals":24,"duplicate_buy_skips":0,"flat_sell_skips":0,"hold_signals":298,"risk_blocked_signals":0,"sell_signals":10,"stop_loss_exits":14,"take_profit_exits":0},"starting_equity":500,"total_return":-0.29846228276700504,"trade_analysis":{"average_loss":-17.036115532156497,"average_trade_duration_days":10.751736111111112,"average_win":11.812287955427205,"expectancy":-6.217964224312606,"largest_loss":-22.969991216317617,"largest_win":28.641976665640573,"max_trade_duration_days":22.0,"median_trade_duration_days":8.0,"profit_factor":0.4160204689783045,"time_in_market_percent":0.5130053015241882,"total_trades":24,"win_rate":0.375}}