{"capital_utilization":{"average_cash_percent":0.81284903963703,"average_exposure_percent":0.18715096036297,"average_leverage":0.18715096036297,"average_position_value":191.47866100535734,"max_exposure_percent":0.40679894113779763},"closed_trades":36,"equity_curve":[],"final_equity":476.4004016980644,"max_drawdown":0.08690445904992934,"open_trades":0,"profit_factor":0.75708268109742,"sharpe":-0.4985292715054568,"signal_diagnostics":{"buy_signals":36,"duplicate_buy_skips":0,"flat_sell_skips":0,"hold_signals":368,"risk_blocked_signals":0,"sell_signals":3,"stop_loss_exits":23,"take_profit_exits":10},"starting_equity":500,"total_return":-0.047199196603871174,"trade_analysis":{"average_loss":-4.22394539847527,"average_trade_duration_days":6.693287037037037,"average_win":5.657780450999666,"expectancy":-0.6555443972759885,"largest_loss":-8.000767043524212,"largest_win":9.940027116343904,"max_trade_duration_days":22.0,"median_trade_duration_days":5.0,"profit_factor":0.75708268109742,"time_in_market_percent":0.3776529745967479,"total_trades":36,"win_rate":0.3611111111111111}}