{"capital_utilization":{"average_cash_percent":0.8695953515676516,"average_exposure_percent":0.1304046484323485,"average_leverage":0.1304046484323485,"average_position_value":200.20402076440993,"max_exposure_percent":0.40687646113688497},"closed_trades":21,"equity_curve":[],"final_equity":508.82596370498993,"max_drawdown":0.06630459970172108,"open_trades":0,"profit_factor":1.1225784963908902,"sharpe":0.19773758561376076,"signal_diagnostics":{"buy_signals":21,"duplicate_buy_skips":0,"flat_sell_skips":0,"hold_signals":399,"risk_blocked_signals":0,"sell_signals":0,"stop_loss_exits":13,"take_profit_exits":7},"starting_equity":500,"total_return":0.017651927409979784,"trade_analysis":{"average_loss":-6.000212085082249,"average_trade_duration_days":7.9523809523809526,"average_win":8.98094541399744,"expectancy":0.4202839859519018,"largest_loss":-8.225850037079276,"largest_win":15.74030811080862,"max_trade_duration_days":15.0,"median_trade_duration_days":8.0,"profit_factor":1.1225784963908902,"time_in_market_percent":0.2617383922157644,"total_trades":21,"win_rate":0.42857142857142855}}