{"capital_utilization":{"average_cash_percent":0.7396017979676555,"average_exposure_percent":0.2603982020323445,"average_leverage":0.2603982020323445,"average_position_value":216.6324311185983,"max_exposure_percent":0.4058040299783087},"closed_trades":23,"equity_curve":[],"final_equity":569.039121708003,"max_drawdown":0.0465503580478199,"open_trades":0,"profit_factor":2.7074251606243673,"sharpe":1.1729024328066013,"signal_diagnostics":{"buy_signals":23,"duplicate_buy_skips":0,"flat_sell_skips":0,"hold_signals":508,"risk_blocked_signals":0,"sell_signals":2,"stop_loss_exits":15,"take_profit_exits":5},"starting_equity":500,"total_return":0.13807824341600594,"trade_analysis":{"average_loss":-4.0434640006568054,"average_trade_duration_days":21.432971014492754,"average_win":8.421058593428537,"expectancy":3.0017009438262154,"largest_loss":-7.33407939159608,"largest_win":20.02185420423402,"max_trade_duration_days":53.958333333333336,"median_trade_duration_days":19.0,"profit_factor":2.7074251606243673,"time_in_market_percent":0.613100481940198,"total_trades":23,"win_rate":0.5652173913043478}}