{"capital_utilization":{"average_cash_percent":0.8331613885999634,"average_exposure_percent":0.16683861140003667,"average_leverage":0.16683861140003667,"average_position_value":209.19303578956314,"max_exposure_percent":0.4063702882587539},"closed_trades":20,"equity_curve":[],"final_equity":526.4497445311104,"max_drawdown":0.06443070101650786,"open_trades":0,"profit_factor":1.4359805151699483,"sharpe":0.5375972692394447,"signal_diagnostics":{"buy_signals":20,"duplicate_buy_skips":0,"flat_sell_skips":0,"hold_signals":401,"risk_blocked_signals":0,"sell_signals":7,"stop_loss_exits":9,"take_profit_exits":3},"starting_equity":500,"total_return":0.05289948906222075,"trade_analysis":{"average_loss":-4.333375921103795,"average_trade_duration_days":12.052083333333332,"average_win":14.51950123776058,"expectancy":1.3224872265555179,"largest_loss":-8.186980903911333,"largest_win":30.01862061533279,"max_trade_duration_days":49.0,"median_trade_duration_days":6.5,"profit_factor":1.4359805151699483,"time_in_market_percent":0.3777835825768955,"total_trades":20,"win_rate":0.3}}