{"capital_utilization":{"average_cash_percent":0.8787089357397185,"average_exposure_percent":0.12129106426028143,"average_leverage":0.12129106426028143,"average_position_value":213.93093848606597,"max_exposure_percent":0.4135356685309154},"closed_trades":18,"equity_curve":[],"final_equity":660.9305867915928,"max_drawdown":0.09002473926586112,"open_trades":0,"profit_factor":2.609852303478322,"sharpe":1.0440698280764138,"signal_diagnostics":{"buy_signals":18,"duplicate_buy_skips":0,"flat_sell_skips":0,"hold_signals":518,"risk_blocked_signals":0,"sell_signals":1,"stop_loss_exits":16,"take_profit_exits":0},"starting_equity":500,"total_return":0.32186117358318556,"trade_analysis":{"average_loss":-9.996605678910951,"average_trade_duration_days":12.391203703703702,"average_win":32.61208044758778,"expectancy":8.940588155088484,"largest_loss":-17.728275574661634,"largest_win":91.31767755035186,"max_trade_duration_days":33.0,"median_trade_duration_days":10.5,"profit_factor":2.609852303478322,"time_in_market_percent":0.2774006322226253,"total_trades":18,"win_rate":0.4444444444444444}}