{"capital_utilization":{"average_cash_percent":0.8005748897822337,"average_exposure_percent":0.1994251102177663,"average_leverage":0.1994251102177663,"average_position_value":206.62852958504294,"max_exposure_percent":0.40579135845910014},"closed_trades":28,"equity_curve":[],"final_equity":544.2950816379831,"max_drawdown":0.04237061834483862,"open_trades":0,"profit_factor":1.7349123201992218,"sharpe":0.7425137948330344,"signal_diagnostics":{"buy_signals":28,"duplicate_buy_skips":0,"flat_sell_skips":0,"hold_signals":496,"risk_blocked_signals":0,"sell_signals":3,"stop_loss_exits":25,"take_profit_exits":0},"starting_equity":500,"total_return":0.08859016327596625,"trade_analysis":{"average_loss":-4.018173816614886,"average_trade_duration_days":13.180059523809524,"average_win":8.043668375938955,"expectancy":1.5819672013565402,"largest_loss":-7.409272809307799,"largest_win":21.765676259787917,"max_trade_duration_days":30.0,"median_trade_duration_days":12.0,"profit_factor":1.7349123201992218,"time_in_market_percent":0.4589832616468882,"total_trades":28,"win_rate":0.4642857142857143}}