{"capital_utilization":{"average_cash_percent":0.8214355722808009,"average_exposure_percent":0.17856442771919914,"average_leverage":0.17856442771919914,"average_position_value":199.0479743179553,"max_exposure_percent":0.42004842951708043},"closed_trades":17,"equity_curve":[],"final_equity":522.217327604442,"max_drawdown":0.24811449264809232,"open_trades":0,"profit_factor":1.12115141506861,"sharpe":0.20631461705760007,"signal_diagnostics":{"buy_signals":17,"duplicate_buy_skips":0,"flat_sell_skips":0,"hold_signals":519,"risk_blocked_signals":0,"sell_signals":2,"stop_loss_exits":14,"take_profit_exits":0},"starting_equity":500,"total_return":0.0444346552088839,"trade_analysis":{"average_loss":-15.282066379400758,"average_trade_duration_days":20.06372549019608,"average_win":41.120424831450215,"expectancy":1.3069016237907036,"largest_loss":-24.474662840135114,"largest_win":125.80630966816452,"max_trade_duration_days":50.0,"median_trade_duration_days":13.0,"profit_factor":1.12115141506861,"time_in_market_percent":0.42421101725656846,"total_trades":17,"win_rate":0.29411764705882354}}