{"capital_utilization":{"average_cash_percent":0.8317189978853331,"average_exposure_percent":0.16828100211466693,"average_leverage":0.16828100211466693,"average_position_value":184.075533106114,"max_exposure_percent":0.40909195456063274},"closed_trades":34,"equity_curve":[],"final_equity":453.1048252361396,"max_drawdown":0.12640960886782107,"open_trades":0,"profit_factor":0.5166492791830222,"sharpe":-1.0199596392569952,"signal_diagnostics":{"buy_signals":34,"duplicate_buy_skips":0,"flat_sell_skips":0,"hold_signals":372,"risk_blocked_signals":0,"sell_signals":11,"stop_loss_exits":22,"take_profit_exits":1},"starting_equity":500,"total_return":-0.0937903495277208,"trade_analysis":{"average_loss":-4.851050463377437,"average_trade_duration_days":6.439950980392157,"average_win":3.580416750263455,"expectancy":-1.379269845995894,"largest_loss":-10.63584321731662,"largest_win":9.859331607380764,"max_trade_duration_days":17.0,"median_trade_duration_days":6.0,"profit_factor":0.5166492791830222,"time_in_market_percent":0.34317246783778493,"total_trades":34,"win_rate":0.4117647058823529}}