{"capital_utilization":{"average_cash_percent":0.8382116568692154,"average_exposure_percent":0.16178834313078458,"average_leverage":0.16178834313078458,"average_position_value":220.06847340719148,"max_exposure_percent":0.4171818141067973},"closed_trades":38,"equity_curve":[],"final_equity":754.1301320205461,"max_drawdown":0.10946936166216607,"open_trades":0,"profit_factor":2.4181015391715874,"sharpe":1.3849949526974634,"signal_diagnostics":{"buy_signals":38,"duplicate_buy_skips":0,"flat_sell_skips":0,"hold_signals":476,"risk_blocked_signals":0,"sell_signals":23,"stop_loss_exits":14,"take_profit_exits":1},"starting_equity":500,"total_return":0.508260264041092,"trade_analysis":{"average_loss":-12.800319149068699,"average_trade_duration_days":7.2105263157894735,"average_win":18.055608337812828,"expectancy":6.687635053172265,"largest_loss":-22.885299646045098,"largest_win":54.234726381572,"max_trade_duration_days":17.0,"median_trade_duration_days":6.0,"profit_factor":2.4181015391715874,"time_in_market_percent":0.3407783593304659,"total_trades":38,"win_rate":0.631578947368421}}