{"capital_utilization":{"average_cash_percent":0.8547509735859293,"average_exposure_percent":0.14524902641407067,"average_leverage":0.14524902641407067,"average_position_value":209.48546782234374,"max_exposure_percent":0.4083842827797276},"closed_trades":34,"equity_curve":[],"final_equity":548.0236027947933,"max_drawdown":0.04581833782548422,"open_trades":0,"profit_factor":1.5842549321147974,"sharpe":0.7684190655497976,"signal_diagnostics":{"buy_signals":34,"duplicate_buy_skips":0,"flat_sell_skips":0,"hold_signals":485,"risk_blocked_signals":0,"sell_signals":6,"stop_loss_exits":16,"take_profit_exits":12},"starting_equity":500,"total_return":0.09604720558958668,"trade_analysis":{"average_loss":-4.566461978141855,"average_trade_duration_days":7.234068627450981,"average_win":8.138744900084168,"expectancy":1.4124589057292152,"largest_loss":-10.389520171357436,"largest_win":15.618102923522045,"max_trade_duration_days":21.0,"median_trade_duration_days":5.5,"profit_factor":1.5842549321147974,"time_in_market_percent":0.3059024718868218,"total_trades":34,"win_rate":0.47058823529411764}}