{"capital_utilization":{"average_cash_percent":0.8375852599837352,"average_exposure_percent":0.16241474001626477,"average_leverage":0.16241474001626477,"average_position_value":170.58084787585653,"max_exposure_percent":0.4218138626295031},"closed_trades":38,"equity_curve":[],"final_equity":463.452939968105,"max_drawdown":0.23903258411164932,"open_trades":0,"profit_factor":0.8680690728123123,"sharpe":-0.18671247169476884,"signal_diagnostics":{"buy_signals":38,"duplicate_buy_skips":0,"flat_sell_skips":0,"hold_signals":477,"risk_blocked_signals":0,"sell_signals":2,"stop_loss_exits":24,"take_profit_exits":12},"starting_equity":500,"total_return":-0.07309412006379001,"trade_analysis":{"average_loss":-12.044201037273416,"average_trade_duration_days":7.104166666666668,"average_win":16.031304255026235,"expectancy":-0.9617647376814478,"largest_loss":-22.094731264889624,"largest_win":28.116486752355215,"max_trade_duration_days":18.0,"median_trade_duration_days":6.0,"profit_factor":0.8680690728123123,"time_in_market_percent":0.33575167124423494,"total_trades":38,"win_rate":0.39473684210526316}}