{"capital_utilization":{"average_cash_percent":0.8494073813532663,"average_exposure_percent":0.15059261864673373,"average_leverage":0.15059261864673373,"average_position_value":196.3261699946426,"max_exposure_percent":0.40392621001122375},"closed_trades":14,"equity_curve":[],"final_equity":503.36203987719716,"max_drawdown":0.03976137220298449,"open_trades":0,"profit_factor":1.1184489908746407,"sharpe":0.14299726514064415,"signal_diagnostics":{"buy_signals":14,"duplicate_buy_skips":0,"flat_sell_skips":0,"hold_signals":413,"risk_blocked_signals":0,"sell_signals":3,"stop_loss_exits":9,"take_profit_exits":1},"starting_equity":500,"total_return":0.006724079754394374,"trade_analysis":{"average_loss":-3.153762506517233,"average_trade_duration_days":15.857142857142858,"average_win":6.349180487170458,"expectancy":0.24014570551408493,"largest_loss":-4.599649036800157,"largest_win":13.11045190842409,"max_trade_duration_days":45.0,"median_trade_duration_days":11.0,"profit_factor":1.1184489908746407,"time_in_market_percent":0.3479396591131718,"total_trades":14,"win_rate":0.35714285714285715}}