{"capital_utilization":{"average_cash_percent":0.8332224062733793,"average_exposure_percent":0.1667775937266207,"average_leverage":0.1667775937266207,"average_position_value":214.86884958007386,"max_exposure_percent":0.4189991823636798},"closed_trades":16,"equity_curve":[],"final_equity":567.9319772766451,"max_drawdown":0.2177146922050136,"open_trades":0,"profit_factor":1.3906958766299227,"sharpe":0.45190479678486123,"signal_diagnostics":{"buy_signals":16,"duplicate_buy_skips":0,"flat_sell_skips":0,"hold_signals":521,"risk_blocked_signals":0,"sell_signals":2,"stop_loss_exits":13,"take_profit_exits":0},"starting_equity":500,"total_return":0.13586395455329003,"trade_analysis":{"average_loss":-15.806755758844485,"average_trade_duration_days":20.380208333333336,"average_win":48.361258124786886,"expectancy":4.245748579790315,"largest_loss":-26.476678829297185,"largest_win":136.09720703979713,"max_trade_duration_days":50.0,"median_trade_duration_days":17.0,"profit_factor":1.3906958766299227,"time_in_market_percent":0.4055552676581853,"total_trades":16,"win_rate":0.3125}}