{"capital_utilization":{"average_cash_percent":0.8491874148828006,"average_exposure_percent":0.15081258511719944,"average_leverage":0.15081258511719944,"average_position_value":189.88419001232634,"max_exposure_percent":0.4100729091461703},"closed_trades":18,"equity_curve":[],"final_equity":494.97313494340176,"max_drawdown":0.10006935050802178,"open_trades":0,"profit_factor":0.9325241982081176,"sharpe":-0.04781205230645845,"signal_diagnostics":{"buy_signals":18,"duplicate_buy_skips":0,"flat_sell_skips":0,"hold_signals":404,"risk_blocked_signals":0,"sell_signals":7,"stop_loss_exits":10,"take_profit_exits":1},"starting_equity":500,"total_return":-0.010053730113196435,"trade_analysis":{"average_loss":-7.449878212789156,"average_trade_duration_days":11.777777777777779,"average_win":8.683989633911665,"expectancy":-0.27927028092212564,"largest_loss":-11.689688259976412,"largest_win":13.868386977163311,"max_trade_duration_days":22.0,"median_trade_duration_days":12.0,"profit_factor":0.9325241982081176,"time_in_market_percent":0.3322667014954614,"total_trades":18,"win_rate":0.4444444444444444}}