{"capital_utilization":{"average_cash_percent":0.9119924178485546,"average_exposure_percent":0.08800758215144543,"average_leverage":0.08800758215144543,"average_position_value":198.5863391379654,"max_exposure_percent":0.40674549810973193},"closed_trades":11,"equity_curve":[],"final_equity":517.6453423722996,"max_drawdown":0.06584595682995814,"open_trades":0,"profit_factor":1.517636665213312,"sharpe":0.3928382508367715,"signal_diagnostics":{"buy_signals":11,"duplicate_buy_skips":0,"flat_sell_skips":0,"hold_signals":418,"risk_blocked_signals":0,"sell_signals":5,"stop_loss_exits":5,"take_profit_exits":1},"starting_equity":500,"total_return":0.03529068474459929,"trade_analysis":{"average_loss":-6.817655532584136,"average_trade_duration_days":11.636363636363637,"average_win":8.622270005870062,"expectancy":1.6041220338454267,"largest_loss":-8.162255106265823,"largest_win":14.500559758668752,"max_trade_duration_days":19.0,"median_trade_duration_days":10.0,"profit_factor":1.517636665213312,"time_in_market_percent":0.20061385750669367,"total_trades":11,"win_rate":0.5454545454545454}}