{"capital_utilization":{"average_cash_percent":0.9278920418071408,"average_exposure_percent":0.07210795819285915,"average_leverage":0.07210795819285915,"average_position_value":202.69456985636256,"max_exposure_percent":0.4073055802016701},"closed_trades":14,"equity_curve":[],"final_equity":522.8675127801051,"max_drawdown":0.039985304802113875,"open_trades":0,"profit_factor":1.6371287569413107,"sharpe":0.552540222096185,"signal_diagnostics":{"buy_signals":14,"duplicate_buy_skips":0,"flat_sell_skips":0,"hold_signals":526,"risk_blocked_signals":0,"sell_signals":2,"stop_loss_exits":5,"take_profit_exits":6},"starting_equity":500,"total_return":0.04573502556021025,"trade_analysis":{"average_loss":-5.981918236298646,"average_trade_duration_days":8.782738095238097,"average_win":7.344877774737119,"expectancy":1.6333937700075063,"largest_loss":-8.838576586855124,"largest_win":12.18732567759813,"max_trade_duration_days":18.0,"median_trade_duration_days":8.0,"profit_factor":1.6371287569413107,"time_in_market_percent":0.1529253251800798,"total_trades":14,"win_rate":0.5714285714285714}}