{"capital_utilization":{"average_cash_percent":0.7858360055795036,"average_exposure_percent":0.2141639944204964,"average_leverage":0.2141639944204964,"average_position_value":171.7200920155698,"max_exposure_percent":0.42278734284385716},"closed_trades":32,"equity_curve":[],"final_equity":358.41626625858385,"max_drawdown":0.30242215679645246,"open_trades":0,"profit_factor":0.5073562794435282,"sharpe":-1.3573543677698918,"signal_diagnostics":{"buy_signals":32,"duplicate_buy_skips":0,"flat_sell_skips":0,"hold_signals":280,"risk_blocked_signals":0,"sell_signals":11,"stop_loss_exits":20,"take_profit_exits":0},"starting_equity":500,"total_return":-0.2831674674828323,"trade_analysis":{"average_loss":-13.685514049584256,"average_trade_duration_days":6.845052083333334,"average_win":13.255641936350292,"expectancy":-4.424491679419255,"largest_loss":-24.32236929938684,"largest_win":27.66012535642556,"max_trade_duration_days":20.0,"median_trade_duration_days":6.0,"profit_factor":0.5073562794435282,"time_in_market_percent":0.4398427041499331,"total_trades":32,"win_rate":0.34375}}