{"capital_utilization":{"average_cash_percent":0.8043791644875888,"average_exposure_percent":0.19562083551241116,"average_leverage":0.19562083551241116,"average_position_value":208.68688420727878,"max_exposure_percent":0.4058107085809147},"closed_trades":28,"equity_curve":[],"final_equity":552.5356821895018,"max_drawdown":0.04235625694563646,"open_trades":0,"profit_factor":1.8426308377552825,"sharpe":0.8941782680335334,"signal_diagnostics":{"buy_signals":28,"duplicate_buy_skips":0,"flat_sell_skips":0,"hold_signals":496,"risk_blocked_signals":0,"sell_signals":2,"stop_loss_exits":24,"take_profit_exits":2},"starting_equity":500,"total_return":0.10507136437900355,"trade_analysis":{"average_loss":-4.156480697957343,"average_trade_duration_days":12.894345238095239,"average_win":8.83714558914323,"expectancy":1.8762743639107804,"largest_loss":-7.499366798102534,"largest_win":24.38763367980745,"max_trade_duration_days":27.0,"median_trade_duration_days":11.5,"profit_factor":1.8426308377552825,"time_in_market_percent":0.44903352852775047,"total_trades":28,"win_rate":0.4642857142857143}}