{"capital_utilization":{"average_cash_percent":0.8914959348640062,"average_exposure_percent":0.10850406513599375,"average_leverage":0.10850406513599375,"average_position_value":200.6868066082543,"max_exposure_percent":0.41718770165098024},"closed_trades":24,"equity_curve":[],"final_equity":613.7989984741608,"max_drawdown":0.133209175316857,"open_trades":0,"profit_factor":1.621557866823738,"sharpe":0.7942967662023874,"signal_diagnostics":{"buy_signals":24,"duplicate_buy_skips":0,"flat_sell_skips":0,"hold_signals":504,"risk_blocked_signals":0,"sell_signals":10,"stop_loss_exits":12,"take_profit_exits":2},"starting_equity":500,"total_return":0.22759799694832172,"trade_analysis":{"average_loss":-15.25722765171921,"average_trade_duration_days":7.708333333333333,"average_win":24.74047752456595,"expectancy":4.741624936423369,"largest_loss":-20.900524491166575,"largest_win":53.64750332404663,"max_trade_duration_days":19.0,"median_trade_duration_days":6.0,"profit_factor":1.621557866823738,"time_in_market_percent":0.23008757838005908,"total_trades":24,"win_rate":0.5}}