{"capital_utilization":{"average_cash_percent":0.9250040271608599,"average_exposure_percent":0.07499597283914003,"average_leverage":0.07499597283914003,"average_position_value":203.14161466115797,"max_exposure_percent":0.4036873797291228},"closed_trades":14,"equity_curve":[],"final_equity":528.8463380660872,"max_drawdown":0.021373341257280565,"open_trades":0,"profit_factor":2.3859197251658966,"sharpe":0.9313326941541437,"signal_diagnostics":{"buy_signals":14,"duplicate_buy_skips":0,"flat_sell_skips":0,"hold_signals":526,"risk_blocked_signals":0,"sell_signals":7,"stop_loss_exits":5,"take_profit_exits":1},"starting_equity":500,"total_return":0.05769267613217455,"trade_analysis":{"average_loss":-4.162771846346909,"average_trade_duration_days":9.000000000000002,"average_win":5.517799699757972,"expectancy":2.060452719006229,"largest_loss":-4.488271976229074,"largest_win":11.169861529736856,"max_trade_duration_days":20.0,"median_trade_duration_days":8.0,"profit_factor":2.3859197251658966,"time_in_market_percent":0.15670829662641864,"total_trades":14,"win_rate":0.6428571428571429}}