{"capital_utilization":{"average_cash_percent":0.7352949107890587,"average_exposure_percent":0.2647050892109412,"average_leverage":0.2647050892109412,"average_position_value":202.6431035689585,"max_exposure_percent":0.4044592577689118},"closed_trades":37,"equity_curve":[],"final_equity":521.1060585197865,"max_drawdown":0.025523405644140813,"open_trades":0,"profit_factor":1.443874337082578,"sharpe":0.5835523857672964,"signal_diagnostics":{"buy_signals":37,"duplicate_buy_skips":0,"flat_sell_skips":0,"hold_signals":479,"risk_blocked_signals":0,"sell_signals":1,"stop_loss_exits":34,"take_profit_exits":2},"starting_equity":500,"total_return":0.04221211703957306,"trade_analysis":{"average_loss":-2.1613466159352552,"average_trade_duration_days":13.188063063063062,"average_win":4.577045604690812,"expectancy":0.5704340140482852,"largest_loss":-5.390812592985542,"largest_win":11.00690898590257,"max_trade_duration_days":50.0,"median_trade_duration_days":9.0,"profit_factor":1.443874337082578,"time_in_market_percent":0.606881898740737,"total_trades":37,"win_rate":0.40540540540540543}}