{"capital_utilization":{"average_cash_percent":0.7529272617862349,"average_exposure_percent":0.24707273821376505,"average_leverage":0.24707273821376505,"average_position_value":169.88215752565108,"max_exposure_percent":0.4227873428438571},"closed_trades":16,"equity_curve":[],"final_equity":348.90848124016134,"max_drawdown":0.30891463301373173,"open_trades":0,"profit_factor":0.2685409695677158,"sharpe":-2.299382587414497,"signal_diagnostics":{"buy_signals":16,"duplicate_buy_skips":0,"flat_sell_skips":0,"hold_signals":156,"risk_blocked_signals":0,"sell_signals":3,"stop_loss_exits":12,"take_profit_exits":0},"starting_equity":500,"total_return":-0.30218303751967734,"trade_analysis":{"average_loss":-15.889371839621512,"average_trade_duration_days":9.3125,"average_win":18.49010505174699,"expectancy":-9.443219922489916,"largest_loss":-23.855348905451862,"largest_win":25.99431758106088,"max_trade_duration_days":25.0,"median_trade_duration_days":7.5,"profit_factor":0.2685409695677158,"time_in_market_percent":0.5497309761721753,"total_trades":16,"win_rate":0.1875}}