{"capital_utilization":{"average_cash_percent":0.899452319087418,"average_exposure_percent":0.10054768091258201,"average_leverage":0.10054768091258201,"average_position_value":201.64628513007324,"max_exposure_percent":0.4057882901297951},"closed_trades":14,"equity_curve":[],"final_equity":526.0615711887413,"max_drawdown":0.028963743398400438,"open_trades":0,"profit_factor":2.328756504547433,"sharpe":0.6836452192695887,"signal_diagnostics":{"buy_signals":14,"duplicate_buy_skips":0,"flat_sell_skips":0,"hold_signals":412,"risk_blocked_signals":0,"sell_signals":4,"stop_loss_exits":9,"take_profit_exits":1},"starting_equity":500,"total_return":0.05212314237748261,"trade_analysis":{"average_loss":-3.2689173548790573,"average_trade_duration_days":9.925595238095237,"average_win":5.709384414751945,"expectancy":1.8615407991958008,"largest_loss":-7.00206634355947,"largest_win":11.445459956720985,"max_trade_duration_days":21.0,"median_trade_duration_days":8.0,"profit_factor":2.328756504547433,"time_in_market_percent":0.21778880689610133,"total_trades":14,"win_rate":0.5714285714285714}}