{"capital_utilization":{"average_cash_percent":0.863573790875595,"average_exposure_percent":0.13642620912440498,"average_leverage":0.13642620912440498,"average_position_value":173.00047814746938,"max_exposure_percent":0.42328163536233165},"closed_trades":21,"equity_curve":[],"final_equity":478.64386096981264,"max_drawdown":0.23208182677235395,"open_trades":0,"profit_factor":0.8491011537615126,"sharpe":-0.08040547947369371,"signal_diagnostics":{"buy_signals":21,"duplicate_buy_skips":0,"flat_sell_skips":0,"hold_signals":511,"risk_blocked_signals":0,"sell_signals":1,"stop_loss_exits":18,"take_profit_exits":2},"starting_equity":500,"total_return":-0.0427122780603747,"trade_analysis":{"average_loss":-11.793849302882855,"average_trade_duration_days":11.759920634920636,"average_win":13.352228067156325,"expectancy":-1.0169590014374925,"largest_loss":-25.41709374075737,"largest_win":34.48156212069301,"max_trade_duration_days":27.0,"median_trade_duration_days":10.0,"profit_factor":0.8491011537615126,"time_in_market_percent":0.30714618852671405,"total_trades":21,"win_rate":0.42857142857142855}}