{"capital_utilization":{"average_cash_percent":0.8653951189938242,"average_exposure_percent":0.13460488100617582,"average_leverage":0.13460488100617582,"average_position_value":199.60714350004517,"max_exposure_percent":0.40494408603460846},"closed_trades":15,"equity_curve":[],"final_equity":510.23259026047805,"max_drawdown":0.028323929072580602,"open_trades":0,"profit_factor":1.4411651813701896,"sharpe":0.4890351148370675,"signal_diagnostics":{"buy_signals":15,"duplicate_buy_skips":0,"flat_sell_skips":0,"hold_signals":411,"risk_blocked_signals":0,"sell_signals":2,"stop_loss_exits":10,"take_profit_exits":2},"starting_equity":500,"total_return":0.02046518052095614,"trade_analysis":{"average_loss":-2.3194464777789703,"average_trade_duration_days":12.933333333333334,"average_win":6.685411007653554,"expectancy":0.6821726840318709,"largest_loss":-5.974292661057205,"largest_win":14.698210203355185,"max_trade_duration_days":36.0,"median_trade_duration_days":14.0,"profit_factor":1.4411651813701896,"time_in_market_percent":0.3040553777835826,"total_trades":15,"win_rate":0.3333333333333333}}