{"capital_utilization":{"average_cash_percent":0.8702713952154391,"average_exposure_percent":0.1297286047845609,"average_leverage":0.1297286047845609,"average_position_value":214.13310885912412,"max_exposure_percent":0.40603111608487336},"closed_trades":30,"equity_curve":[],"final_equity":594.3378768049092,"max_drawdown":0.03014221165599843,"open_trades":0,"profit_factor":2.68386740269905,"sharpe":1.7240734307250574,"signal_diagnostics":{"buy_signals":30,"duplicate_buy_skips":0,"flat_sell_skips":0,"hold_signals":493,"risk_blocked_signals":0,"sell_signals":15,"stop_loss_exits":14,"take_profit_exits":1},"starting_equity":500,"total_return":0.18867575360981848,"trade_analysis":{"average_loss":-4.668710684191255,"average_trade_duration_days":7.101388888888889,"average_win":8.353466945289124,"expectancy":3.1445958934969727,"largest_loss":-7.428416835443996,"largest_win":19.315329092630893,"max_trade_duration_days":19.0,"median_trade_duration_days":6.520833333333334,"profit_factor":2.68386740269905,"time_in_market_percent":0.26496346582370317,"total_trades":30,"win_rate":0.6}}