{"capital_utilization":{"average_cash_percent":0.9475173174052255,"average_exposure_percent":0.05248268259477455,"average_leverage":0.05248268259477455,"average_position_value":206.61063589975387,"max_exposure_percent":0.4079080213503011},"closed_trades":9,"equity_curve":[],"final_equity":533.1788694856666,"max_drawdown":0.05243720979132191,"open_trades":0,"profit_factor":2.340519140062733,"sharpe":0.7445186926855984,"signal_diagnostics":{"buy_signals":9,"duplicate_buy_skips":0,"flat_sell_skips":0,"hold_signals":534,"risk_blocked_signals":0,"sell_signals":4,"stop_loss_exits":4,"take_profit_exits":1},"starting_equity":500,"total_return":0.06635773897133324,"trade_analysis":{"average_loss":-6.187690368246792,"average_trade_duration_days":10.106481481481483,"average_win":11.585926191730751,"expectancy":3.6865410539629533,"largest_loss":-9.883779803564938,"largest_win":21.843887664258762,"max_trade_duration_days":19.0,"median_trade_duration_days":8.0,"profit_factor":2.340519140062733,"time_in_market_percent":0.11312639270352906,"total_trades":9,"win_rate":0.5555555555555556}}