{"capital_utilization":{"average_cash_percent":0.9352240608286773,"average_exposure_percent":0.06477593917132272,"average_leverage":0.06477593917132272,"average_position_value":202.00443771438103,"max_exposure_percent":0.40631937443589444},"closed_trades":11,"equity_curve":[],"final_equity":515.5394940556296,"max_drawdown":0.03121428340720615,"open_trades":0,"profit_factor":1.5758360925484252,"sharpe":0.4038950999760874,"signal_diagnostics":{"buy_signals":11,"duplicate_buy_skips":0,"flat_sell_skips":0,"hold_signals":531,"risk_blocked_signals":0,"sell_signals":3,"stop_loss_exits":8,"take_profit_exits":0},"starting_equity":500,"total_return":0.031078988111259198,"trade_analysis":{"average_loss":-6.7464918649237005,"average_trade_duration_days":10.0,"average_win":6.07506593076063,"expectancy":1.412681277784509,"largest_loss":-7.695672340672965,"largest_win":12.685711683487945,"max_trade_duration_days":21.0,"median_trade_duration_days":9.0,"profit_factor":1.5758360925484252,"time_in_market_percent":0.13680883038814323,"total_trades":11,"win_rate":0.6363636363636364}}