{"capital_utilization":{"average_cash_percent":0.7075685695792989,"average_exposure_percent":0.2924314304207011,"average_leverage":0.2924314304207011,"average_position_value":174.67309423638602,"max_exposure_percent":0.42278734284385716},"closed_trades":20,"equity_curve":[],"final_equity":356.27525897952285,"max_drawdown":0.3065891530536283,"open_trades":0,"profit_factor":0.2949554260124643,"sharpe":-2.0244707522444543,"signal_diagnostics":{"buy_signals":20,"duplicate_buy_skips":0,"flat_sell_skips":0,"hold_signals":148,"risk_blocked_signals":0,"sell_signals":2,"stop_loss_exits":17,"take_profit_exits":0},"starting_equity":500,"total_return":-0.28744948204095433,"trade_analysis":{"average_loss":-13.590132815538176,"average_trade_duration_days":8.552083333333332,"average_win":12.025450242519101,"expectancy":-7.1862370510238565,"largest_loss":-24.32236929938684,"largest_win":20.3472072068309,"max_trade_duration_days":25.0,"median_trade_duration_days":7.0,"profit_factor":0.2949554260124643,"time_in_market_percent":0.6310530361260568,"total_trades":20,"win_rate":0.25}}