{"capital_utilization":{"average_cash_percent":0.851444995583281,"average_exposure_percent":0.14855500441671896,"average_leverage":0.14855500441671896,"average_position_value":204.92480239055533,"max_exposure_percent":0.4097715415824939},"closed_trades":36,"equity_curve":[],"final_equity":522.3234943136622,"max_drawdown":0.054080481780943775,"open_trades":0,"profit_factor":1.222777323985237,"sharpe":0.3925800006861907,"signal_diagnostics":{"buy_signals":36,"duplicate_buy_skips":0,"flat_sell_skips":0,"hold_signals":482,"risk_blocked_signals":0,"sell_signals":3,"stop_loss_exits":20,"take_profit_exits":12},"starting_equity":500,"total_return":0.04464698862732441,"trade_analysis":{"average_loss":-4.771686452326101,"average_trade_duration_days":6.778935185185186,"average_win":8.168593987500687,"expectancy":0.6200970642683948,"largest_loss":-11.7943335855226,"largest_win":14.783686293154894,"max_trade_duration_days":18.0,"median_trade_duration_days":6.0,"profit_factor":1.222777323985237,"time_in_market_percent":0.3035186816603618,"total_trades":36,"win_rate":0.4166666666666667}}