{"capital_utilization":{"average_cash_percent":0.8577461069794522,"average_exposure_percent":0.14225389302054783,"average_leverage":0.14225389302054783,"average_position_value":201.11776397900869,"max_exposure_percent":0.40416479242792536},"closed_trades":10,"equity_curve":[],"final_equity":514.9164766384758,"max_drawdown":0.02473654911738817,"open_trades":0,"profit_factor":2.088435326310261,"sharpe":0.6534599488749996,"signal_diagnostics":{"buy_signals":10,"duplicate_buy_skips":0,"flat_sell_skips":0,"hold_signals":421,"risk_blocked_signals":0,"sell_signals":4,"stop_loss_exits":5,"take_profit_exits":0},"starting_equity":500,"total_return":0.02983295327695168,"trade_analysis":{"average_loss":-2.7409027027893105,"average_trade_duration_days":21.3,"average_win":5.7241980304844695,"expectancy":1.4916476638475795,"largest_loss":-5.12482101914197,"largest_win":11.875196658875083,"max_trade_duration_days":47.0,"median_trade_duration_days":21.5,"profit_factor":2.088435326310261,"time_in_market_percent":0.33383399725723245,"total_trades":10,"win_rate":0.5}}