{"capital_utilization":{"average_cash_percent":0.8604196074663109,"average_exposure_percent":0.13958039253368912,"average_leverage":0.13958039253368912,"average_position_value":204.15401694418938,"max_exposure_percent":0.4083813475253352},"closed_trades":25,"equity_curve":[],"final_equity":554.6491523076493,"max_drawdown":0.04584311400299871,"open_trades":0,"profit_factor":1.7851916264056484,"sharpe":0.9128214265523181,"signal_diagnostics":{"buy_signals":25,"duplicate_buy_skips":0,"flat_sell_skips":0,"hold_signals":503,"risk_blocked_signals":0,"sell_signals":7,"stop_loss_exits":16,"take_profit_exits":2},"starting_equity":500,"total_return":0.10929830461529866,"trade_analysis":{"average_loss":-5.353828040660337,"average_trade_duration_days":9.801666666666668,"average_win":10.354076403019477,"expectancy":2.185966092305973,"largest_loss":-10.110952329389534,"largest_win":19.606478574070785,"max_trade_duration_days":23.0,"median_trade_duration_days":10.0,"profit_factor":1.7851916264056484,"time_in_market_percent":0.304762398300254,"total_trades":25,"win_rate":0.48}}