{"capital_utilization":{"average_cash_percent":0.7336356935087183,"average_exposure_percent":0.2663643064912817,"average_leverage":0.2663643064912817,"average_position_value":206.7577246807034,"max_exposure_percent":0.4030054460073517},"closed_trades":20,"equity_curve":[],"final_equity":546.3958470374471,"max_drawdown":0.024017935352984087,"open_trades":0,"profit_factor":4.056272693771736,"sharpe":1.1357439651000938,"signal_diagnostics":{"buy_signals":20,"duplicate_buy_skips":0,"flat_sell_skips":0,"hold_signals":513,"risk_blocked_signals":0,"sell_signals":5,"stop_loss_exits":13,"take_profit_exits":2},"starting_equity":500,"total_return":0.09279169407489407,"trade_analysis":{"average_loss":-1.6867258362701973,"average_trade_duration_days":25.597916666666666,"average_win":5.597852687625353,"expectancy":2.3197923518723553,"largest_loss":-3.1471552661546642,"largest_win":13.708766088729512,"max_trade_duration_days":55.958333333333336,"median_trade_duration_days":24.5,"profit_factor":4.056272693771736,"time_in_market_percent":0.63673109809815,"total_trades":20,"win_rate":0.55}}