{"capital_utilization":{"average_cash_percent":0.8952671103518794,"average_exposure_percent":0.1047328896481205,"average_leverage":0.1047328896481205,"average_position_value":208.92940599314826,"max_exposure_percent":0.4102163748467322},"closed_trades":11,"equity_curve":[],"final_equity":565.2284412253098,"max_drawdown":0.03792699487324093,"open_trades":0,"profit_factor":2.603494895600417,"sharpe":1.1168709695379868,"signal_diagnostics":{"buy_signals":11,"duplicate_buy_skips":0,"flat_sell_skips":0,"hold_signals":418,"risk_blocked_signals":0,"sell_signals":6,"stop_loss_exits":4,"take_profit_exits":1},"starting_equity":500,"total_return":0.1304568824506196,"trade_analysis":{"average_loss":-10.16973010083787,"average_trade_duration_days":14.549242424242424,"average_win":15.129623089808748,"expectancy":5.9298582932099775,"largest_loss":-13.255327200822851,"largest_win":25.982563335796335,"max_trade_duration_days":28.0,"median_trade_duration_days":14.0,"profit_factor":2.603494895600417,"time_in_market_percent":0.25083262587344085,"total_trades":11,"win_rate":0.6363636363636364}}