{"capital_utilization":{"average_cash_percent":0.8727924005493537,"average_exposure_percent":0.1272075994506463,"average_leverage":0.1272075994506463,"average_position_value":194.4924422646027,"max_exposure_percent":0.4066760071699389},"closed_trades":17,"equity_curve":[],"final_equity":491.7954705801879,"max_drawdown":0.05752784623651554,"open_trades":0,"profit_factor":0.8425105580944252,"sharpe":-0.16452308226124873,"signal_diagnostics":{"buy_signals":17,"duplicate_buy_skips":0,"flat_sell_skips":0,"hold_signals":406,"risk_blocked_signals":0,"sell_signals":6,"stop_loss_exits":10,"take_profit_exits":1},"starting_equity":500,"total_return":-0.01640905883962418,"trade_analysis":{"average_loss":-5.20957425497212,"average_trade_duration_days":10.115196078431373,"average_win":6.2701733042727295,"expectancy":-0.4826193776360058,"largest_loss":-8.002237879684404,"largest_win":10.69951763024662,"max_trade_duration_days":20.0,"median_trade_duration_days":8.0,"profit_factor":0.8425105580944252,"time_in_market_percent":0.2695095670345458,"total_trades":17,"win_rate":0.4117647058823529}}