{"capital_utilization":{"average_cash_percent":0.8216497902739899,"average_exposure_percent":0.17835020972601015,"average_leverage":0.17835020972601015,"average_position_value":186.83887444486837,"max_exposure_percent":0.41820569367130933},"closed_trades":32,"equity_curve":[],"final_equity":448.50035493114234,"max_drawdown":0.2325948661967571,"open_trades":0,"profit_factor":0.7940878952451437,"sharpe":-0.2972479703524598,"signal_diagnostics":{"buy_signals":32,"duplicate_buy_skips":0,"flat_sell_skips":0,"hold_signals":489,"risk_blocked_signals":0,"sell_signals":3,"stop_loss_exits":25,"take_profit_exits":3},"starting_equity":500,"total_return":-0.10299929013771536,"trade_analysis":{"average_loss":-11.368408673507776,"average_trade_duration_days":9.502604166666668,"average_win":19.860534574831338,"expectancy":-1.609363908401802,"largest_loss":-20.793451921276407,"largest_win":65.99977930599701,"max_trade_duration_days":31.0,"median_trade_duration_days":7.520833333333334,"profit_factor":0.7940878952451437,"time_in_market_percent":0.37819350158055665,"total_trades":32,"win_rate":0.3125}}