{"capital_utilization":{"average_cash_percent":0.8764959343455979,"average_exposure_percent":0.12350406565440211,"average_leverage":0.12350406565440211,"average_position_value":206.30244917804927,"max_exposure_percent":0.40683748858017027},"closed_trades":22,"equity_curve":[],"final_equity":528.1899197731598,"max_drawdown":0.05154914845793559,"open_trades":0,"profit_factor":1.4013873035222342,"sharpe":0.5462404950036529,"signal_diagnostics":{"buy_signals":22,"duplicate_buy_skips":0,"flat_sell_skips":0,"hold_signals":396,"risk_blocked_signals":0,"sell_signals":3,"stop_loss_exits":12,"take_profit_exits":7},"starting_equity":500,"total_return":0.05637983954631953,"trade_analysis":{"average_loss":-6.384656307984586,"average_trade_duration_days":6.863636363636363,"average_win":8.947376287362742,"expectancy":1.2813599896890782,"largest_loss":-8.547792283009157,"largest_win":14.432237262184971,"max_trade_duration_days":15.0,"median_trade_duration_days":7.5,"profit_factor":1.4013873035222342,"time_in_market_percent":0.2366616600274277,"total_trades":22,"win_rate":0.5}}