{"capital_utilization":{"average_cash_percent":0.9466438008997082,"average_exposure_percent":0.053356199100291796,"average_leverage":0.053356199100291796,"average_position_value":206.34136467040312,"max_exposure_percent":0.40243645913910453},"closed_trades":10,"equity_curve":[],"final_equity":537.5095769240344,"max_drawdown":0.017190079781181665,"open_trades":0,"profit_factor":7.693356505355224,"sharpe":1.5576816191623608,"signal_diagnostics":{"buy_signals":10,"duplicate_buy_skips":0,"flat_sell_skips":0,"hold_signals":533,"risk_blocked_signals":0,"sell_signals":0,"stop_loss_exits":3,"take_profit_exits":7},"starting_equity":500,"total_return":0.07501915384806868,"trade_analysis":{"average_loss":-1.8680003519919932,"average_trade_duration_days":9.595833333333335,"average_win":6.159082568572907,"expectancy":3.750957692403437,"largest_loss":-3.012964044565294,"largest_win":8.239915018636987,"max_trade_duration_days":22.0,"median_trade_duration_days":7.0,"profit_factor":7.693356505355224,"time_in_market_percent":0.11934497590299012,"total_trades":10,"win_rate":0.7}}