{"capital_utilization":{"average_cash_percent":0.8693675395570737,"average_exposure_percent":0.13063246044292634,"average_leverage":0.13063246044292634,"average_position_value":202.39811991379796,"max_exposure_percent":0.40375826911469104},"closed_trades":12,"equity_curve":[],"final_equity":516.5243295991739,"max_drawdown":0.02609020995817114,"open_trades":0,"profit_factor":1.993404775859483,"sharpe":0.7564689057245658,"signal_diagnostics":{"buy_signals":12,"duplicate_buy_skips":0,"flat_sell_skips":0,"hold_signals":417,"risk_blocked_signals":0,"sell_signals":0,"stop_loss_exits":11,"take_profit_exits":0},"starting_equity":500,"total_return":0.033048659198347874,"trade_analysis":{"average_loss":-2.37629068385072,"average_trade_duration_days":16.333333333333332,"average_win":6.631672877225792,"expectancy":1.3770274665978264,"largest_loss":-4.598238563029368,"largest_win":11.918416666055096,"max_trade_duration_days":45.0,"median_trade_duration_days":9.5,"profit_factor":1.993404775859483,"time_in_market_percent":0.30718996930712467,"total_trades":12,"win_rate":0.4166666666666667}}