{"capital_utilization":{"average_cash_percent":0.8615483861729096,"average_exposure_percent":0.1384516138270904,"average_leverage":0.1384516138270904,"average_position_value":202.183154731913,"max_exposure_percent":0.4056225808061604},"closed_trades":13,"equity_curve":[],"final_equity":524.2174208758536,"max_drawdown":0.0314684336248891,"open_trades":0,"profit_factor":1.927432848931937,"sharpe":0.8145305335891344,"signal_diagnostics":{"buy_signals":13,"duplicate_buy_skips":0,"flat_sell_skips":0,"hold_signals":415,"risk_blocked_signals":0,"sell_signals":0,"stop_loss_exits":12,"take_profit_exits":0},"starting_equity":500,"total_return":0.04843484175170709,"trade_analysis":{"average_loss":-3.730331050574278,"average_trade_duration_days":15.76923076923077,"average_win":8.388289704978922,"expectancy":1.862878528911814,"largest_loss":-6.8006614957891385,"largest_win":13.292055205741827,"max_trade_duration_days":36.0,"median_trade_duration_days":12.0,"profit_factor":1.927432848931937,"time_in_market_percent":0.3212956311630641,"total_trades":13,"win_rate":0.46153846153846156}}