{"capital_utilization":{"average_cash_percent":0.8709493109109345,"average_exposure_percent":0.1290506890890655,"average_leverage":0.1290506890890655,"average_position_value":198.61405957468028,"max_exposure_percent":0.4037842486939074},"closed_trades":13,"equity_curve":[],"final_equity":509.6057188110601,"max_drawdown":0.025739628402458713,"open_trades":0,"profit_factor":1.452459646919576,"sharpe":0.4537852895195599,"signal_diagnostics":{"buy_signals":13,"duplicate_buy_skips":0,"flat_sell_skips":0,"hold_signals":415,"risk_blocked_signals":0,"sell_signals":0,"stop_loss_exits":11,"take_profit_exits":1},"starting_equity":500,"total_return":0.019211437622120187,"trade_analysis":{"average_loss":-2.358889013383111,"average_trade_duration_days":14.846153846153847,"average_win":7.708929982877026,"expectancy":0.7389014470046238,"largest_loss":-4.532217282212408,"largest_win":14.678846697383866,"max_trade_duration_days":36.0,"median_trade_duration_days":9.0,"profit_factor":1.452459646919576,"time_in_market_percent":0.30248808202181154,"total_trades":13,"win_rate":0.3076923076923077}}