{"capital_utilization":{"average_cash_percent":0.8098525154795603,"average_exposure_percent":0.19014748452043972,"average_leverage":0.19014748452043972,"average_position_value":165.32793448236768,"max_exposure_percent":0.423246732290814},"closed_trades":34,"equity_curve":[],"final_equity":445.86695700038456,"max_drawdown":0.27921541482660933,"open_trades":0,"profit_factor":0.7901389785165365,"sharpe":-0.2753698794735299,"signal_diagnostics":{"buy_signals":34,"duplicate_buy_skips":0,"flat_sell_skips":0,"hold_signals":485,"risk_blocked_signals":0,"sell_signals":7,"stop_loss_exits":24,"take_profit_exits":3},"starting_equity":500,"total_return":-0.10826608599923093,"trade_analysis":{"average_loss":-11.724868421136366,"average_trade_duration_days":9.529411764705882,"average_win":16.984505188782055,"expectancy":-1.5921483235181006,"largest_loss":-24.284997903475087,"largest_win":32.241846712398164,"max_trade_duration_days":25.0,"median_trade_duration_days":9.0,"profit_factor":0.7901389785165365,"time_in_market_percent":0.40296419132507644,"total_trades":34,"win_rate":0.35294117647058826}}