{"capital_utilization":{"average_cash_percent":0.7885762372527011,"average_exposure_percent":0.2114237627472989,"average_leverage":0.2114237627472989,"average_position_value":212.54127804352612,"max_exposure_percent":0.4058040103547755},"closed_trades":29,"equity_curve":[],"final_equity":562.0892784309408,"max_drawdown":0.03295724875236955,"open_trades":0,"profit_factor":2.294227044424796,"sharpe":1.0670373126220223,"signal_diagnostics":{"buy_signals":29,"duplicate_buy_skips":0,"flat_sell_skips":0,"hold_signals":495,"risk_blocked_signals":0,"sell_signals":3,"stop_loss_exits":26,"take_profit_exits":0},"starting_equity":500,"total_return":0.12417855686188162,"trade_analysis":{"average_loss":-3.4267159525506417,"average_trade_duration_days":13.413793103448276,"average_win":7.337553451109988,"expectancy":2.1410096010669255,"largest_loss":-7.4740686882115375,"largest_win":20.63201466834426,"max_trade_duration_days":30.0,"median_trade_duration_days":10.0,"profit_factor":2.294227044424796,"time_in_market_percent":0.4838057729180702,"total_trades":29,"win_rate":0.5172413793103449}}