{"capital_utilization":{"average_cash_percent":0.8659495417501645,"average_exposure_percent":0.13405045824983552,"average_leverage":0.13405045824983552,"average_position_value":218.14763885625533,"max_exposure_percent":0.4068728792151246},"closed_trades":34,"equity_curve":[],"final_equity":570.6031727402567,"max_drawdown":0.05917292809241537,"open_trades":0,"profit_factor":1.952815958626195,"sharpe":1.1274988026299868,"signal_diagnostics":{"buy_signals":34,"duplicate_buy_skips":0,"flat_sell_skips":0,"hold_signals":486,"risk_blocked_signals":0,"sell_signals":22,"stop_loss_exits":11,"take_profit_exits":0},"starting_equity":500,"total_return":0.14120634548051347,"trade_analysis":{"average_loss":-5.292820425082402,"average_trade_duration_days":6.324754901960784,"average_win":7.235132934570517,"expectancy":2.076563904125197,"largest_loss":-8.721353844565751,"largest_win":20.756730226833106,"max_trade_duration_days":20.0,"median_trade_duration_days":5.0,"profit_factor":1.952815958626195,"time_in_market_percent":0.26745089910348757,"total_trades":34,"win_rate":0.5882352941176471}}