{"capital_utilization":{"average_cash_percent":0.7473142107319398,"average_exposure_percent":0.2526857892680602,"average_leverage":0.2526857892680602,"average_position_value":205.16422318670664,"max_exposure_percent":0.4027893257748728},"closed_trades":19,"equity_curve":[],"final_equity":532.5223860582877,"max_drawdown":0.02352932426417637,"open_trades":0,"profit_factor":2.9150928347363276,"sharpe":0.842166982279111,"signal_diagnostics":{"buy_signals":19,"duplicate_buy_skips":0,"flat_sell_skips":0,"hold_signals":515,"risk_blocked_signals":0,"sell_signals":5,"stop_loss_exits":14,"take_profit_exits":0},"starting_equity":500,"total_return":0.06504477211657544,"trade_analysis":{"average_loss":-2.1227682457731514,"average_trade_duration_days":25.787280701754383,"average_win":4.500412002224812,"expectancy":1.7117045293835647,"largest_loss":-3.3984932232599263,"largest_win":9.840606005316438,"max_trade_duration_days":55.958333333333336,"median_trade_duration_days":25.0,"profit_factor":2.9150928347363276,"time_in_market_percent":0.6093693320205213,"total_trades":19,"win_rate":0.5789473684210527}}