{"capital_utilization":{"average_cash_percent":0.9111312210319267,"average_exposure_percent":0.08886877896807337,"average_leverage":0.08886877896807337,"average_position_value":204.47179100962668,"max_exposure_percent":0.4073587152005777},"closed_trades":15,"equity_curve":[],"final_equity":533.5298886787912,"max_drawdown":0.03624494735481535,"open_trades":0,"profit_factor":2.527114477262332,"sharpe":0.9154657650818245,"signal_diagnostics":{"buy_signals":15,"duplicate_buy_skips":0,"flat_sell_skips":0,"hold_signals":410,"risk_blocked_signals":0,"sell_signals":2,"stop_loss_exits":7,"take_profit_exits":6},"starting_equity":500,"total_return":0.06705977735758228,"trade_analysis":{"average_loss":-3.1366241158011934,"average_trade_duration_days":8.197222222222221,"average_win":6.935782186174937,"expectancy":2.2353259119194098,"largest_loss":-8.783138935300448,"largest_win":10.476824544771782,"max_trade_duration_days":21.0,"median_trade_duration_days":6.0,"profit_factor":2.527114477262332,"time_in_market_percent":0.19271207470776464,"total_trades":15,"win_rate":0.5333333333333333}}