{"capital_utilization":{"average_cash_percent":0.9309285611697793,"average_exposure_percent":0.06907143883022066,"average_leverage":0.06907143883022066,"average_position_value":207.6003434395551,"max_exposure_percent":0.40596642892887874},"closed_trades":15,"equity_curve":[],"final_equity":533.5673370791806,"max_drawdown":0.06792133559788863,"open_trades":0,"profit_factor":1.7346288632689366,"sharpe":0.6020307656347539,"signal_diagnostics":{"buy_signals":15,"duplicate_buy_skips":0,"flat_sell_skips":0,"hold_signals":522,"risk_blocked_signals":0,"sell_signals":6,"stop_loss_exits":8,"take_profit_exits":1},"starting_equity":500,"total_return":0.06713467415836116,"trade_analysis":{"average_loss":-5.711614863901016,"average_trade_duration_days":7.4638888888888895,"average_win":11.322893712912663,"expectancy":2.237822471945368,"largest_loss":-7.4457358295409435,"largest_win":20.634396532193396,"max_trade_duration_days":20.0,"median_trade_duration_days":6.0,"profit_factor":1.7346288632689366,"time_in_market_percent":0.1392444421412655,"total_trades":15,"win_rate":0.4666666666666667}}