{"capital_utilization":{"average_cash_percent":0.7009097142111129,"average_exposure_percent":0.2990902857888871,"average_leverage":0.2990902857888871,"average_position_value":209.31983980344197,"max_exposure_percent":0.4053228183236001},"closed_trades":47,"equity_curve":[],"final_equity":522.6769677006697,"max_drawdown":0.044908138257383816,"open_trades":0,"profit_factor":1.2694117253590982,"sharpe":0.44483554566261674,"signal_diagnostics":{"buy_signals":47,"duplicate_buy_skips":0,"flat_sell_skips":0,"hold_signals":459,"risk_blocked_signals":0,"sell_signals":3,"stop_loss_exits":41,"take_profit_exits":2},"starting_equity":500,"total_return":0.045353935401339474,"trade_analysis":{"average_loss":-3.3668865258843015,"average_trade_duration_days":11.382978723404255,"average_win":4.856778674898967,"expectancy":0.4824886744823348,"largest_loss":-6.873692151513994,"largest_win":13.359932928693956,"max_trade_duration_days":37.0,"median_trade_duration_days":9.0,"profit_factor":1.2694117253590982,"time_in_market_percent":0.665388402342333,"total_trades":47,"win_rate":0.46808510638297873}}