{"capital_utilization":{"average_cash_percent":0.7682205348667385,"average_exposure_percent":0.2317794651332615,"average_leverage":0.2317794651332615,"average_position_value":209.06424041180873,"max_exposure_percent":0.4075254739006812},"closed_trades":39,"equity_curve":[],"final_equity":537.6364870821288,"max_drawdown":0.056835004192633015,"open_trades":0,"profit_factor":1.3912393688565365,"sharpe":0.5819746706046404,"signal_diagnostics":{"buy_signals":39,"duplicate_buy_skips":0,"flat_sell_skips":0,"hold_signals":475,"risk_blocked_signals":0,"sell_signals":8,"stop_loss_exits":31,"take_profit_exits":0},"starting_equity":500,"total_return":0.07527297416425771,"trade_analysis":{"average_loss":-5.063058318885693,"average_trade_duration_days":10.666666666666666,"average_win":6.69172975704785,"expectancy":0.9650381303109955,"largest_loss":-9.184355183654977,"largest_win":25.737461262792472,"max_trade_duration_days":41.0,"median_trade_duration_days":6.0,"profit_factor":1.3912393688565365,"time_in_market_percent":0.5173861221951598,"total_trades":39,"win_rate":0.5128205128205128}}