{"capital_utilization":{"average_cash_percent":0.7630711640149227,"average_exposure_percent":0.2369288359850773,"average_leverage":0.2369288359850773,"average_position_value":216.46174175173684,"max_exposure_percent":0.4052056357760953},"closed_trades":22,"equity_curve":[],"final_equity":545.759384425281,"max_drawdown":0.04134472205728338,"open_trades":0,"profit_factor":2.2388191478535617,"sharpe":0.8910947170490076,"signal_diagnostics":{"buy_signals":22,"duplicate_buy_skips":0,"flat_sell_skips":0,"hold_signals":509,"risk_blocked_signals":0,"sell_signals":6,"stop_loss_exits":13,"take_profit_exits":3},"starting_equity":500,"total_return":0.0915187688505621,"trade_analysis":{"average_loss":-3.6937905346850664,"average_trade_duration_days":20.589015151515152,"average_win":6.89144081434431,"expectancy":2.0799720193309574,"largest_loss":-6.9196714099083225,"largest_win":19.80728260512053,"max_trade_duration_days":42.958333333333336,"median_trade_duration_days":20.0,"profit_factor":2.2388191478535617,"time_in_market_percent":0.5633518163445095,"total_trades":22,"win_rate":0.5454545454545454}}