{"capital_utilization":{"average_cash_percent":0.8047939700678127,"average_exposure_percent":0.1952060299321873,"average_leverage":0.1952060299321873,"average_position_value":206.58183304478348,"max_exposure_percent":0.4057836901511548},"closed_trades":27,"equity_curve":[],"final_equity":546.2161369274074,"max_drawdown":0.035317446717287766,"open_trades":0,"profit_factor":1.893292979255465,"sharpe":0.796016776183065,"signal_diagnostics":{"buy_signals":27,"duplicate_buy_skips":0,"flat_sell_skips":0,"hold_signals":498,"risk_blocked_signals":0,"sell_signals":3,"stop_loss_exits":24,"take_profit_exits":0},"starting_equity":500,"total_return":0.0924322738548149,"trade_analysis":{"average_loss":-3.695487051094227,"average_trade_duration_days":13.260802469135804,"average_win":7.5348427417481965,"expectancy":1.7117087750891624,"largest_loss":-6.99808680040013,"largest_win":19.32400189064569,"max_trade_duration_days":30.0,"median_trade_duration_days":9.0,"profit_factor":1.893292979255465,"time_in_market_percent":0.4453023786080738,"total_trades":27,"win_rate":0.48148148148148145}}