{"capital_utilization":{"average_cash_percent":0.8473576545096079,"average_exposure_percent":0.15264234549039216,"average_leverage":0.15264234549039216,"average_position_value":196.74033394531625,"max_exposure_percent":0.40995130976844224},"closed_trades":18,"equity_curve":[],"final_equity":526.5224078474479,"max_drawdown":0.06385303354753365,"open_trades":0,"profit_factor":1.3345151971357772,"sharpe":0.4293699991199095,"signal_diagnostics":{"buy_signals":18,"duplicate_buy_skips":0,"flat_sell_skips":0,"hold_signals":404,"risk_blocked_signals":0,"sell_signals":6,"stop_loss_exits":11,"take_profit_exits":1},"starting_equity":500,"total_return":0.05304481569489572,"trade_analysis":{"average_loss":-7.207827945565554,"average_trade_duration_days":12.166666666666666,"average_win":15.11550217838128,"expectancy":1.4734671026359922,"largest_loss":-11.644408341727056,"largest_win":24.006109924516192,"max_trade_duration_days":28.0,"median_trade_duration_days":9.520833333333332,"profit_factor":1.3345151971357772,"time_in_market_percent":0.3432377718278587,"total_trades":18,"win_rate":0.3888888888888889}}