{"capital_utilization":{"average_cash_percent":0.9800177979139177,"average_exposure_percent":0.019982202086082305,"average_leverage":0.019982202086082305,"average_position_value":195.02097774425124,"max_exposure_percent":0.4142102895345693},"closed_trades":3,"equity_curve":[],"final_equity":478.9007808935808,"max_drawdown":0.07417967128997352,"open_trades":0,"profit_factor":0.0,"sharpe":-0.5807128953078871,"signal_diagnostics":{"buy_signals":3,"duplicate_buy_skips":0,"flat_sell_skips":0,"hold_signals":434,"risk_blocked_signals":0,"sell_signals":2,"stop_loss_exits":1,"take_profit_exits":0},"starting_equity":500,"total_return":-0.04219843821283842,"trade_analysis":{"average_loss":-7.03307303547306,"average_trade_duration_days":10.0,"average_win":0,"expectancy":-7.03307303547306,"largest_loss":-17.026028588618438,"largest_win":0,"max_trade_duration_days":14.0,"median_trade_duration_days":11.0,"profit_factor":0.0,"time_in_market_percent":0.047018872853131326,"total_trades":3,"win_rate":0.0}}