{"capital_utilization":{"average_cash_percent":0.844920187035959,"average_exposure_percent":0.15507981296404108,"average_leverage":0.15507981296404108,"average_position_value":188.64607462461632,"max_exposure_percent":0.4112573168120687},"closed_trades":24,"equity_curve":[],"final_equity":483.5031441262937,"max_drawdown":0.10384398241747762,"open_trades":0,"profit_factor":0.8345088784849964,"sharpe":-0.20618314072704333,"signal_diagnostics":{"buy_signals":24,"duplicate_buy_skips":0,"flat_sell_skips":0,"hold_signals":392,"risk_blocked_signals":0,"sell_signals":5,"stop_loss_exits":18,"take_profit_exits":1},"starting_equity":500,"total_return":-0.03299371174741261,"trade_analysis":{"average_loss":-6.6456156772175214,"average_trade_duration_days":8.793402777777777,"average_win":9.243042142728505,"expectancy":-0.6873689947377627,"largest_loss":-12.624700498135576,"largest_win":17.853211631576137,"max_trade_duration_days":23.0,"median_trade_duration_days":8.0,"profit_factor":0.8345088784849964,"time_in_market_percent":0.33076470972376415,"total_trades":24,"win_rate":0.375}}