{"capital_utilization":{"average_cash_percent":0.7862329828378113,"average_exposure_percent":0.21376701716218874,"average_leverage":0.21376701716218874,"average_position_value":209.4460790564941,"max_exposure_percent":0.4048866683982873},"closed_trades":32,"equity_curve":[],"final_equity":553.6240199292389,"max_drawdown":0.04704084211915797,"open_trades":0,"profit_factor":1.9150691767895107,"sharpe":0.9293040978948818,"signal_diagnostics":{"buy_signals":32,"duplicate_buy_skips":0,"flat_sell_skips":0,"hold_signals":489,"risk_blocked_signals":0,"sell_signals":2,"stop_loss_exits":29,"take_profit_exits":1},"starting_equity":500,"total_return":0.10724803985847786,"trade_analysis":{"average_loss":-3.447120931940456,"average_trade_duration_days":12.3125,"average_win":7.481671718148446,"expectancy":1.675750622788717,"largest_loss":-6.377897134220519,"largest_win":21.882831052970868,"max_trade_duration_days":30.0,"median_trade_duration_days":9.5,"profit_factor":1.9150691767895107,"time_in_market_percent":0.49002435611753126,"total_trades":32,"win_rate":0.46875}}