{"capital_utilization":{"average_cash_percent":0.961852818039271,"average_exposure_percent":0.03814718196072899,"average_leverage":0.03814718196072899,"average_position_value":207.44537157213773,"max_exposure_percent":0.40605266942107143},"closed_trades":4,"equity_curve":[],"final_equity":519.4574689445469,"max_drawdown":0.028373610475299602,"open_trades":0,"profit_factor":2.5148013968004332,"sharpe":0.6836019738338592,"signal_diagnostics":{"buy_signals":4,"duplicate_buy_skips":0,"flat_sell_skips":0,"hold_signals":545,"risk_blocked_signals":0,"sell_signals":0,"stop_loss_exits":2,"take_profit_exits":2},"starting_equity":500,"total_return":0.03891493788909384,"trade_analysis":{"average_loss":-6.422448839050775,"average_trade_duration_days":18.25,"average_win":16.15118331132421,"expectancy":4.864367236136717,"largest_loss":-7.791070694330214,"largest_win":17.093080542970622,"max_trade_duration_days":22.958333333333332,"median_trade_duration_days":19.5,"profit_factor":2.5148013968004332,"time_in_market_percent":0.09079131471213142,"total_trades":4,"win_rate":0.5}}