{"capital_utilization":{"average_cash_percent":0.9016501241692169,"average_exposure_percent":0.0983498758307831,"average_leverage":0.0983498758307831,"average_position_value":209.60492605561146,"max_exposure_percent":0.40827819705182167},"closed_trades":16,"equity_curve":[],"final_equity":564.8827979311241,"max_drawdown":0.034309269775663856,"open_trades":0,"profit_factor":2.5148473613421563,"sharpe":1.3446097381182869,"signal_diagnostics":{"buy_signals":16,"duplicate_buy_skips":0,"flat_sell_skips":0,"hold_signals":521,"risk_blocked_signals":0,"sell_signals":5,"stop_loss_exits":9,"take_profit_exits":2},"starting_equity":500,"total_return":0.12976559586224812,"trade_analysis":{"average_loss":-6.118749234777959,"average_trade_duration_days":10.9375,"average_win":11.96822695272998,"expectancy":4.055174870695256,"largest_loss":-10.639940284282078,"largest_win":19.71555991484432,"max_trade_duration_days":18.0,"median_trade_duration_days":12.5,"profit_factor":2.5148473613421563,"time_in_market_percent":0.21765041198113697,"total_trades":16,"win_rate":0.5625}}