{"capital_utilization":{"average_cash_percent":0.7802995560178099,"average_exposure_percent":0.2197004439821901,"average_leverage":0.2197004439821901,"average_position_value":215.06601563800908,"max_exposure_percent":0.40732550991815514},"closed_trades":23,"equity_curve":[],"final_equity":554.7583709312668,"max_drawdown":0.07462536441101594,"open_trades":0,"profit_factor":1.8358566998035617,"sharpe":0.8892130235346185,"signal_diagnostics":{"buy_signals":23,"duplicate_buy_skips":0,"flat_sell_skips":0,"hold_signals":506,"risk_blocked_signals":0,"sell_signals":9,"stop_loss_exits":14,"take_profit_exits":0},"starting_equity":500,"total_return":0.10951674186253357,"trade_analysis":{"average_loss":-4.679405226153496,"average_trade_duration_days":18.219202898550726,"average_win":13.363338233046193,"expectancy":2.380798736142033,"largest_loss":-9.44346332216403,"largest_win":46.551642709676095,"max_trade_duration_days":86.0,"median_trade_duration_days":9.0,"profit_factor":1.8358566998035617,"time_in_market_percent":0.5211690936414988,"total_trades":23,"win_rate":0.391304347826087}}