{"capital_utilization":{"average_cash_percent":0.8984052041554812,"average_exposure_percent":0.10159479584451879,"average_leverage":0.10159479584451879,"average_position_value":204.5920953984687,"max_exposure_percent":0.40949048041003655},"closed_trades":23,"equity_curve":[],"final_equity":530.1903545089709,"max_drawdown":0.04282859153679311,"open_trades":0,"profit_factor":1.4209164771290264,"sharpe":0.5630937617435401,"signal_diagnostics":{"buy_signals":23,"duplicate_buy_skips":0,"flat_sell_skips":0,"hold_signals":507,"risk_blocked_signals":0,"sell_signals":5,"stop_loss_exits":15,"take_profit_exits":2},"starting_equity":500,"total_return":0.06038070901794179,"trade_analysis":{"average_loss":-6.520480503290926,"average_trade_duration_days":7.3478260869565215,"average_win":8.492970003764256,"expectancy":1.3126241090856916,"largest_loss":-11.970056480280633,"largest_win":14.710782254665762,"max_trade_duration_days":18.0,"median_trade_duration_days":7.0,"profit_factor":1.4209164771290264,"time_in_market_percent":0.2101881121417837,"total_trades":23,"win_rate":0.5217391304347826}}