{"capital_utilization":{"average_cash_percent":0.8486782314311296,"average_exposure_percent":0.1513217685688704,"average_leverage":0.1513217685688704,"average_position_value":207.86830824910058,"max_exposure_percent":0.40546537327489496},"closed_trades":9,"equity_curve":[],"final_equity":549.8136107936472,"max_drawdown":0.03917405884640273,"open_trades":0,"profit_factor":3.7205336460460448,"sharpe":1.392266113813846,"signal_diagnostics":{"buy_signals":9,"duplicate_buy_skips":0,"flat_sell_skips":0,"hold_signals":423,"risk_blocked_signals":0,"sell_signals":5,"stop_loss_exits":3,"take_profit_exits":0},"starting_equity":500,"total_return":0.09962722158729442,"trade_analysis":{"average_loss":-4.577558787597149,"average_trade_duration_days":25.77777777777778,"average_win":13.624769188807146,"expectancy":5.534845643738572,"largest_loss":-7.136748681599578,"largest_win":29.036305141419472,"max_trade_duration_days":71.0,"median_trade_duration_days":21.0,"profit_factor":3.7205336460460448,"time_in_market_percent":0.3636126167308823,"total_trades":9,"win_rate":0.5555555555555556}}