{"capital_utilization":{"average_cash_percent":0.8590216952744922,"average_exposure_percent":0.14097830472550774,"average_leverage":0.14097830472550774,"average_position_value":199.36551642118778,"max_exposure_percent":0.4093734500907265},"closed_trades":11,"equity_curve":[],"final_equity":515.6249697273194,"max_drawdown":0.04383159132044329,"open_trades":0,"profit_factor":1.4018614571705237,"sharpe":0.36661467904569783,"signal_diagnostics":{"buy_signals":11,"duplicate_buy_skips":0,"flat_sell_skips":0,"hold_signals":419,"risk_blocked_signals":0,"sell_signals":0,"stop_loss_exits":8,"take_profit_exits":2},"starting_equity":500,"total_return":0.03124993945463861,"trade_analysis":{"average_loss":-5.554497682336872,"average_trade_duration_days":19.549242424242422,"average_win":13.626613375919362,"expectancy":1.4204517933926673,"largest_loss":-11.160076066606807,"largest_win":28.105163456506006,"max_trade_duration_days":49.0,"median_trade_duration_days":21.0,"profit_factor":1.4018614571705237,"time_in_market_percent":0.33703389277084833,"total_trades":11,"win_rate":0.36363636363636365}}