{"capital_utilization":{"average_cash_percent":0.8012396142438243,"average_exposure_percent":0.19876038575617572,"average_leverage":0.19876038575617572,"average_position_value":205.19210722476336,"max_exposure_percent":0.40790892743005874},"closed_trades":20,"equity_curve":[],"final_equity":539.9146407052924,"max_drawdown":0.043609278348692486,"open_trades":0,"profit_factor":1.8445860376079555,"sharpe":0.680988400770399,"signal_diagnostics":{"buy_signals":20,"duplicate_buy_skips":0,"flat_sell_skips":0,"hold_signals":512,"risk_blocked_signals":0,"sell_signals":6,"stop_loss_exits":12,"take_profit_exits":2},"starting_equity":500,"total_return":0.07982928141058476,"trade_analysis":{"average_loss":-4.725941340249837,"average_trade_duration_days":18.702083333333334,"average_win":8.717405410779076,"expectancy":1.9957320352646195,"largest_loss":-10.002144362291453,"largest_win":23.81976282190185,"max_trade_duration_days":52.041666666666664,"median_trade_duration_days":15.5,"profit_factor":1.8445860376079555,"time_in_market_percent":0.46520184484634924,"total_trades":20,"win_rate":0.5}}