{"capital_utilization":{"average_cash_percent":0.8570413904709764,"average_exposure_percent":0.14295860952902367,"average_leverage":0.14295860952902367,"average_position_value":204.8584012724415,"max_exposure_percent":0.40748434019912994},"closed_trades":13,"equity_curve":[],"final_equity":532.1954187284966,"max_drawdown":0.03302654032583297,"open_trades":0,"profit_factor":2.457364781223758,"sharpe":1.0065595448215583,"signal_diagnostics":{"buy_signals":13,"duplicate_buy_skips":0,"flat_sell_skips":0,"hold_signals":415,"risk_blocked_signals":0,"sell_signals":3,"stop_loss_exits":9,"take_profit_exits":0},"starting_equity":500,"total_return":0.06439083745699326,"trade_analysis":{"average_loss":-3.155932949594319,"average_trade_duration_days":16.076923076923077,"average_win":9.047824895942808,"expectancy":2.476570671422817,"largest_loss":-9.05404502610555,"largest_win":13.441996343315793,"max_trade_duration_days":32.0,"median_trade_duration_days":12.0,"profit_factor":2.457364781223758,"time_in_market_percent":0.32756481421014827,"total_trades":13,"win_rate":0.46153846153846156}}