{"capital_utilization":{"average_cash_percent":0.7400284134735451,"average_exposure_percent":0.25997158652645497,"average_leverage":0.25997158652645497,"average_position_value":214.0712628095249,"max_exposure_percent":0.4058181023302304},"closed_trades":36,"equity_curve":[],"final_equity":550.5595963654276,"max_drawdown":0.0406296826678905,"open_trades":0,"profit_factor":1.8956844324494204,"sharpe":0.926802825973988,"signal_diagnostics":{"buy_signals":36,"duplicate_buy_skips":0,"flat_sell_skips":0,"hold_signals":481,"risk_blocked_signals":0,"sell_signals":1,"stop_loss_exits":35,"take_profit_exits":0},"starting_equity":500,"total_return":0.10111919273085523,"trade_analysis":{"average_loss":-3.136000094435717,"average_trade_duration_days":13.332175925925926,"average_win":5.944866559181701,"expectancy":1.4044332323729911,"largest_loss":-7.327493399675112,"largest_win":13.537038352554065,"max_trade_duration_days":35.0,"median_trade_duration_days":10.5,"profit_factor":1.8956844324494204,"time_in_market_percent":0.5969321656215992,"total_trades":36,"win_rate":0.5}}