{"capital_utilization":{"average_cash_percent":0.8306779280228739,"average_exposure_percent":0.16932207197712615,"average_leverage":0.16932207197712615,"average_position_value":206.10845951663407,"max_exposure_percent":0.40754255749971446},"closed_trades":24,"equity_curve":[],"final_equity":530.9484681416492,"max_drawdown":0.04945690829671098,"open_trades":0,"profit_factor":1.6685604996738557,"sharpe":0.677790389273421,"signal_diagnostics":{"buy_signals":24,"duplicate_buy_skips":0,"flat_sell_skips":0,"hold_signals":393,"risk_blocked_signals":0,"sell_signals":7,"stop_loss_exits":15,"take_profit_exits":1},"starting_equity":500,"total_return":0.0618969362832984,"trade_analysis":{"average_loss":-5.1434667230310165,"average_trade_duration_days":9.75173611111111,"average_win":5.14931124326189,"expectancy":1.2895195059020497,"largest_loss":-9.665046887322818,"largest_win":27.540615124934703,"max_trade_duration_days":38.0,"median_trade_duration_days":6.5,"profit_factor":1.6685604996738557,"time_in_market_percent":0.3668125122444981,"total_trades":24,"win_rate":0.625}}