{"capital_utilization":{"average_cash_percent":0.800027967763639,"average_exposure_percent":0.1999720322363609,"average_leverage":0.1999720322363609,"average_position_value":207.84849117669168,"max_exposure_percent":0.4058107085809148},"closed_trades":30,"equity_curve":[],"final_equity":546.9494544189255,"max_drawdown":0.04237061834483862,"open_trades":0,"profit_factor":1.7223722669213848,"sharpe":0.8011829584775185,"signal_diagnostics":{"buy_signals":30,"duplicate_buy_skips":0,"flat_sell_skips":0,"hold_signals":492,"risk_blocked_signals":0,"sell_signals":3,"stop_loss_exits":25,"take_profit_exits":2},"starting_equity":500,"total_return":0.09389890883785101,"trade_analysis":{"average_loss":-3.8231431899344006,"average_trade_duration_days":12.234722222222222,"average_win":8.610991434446943,"expectancy":1.5649818139641818,"largest_loss":-7.463106000481358,"largest_win":24.138176901054347,"max_trade_duration_days":27.0,"median_trade_duration_days":11.5,"profit_factor":1.7223722669213848,"time_in_market_percent":0.45649582836710373,"total_trades":30,"win_rate":0.43333333333333335}}