{"capital_utilization":{"average_cash_percent":0.7276676468651431,"average_exposure_percent":0.2723323531348569,"average_leverage":0.2723323531348569,"average_position_value":216.84668294330066,"max_exposure_percent":0.40581810233023025},"closed_trades":25,"equity_curve":[],"final_equity":573.9431869289931,"max_drawdown":0.046579201317180956,"open_trades":0,"profit_factor":2.6503878752450185,"sharpe":1.2065603048997935,"signal_diagnostics":{"buy_signals":25,"duplicate_buy_skips":0,"flat_sell_skips":0,"hold_signals":504,"risk_blocked_signals":0,"sell_signals":4,"stop_loss_exits":15,"take_profit_exits":5},"starting_equity":500,"total_return":0.1478863738579863,"trade_analysis":{"average_loss":-4.0730473141883445,"average_trade_duration_days":20.67833333333333,"average_win":8.481907670361773,"expectancy":2.9577274771597217,"largest_loss":-7.4050099602154384,"largest_win":20.205828137244982,"max_trade_duration_days":53.958333333333336,"median_trade_duration_days":18.0,"profit_factor":2.6503878752450185,"time_in_market_percent":0.642949681297611,"total_trades":25,"win_rate":0.56}}