{"capital_utilization":{"average_cash_percent":0.7319013329402682,"average_exposure_percent":0.26809866705973184,"average_leverage":0.26809866705973184,"average_position_value":202.43844339818818,"max_exposure_percent":0.4042849140684697},"closed_trades":42,"equity_curve":[],"final_equity":498.47905627841806,"max_drawdown":0.06480567511263044,"open_trades":0,"profit_factor":0.9795932499406953,"sharpe":-0.00937224939263883,"signal_diagnostics":{"buy_signals":42,"duplicate_buy_skips":0,"flat_sell_skips":0,"hold_signals":468,"risk_blocked_signals":0,"sell_signals":5,"stop_loss_exits":37,"take_profit_exits":0},"starting_equity":500,"total_return":-0.0030418874431639153,"trade_analysis":{"average_loss":-3.1054751433591536,"average_trade_duration_days":11.476190476190476,"average_win":4.056136651057653,"expectancy":-0.03621294575195103,"largest_loss":-5.186570620665132,"largest_win":10.990868656941942,"max_trade_duration_days":37.0,"median_trade_duration_days":9.5,"profit_factor":0.9795932499406953,"time_in_market_percent":0.5994714204280458,"total_trades":42,"win_rate":0.42857142857142855}}