{"capital_utilization":{"average_cash_percent":0.8278113991486862,"average_exposure_percent":0.17218860085131385,"average_leverage":0.17218860085131385,"average_position_value":186.0640992791417,"max_exposure_percent":0.42326085036710914},"closed_trades":24,"equity_curve":[],"final_equity":501.30254757608355,"max_drawdown":0.18285071605527042,"open_trades":0,"profit_factor":1.0058156827350218,"sharpe":0.08167550351612385,"signal_diagnostics":{"buy_signals":24,"duplicate_buy_skips":0,"flat_sell_skips":0,"hold_signals":505,"risk_blocked_signals":0,"sell_signals":8,"stop_loss_exits":13,"take_profit_exits":3},"starting_equity":500,"total_return":0.002605095152167003,"trade_analysis":{"average_loss":-17.228582086788702,"average_trade_duration_days":13.125,"average_win":20.479464973121512,"expectancy":0.05427281567014782,"largest_loss":-25.859446504470366,"largest_win":36.245472946922554,"max_trade_duration_days":26.0,"median_trade_duration_days":12.5,"profit_factor":1.0058156827350218,"time_in_market_percent":0.3917707415660466,"total_trades":24,"win_rate":0.4583333333333333}}