{"capital_utilization":{"average_cash_percent":0.8735338464621596,"average_exposure_percent":0.12646615353784044,"average_leverage":0.12646615353784044,"average_position_value":197.5986341661394,"max_exposure_percent":0.40594401210744024},"closed_trades":27,"equity_curve":[],"final_equity":482.0590823541014,"max_drawdown":0.05488988441863218,"open_trades":0,"profit_factor":0.7549553021852172,"sharpe":-0.35544272702951824,"signal_diagnostics":{"buy_signals":27,"duplicate_buy_skips":0,"flat_sell_skips":0,"hold_signals":498,"risk_blocked_signals":0,"sell_signals":1,"stop_loss_exits":20,"take_profit_exits":6},"starting_equity":500,"total_return":-0.035881835291797226,"trade_analysis":{"average_loss":-4.306757527213458,"average_trade_duration_days":7.998456790123457,"average_win":5.527396031673022,"expectancy":-0.6644784313295767,"largest_loss":-6.981541593718329,"largest_win":11.00924932839719,"max_trade_duration_days":21.0,"median_trade_duration_days":6.0,"profit_factor":0.7549553021852172,"time_in_market_percent":0.2685909726900555,"total_trades":27,"win_rate":0.37037037037037035}}