{"capital_utilization":{"average_cash_percent":0.7325057066381675,"average_exposure_percent":0.26749429336183256,"average_leverage":0.26749429336183256,"average_position_value":202.34342286310803,"max_exposure_percent":0.40440625204796093},"closed_trades":44,"equity_curve":[],"final_equity":496.4916355954756,"max_drawdown":0.06623213844815036,"open_trades":0,"profit_factor":0.9571510277141221,"sharpe":-0.051637302643900714,"signal_diagnostics":{"buy_signals":44,"duplicate_buy_skips":0,"flat_sell_skips":0,"hold_signals":464,"risk_blocked_signals":0,"sell_signals":5,"stop_loss_exits":37,"take_profit_exits":2},"starting_equity":500,"total_return":-0.0070167288090488,"trade_analysis":{"average_loss":-3.149132529514157,"average_trade_duration_days":10.886363636363637,"average_win":4.353837853491314,"expectancy":-0.07973555464828229,"largest_loss":-5.230854908295845,"largest_win":13.323612669218091,"max_trade_duration_days":37.0,"median_trade_duration_days":9.0,"profit_factor":0.9571510277141221,"time_in_market_percent":0.5957402705083692,"total_trades":44,"win_rate":0.4090909090909091}}