{"capital_utilization":{"average_cash_percent":0.7993765001393742,"average_exposure_percent":0.2006234998606258,"average_leverage":0.2006234998606258,"average_position_value":207.0336721168874,"max_exposure_percent":0.4081524594171522},"closed_trades":31,"equity_curve":[],"final_equity":544.9941596517779,"max_drawdown":0.04036693948055558,"open_trades":0,"profit_factor":1.6293496666474692,"sharpe":0.746404908417183,"signal_diagnostics":{"buy_signals":31,"duplicate_buy_skips":0,"flat_sell_skips":0,"hold_signals":490,"risk_blocked_signals":0,"sell_signals":4,"stop_loss_exits":25,"take_profit_exits":2},"starting_equity":500,"total_return":0.08998831930355577,"trade_analysis":{"average_loss":-3.971838977091377,"average_trade_duration_days":11.775537634408602,"average_win":8.960558556878668,"expectancy":1.4514245048960615,"largest_loss":-10.416903530902067,"largest_win":24.056346496398316,"max_trade_duration_days":27.0,"median_trade_duration_days":8.0,"profit_factor":1.6293496666474692,"time_in_market_percent":0.4540083950873193,"total_trades":31,"win_rate":0.41935483870967744}}