{"capital_utilization":{"average_cash_percent":0.8510050032485488,"average_exposure_percent":0.14899499675145123,"average_leverage":0.14899499675145123,"average_position_value":195.14499075949186,"max_exposure_percent":0.40687646113688497},"closed_trades":21,"equity_curve":[],"final_equity":491.92990785691967,"max_drawdown":0.11184976091215697,"open_trades":0,"profit_factor":0.8861320937207583,"sharpe":-0.095869189166421,"signal_diagnostics":{"buy_signals":21,"duplicate_buy_skips":0,"flat_sell_skips":0,"hold_signals":399,"risk_blocked_signals":0,"sell_signals":2,"stop_loss_exits":17,"take_profit_exits":1},"starting_equity":500,"total_return":-0.016140184286160708,"trade_analysis":{"average_loss":-5.06231450030842,"average_trade_duration_days":9.380952380952381,"average_win":8.97175869446251,"expectancy":-0.3842901020514443,"largest_loss":-8.018781790255789,"largest_win":15.889214242667654,"max_trade_duration_days":20.0,"median_trade_duration_days":11.0,"profit_factor":0.8861320937207583,"time_in_market_percent":0.3087572650688957,"total_trades":21,"win_rate":0.3333333333333333}}