{"capital_utilization":{"average_cash_percent":0.7056250205888019,"average_exposure_percent":0.29437497941119806,"average_leverage":0.29437497941119806,"average_position_value":215.11697388991985,"max_exposure_percent":0.40439104188189373},"closed_trades":27,"equity_curve":[],"final_equity":553.7374168300325,"max_drawdown":0.03314255728056928,"open_trades":0,"profit_factor":2.629084728278155,"sharpe":0.936869543448202,"signal_diagnostics":{"buy_signals":27,"duplicate_buy_skips":0,"flat_sell_skips":0,"hold_signals":499,"risk_blocked_signals":0,"sell_signals":8,"stop_loss_exits":18,"take_profit_exits":0},"starting_equity":500,"total_return":0.10747483366006505,"trade_analysis":{"average_loss":-2.356161622414715,"average_trade_duration_days":20.59259259259259,"average_win":6.671052272602963,"expectancy":1.9902746974086105,"largest_loss":-5.82799125803254,"largest_win":17.07245472759947,"max_trade_duration_days":79.0,"median_trade_duration_days":16.0,"profit_factor":2.629084728278155,"time_in_market_percent":0.6915064517800694,"total_trades":27,"win_rate":0.48148148148148145}}