{"capital_utilization":{"average_cash_percent":0.8193992469410535,"average_exposure_percent":0.1806007530589465,"average_leverage":0.1806007530589465,"average_position_value":203.45573926461483,"max_exposure_percent":0.4141229635613717},"closed_trades":21,"equity_curve":[],"final_equity":523.7772059158032,"max_drawdown":0.18897654969746935,"open_trades":0,"profit_factor":1.141173762211988,"sharpe":0.2232748076110406,"signal_diagnostics":{"buy_signals":21,"duplicate_buy_skips":0,"flat_sell_skips":0,"hold_signals":511,"risk_blocked_signals":0,"sell_signals":1,"stop_loss_exits":16,"take_profit_exits":3},"starting_equity":500,"total_return":0.04755441183160625,"trade_analysis":{"average_loss":-12.955777412311901,"average_trade_duration_days":16.09920634920635,"average_win":24.02528903448223,"expectancy":1.1322479007525306,"largest_loss":-18.291586315835985,"largest_win":70.0958966175221,"max_trade_duration_days":50.0,"median_trade_duration_days":12.0,"profit_factor":1.141173762211988,"time_in_market_percent":0.4204798673368918,"total_trades":21,"win_rate":0.38095238095238093}}