{"capital_utilization":{"average_cash_percent":0.8010709240345477,"average_exposure_percent":0.19892907596545226,"average_leverage":0.19892907596545226,"average_position_value":208.0106452845925,"max_exposure_percent":0.40584475818634236},"closed_trades":21,"equity_curve":[],"final_equity":543.6844543171698,"max_drawdown":0.04307742558972335,"open_trades":0,"profit_factor":1.8493727824835569,"sharpe":0.7399105284086395,"signal_diagnostics":{"buy_signals":21,"duplicate_buy_skips":0,"flat_sell_skips":0,"hold_signals":510,"risk_blocked_signals":0,"sell_signals":2,"stop_loss_exits":16,"take_profit_exits":3},"starting_equity":500,"total_return":0.08736890863433944,"trade_analysis":{"average_loss":-4.675584279050633,"average_trade_duration_days":17.716269841269842,"average_win":9.51158813867267,"expectancy":2.080212110341416,"largest_loss":-7.356998899688366,"largest_win":24.137445426992194,"max_trade_duration_days":38.0,"median_trade_duration_days":16.0,"profit_factor":1.8493727824835569,"time_in_market_percent":0.4627144115665648,"total_trades":21,"win_rate":0.47619047619047616}}