{"capital_utilization":{"average_cash_percent":0.7672597685690709,"average_exposure_percent":0.23274023143092917,"average_leverage":0.23274023143092917,"average_position_value":214.09306371440346,"max_exposure_percent":0.40551361841780015},"closed_trades":27,"equity_curve":[],"final_equity":537.4379065055608,"max_drawdown":0.07687366485226199,"open_trades":0,"profit_factor":1.5302777909609848,"sharpe":0.6306256444169438,"signal_diagnostics":{"buy_signals":27,"duplicate_buy_skips":0,"flat_sell_skips":0,"hold_signals":498,"risk_blocked_signals":0,"sell_signals":9,"stop_loss_exits":18,"take_profit_exits":0},"starting_equity":500,"total_return":0.07487581301112156,"trade_analysis":{"average_loss":-3.922253072270197,"average_trade_duration_days":16.260802469135804,"average_win":12.004273534047147,"expectancy":1.386589129835584,"largest_loss":-7.0615864219558295,"largest_win":34.63977908265449,"max_trade_duration_days":77.0,"median_trade_duration_days":8.0,"profit_factor":1.5302777909609848,"time_in_market_percent":0.546043426439343,"total_trades":27,"win_rate":0.3333333333333333}}