{"capital_utilization":{"average_cash_percent":0.817800471749912,"average_exposure_percent":0.18219952825008803,"average_leverage":0.18219952825008803,"average_position_value":212.72332274990944,"max_exposure_percent":0.41032308940960427},"closed_trades":28,"equity_curve":[],"final_equity":592.6623330708808,"max_drawdown":0.06149804589739162,"open_trades":0,"profit_factor":1.9363372162102206,"sharpe":0.9897828906777377,"signal_diagnostics":{"buy_signals":28,"duplicate_buy_skips":0,"flat_sell_skips":0,"hold_signals":497,"risk_blocked_signals":0,"sell_signals":9,"stop_loss_exits":13,"take_profit_exits":5},"starting_equity":500,"total_return":0.18532466614176157,"trade_analysis":{"average_loss":-8.24688045669479,"average_trade_duration_days":11.678571428571429,"average_win":11.976556159451146,"expectancy":3.309369038245744,"largest_loss":-13.428138531695623,"largest_win":31.892274297490587,"max_trade_duration_days":30.0,"median_trade_duration_days":10.5,"profit_factor":1.9363372162102206,"time_in_market_percent":0.4066953412447531,"total_trades":28,"win_rate":0.5714285714285714}}