{"capital_utilization":{"average_cash_percent":0.9635857426631615,"average_exposure_percent":0.03641425733683851,"average_leverage":0.03641425733683851,"average_position_value":191.79612582091,"max_exposure_percent":0.41510356797858766},"closed_trades":5,"equity_curve":[],"final_equity":484.7543379883708,"max_drawdown":0.095384350712708,"open_trades":0,"profit_factor":0.5865407154482076,"sharpe":-0.34328889305674964,"signal_diagnostics":{"buy_signals":5,"duplicate_buy_skips":0,"flat_sell_skips":0,"hold_signals":430,"risk_blocked_signals":0,"sell_signals":0,"stop_loss_exits":3,"take_profit_exits":2},"starting_equity":500,"total_return":-0.03049132402325838,"trade_analysis":{"average_loss":-12.29114335337448,"average_trade_duration_days":10.0,"average_win":10.813884024247123,"expectancy":-3.0491324023258386,"largest_loss":-17.668356826042185,"largest_win":11.171526166682359,"max_trade_duration_days":16.0,"median_trade_duration_days":7.0,"profit_factor":0.5865407154482076,"time_in_market_percent":0.07836478808855221,"total_trades":5,"win_rate":0.4}}