{"capital_utilization":{"average_cash_percent":0.8005568484980754,"average_exposure_percent":0.19944315150192465,"average_leverage":0.19944315150192465,"average_position_value":205.69755573812478,"max_exposure_percent":0.40586148047379145},"closed_trades":19,"equity_curve":[],"final_equity":541.5977476808888,"max_drawdown":0.043788574151601846,"open_trades":0,"profit_factor":1.9143305980007312,"sharpe":0.704802574766695,"signal_diagnostics":{"buy_signals":19,"duplicate_buy_skips":0,"flat_sell_skips":0,"hold_signals":514,"risk_blocked_signals":0,"sell_signals":1,"stop_loss_exits":16,"take_profit_exits":2},"starting_equity":500,"total_return":0.0831954953617775,"trade_analysis":{"average_loss":-4.549530309042064,"average_trade_duration_days":19.739035087719298,"average_win":9.677005641256606,"expectancy":2.1893551410994117,"largest_loss":-7.28667877950787,"largest_win":23.896902723858638,"max_trade_duration_days":52.041666666666664,"median_trade_duration_days":16.0,"profit_factor":1.9143305980007312,"time_in_market_percent":0.46644556148624144,"total_trades":19,"win_rate":0.47368421052631576}}