{"capital_utilization":{"average_cash_percent":0.7169949379602462,"average_exposure_percent":0.28300506203975384,"average_leverage":0.28300506203975384,"average_position_value":203.1115188494414,"max_exposure_percent":0.404579206723767},"closed_trades":38,"equity_curve":[],"final_equity":507.3098625408696,"max_drawdown":0.03506727347963128,"open_trades":0,"profit_factor":1.1588640816957712,"sharpe":0.22739886323176117,"signal_diagnostics":{"buy_signals":38,"duplicate_buy_skips":0,"flat_sell_skips":0,"hold_signals":477,"risk_blocked_signals":0,"sell_signals":0,"stop_loss_exits":36,"take_profit_exits":1},"starting_equity":500,"total_return":0.014619725081739254,"trade_analysis":{"average_loss":-2.19111009050466,"average_trade_duration_days":13.5,"average_win":3.1366573200863197,"expectancy":0.19236480370709444,"largest_loss":-5.597042950164958,"largest_win":9.850794858641022,"max_trade_duration_days":50.0,"median_trade_duration_days":12.0,"profit_factor":1.1588640816957712,"time_in_market_percent":0.6380266362647043,"total_trades":38,"win_rate":0.4473684210526316}}