{"capital_utilization":{"average_cash_percent":0.8368549420904691,"average_exposure_percent":0.1631450579095309,"average_leverage":0.1631450579095309,"average_position_value":199.87874479747327,"max_exposure_percent":0.41122495935690073},"closed_trades":38,"equity_curve":[],"final_equity":507.0452813622245,"max_drawdown":0.0773415247416031,"open_trades":0,"profit_factor":1.0566078342545093,"sharpe":0.1342728160986878,"signal_diagnostics":{"buy_signals":38,"duplicate_buy_skips":0,"flat_sell_skips":0,"hold_signals":477,"risk_blocked_signals":0,"sell_signals":3,"stop_loss_exits":23,"take_profit_exits":11},"starting_equity":500,"total_return":0.014090562724448974,"trade_analysis":{"average_loss":-5.9265575709713785,"average_trade_duration_days":7.235745614035089,"average_win":7.735470020742554,"expectancy":0.18540214111117068,"largest_loss":-13.630064063637601,"largest_win":13.381391589449736,"max_trade_duration_days":21.041666666666668,"median_trade_duration_days":6.0,"profit_factor":1.0566078342545093,"time_in_market_percent":0.341970254443696,"total_trades":38,"win_rate":0.4473684210526316}}