{"capital_utilization":{"average_cash_percent":0.8779475600178676,"average_exposure_percent":0.12205243998213246,"average_leverage":0.12205243998213246,"average_position_value":215.69540370594945,"max_exposure_percent":0.4135508632438205},"closed_trades":21,"equity_curve":[],"final_equity":635.9453275105466,"max_drawdown":0.08525127547043036,"open_trades":0,"profit_factor":2.038827230954559,"sharpe":0.9563610092443662,"signal_diagnostics":{"buy_signals":21,"duplicate_buy_skips":0,"flat_sell_skips":0,"hold_signals":512,"risk_blocked_signals":0,"sell_signals":1,"stop_loss_exits":16,"take_profit_exits":3},"starting_equity":500,"total_return":0.2718906550210931,"trade_analysis":{"average_loss":-10.905352646691545,"average_trade_duration_days":10.382936507936508,"average_win":29.645506585649457,"expectancy":6.473587024311742,"largest_loss":-18.036979601097446,"largest_win":78.27319967862739,"max_trade_duration_days":27.0,"median_trade_duration_days":8.0,"profit_factor":2.038827230954559,"time_in_market_percent":0.27118204902316423,"total_trades":21,"win_rate":0.42857142857142855}}