{"capital_utilization":{"average_cash_percent":0.9344932709622888,"average_exposure_percent":0.06550672903771118,"average_leverage":0.06550672903771118,"average_position_value":197.51734148326278,"max_exposure_percent":0.4182025686730712},"closed_trades":11,"equity_curve":[],"final_equity":527.0804176932047,"max_drawdown":0.10044110457043891,"open_trades":0,"profit_factor":1.2716849467234541,"sharpe":0.28876637311602593,"signal_diagnostics":{"buy_signals":11,"duplicate_buy_skips":0,"flat_sell_skips":0,"hold_signals":532,"risk_blocked_signals":0,"sell_signals":0,"stop_loss_exits":8,"take_profit_exits":2},"starting_equity":500,"total_return":0.05416083538640937,"trade_analysis":{"average_loss":-12.45947650937097,"average_trade_duration_days":10.458333333333334,"average_win":42.2520765893908,"expectancy":2.4618561539276955,"largest_loss":-21.435622375759692,"largest_win":67.79284560180336,"max_trade_duration_days":28.0,"median_trade_duration_days":8.0,"profit_factor":1.2716849467234541,"time_in_market_percent":0.14307923511426648,"total_trades":11,"win_rate":0.2727272727272727}}