{"capital_utilization":{"average_cash_percent":0.9565920263391052,"average_exposure_percent":0.04340797366089476,"average_leverage":0.04340797366089476,"average_position_value":194.44039574815736,"max_exposure_percent":0.4112551864813572},"closed_trades":5,"equity_curve":[],"final_equity":502.65057285192034,"max_drawdown":0.08412974486611316,"open_trades":0,"profit_factor":1.0951561623806756,"sharpe":0.09143234231012233,"signal_diagnostics":{"buy_signals":5,"duplicate_buy_skips":0,"flat_sell_skips":0,"hold_signals":430,"risk_blocked_signals":0,"sell_signals":0,"stop_loss_exits":3,"take_profit_exits":2},"starting_equity":500,"total_return":0.0053011457038407706,"trade_analysis":{"average_loss":-9.28499281464166,"average_trade_duration_days":12.399999999999999,"average_win":15.25277564792266,"expectancy":0.5301145703840682,"largest_loss":-13.339650143459801,"largest_win":16.13955468239478,"max_trade_duration_days":22.958333333333332,"median_trade_duration_days":11.041666666666666,"profit_factor":1.0951561623806756,"time_in_market_percent":0.09717233722980474,"total_trades":5,"win_rate":0.4}}