{"capital_utilization":{"average_cash_percent":0.7527004562899677,"average_exposure_percent":0.2472995437100322,"average_leverage":0.2472995437100322,"average_position_value":211.51067085995564,"max_exposure_percent":0.4040836478715486},"closed_trades":20,"equity_curve":[],"final_equity":540.3241082212159,"max_drawdown":0.03939884293585867,"open_trades":0,"profit_factor":2.1177418897150173,"sharpe":0.7398356991216692,"signal_diagnostics":{"buy_signals":20,"duplicate_buy_skips":0,"flat_sell_skips":0,"hold_signals":513,"risk_blocked_signals":0,"sell_signals":6,"stop_loss_exits":14,"take_profit_exits":0},"starting_equity":500,"total_return":0.08064821644243181,"trade_analysis":{"average_loss":-3.6076404214838043,"average_trade_duration_days":23.997916666666665,"average_win":7.640051243605393,"expectancy":2.016205411060795,"largest_loss":-5.454823245135835,"largest_win":26.587721772094405,"max_trade_duration_days":63.0,"median_trade_duration_days":20.5,"profit_factor":2.1177418897150173,"time_in_market_percent":0.5969321656215992,"total_trades":20,"win_rate":0.5}}