{"capital_utilization":{"average_cash_percent":0.7117740871996643,"average_exposure_percent":0.28822591280033566,"average_leverage":0.28822591280033566,"average_position_value":205.224037982937,"max_exposure_percent":0.4034142817300199},"closed_trades":39,"equity_curve":[],"final_equity":519.5253530395179,"max_drawdown":0.024202405735423583,"open_trades":0,"profit_factor":1.3989564062060762,"sharpe":0.55021352506675,"signal_diagnostics":{"buy_signals":39,"duplicate_buy_skips":0,"flat_sell_skips":0,"hold_signals":475,"risk_blocked_signals":0,"sell_signals":3,"stop_loss_exits":35,"take_profit_exits":0},"starting_equity":500,"total_return":0.03905070607903571,"trade_analysis":{"average_loss":-2.2245940494871403,"average_trade_duration_days":13.487179487179487,"average_win":4.027436595778526,"expectancy":0.5006500779363551,"largest_loss":-4.100876949487699,"largest_win":13.306062615728962,"max_trade_duration_days":51.0,"median_trade_duration_days":11.0,"profit_factor":1.3989564062060762,"time_in_market_percent":0.6541949525833032,"total_trades":39,"win_rate":0.4358974358974359}}