{"capital_utilization":{"average_cash_percent":0.892582814693319,"average_exposure_percent":0.10741718530668103,"average_leverage":0.10741718530668103,"average_position_value":188.75420863813645,"max_exposure_percent":0.42178220645280134},"closed_trades":25,"equity_curve":[],"final_equity":535.2053350349546,"max_drawdown":0.17541974981768677,"open_trades":0,"profit_factor":1.1953832290541275,"sharpe":0.3239549212781732,"signal_diagnostics":{"buy_signals":25,"duplicate_buy_skips":0,"flat_sell_skips":0,"hold_signals":503,"risk_blocked_signals":0,"sell_signals":5,"stop_loss_exits":12,"take_profit_exits":8},"starting_equity":500,"total_return":0.0704106700699092,"trade_analysis":{"average_loss":-15.015505341898084,"average_trade_duration_days":7.396666666666667,"average_win":16.568569164440895,"expectancy":1.4082134013981826,"largest_loss":-23.152972589522914,"largest_win":26.67349126373827,"max_trade_duration_days":20.0,"median_trade_duration_days":7.0,"profit_factor":1.1953832290541275,"time_in_market_percent":0.22998393532673475,"total_trades":25,"win_rate":0.52}}