{"capital_utilization":{"average_cash_percent":0.8204862140403961,"average_exposure_percent":0.17951378595960388,"average_leverage":0.17951378595960388,"average_position_value":185.9164391844727,"max_exposure_percent":0.4100729091461703},"closed_trades":18,"equity_curve":[],"final_equity":480.9630206159413,"max_drawdown":0.12496696105039086,"open_trades":0,"profit_factor":0.7675711991242109,"sharpe":-0.26184974503870606,"signal_diagnostics":{"buy_signals":18,"duplicate_buy_skips":0,"flat_sell_skips":0,"hold_signals":404,"risk_blocked_signals":0,"sell_signals":4,"stop_loss_exits":12,"take_profit_exits":2},"starting_equity":500,"total_return":-0.03807395876811748,"trade_analysis":{"average_loss":-6.825380257067828,"average_trade_duration_days":14.277777777777779,"average_win":10.477930616792536,"expectancy":-1.0576099657810403,"largest_loss":-11.689688259976412,"largest_win":13.475845092825002,"max_trade_duration_days":31.0,"median_trade_duration_days":13.5,"profit_factor":0.7675711991242109,"time_in_market_percent":0.4027950107751584,"total_trades":18,"win_rate":0.3333333333333333}}