{"capital_utilization":{"average_cash_percent":0.9285955879866223,"average_exposure_percent":0.07140441201337767,"average_leverage":0.07140441201337767,"average_position_value":200.3091366751544,"max_exposure_percent":0.4079308764801643},"closed_trades":18,"equity_curve":[],"final_equity":524.3872440735436,"max_drawdown":0.030492417504894124,"open_trades":0,"profit_factor":1.4735673729610015,"sharpe":0.6289705844357537,"signal_diagnostics":{"buy_signals":18,"duplicate_buy_skips":0,"flat_sell_skips":0,"hold_signals":517,"risk_blocked_signals":0,"sell_signals":0,"stop_loss_exits":10,"take_profit_exits":8},"starting_equity":500,"total_return":0.04877448814708707,"trade_analysis":{"average_loss":-5.721876000466008,"average_trade_duration_days":6.331018518518518,"average_win":8.431569786415297,"expectancy":1.3548468929746444,"largest_loss":-9.591452693832187,"largest_win":14.187134652677909,"max_trade_duration_days":15.0,"median_trade_duration_days":6.0,"profit_factor":1.4735673729610015,"time_in_market_percent":0.1417318754210499,"total_trades":18,"win_rate":0.5}}