{"capital_utilization":{"average_cash_percent":0.8186037149899745,"average_exposure_percent":0.18139628501002553,"average_leverage":0.18139628501002553,"average_position_value":215.00997365850304,"max_exposure_percent":0.4148924953027263},"closed_trades":29,"equity_curve":[],"final_equity":569.1839865256487,"max_drawdown":0.21854571057349367,"open_trades":0,"profit_factor":1.3096423900968146,"sharpe":0.4806886225376732,"signal_diagnostics":{"buy_signals":29,"duplicate_buy_skips":0,"flat_sell_skips":0,"hold_signals":495,"risk_blocked_signals":0,"sell_signals":1,"stop_loss_exits":27,"take_profit_exits":0},"starting_equity":500,"total_return":0.13836797305129744,"trade_analysis":{"average_loss":-11.759573511817464,"average_trade_duration_days":11.17528735632184,"average_win":29.26158832501805,"expectancy":2.3856547077809895,"largest_loss":-20.532713082040082,"largest_win":86.15792675891102,"max_trade_duration_days":33.0,"median_trade_duration_days":9.0,"profit_factor":1.3096423900968146,"time_in_market_percent":0.4030678343784009,"total_trades":29,"win_rate":0.3448275862068966}}