{"capital_utilization":{"average_cash_percent":0.8362858198124434,"average_exposure_percent":0.16371418018755654,"average_leverage":0.16371418018755654,"average_position_value":205.06863506696916,"max_exposure_percent":0.4112426759629373},"closed_trades":37,"equity_curve":[],"final_equity":521.105699696262,"max_drawdown":0.08431821978772784,"open_trades":0,"profit_factor":1.1729420103229182,"sharpe":0.32273244450035155,"signal_diagnostics":{"buy_signals":37,"duplicate_buy_skips":0,"flat_sell_skips":0,"hold_signals":479,"risk_blocked_signals":0,"sell_signals":9,"stop_loss_exits":24,"take_profit_exits":3},"starting_equity":500,"total_return":0.04221139939252416,"trade_analysis":{"average_loss":-6.101958586249067,"average_trade_duration_days":7.54054054054054,"average_win":8.42028655419079,"expectancy":0.5704243161151911,"largest_loss":-13.891263957736859,"largest_win":16.63278686318033,"max_trade_duration_days":19.041666666666668,"median_trade_duration_days":6.0,"profit_factor":1.1729420103229182,"time_in_market_percent":0.34699694252992697,"total_trades":37,"win_rate":0.4594594594594595}}