{"capital_utilization":{"average_cash_percent":0.8281704328993902,"average_exposure_percent":0.17182956710060976,"average_leverage":0.17182956710060976,"average_position_value":186.69137864255205,"max_exposure_percent":0.40972972921712825},"closed_trades":29,"equity_curve":[],"final_equity":471.5806873038244,"max_drawdown":0.1189714055986946,"open_trades":0,"profit_factor":0.7452623368394686,"sharpe":-0.45357430455208536,"signal_diagnostics":{"buy_signals":29,"duplicate_buy_skips":0,"flat_sell_skips":0,"hold_signals":382,"risk_blocked_signals":0,"sell_signals":2,"stop_loss_exits":18,"take_profit_exits":9},"starting_equity":500,"total_return":-0.05683862539235118,"trade_analysis":{"average_loss":-6.197947668021606,"average_trade_duration_days":7.793103448275862,"average_win":7.558522302564847,"expectancy":-0.9799762998681238,"largest_loss":-11.01500947575415,"largest_win":13.065567681422635,"max_trade_duration_days":21.0,"median_trade_duration_days":7.0,"profit_factor":0.7452623368394686,"time_in_market_percent":0.354208842160256,"total_trades":29,"win_rate":0.3793103448275862}}