{"capital_utilization":{"average_cash_percent":0.8422742716793652,"average_exposure_percent":0.15772572832063478,"average_leverage":0.15772572832063478,"average_position_value":178.7858570716371,"max_exposure_percent":0.42464993888182384},"closed_trades":20,"equity_curve":[],"final_equity":453.77755156837986,"max_drawdown":0.225635814252248,"open_trades":0,"profit_factor":0.7470315674636772,"sharpe":-0.2938276451698853,"signal_diagnostics":{"buy_signals":20,"duplicate_buy_skips":0,"flat_sell_skips":0,"hold_signals":400,"risk_blocked_signals":0,"sell_signals":10,"stop_loss_exits":9,"take_profit_exits":1},"starting_equity":500,"total_return":-0.09244489686324031,"trade_analysis":{"average_loss":-20.302247011693513,"average_trade_duration_days":11.4,"average_win":12.408888606692859,"expectancy":-2.3111224215810076,"largest_loss":-23.435512170833093,"largest_win":26.123972305076038,"max_trade_duration_days":21.0,"median_trade_duration_days":11.5,"profit_factor":0.7470315674636772,"time_in_market_percent":0.3573434336837981,"total_trades":20,"win_rate":0.55}}