{"capital_utilization":{"average_cash_percent":0.9452117770202539,"average_exposure_percent":0.05478822297974609,"average_leverage":0.05478822297974609,"average_position_value":204.07527368546909,"max_exposure_percent":0.4024364591391046},"closed_trades":10,"equity_curve":[],"final_equity":536.3497106451513,"max_drawdown":0.017190079781182085,"open_trades":0,"profit_factor":7.589183718291669,"sharpe":1.429492622258662,"signal_diagnostics":{"buy_signals":10,"duplicate_buy_skips":0,"flat_sell_skips":0,"hold_signals":533,"risk_blocked_signals":0,"sell_signals":5,"stop_loss_exits":4,"take_profit_exits":1},"starting_equity":500,"total_return":0.07269942129030249,"trade_analysis":{"average_loss":-1.8388575479257987,"average_trade_duration_days":9.595833333333335,"average_win":5.980897612704092,"expectancy":3.634971064515125,"largest_loss":-2.9659585818973557,"largest_win":11.349153249435641,"max_trade_duration_days":20.0,"median_trade_duration_days":8.0,"profit_factor":7.589183718291669,"time_in_market_percent":0.11934497590299012,"total_trades":10,"win_rate":0.7}}