{"capital_utilization":{"average_cash_percent":0.8830099530432988,"average_exposure_percent":0.1169900469567012,"average_leverage":0.1169900469567012,"average_position_value":209.82660253329217,"max_exposure_percent":0.40613839775218247},"closed_trades":31,"equity_curve":[],"final_equity":561.2534200369732,"max_drawdown":0.025461370504256182,"open_trades":0,"profit_factor":2.0009366944480127,"sharpe":1.2722549159336616,"signal_diagnostics":{"buy_signals":31,"duplicate_buy_skips":0,"flat_sell_skips":0,"hold_signals":491,"risk_blocked_signals":0,"sell_signals":4,"stop_loss_exits":12,"take_profit_exits":15},"starting_equity":500,"total_return":0.12250684007394641,"trade_analysis":{"average_loss":-5.099674832645361,"average_trade_duration_days":6.065860215053763,"average_win":6.444711475195662,"expectancy":1.9759167753862337,"largest_loss":-8.095424643859396,"largest_win":11.943843030809708,"max_trade_duration_days":19.0,"median_trade_duration_days":5.0,"profit_factor":2.0009366944480127,"time_in_market_percent":0.23387054982639788,"total_trades":31,"win_rate":0.6129032258064516}}