{"capital_utilization":{"average_cash_percent":0.8614513093507754,"average_exposure_percent":0.1385486906492246,"average_leverage":0.1385486906492246,"average_position_value":198.53730933903333,"max_exposure_percent":0.40494408603460846},"closed_trades":8,"equity_curve":[],"final_equity":512.4108301761944,"max_drawdown":0.026478713308377224,"open_trades":0,"profit_factor":1.6275940094942036,"sharpe":0.5699772235871507,"signal_diagnostics":{"buy_signals":8,"duplicate_buy_skips":0,"flat_sell_skips":0,"hold_signals":425,"risk_blocked_signals":0,"sell_signals":0,"stop_loss_exits":7,"take_profit_exits":0},"starting_equity":500,"total_return":0.024821660352388752,"trade_analysis":{"average_loss":-3.9550505544808,"average_trade_duration_days":26.25,"average_win":10.728694316199464,"expectancy":1.551353772024299,"largest_loss":-5.974292661057205,"largest_win":17.330257697751822,"max_trade_duration_days":52.0,"median_trade_duration_days":21.5,"profit_factor":1.6275940094942036,"time_in_market_percent":0.32913210997191933,"total_trades":8,"win_rate":0.375}}