{"capital_utilization":{"average_cash_percent":0.8441698711796285,"average_exposure_percent":0.15583012882037148,"average_leverage":0.15583012882037148,"average_position_value":205.78455076216926,"max_exposure_percent":0.40580402997830867},"closed_trades":8,"equity_curve":[],"final_equity":541.6264280367565,"max_drawdown":0.04777145670786611,"open_trades":0,"profit_factor":2.8243678677901896,"sharpe":1.1298937220538672,"signal_diagnostics":{"buy_signals":8,"duplicate_buy_skips":0,"flat_sell_skips":0,"hold_signals":425,"risk_blocked_signals":0,"sell_signals":3,"stop_loss_exits":4,"take_profit_exits":0},"starting_equity":500,"total_return":0.08325285607351285,"trade_analysis":{"average_loss":-4.563380968464166,"average_trade_duration_days":30.375,"average_win":21.481110959692444,"expectancy":5.203303504594562,"largest_loss":-7.42587243743286,"largest_win":33.67206114000116,"max_trade_duration_days":97.0,"median_trade_duration_days":17.0,"profit_factor":2.8243678677901896,"time_in_market_percent":0.3808528701103638,"total_trades":8,"win_rate":0.375}}