{"capital_utilization":{"average_cash_percent":0.9350903305139636,"average_exposure_percent":0.06490966948603634,"average_leverage":0.06490966948603634,"average_position_value":205.8059567329711,"max_exposure_percent":0.4079369046828707},"closed_trades":12,"equity_curve":[],"final_equity":525.3307478831075,"max_drawdown":0.05749644695457897,"open_trades":0,"profit_factor":1.8598543850291676,"sharpe":0.5531369056333563,"signal_diagnostics":{"buy_signals":12,"duplicate_buy_skips":0,"flat_sell_skips":0,"hold_signals":528,"risk_blocked_signals":0,"sell_signals":5,"stop_loss_exits":6,"take_profit_exits":1},"starting_equity":500,"total_return":0.05066149576621504,"trade_analysis":{"average_loss":-4.909891008706137,"average_trade_duration_days":9.416666666666666,"average_win":9.131682322557392,"expectancy":2.1108956569256265,"largest_loss":-9.79879080792204,"largest_win":19.999611582683464,"max_trade_duration_days":19.0,"median_trade_duration_days":8.0,"profit_factor":1.8598543850291676,"time_in_market_percent":0.14053998030781986,"total_trades":12,"win_rate":0.5}}