{"capital_utilization":{"average_cash_percent":0.8587254014012649,"average_exposure_percent":0.14127459859873517,"average_leverage":0.14127459859873517,"average_position_value":205.92205539334122,"max_exposure_percent":0.4052216370737248},"closed_trades":12,"equity_curve":[],"final_equity":532.5702094364754,"max_drawdown":0.03452363307171928,"open_trades":0,"profit_factor":3.1277988123910196,"sharpe":1.0389195650945509,"signal_diagnostics":{"buy_signals":12,"duplicate_buy_skips":0,"flat_sell_skips":0,"hold_signals":417,"risk_blocked_signals":0,"sell_signals":2,"stop_loss_exits":9,"take_profit_exits":0},"starting_equity":500,"total_return":0.06514041887295074,"trade_analysis":{"average_loss":-2.551166119560272,"average_trade_duration_days":17.666666666666668,"average_win":7.979534358972825,"expectancy":2.714184119706277,"largest_loss":-6.54937966905109,"largest_win":13.552729573748316,"max_trade_duration_days":36.0,"median_trade_duration_days":13.5,"profit_factor":3.1277988123910196,"time_in_market_percent":0.3322667014954614,"total_trades":12,"win_rate":0.5}}