{"capital_utilization":{"average_cash_percent":0.9024729830694909,"average_exposure_percent":0.09752701693050908,"average_leverage":0.09752701693050908,"average_position_value":213.7794106113107,"max_exposure_percent":0.40887567284709186},"closed_trades":16,"equity_curve":[],"final_equity":597.0091365200126,"max_drawdown":0.028523060025177602,"open_trades":0,"profit_factor":3.0923143299775715,"sharpe":1.251611226474223,"signal_diagnostics":{"buy_signals":16,"duplicate_buy_skips":0,"flat_sell_skips":0,"hold_signals":521,"risk_blocked_signals":0,"sell_signals":7,"stop_loss_exits":5,"take_profit_exits":3},"starting_equity":500,"total_return":0.19401827304002528,"trade_analysis":{"average_loss":-9.272902749851399,"average_trade_duration_days":10.625,"average_win":13.033968206297232,"expectancy":6.063071032500787,"largest_loss":-11.976232830166017,"largest_win":33.9890311882976,"max_trade_duration_days":20.0,"median_trade_duration_days":8.5,"profit_factor":3.0923143299775715,"time_in_market_percent":0.2114318287816759,"total_trades":16,"win_rate":0.6875}}