{"capital_utilization":{"average_cash_percent":0.8877483324388307,"average_exposure_percent":0.11225166756116939,"average_leverage":0.11225166756116939,"average_position_value":185.05637305047648,"max_exposure_percent":0.4189619961274653},"closed_trades":15,"equity_curve":[],"final_equity":474.30303986341556,"max_drawdown":0.19462032740071963,"open_trades":0,"profit_factor":0.8319042044485526,"sharpe":-0.13738196429592464,"signal_diagnostics":{"buy_signals":15,"duplicate_buy_skips":0,"flat_sell_skips":0,"hold_signals":524,"risk_blocked_signals":0,"sell_signals":0,"stop_loss_exits":12,"take_profit_exits":2},"starting_equity":500,"total_return":-0.051393920273168914,"trade_analysis":{"average_loss":-13.897357024786826,"average_trade_duration_days":13.33611111111111,"average_win":31.793491784017668,"expectancy":-1.7131306757722942,"largest_loss":-20.260565197069955,"largest_win":61.00995515793829,"max_trade_duration_days":45.0,"median_trade_duration_days":9.0,"profit_factor":0.8319042044485526,"time_in_market_percent":0.24879514950510442,"total_trades":15,"win_rate":0.26666666666666666}}