{"capital_utilization":{"average_cash_percent":0.7519801331635393,"average_exposure_percent":0.24801986683646068,"average_leverage":0.24801986683646068,"average_position_value":213.37935130994092,"max_exposure_percent":0.40520563577609525},"closed_trades":19,"equity_curve":[],"final_equity":542.2245778417055,"max_drawdown":0.04172823167459042,"open_trades":0,"profit_factor":2.2110426037574604,"sharpe":0.7659299820709443,"signal_diagnostics":{"buy_signals":19,"duplicate_buy_skips":0,"flat_sell_skips":0,"hold_signals":515,"risk_blocked_signals":0,"sell_signals":6,"stop_loss_exits":13,"take_profit_exits":0},"starting_equity":500,"total_return":0.08444915568341083,"trade_analysis":{"average_loss":-3.8740336183326383,"average_trade_duration_days":25.36622807017544,"average_win":7.7090880406699185,"expectancy":2.2223462021950224,"largest_loss":-6.881952081958291,"largest_win":27.008956698860946,"max_trade_duration_days":70.0,"median_trade_duration_days":21.0,"profit_factor":2.2110426037574604,"time_in_market_percent":0.5994195989013836,"total_trades":19,"win_rate":0.5263157894736842}}