{"capital_utilization":{"average_cash_percent":0.7104592153578142,"average_exposure_percent":0.28954078464218586,"average_leverage":0.28954078464218586,"average_position_value":204.25272156765303,"max_exposure_percent":0.40541668461235125},"closed_trades":40,"equity_curve":[],"final_equity":507.3814967163544,"max_drawdown":0.04332193098925209,"open_trades":0,"profit_factor":1.1427925796931067,"sharpe":0.21824849664080873,"signal_diagnostics":{"buy_signals":40,"duplicate_buy_skips":0,"flat_sell_skips":0,"hold_signals":473,"risk_blocked_signals":0,"sell_signals":0,"stop_loss_exits":37,"take_profit_exits":2},"starting_equity":500,"total_return":0.014762993432708704,"trade_analysis":{"average_loss":-2.349719983609935,"average_trade_duration_days":13.1,"average_win":3.2819631308762736,"expectancy":0.1845374179088592,"largest_loss":-6.691818403229807,"largest_win":14.87195902496936,"max_trade_duration_days":36.0,"median_trade_duration_days":12.0,"profit_factor":1.1427925796931067,"time_in_market_percent":0.6517075193035187,"total_trades":40,"win_rate":0.45}}