{"capital_utilization":{"average_cash_percent":0.9689901569332655,"average_exposure_percent":0.031009843066734506,"average_leverage":0.031009843066734506,"average_position_value":196.89315313956124,"max_exposure_percent":0.40753047004861226},"closed_trades":3,"equity_curve":[],"final_equity":488.186534591486,"max_drawdown":0.04870094728102658,"open_trades":0,"profit_factor":0.2768275552330761,"sharpe":-0.34621943311860187,"signal_diagnostics":{"buy_signals":3,"duplicate_buy_skips":0,"flat_sell_skips":0,"hold_signals":434,"risk_blocked_signals":0,"sell_signals":1,"stop_loss_exits":2,"take_profit_exits":0},"starting_equity":500,"total_return":-0.023626930817027936,"trade_analysis":{"average_loss":-8.167806651096514,"average_trade_duration_days":14.652777777777777,"average_win":4.522147893679014,"expectancy":-3.937821802838005,"largest_loss":-8.993469337380064,"largest_win":4.522147893679014,"max_trade_duration_days":18.958333333333332,"median_trade_duration_days":14.0,"profit_factor":0.2768275552330761,"time_in_market_percent":0.06889570952785215,"total_trades":3,"win_rate":0.3333333333333333}}