{"capital_utilization":{"average_cash_percent":0.7082490850817011,"average_exposure_percent":0.2917509149182988,"average_leverage":0.2917509149182988,"average_position_value":216.19819206406945,"max_exposure_percent":0.4034142817300199},"closed_trades":17,"equity_curve":[],"final_equity":561.5287508286469,"max_drawdown":0.02137968852885414,"open_trades":0,"profit_factor":5.618473834252513,"sharpe":1.5378491896506503,"signal_diagnostics":{"buy_signals":17,"duplicate_buy_skips":0,"flat_sell_skips":0,"hold_signals":519,"risk_blocked_signals":0,"sell_signals":0,"stop_loss_exits":16,"take_profit_exits":0},"starting_equity":500,"total_return":0.1230575016572939,"trade_analysis":{"average_loss":-3.3305780782129912,"average_trade_duration_days":33.411764705882355,"average_win":5.757774087807603,"expectancy":3.6193382840380517,"largest_loss":-4.100876949487699,"largest_win":23.164910763283654,"max_trade_duration_days":92.0,"median_trade_duration_days":29.0,"profit_factor":5.618473834252513,"time_in_market_percent":0.706431051458776,"total_trades":17,"win_rate":0.7647058823529411}}