{"capital_utilization":{"average_cash_percent":0.7807219656065686,"average_exposure_percent":0.2192780343934314,"average_leverage":0.2192780343934314,"average_position_value":211.22726380504406,"max_exposure_percent":0.40551427347828606},"closed_trades":29,"equity_curve":[],"final_equity":547.6757235720263,"max_drawdown":0.05102147515340699,"open_trades":0,"profit_factor":1.7738363103260095,"sharpe":0.8419396876489735,"signal_diagnostics":{"buy_signals":29,"duplicate_buy_skips":0,"flat_sell_skips":0,"hold_signals":495,"risk_blocked_signals":0,"sell_signals":0,"stop_loss_exits":28,"take_profit_exits":0},"starting_equity":500,"total_return":0.09535144714405264,"trade_analysis":{"average_loss":-4.400683686112688,"average_trade_duration_days":13.966954022988505,"average_win":7.285686345173594,"expectancy":1.6439904680009054,"largest_loss":-6.934251503699089,"largest_win":20.63609608489911,"max_trade_duration_days":45.0,"median_trade_duration_days":11.0,"profit_factor":1.7738363103260095,"time_in_market_percent":0.5037570606830077,"total_trades":29,"win_rate":0.5172413793103449}}