{"capital_utilization":{"average_cash_percent":0.7991675348858058,"average_exposure_percent":0.20083246511419417,"average_leverage":0.20083246511419417,"average_position_value":207.7703605205017,"max_exposure_percent":0.4075421215674843},"closed_trades":29,"equity_curve":[],"final_equity":525.0607658899631,"max_drawdown":0.04953551139787618,"open_trades":0,"profit_factor":1.388083348595772,"sharpe":0.4320220417487506,"signal_diagnostics":{"buy_signals":29,"duplicate_buy_skips":0,"flat_sell_skips":0,"hold_signals":495,"risk_blocked_signals":0,"sell_signals":5,"stop_loss_exits":24,"take_profit_exits":0},"starting_equity":500,"total_return":0.050121531779926176,"trade_analysis":{"average_loss":-5.381310909250591,"average_trade_duration_days":12.587643678160918,"average_win":5.272735105939425,"expectancy":0.8641643410332116,"largest_loss":-9.404882753111877,"largest_win":20.761005521521653,"max_trade_duration_days":38.0,"median_trade_duration_days":11.0,"profit_factor":1.388083348595772,"time_in_market_percent":0.45400839508731927,"total_trades":29,"win_rate":0.5862068965517241}}