{"capital_utilization":{"average_cash_percent":0.8291184815456383,"average_exposure_percent":0.1708815184543617,"average_leverage":0.1708815184543617,"average_position_value":201.95233415323824,"max_exposure_percent":0.40584377616130074},"closed_trades":18,"equity_curve":[],"final_equity":525.5056902441895,"max_drawdown":0.040649798183279996,"open_trades":0,"profit_factor":1.7346440664736669,"sharpe":0.670708190929705,"signal_diagnostics":{"buy_signals":18,"duplicate_buy_skips":0,"flat_sell_skips":0,"hold_signals":405,"risk_blocked_signals":0,"sell_signals":1,"stop_loss_exits":14,"take_profit_exits":2},"starting_equity":500,"total_return":0.05101138048837894,"trade_analysis":{"average_loss":-2.893202686871467,"average_trade_duration_days":13.722222222222221,"average_win":10.037353747774521,"expectancy":1.4169827913438622,"largest_loss":-7.202557266846204,"largest_win":14.074167952866322,"max_trade_duration_days":42.0,"median_trade_duration_days":10.0,"profit_factor":1.7346440664736669,"time_in_market_percent":0.38712205315744797,"total_trades":18,"win_rate":0.3333333333333333}}