{"capital_utilization":{"average_cash_percent":0.9186152071053716,"average_exposure_percent":0.08138479289462842,"average_leverage":0.08138479289462842,"average_position_value":207.38419118752915,"max_exposure_percent":0.4112306943282752},"closed_trades":19,"equity_curve":[],"final_equity":515.1393380997084,"max_drawdown":0.04667245649821996,"open_trades":0,"profit_factor":1.244464804526422,"sharpe":0.31149547308399916,"signal_diagnostics":{"buy_signals":19,"duplicate_buy_skips":0,"flat_sell_skips":0,"hold_signals":515,"risk_blocked_signals":0,"sell_signals":5,"stop_loss_exits":12,"take_profit_exits":1},"starting_equity":500,"total_return":0.030278676199416932,"trade_analysis":{"average_loss":-6.880944195644229,"average_trade_duration_days":7.105263157894737,"average_win":7.706783586050652,"expectancy":0.7968072684057081,"largest_loss":-14.293541708092443,"largest_win":14.710782254665762,"max_trade_duration_days":19.0,"median_trade_duration_days":6.0,"profit_factor":1.244464804526422,"time_in_market_percent":0.16790174638544852,"total_trades":19,"win_rate":0.5263157894736842}}