{"capital_utilization":{"average_cash_percent":0.8640102569206324,"average_exposure_percent":0.1359897430793676,"average_leverage":0.1359897430793676,"average_position_value":211.33790360843025,"max_exposure_percent":0.40638686143164676},"closed_trades":21,"equity_curve":[],"final_equity":555.7982232761094,"max_drawdown":0.05711026207233935,"open_trades":0,"profit_factor":2.2344678661027064,"sharpe":1.0897454850941264,"signal_diagnostics":{"buy_signals":21,"duplicate_buy_skips":0,"flat_sell_skips":0,"hold_signals":511,"risk_blocked_signals":0,"sell_signals":4,"stop_loss_exits":10,"take_profit_exits":6},"starting_equity":500,"total_return":0.11159644655221879,"trade_analysis":{"average_loss":-4.520022335799466,"average_trade_duration_days":11.813492063492063,"average_win":9.181676966736731,"expectancy":2.657058251243303,"largest_loss":-8.189578817802932,"largest_win":19.184325398531154,"max_trade_duration_days":21.0,"median_trade_duration_days":12.0,"profit_factor":2.2344678661027064,"time_in_market_percent":0.30854536974659275,"total_trades":21,"win_rate":0.5238095238095238}}