{"capital_utilization":{"average_cash_percent":0.9055357003677672,"average_exposure_percent":0.09446429963223278,"average_leverage":0.09446429963223278,"average_position_value":211.73212737955123,"max_exposure_percent":0.4047720350834782},"closed_trades":19,"equity_curve":[],"final_equity":552.2729215982145,"max_drawdown":0.050969407100422894,"open_trades":0,"profit_factor":2.4960364917855666,"sharpe":1.0865755261101528,"signal_diagnostics":{"buy_signals":19,"duplicate_buy_skips":0,"flat_sell_skips":0,"hold_signals":514,"risk_blocked_signals":0,"sell_signals":7,"stop_loss_exits":9,"take_profit_exits":3},"starting_equity":500,"total_return":0.10454584319642901,"trade_analysis":{"average_loss":-3.8823266890164225,"average_trade_duration_days":8.475877192982457,"average_win":8.721386179936223,"expectancy":2.751206399906023,"largest_loss":-6.11620770320357,"largest_win":18.96033702491942,"max_trade_duration_days":21.0,"median_trade_duration_days":7.0,"profit_factor":2.4960364917855666,"time_in_market_percent":0.2002902005493082,"total_trades":19,"win_rate":0.5263157894736842}}