{"capital_utilization":{"average_cash_percent":0.9239952957662875,"average_exposure_percent":0.07600470423371249,"average_leverage":0.07600470423371249,"average_position_value":198.5571405402167,"max_exposure_percent":0.4079395420783002},"closed_trades":14,"equity_curve":[],"final_equity":500.05009976042453,"max_drawdown":0.04411518842128901,"open_trades":0,"profit_factor":1.001122005593603,"sharpe":0.025436043122589694,"signal_diagnostics":{"buy_signals":14,"duplicate_buy_skips":0,"flat_sell_skips":0,"hold_signals":412,"risk_blocked_signals":0,"sell_signals":0,"stop_loss_exits":10,"take_profit_exits":4},"starting_equity":500,"total_return":0.00010019952084916461,"trade_analysis":{"average_loss":-5.5814962855545085,"average_trade_duration_days":7.285714285714286,"average_win":7.450345007476766,"expectancy":0.0035785543160377236,"largest_loss":-9.52707112257361,"largest_win":14.069440287737066,"max_trade_duration_days":17.0,"median_trade_duration_days":7.0,"profit_factor":1.001122005593603,"time_in_market_percent":0.15986416770064651,"total_trades":14,"win_rate":0.42857142857142855}}