{"capital_utilization":{"average_cash_percent":0.9207605012240663,"average_exposure_percent":0.07923949877593368,"average_leverage":0.07923949877593368,"average_position_value":201.6367252861761,"max_exposure_percent":0.4079308764801643},"closed_trades":18,"equity_curve":[],"final_equity":528.1708219233718,"max_drawdown":0.03477306341158318,"open_trades":0,"profit_factor":1.5435065910154595,"sharpe":0.6415848266944848,"signal_diagnostics":{"buy_signals":18,"duplicate_buy_skips":0,"flat_sell_skips":0,"hold_signals":517,"risk_blocked_signals":0,"sell_signals":6,"stop_loss_exits":11,"take_profit_exits":1},"starting_equity":500,"total_return":0.05634164384674367,"trade_analysis":{"average_loss":-5.759067832040441,"average_trade_duration_days":7.388888888888889,"average_win":8.889159156859535,"expectancy":1.5650456624095468,"largest_loss":-9.591452693832187,"largest_win":14.529758651881,"max_trade_duration_days":16.0,"median_trade_duration_days":7.0,"profit_factor":1.5435065910154595,"time_in_market_percent":0.1654143131056641,"total_trades":18,"win_rate":0.5}}