{"capital_utilization":{"average_cash_percent":0.9105116260987963,"average_exposure_percent":0.08948837390120372,"average_leverage":0.08948837390120372,"average_position_value":210.20645703589062,"max_exposure_percent":0.4059669841027008},"closed_trades":24,"equity_curve":[],"final_equity":539.2310184536416,"max_drawdown":0.06605754387966571,"open_trades":0,"profit_factor":1.699968231883532,"sharpe":0.8489837911484927,"signal_diagnostics":{"buy_signals":24,"duplicate_buy_skips":0,"flat_sell_skips":0,"hold_signals":504,"risk_blocked_signals":0,"sell_signals":11,"stop_loss_exits":12,"take_profit_exits":1},"starting_equity":500,"total_return":0.07846203690728326,"trade_analysis":{"average_loss":-5.095168695672682,"average_trade_duration_days":5.916666666666667,"average_win":7.329067238926241,"expectancy":1.6346257689017332,"largest_loss":-7.606545698445053,"largest_win":14.424368472949574,"max_trade_duration_days":18.0,"median_trade_duration_days":5.0,"profit_factor":1.699968231883532,"time_in_market_percent":0.176607762864694,"total_trades":24,"win_rate":0.5416666666666666}}