{"capital_utilization":{"average_cash_percent":0.8305113531881685,"average_exposure_percent":0.16948864681183157,"average_leverage":0.16948864681183157,"average_position_value":205.76579897792766,"max_exposure_percent":0.40753047004861226},"closed_trades":19,"equity_curve":[],"final_equity":557.583881019641,"max_drawdown":0.07984841264117695,"open_trades":0,"profit_factor":1.9040862311960907,"sharpe":0.8021465289865507,"signal_diagnostics":{"buy_signals":19,"duplicate_buy_skips":0,"flat_sell_skips":0,"hold_signals":403,"risk_blocked_signals":0,"sell_signals":7,"stop_loss_exits":10,"take_profit_exits":1},"starting_equity":500,"total_return":0.11516776203928192,"trade_analysis":{"average_loss":-7.076989762046943,"average_trade_duration_days":13.050438596491228,"average_win":12.127678887806354,"expectancy":3.030730579981109,"largest_loss":-8.993469337380064,"largest_win":19.055338706993886,"max_trade_duration_days":22.0,"median_trade_duration_days":14.0,"profit_factor":1.9040862311960907,"time_in_market_percent":0.3886240449291452,"total_trades":19,"win_rate":0.5263157894736842}}