{"capital_utilization":{"average_cash_percent":0.8357382861776269,"average_exposure_percent":0.16426171382237306,"average_leverage":0.16426171382237306,"average_position_value":207.63440859211724,"max_exposure_percent":0.4070697501018377},"closed_trades":15,"equity_curve":[],"final_equity":532.9205851273023,"max_drawdown":0.05271166397434229,"open_trades":0,"profit_factor":1.602358684627766,"sharpe":0.680699774278352,"signal_diagnostics":{"buy_signals":15,"duplicate_buy_skips":0,"flat_sell_skips":0,"hold_signals":411,"risk_blocked_signals":0,"sell_signals":3,"stop_loss_exits":8,"take_profit_exits":3},"starting_equity":500,"total_return":0.06584117025460445,"trade_analysis":{"average_loss":-5.465279403690506,"average_trade_duration_days":16.002777777777776,"average_win":17.51467583284148,"expectancy":2.194705675153488,"largest_loss":-8.554029165956385,"largest_win":29.63008489245384,"max_trade_duration_days":49.0,"median_trade_duration_days":9.0,"profit_factor":1.602358684627766,"time_in_market_percent":0.3762162868151244,"total_trades":15,"win_rate":0.3333333333333333}}