{"capital_utilization":{"average_cash_percent":0.7531567224783516,"average_exposure_percent":0.2468432775216484,"average_leverage":0.2468432775216484,"average_position_value":204.4689390331504,"max_exposure_percent":0.4050260010598911},"closed_trades":15,"equity_curve":[],"final_equity":534.390448511234,"max_drawdown":0.029528873865065162,"open_trades":0,"profit_factor":2.226650605259037,"sharpe":0.924009393749958,"signal_diagnostics":{"buy_signals":15,"duplicate_buy_skips":0,"flat_sell_skips":0,"hold_signals":523,"risk_blocked_signals":0,"sell_signals":0,"stop_loss_exits":15,"take_profit_exits":0},"starting_equity":500,"total_return":0.06878089702246792,"trade_analysis":{"average_loss":-4.005151258905626,"average_trade_duration_days":32.263888888888886,"average_win":7.803313415446682,"expectancy":2.2926965674156037,"largest_loss":-6.074207550967966,"largest_win":24.658339126957916,"max_trade_duration_days":98.0,"median_trade_duration_days":27.0,"profit_factor":2.226650605259037,"time_in_market_percent":0.601907032181168,"total_trades":15,"win_rate":0.5333333333333333}}