{"capital_utilization":{"average_cash_percent":0.9151260004443471,"average_exposure_percent":0.08487399955565285,"average_leverage":0.08487399955565285,"average_position_value":204.9501166122263,"max_exposure_percent":0.40790863346037903},"closed_trades":13,"equity_curve":[],"final_equity":530.9293011635174,"max_drawdown":0.0342232468748098,"open_trades":0,"profit_factor":1.6084592477271424,"sharpe":0.6779844255138439,"signal_diagnostics":{"buy_signals":13,"duplicate_buy_skips":0,"flat_sell_skips":0,"hold_signals":414,"risk_blocked_signals":0,"sell_signals":5,"stop_loss_exits":7,"take_profit_exits":1},"starting_equity":500,"total_return":0.06185860232703466,"trade_analysis":{"average_loss":-7.261737924590834,"average_trade_duration_days":9.46474358974359,"average_win":13.626911105942206,"expectancy":2.3791770125782614,"largest_loss":-9.90257515763373,"largest_win":17.30564106215986,"max_trade_duration_days":20.0,"median_trade_duration_days":8.0,"profit_factor":1.6084592477271424,"time_in_market_percent":0.19284268268791224,"total_trades":13,"win_rate":0.46153846153846156}}