{"capital_utilization":{"average_cash_percent":0.8204176607760261,"average_exposure_percent":0.17958233922397396,"average_leverage":0.17958233922397396,"average_position_value":204.56125004954342,"max_exposure_percent":0.4149056411278317},"closed_trades":24,"equity_curve":[],"final_equity":516.3085526236341,"max_drawdown":0.22951260515396577,"open_trades":0,"profit_factor":1.075974227427201,"sharpe":0.1746685778314939,"signal_diagnostics":{"buy_signals":24,"duplicate_buy_skips":0,"flat_sell_skips":0,"hold_signals":505,"risk_blocked_signals":0,"sell_signals":1,"stop_loss_exits":18,"take_profit_exits":4},"starting_equity":500,"total_return":0.03261710524726813,"trade_analysis":{"average_loss":-13.416188271921744,"average_trade_duration_days":13.545138888888891,"average_win":28.87094562179775,"expectancy":0.6795230259847532,"largest_loss":-18.768988402968862,"largest_win":71.89088106387928,"max_trade_duration_days":33.0,"median_trade_duration_days":9.0,"profit_factor":1.075974227427201,"time_in_market_percent":0.4043115510182931,"total_trades":24,"win_rate":0.3333333333333333}}