{"capital_utilization":{"average_cash_percent":0.8069601413487206,"average_exposure_percent":0.1930398586512794,"average_leverage":0.1930398586512794,"average_position_value":200.30343914165525,"max_exposure_percent":0.40591427734304214},"closed_trades":37,"equity_curve":[],"final_equity":502.9634750015468,"max_drawdown":0.07489671770187722,"open_trades":0,"profit_factor":1.0305383100953445,"sharpe":0.07623043464172446,"signal_diagnostics":{"buy_signals":37,"duplicate_buy_skips":0,"flat_sell_skips":0,"hold_signals":479,"risk_blocked_signals":0,"sell_signals":5,"stop_loss_exits":29,"take_profit_exits":2},"starting_equity":500,"total_return":0.005926950003093623,"trade_analysis":{"average_loss":-4.219183667839189,"average_trade_duration_days":9.027027027027026,"average_win":7.1431928115605805,"expectancy":0.08009391896072386,"largest_loss":-7.0929944211434295,"largest_win":14.03206596407502,"max_trade_duration_days":21.0,"median_trade_duration_days":8.0,"profit_factor":1.0305383100953445,"time_in_market_percent":0.41540135772399855,"total_trades":37,"win_rate":0.3783783783783784}}