{"capital_utilization":{"average_cash_percent":0.8821733796143079,"average_exposure_percent":0.11782662038569211,"average_leverage":0.11782662038569211,"average_position_value":197.50273023690423,"max_exposure_percent":0.4059440121074402},"closed_trades":27,"equity_curve":[],"final_equity":478.5441084092342,"max_drawdown":0.05488988441863203,"open_trades":0,"profit_factor":0.7077086238816738,"sharpe":-0.44666822904973125,"signal_diagnostics":{"buy_signals":27,"duplicate_buy_skips":0,"flat_sell_skips":0,"hold_signals":498,"risk_blocked_signals":0,"sell_signals":2,"stop_loss_exits":19,"take_profit_exits":6},"starting_equity":500,"total_return":-0.04291178318153166,"trade_analysis":{"average_loss":-4.07810176644494,"average_trade_duration_days":7.146604938271604,"average_win":5.772215578360342,"expectancy":-0.7946626515098454,"largest_loss":-7.033809372490327,"largest_win":11.091670810904748,"max_trade_duration_days":21.0,"median_trade_duration_days":6.0,"profit_factor":0.7077086238816738,"time_in_market_percent":0.23998548997253458,"total_trades":27,"win_rate":0.3333333333333333}}