{"capital_utilization":{"average_cash_percent":0.7050865266426727,"average_exposure_percent":0.29491347335732726,"average_leverage":0.29491347335732726,"average_position_value":205.977482529807,"max_exposure_percent":0.4034577002174848},"closed_trades":38,"equity_curve":[],"final_equity":525.4609945819659,"max_drawdown":0.026693306273277973,"open_trades":0,"profit_factor":1.5930156544058498,"sharpe":0.6935850574023829,"signal_diagnostics":{"buy_signals":38,"duplicate_buy_skips":0,"flat_sell_skips":0,"hold_signals":477,"risk_blocked_signals":0,"sell_signals":0,"stop_loss_exits":36,"take_profit_exits":1},"starting_equity":500,"total_return":0.05092198916393187,"trade_analysis":{"average_loss":-2.2597250788630077,"average_trade_duration_days":14.263157894736842,"average_win":3.599777425282265,"expectancy":0.6700261732096285,"largest_loss":-4.308514042563058,"largest_win":9.877855714753757,"max_trade_duration_days":50.0,"median_trade_duration_days":12.0,"profit_factor":1.5930156544058498,"time_in_market_percent":0.6740944188215785,"total_trades":38,"win_rate":0.5}}