{"capital_utilization":{"average_cash_percent":0.819103611893971,"average_exposure_percent":0.18089638810602907,"average_leverage":0.18089638810602907,"average_position_value":210.23654393576933,"max_exposure_percent":0.41489808112748144},"closed_trades":33,"equity_curve":[],"final_equity":506.9265223465057,"max_drawdown":0.23103066477404136,"open_trades":0,"profit_factor":1.0254362286256824,"sharpe":0.11501255937839117,"signal_diagnostics":{"buy_signals":33,"duplicate_buy_skips":0,"flat_sell_skips":0,"hold_signals":487,"risk_blocked_signals":0,"sell_signals":8,"stop_loss_exits":19,"take_profit_exits":5},"starting_equity":500,"total_return":0.013853044693011407,"trade_analysis":{"average_loss":-10.892373155527007,"average_trade_duration_days":9.729797979797981,"average_win":34.904481404335115,"expectancy":0.20989461656077896,"largest_loss":-19.610020297023862,"largest_win":75.08293106771718,"max_trade_duration_days":29.0,"median_trade_duration_days":7.0,"profit_factor":1.0254362286256824,"time_in_market_percent":0.3993366844587242,"total_trades":33,"win_rate":0.24242424242424243}}