{"capital_utilization":{"average_cash_percent":0.7638362973236201,"average_exposure_percent":0.2361637026763799,"average_leverage":0.2361637026763799,"average_position_value":210.37328473951555,"max_exposure_percent":0.40522163707372494},"closed_trades":37,"equity_curve":[],"final_equity":521.3880129404508,"max_drawdown":0.039555836455796356,"open_trades":0,"profit_factor":1.3509084772506932,"sharpe":0.460014687521769,"signal_diagnostics":{"buy_signals":37,"duplicate_buy_skips":0,"flat_sell_skips":0,"hold_signals":479,"risk_blocked_signals":0,"sell_signals":5,"stop_loss_exits":29,"take_profit_exits":3},"starting_equity":500,"total_return":0.04277602588090157,"trade_analysis":{"average_loss":-2.6500175014073997,"average_trade_duration_days":11.782657657657658,"average_win":5.881315390915787,"expectancy":0.578054403795968,"largest_loss":-6.611194733793358,"largest_win":14.305434664427551,"max_trade_duration_days":31.0,"median_trade_duration_days":9.0,"profit_factor":1.3509084772506932,"time_in_market_percent":0.542208633466342,"total_trades":37,"win_rate":0.3783783783783784}}