{"capital_utilization":{"average_cash_percent":0.9726196157498821,"average_exposure_percent":0.02738038425011792,"average_leverage":0.02738038425011792,"average_position_value":203.4720470523414,"max_exposure_percent":0.4053002825276057},"closed_trades":5,"equity_curve":[],"final_equity":506.1878758337646,"max_drawdown":0.026410515877794572,"open_trades":0,"profit_factor":1.5491176361281003,"sharpe":0.2494866792611419,"signal_diagnostics":{"buy_signals":5,"duplicate_buy_skips":0,"flat_sell_skips":0,"hold_signals":543,"risk_blocked_signals":0,"sell_signals":0,"stop_loss_exits":4,"take_profit_exits":1},"starting_equity":500,"total_return":0.012375751667529133,"trade_analysis":{"average_loss":-3.756253928512253,"average_trade_duration_days":9.608333333333333,"average_win":8.728318809650688,"expectancy":1.2375751667529233,"largest_loss":-6.582725968216511,"largest_win":14.785104348332352,"max_trade_duration_days":13.0,"median_trade_duration_days":11.0,"profit_factor":1.5491176361281003,"time_in_market_percent":0.059750220241488315,"total_trades":5,"win_rate":0.4}}