{"capital_utilization":{"average_cash_percent":0.9418093858665668,"average_exposure_percent":0.05819061413343319,"average_leverage":0.05819061413343319,"average_position_value":207.68756469315224,"max_exposure_percent":0.4079080213503011},"closed_trades":9,"equity_curve":[],"final_equity":538.8709629181353,"max_drawdown":0.05243720979132186,"open_trades":0,"profit_factor":2.5594708154458177,"sharpe":0.8603105899262297,"signal_diagnostics":{"buy_signals":9,"duplicate_buy_skips":0,"flat_sell_skips":0,"hold_signals":534,"risk_blocked_signals":0,"sell_signals":3,"stop_loss_exits":4,"take_profit_exits":2},"starting_equity":500,"total_return":0.0777419258362706,"trade_analysis":{"average_loss":-6.231434813197032,"average_trade_duration_days":11.773148148148149,"average_win":12.75934043418469,"expectancy":4.318995879792815,"largest_loss":-9.953654091996706,"largest_win":21.998315032882758,"max_trade_duration_days":19.0,"median_trade_duration_days":14.0,"profit_factor":2.5594708154458177,"time_in_market_percent":0.13178214230191224,"total_trades":9,"win_rate":0.5555555555555556}}