{"capital_utilization":{"average_cash_percent":0.8559660890053684,"average_exposure_percent":0.14403391099463164,"average_leverage":0.14403391099463164,"average_position_value":214.2609594071876,"max_exposure_percent":0.4080292913921732},"closed_trades":26,"equity_curve":[],"final_equity":602.4559102180785,"max_drawdown":0.03489173803840415,"open_trades":0,"profit_factor":3.350711730260983,"sharpe":1.8221101219424662,"signal_diagnostics":{"buy_signals":26,"duplicate_buy_skips":0,"flat_sell_skips":0,"hold_signals":501,"risk_blocked_signals":0,"sell_signals":12,"stop_loss_exits":12,"take_profit_exits":2},"starting_equity":500,"total_return":0.20491182043615708,"trade_analysis":{"average_loss":-4.358505932443854,"average_trade_duration_days":9.693910256410255,"average_win":9.127560596407315,"expectancy":3.9406119314645585,"largest_loss":-9.88637261488574,"largest_win":22.81780238359815,"max_trade_duration_days":21.0,"median_trade_duration_days":7.5,"profit_factor":3.350711730260983,"time_in_market_percent":0.3134684147794994,"total_trades":26,"win_rate":0.6153846153846154}}