{"capital_utilization":{"average_cash_percent":0.9320681179808751,"average_exposure_percent":0.06793188201912496,"average_leverage":0.06793188201912496,"average_position_value":200.7629027449704,"max_exposure_percent":0.40603837393890985},"closed_trades":16,"equity_curve":[],"final_equity":494.0939231408907,"max_drawdown":0.04377493945901282,"open_trades":0,"profit_factor":0.88310322252616,"sharpe":-0.1354406529201272,"signal_diagnostics":{"buy_signals":16,"duplicate_buy_skips":0,"flat_sell_skips":0,"hold_signals":520,"risk_blocked_signals":0,"sell_signals":3,"stop_loss_exits":10,"take_profit_exits":3},"starting_equity":500,"total_return":-0.011812153718218643,"trade_analysis":{"average_loss":-5.61376264003612,"average_trade_duration_days":7.125,"average_win":6.373969557316536,"expectancy":-0.36912980369433246,"largest_loss":-7.43819131423517,"largest_win":11.29912541279003,"max_trade_duration_days":17.0,"median_trade_duration_days":6.5,"profit_factor":0.88310322252616,"time_in_market_percent":0.1417836969477121,"total_trades":16,"win_rate":0.4375}}