{"capital_utilization":{"average_cash_percent":0.8597261067518329,"average_exposure_percent":0.1402738932481671,"average_leverage":0.1402738932481671,"average_position_value":207.82347261802622,"max_exposure_percent":0.40928370367200206},"closed_trades":32,"equity_curve":[],"final_equity":540.264798448593,"max_drawdown":0.05384080089137335,"open_trades":0,"profit_factor":1.3846500414617136,"sharpe":0.6072557600714772,"signal_diagnostics":{"buy_signals":32,"duplicate_buy_skips":0,"flat_sell_skips":0,"hold_signals":489,"risk_blocked_signals":0,"sell_signals":6,"stop_loss_exits":22,"take_profit_exits":3},"starting_equity":500,"total_return":0.08052959689718597,"trade_analysis":{"average_loss":-6.157590798116004,"average_trade_duration_days":7.4375,"average_win":9.662922801104337,"expectancy":1.2582749515185296,"largest_loss":-11.786450788490601,"largest_win":20.12145627348307,"max_trade_duration_days":20.041666666666668,"median_trade_duration_days":5.0,"profit_factor":1.3846500414617136,"time_in_market_percent":0.2960045602943463,"total_trades":32,"win_rate":0.46875}}