{"capital_utilization":{"average_cash_percent":0.8610339726403893,"average_exposure_percent":0.1389660273596107,"average_leverage":0.1389660273596107,"average_position_value":200.36292612151485,"max_exposure_percent":0.4070218982003456},"closed_trades":10,"equity_curve":[],"final_equity":520.1358981406507,"max_drawdown":0.04676563954363706,"open_trades":0,"profit_factor":1.6382519365770047,"sharpe":0.45178027302003876,"signal_diagnostics":{"buy_signals":10,"duplicate_buy_skips":0,"flat_sell_skips":0,"hold_signals":421,"risk_blocked_signals":0,"sell_signals":0,"stop_loss_exits":9,"take_profit_exits":0},"starting_equity":500,"total_return":0.04027179628130151,"trade_analysis":{"average_loss":-5.2580851402350595,"average_trade_duration_days":21.204166666666666,"average_win":12.921102245515286,"expectancy":2.0135898140650785,"largest_loss":-8.414118205454132,"largest_win":23.43049242380354,"max_trade_duration_days":61.0,"median_trade_duration_days":13.5,"profit_factor":1.6382519365770047,"time_in_market_percent":0.33233200548553515,"total_trades":10,"win_rate":0.4}}