{"capital_utilization":{"average_cash_percent":0.8599437185622174,"average_exposure_percent":0.14005628143778265,"average_leverage":0.14005628143778265,"average_position_value":190.28758388276484,"max_exposure_percent":0.42178220645280134},"closed_trades":34,"equity_curve":[],"final_equity":532.2435142886499,"max_drawdown":0.17541974981768677,"open_trades":0,"profit_factor":1.1322766794141952,"sharpe":0.28505158691785715,"signal_diagnostics":{"buy_signals":34,"duplicate_buy_skips":0,"flat_sell_skips":0,"hold_signals":485,"risk_blocked_signals":0,"sell_signals":6,"stop_loss_exits":17,"take_profit_exits":11},"starting_equity":500,"total_return":0.06448702857729982,"trade_analysis":{"average_loss":-14.338712760985059,"average_trade_duration_days":6.879901960784314,"average_win":16.235390072082108,"expectancy":0.9483386555485241,"largest_loss":-23.568935236539083,"largest_win":28.12774290620302,"max_trade_duration_days":20.0,"median_trade_duration_days":6.0,"profit_factor":1.1322766794141952,"time_in_market_percent":0.29092605068145305,"total_trades":34,"win_rate":0.5}}