{"capital_utilization":{"average_cash_percent":0.8944846710977997,"average_exposure_percent":0.10551532890220029,"average_leverage":0.10551532890220029,"average_position_value":210.15762263542263,"max_exposure_percent":0.40613632412785433},"closed_trades":31,"equity_curve":[],"final_equity":553.1606299040191,"max_drawdown":0.05819723033779054,"open_trades":0,"profit_factor":1.7490186961809386,"sharpe":0.9590590172305233,"signal_diagnostics":{"buy_signals":31,"duplicate_buy_skips":0,"flat_sell_skips":0,"hold_signals":490,"risk_blocked_signals":0,"sell_signals":3,"stop_loss_exits":13,"take_profit_exits":15},"starting_equity":500,"total_return":0.10632125980803808,"trade_analysis":{"average_loss":-5.45951555580162,"average_trade_duration_days":5.323924731182796,"average_win":6.896351784968896,"expectancy":1.7148590291619061,"largest_loss":-7.763122646957478,"largest_win":13.968489154916249,"max_trade_duration_days":22.0,"median_trade_duration_days":4.0,"profit_factor":1.7490186961809386,"time_in_market_percent":0.20526506710887707,"total_trades":31,"win_rate":0.5806451612903226}}