{"capital_utilization":{"average_cash_percent":0.8658432784725065,"average_exposure_percent":0.13415672152749347,"average_leverage":0.13415672152749347,"average_position_value":215.23094682442056,"max_exposure_percent":0.4091635153573399},"closed_trades":35,"equity_curve":[],"final_equity":557.2872132491734,"max_drawdown":0.05686980390592111,"open_trades":0,"profit_factor":1.7716469060383442,"sharpe":0.9071666144030802,"signal_diagnostics":{"buy_signals":35,"duplicate_buy_skips":0,"flat_sell_skips":0,"hold_signals":484,"risk_blocked_signals":0,"sell_signals":22,"stop_loss_exits":12,"take_profit_exits":0},"starting_equity":500,"total_return":0.11457442649834682,"trade_analysis":{"average_loss":-5.302870745015403,"average_trade_duration_days":6.059523809523809,"average_win":6.263209699018525,"expectancy":1.6367775214049536,"largest_loss":-11.60974197947123,"largest_win":20.756730226833106,"max_trade_duration_days":15.0,"median_trade_duration_days":5.0,"profit_factor":1.7716469060383442,"time_in_market_percent":0.26377157071047314,"total_trades":35,"win_rate":0.6}}