{"capital_utilization":{"average_cash_percent":0.8263486417803068,"average_exposure_percent":0.17365135821969327,"average_leverage":0.17365135821969327,"average_position_value":204.62256666829137,"max_exposure_percent":0.4112321729108678},"closed_trades":36,"equity_curve":[],"final_equity":522.2777280088503,"max_drawdown":0.07754417012585114,"open_trades":0,"profit_factor":1.1830873135810824,"sharpe":0.3375952312655235,"signal_diagnostics":{"buy_signals":36,"duplicate_buy_skips":0,"flat_sell_skips":0,"hold_signals":481,"risk_blocked_signals":0,"sell_signals":8,"stop_loss_exits":24,"take_profit_exits":3},"starting_equity":500,"total_return":0.04455545601770061,"trade_analysis":{"average_loss":-6.083908156472122,"average_trade_duration_days":8.277777777777779,"average_win":8.997243196143296,"expectancy":0.6188257780236192,"largest_loss":-13.907812789719486,"largest_win":18.703398559231506,"max_trade_duration_days":20.041666666666668,"median_trade_duration_days":7.0,"profit_factor":1.1830873135810824,"time_in_market_percent":0.37062755868787894,"total_trades":36,"win_rate":0.4444444444444444}}