{"capital_utilization":{"average_cash_percent":0.9371570844532193,"average_exposure_percent":0.06284291554678072,"average_leverage":0.06284291554678072,"average_position_value":207.45932791682395,"max_exposure_percent":0.4059717325890195},"closed_trades":16,"equity_curve":[],"final_equity":521.2795839150964,"max_drawdown":0.034764348198411454,"open_trades":0,"profit_factor":1.79751323633979,"sharpe":0.6889050275597165,"signal_diagnostics":{"buy_signals":16,"duplicate_buy_skips":0,"flat_sell_skips":0,"hold_signals":520,"risk_blocked_signals":0,"sell_signals":4,"stop_loss_exits":11,"take_profit_exits":1},"starting_equity":500,"total_return":0.04255916783019287,"trade_analysis":{"average_loss":-2.668242098746811,"average_trade_duration_days":5.940104166666666,"average_win":7.993667483760756,"expectancy":1.3299739946935265,"largest_loss":-7.528583008701066,"largest_win":14.367306548366956,"max_trade_duration_days":18.0,"median_trade_duration_days":4.5,"profit_factor":1.79751323633979,"time_in_market_percent":0.11820490231642224,"total_trades":16,"win_rate":0.375}}