{"capital_utilization":{"average_cash_percent":0.7969162729146133,"average_exposure_percent":0.20308372708538666,"average_leverage":0.20308372708538666,"average_position_value":213.23214985428913,"max_exposure_percent":0.40634477531669977},"closed_trades":24,"equity_curve":[],"final_equity":535.4950371153891,"max_drawdown":0.058225975389148935,"open_trades":0,"profit_factor":1.5867385005647108,"sharpe":0.5609644916686501,"signal_diagnostics":{"buy_signals":24,"duplicate_buy_skips":0,"flat_sell_skips":0,"hold_signals":505,"risk_blocked_signals":0,"sell_signals":6,"stop_loss_exits":15,"take_profit_exits":3},"starting_equity":500,"total_return":0.0709900742307783,"trade_analysis":{"average_loss":-4.033033123640449,"average_trade_duration_days":16.043402777777775,"average_win":10.665614885555094,"expectancy":1.4789598798078802,"largest_loss":-8.053249169180447,"largest_win":30.021649650981125,"max_trade_duration_days":49.0,"median_trade_duration_days":13.5,"profit_factor":1.5867385005647108,"time_in_market_percent":0.47888272788516345,"total_trades":24,"win_rate":0.375}}