{"capital_utilization":{"average_cash_percent":0.8429926206343273,"average_exposure_percent":0.15700737936567266,"average_leverage":0.15700737936567266,"average_position_value":197.48769456548578,"max_exposure_percent":0.4070218982003456},"closed_trades":20,"equity_curve":[],"final_equity":506.379580406654,"max_drawdown":0.05833606639120379,"open_trades":0,"profit_factor":1.118234047215043,"sharpe":0.16220069046199406,"signal_diagnostics":{"buy_signals":20,"duplicate_buy_skips":0,"flat_sell_skips":0,"hold_signals":401,"risk_blocked_signals":0,"sell_signals":2,"stop_loss_exits":17,"take_profit_exits":0},"starting_equity":500,"total_return":0.012759160813307968,"trade_analysis":{"average_loss":-4.905201748659874,"average_trade_duration_days":11.052083333333332,"average_win":6.7040888491014,"expectancy":0.31897902033269987,"largest_loss":-8.414118205454132,"largest_win":24.724108846218577,"max_trade_duration_days":35.041666666666664,"median_trade_duration_days":6.5,"profit_factor":1.118234047215043,"time_in_market_percent":0.3464376673414746,"total_trades":20,"win_rate":0.45}}