{"capital_utilization":{"average_cash_percent":0.8273936379564817,"average_exposure_percent":0.17260636204351834,"average_leverage":0.17260636204351834,"average_position_value":175.30774278614993,"max_exposure_percent":0.4217964382698154},"closed_trades":43,"equity_curve":[],"final_equity":476.3983391984364,"max_drawdown":0.22930037864609704,"open_trades":0,"profit_factor":0.9142403200505262,"sharpe":-0.09595758456895494,"signal_diagnostics":{"buy_signals":43,"duplicate_buy_skips":0,"flat_sell_skips":0,"hold_signals":467,"risk_blocked_signals":0,"sell_signals":11,"stop_loss_exits":22,"take_profit_exits":10},"starting_equity":500,"total_return":-0.047203321603127124,"trade_analysis":{"average_loss":-12.509407268537982,"average_trade_duration_days":6.558139534883721,"average_win":11.981204719346284,"expectancy":-0.5488758325945016,"largest_loss":-22.55052449706515,"largest_win":27.783185805711767,"max_trade_duration_days":15.0,"median_trade_duration_days":6.0,"profit_factor":0.9142403200505262,"time_in_market_percent":0.35072809244960357,"total_trades":43,"win_rate":0.4883720930232558}}