{"capital_utilization":{"average_cash_percent":0.8603664451219614,"average_exposure_percent":0.13963355487803866,"average_leverage":0.13963355487803866,"average_position_value":203.05499129834493,"max_exposure_percent":0.4232816353623318},"closed_trades":17,"equity_curve":[],"final_equity":645.6875851588766,"max_drawdown":0.1449264559447163,"open_trades":0,"profit_factor":2.2726612559420154,"sharpe":0.911964895057636,"signal_diagnostics":{"buy_signals":17,"duplicate_buy_skips":0,"flat_sell_skips":0,"hold_signals":519,"risk_blocked_signals":0,"sell_signals":8,"stop_loss_exits":6,"take_profit_exits":3},"starting_equity":500,"total_return":0.2913751703177532,"trade_analysis":{"average_loss":-19.079125792332906,"average_trade_duration_days":15.235294117647058,"average_win":23.651121810261273,"expectancy":8.56985795052215,"largest_loss":-25.54541665848918,"largest_win":46.49077601835381,"max_trade_duration_days":27.958333333333332,"median_trade_duration_days":14.0,"profit_factor":2.2726612559420154,"time_in_market_percent":0.32212260973208273,"total_trades":17,"win_rate":0.6470588235294118}}