{"capital_utilization":{"average_cash_percent":0.7999341672473375,"average_exposure_percent":0.20006583275266254,"average_leverage":0.20006583275266254,"average_position_value":207.63654203712875,"max_exposure_percent":0.4058107085809148},"closed_trades":28,"equity_curve":[],"final_equity":550.2383708885693,"max_drawdown":0.03781231892064352,"open_trades":0,"profit_factor":1.8639949830901479,"sharpe":0.8391355432782733,"signal_diagnostics":{"buy_signals":28,"duplicate_buy_skips":0,"flat_sell_skips":0,"hold_signals":496,"risk_blocked_signals":0,"sell_signals":3,"stop_loss_exits":25,"take_profit_exits":0},"starting_equity":500,"total_return":0.10047674177713861,"trade_analysis":{"average_loss":-3.8764400158040844,"average_trade_duration_days":13.108630952380953,"average_win":8.337305471202354,"expectancy":1.7942275317346195,"largest_loss":-7.460574408382049,"largest_win":22.00334092755828,"max_trade_duration_days":30.0,"median_trade_duration_days":9.0,"profit_factor":1.8639949830901479,"time_in_market_percent":0.45649582836710373,"total_trades":28,"win_rate":0.4642857142857143}}