{"capital_utilization":{"average_cash_percent":0.8063821485760734,"average_exposure_percent":0.1936178514239266,"average_leverage":0.1936178514239266,"average_position_value":209.01571449834833,"max_exposure_percent":0.40579135845910014},"closed_trades":26,"equity_curve":[],"final_equity":554.7879794250272,"max_drawdown":0.037821075843485805,"open_trades":0,"profit_factor":2.032213742488352,"sharpe":0.9153505109438458,"signal_diagnostics":{"buy_signals":26,"duplicate_buy_skips":0,"flat_sell_skips":0,"hold_signals":500,"risk_blocked_signals":0,"sell_signals":3,"stop_loss_exits":23,"take_profit_exits":0},"starting_equity":500,"total_return":0.10957595885005444,"trade_analysis":{"average_loss":-4.0829333909191545,"average_trade_duration_days":13.770833333333334,"average_win":8.297393346690473,"expectancy":2.1072299778856602,"largest_loss":-7.511603676545531,"largest_win":22.18084914986946,"max_trade_duration_days":30.0,"median_trade_duration_days":10.5,"profit_factor":2.032213742488352,"time_in_market_percent":0.4453023786080738,"total_trades":26,"win_rate":0.5}}