{"capital_utilization":{"average_cash_percent":0.9077507993906806,"average_exposure_percent":0.09224920060931935,"average_leverage":0.09224920060931935,"average_position_value":204.15723190031804,"max_exposure_percent":0.40469785218642884},"closed_trades":21,"equity_curve":[],"final_equity":531.0676205641071,"max_drawdown":0.017813656152168008,"open_trades":0,"profit_factor":1.991244813976989,"sharpe":1.0281186200388772,"signal_diagnostics":{"buy_signals":21,"duplicate_buy_skips":0,"flat_sell_skips":0,"hold_signals":512,"risk_blocked_signals":0,"sell_signals":0,"stop_loss_exits":8,"take_profit_exits":12},"starting_equity":500,"total_return":0.062135241128214114,"trade_analysis":{"average_loss":-3.4824473145102135,"average_trade_duration_days":7.619047619047619,"average_win":5.200803866224916,"expectancy":1.4794105030527178,"largest_loss":-5.6737082859226895,"largest_win":7.971577025821017,"max_trade_duration_days":22.0,"median_trade_duration_days":6.0,"profit_factor":1.991244813976989,"time_in_market_percent":0.19899466238275382,"total_trades":21,"win_rate":0.5714285714285714}}