{"capital_utilization":{"average_cash_percent":0.8580286417759435,"average_exposure_percent":0.14197135822405654,"average_leverage":0.14197135822405654,"average_position_value":206.99920763185247,"max_exposure_percent":0.4056225808061604},"closed_trades":10,"equity_curve":[],"final_equity":540.6699413356552,"max_drawdown":0.03596276308232203,"open_trades":0,"profit_factor":3.108895113578505,"sharpe":1.220373691835986,"signal_diagnostics":{"buy_signals":10,"duplicate_buy_skips":0,"flat_sell_skips":0,"hold_signals":421,"risk_blocked_signals":0,"sell_signals":3,"stop_loss_exits":4,"take_profit_exits":2},"starting_equity":500,"total_return":0.08133988267131032,"trade_analysis":{"average_loss":-4.821238035238734,"average_trade_duration_days":20.7,"average_win":9.992482246101687,"expectancy":4.066994133565519,"largest_loss":-6.8006614957891385,"largest_win":20.232679535423962,"max_trade_duration_days":38.0,"median_trade_duration_days":21.5,"profit_factor":3.108895113578505,"time_in_market_percent":0.32443022268660615,"total_trades":10,"win_rate":0.6}}