{"capital_utilization":{"average_cash_percent":0.7667474830929133,"average_exposure_percent":0.2332525169070867,"average_leverage":0.2332525169070867,"average_position_value":207.09124730134604,"max_exposure_percent":0.40392373800061343},"closed_trades":40,"equity_curve":[],"final_equity":511.4052810346047,"max_drawdown":0.03984974520791697,"open_trades":0,"profit_factor":1.1609150235798924,"sharpe":0.2629848283987986,"signal_diagnostics":{"buy_signals":40,"duplicate_buy_skips":0,"flat_sell_skips":0,"hold_signals":473,"risk_blocked_signals":0,"sell_signals":5,"stop_loss_exits":32,"take_profit_exits":3},"starting_equity":500,"total_return":0.022810562069209395,"trade_analysis":{"average_loss":-2.8351065751028783,"average_trade_duration_days":10.623958333333334,"average_win":5.48552969414511,"expectancy":0.28513202586511677,"largest_loss":-4.858769703888737,"largest_win":14.188083529306939,"max_trade_duration_days":31.0,"median_trade_duration_days":9.0,"profit_factor":1.1609150235798924,"time_in_market_percent":0.5285277504275276,"total_trades":40,"win_rate":0.375}}