{"capital_utilization":{"average_cash_percent":0.7513113653192489,"average_exposure_percent":0.24868863468075114,"average_leverage":0.24868863468075114,"average_position_value":167.8247741273876,"max_exposure_percent":0.42179643826981544},"closed_trades":31,"equity_curve":[],"final_equity":354.75862832376237,"max_drawdown":0.3008087009266141,"open_trades":0,"profit_factor":0.44815957206189627,"sharpe":-1.3878230452916172,"signal_diagnostics":{"buy_signals":31,"duplicate_buy_skips":0,"flat_sell_skips":0,"hold_signals":315,"risk_blocked_signals":0,"sell_signals":2,"stop_loss_exits":28,"take_profit_exits":1},"starting_equity":500,"total_return":-0.29048274335247526,"trade_analysis":{"average_loss":-11.963386871464525,"average_trade_duration_days":9.741935483870966,"average_win":13.105904388442433,"expectancy":-4.685205537943149,"largest_loss":-21.56129814286285,"largest_win":42.304351986353616,"max_trade_duration_days":27.0,"median_trade_duration_days":7.0,"profit_factor":0.44815957206189627,"time_in_market_percent":0.5510948905109488,"total_trades":31,"win_rate":0.2903225806451613}}