{"capital_utilization":{"average_cash_percent":0.8649980490870676,"average_exposure_percent":0.13500195091293246,"average_leverage":0.13500195091293246,"average_position_value":199.16538464936238,"max_exposure_percent":0.40594401210744013},"closed_trades":27,"equity_curve":[],"final_equity":489.9161196247837,"max_drawdown":0.053028033992865,"open_trades":0,"profit_factor":0.8634112452478231,"sharpe":-0.1784643001130245,"signal_diagnostics":{"buy_signals":27,"duplicate_buy_skips":0,"flat_sell_skips":0,"hold_signals":498,"risk_blocked_signals":0,"sell_signals":6,"stop_loss_exits":21,"take_profit_exits":0},"starting_equity":500,"total_return":-0.020167760750432695,"trade_analysis":{"average_loss":-4.3427398903554435,"average_trade_duration_days":8.628086419753087,"average_win":6.37426977608262,"expectancy":-0.3734770509339381,"largest_loss":-7.0421042123314335,"largest_win":13.842668930404727,"max_trade_duration_days":21.0,"median_trade_duration_days":7.0,"profit_factor":0.8634112452478231,"time_in_market_percent":0.2897341555682231,"total_trades":27,"win_rate":0.37037037037037035}}