{"capital_utilization":{"average_cash_percent":0.7319280775276935,"average_exposure_percent":0.26807192247230643,"average_leverage":0.26807192247230643,"average_position_value":219.25858785135094,"max_exposure_percent":0.40546537327489507},"closed_trades":22,"equity_curve":[],"final_equity":589.2237476945414,"max_drawdown":0.03917405884640284,"open_trades":0,"profit_factor":5.214969198713139,"sharpe":1.422091137496614,"signal_diagnostics":{"buy_signals":22,"duplicate_buy_skips":0,"flat_sell_skips":0,"hold_signals":510,"risk_blocked_signals":0,"sell_signals":9,"stop_loss_exits":12,"take_profit_exits":0},"starting_equity":500,"total_return":0.1784474953890829,"trade_analysis":{"average_loss":-3.0240433724973133,"average_trade_duration_days":23.407196969696965,"average_win":7.35947008680151,"expectancy":4.055624895206431,"largest_loss":-7.124949702832564,"largest_win":28.988300263691396,"max_trade_duration_days":71.0,"median_trade_duration_days":20.0,"profit_factor":5.214969198713139,"time_in_market_percent":0.6404622480178266,"total_trades":22,"win_rate":0.6818181818181818}}