{"capital_utilization":{"average_cash_percent":0.905575866731321,"average_exposure_percent":0.09442413326867904,"average_leverage":0.09442413326867904,"average_position_value":200.1782330565487,"max_exposure_percent":0.40603837393890985},"closed_trades":16,"equity_curve":[],"final_equity":493.5288798114487,"max_drawdown":0.058214163504209916,"open_trades":0,"profit_factor":0.8954349613424188,"sharpe":-0.09367247066755548,"signal_diagnostics":{"buy_signals":16,"duplicate_buy_skips":0,"flat_sell_skips":0,"hold_signals":520,"risk_blocked_signals":0,"sell_signals":5,"stop_loss_exits":11,"take_profit_exits":0},"starting_equity":500,"total_return":-0.012942240377102676,"trade_analysis":{"average_loss":-5.62600713447939,"average_trade_duration_days":10.625,"average_win":11.082991658144396,"expectancy":-0.4044450117844572,"largest_loss":-7.2426504650247185,"largest_win":17.43137993301482,"max_trade_duration_days":29.0,"median_trade_duration_days":10.5,"profit_factor":0.8954349613424188,"time_in_market_percent":0.2114318287816759,"total_trades":16,"win_rate":0.3125}}