{"capital_utilization":{"average_cash_percent":0.8946183466329174,"average_exposure_percent":0.1053816533670826,"average_leverage":0.1053816533670826,"average_position_value":184.4214755919096,"max_exposure_percent":0.42328163536233165},"closed_trades":21,"equity_curve":[],"final_equity":537.770757782536,"max_drawdown":0.17928147739732367,"open_trades":0,"profit_factor":1.276261622680744,"sharpe":0.3300385310241191,"signal_diagnostics":{"buy_signals":21,"duplicate_buy_skips":0,"flat_sell_skips":0,"hold_signals":511,"risk_blocked_signals":0,"sell_signals":10,"stop_loss_exits":10,"take_profit_exits":1},"starting_equity":500,"total_return":0.07554151556507183,"trade_analysis":{"average_loss":-13.672097273599558,"average_trade_duration_days":8.617063492063492,"average_win":15.86288459259377,"expectancy":1.7986075134540909,"largest_loss":-26.734152824429962,"largest_win":38.74107097832423,"max_trade_duration_days":20.0,"median_trade_duration_days":8.041666666666666,"profit_factor":1.276261622680744,"time_in_market_percent":0.2250608902938281,"total_trades":21,"win_rate":0.5238095238095238}}