{"capital_utilization":{"average_cash_percent":0.9032103573376814,"average_exposure_percent":0.09678964266231856,"average_leverage":0.09678964266231856,"average_position_value":205.0229755275345,"max_exposure_percent":0.4102163748467322},"closed_trades":11,"equity_curve":[],"final_equity":545.3294060217878,"max_drawdown":0.044120188690871795,"open_trades":0,"profit_factor":2.1341457750270068,"sharpe":0.8810751260272763,"signal_diagnostics":{"buy_signals":11,"duplicate_buy_skips":0,"flat_sell_skips":0,"hold_signals":418,"risk_blocked_signals":0,"sell_signals":6,"stop_loss_exits":4,"take_profit_exits":1},"starting_equity":500,"total_return":0.09065881204357562,"trade_analysis":{"average_loss":-9.99197083388783,"average_trade_duration_days":13.549242424242424,"average_win":12.18532705104845,"expectancy":4.120855092889804,"largest_loss":-12.803044910260107,"largest_win":15.571000307511229,"max_trade_duration_days":20.0,"median_trade_duration_days":13.0,"profit_factor":2.1341457750270068,"time_in_market_percent":0.2335923724939594,"total_trades":11,"win_rate":0.6363636363636364}}