{"capital_utilization":{"average_cash_percent":0.8495224381283386,"average_exposure_percent":0.15047756187166142,"average_leverage":0.15047756187166142,"average_position_value":206.65574737007842,"max_exposure_percent":0.41122909550966874},"closed_trades":19,"equity_curve":[],"final_equity":564.6980433864105,"max_drawdown":0.052924645849134075,"open_trades":0,"profit_factor":1.9920799568885297,"sharpe":1.0098644825218273,"signal_diagnostics":{"buy_signals":19,"duplicate_buy_skips":0,"flat_sell_skips":0,"hold_signals":515,"risk_blocked_signals":0,"sell_signals":8,"stop_loss_exits":9,"take_profit_exits":2},"starting_equity":500,"total_return":0.129396086772821,"trade_analysis":{"average_loss":-8.151818174681662,"average_trade_duration_days":14.736842105263161,"average_win":11.81023534398762,"expectancy":3.4051601782321326,"largest_loss":-13.332447322121505,"largest_win":19.862710307795382,"max_trade_duration_days":27.958333333333332,"median_trade_duration_days":15.0,"profit_factor":1.9920799568885297,"time_in_market_percent":0.3482406591698192,"total_trades":19,"win_rate":0.5789473684210527}}