{"capital_utilization":{"average_cash_percent":0.8714125788782834,"average_exposure_percent":0.1285874211217166,"average_leverage":0.1285874211217166,"average_position_value":205.1816862924791,"max_exposure_percent":0.4171630076436925},"closed_trades":27,"equity_curve":[],"final_equity":665.8116139054803,"max_drawdown":0.11732682966352494,"open_trades":0,"profit_factor":2.0394692912484733,"sharpe":1.0617156731801092,"signal_diagnostics":{"buy_signals":27,"duplicate_buy_skips":0,"flat_sell_skips":0,"hold_signals":498,"risk_blocked_signals":0,"sell_signals":12,"stop_loss_exits":13,"take_profit_exits":2},"starting_equity":500,"total_return":0.33162322781096054,"trade_analysis":{"average_loss":-11.39397460535773,"average_trade_duration_days":8.25925925925926,"average_win":25.02517372157604,"expectancy":6.14117088538816,"largest_loss":-22.063060308707108,"largest_win":56.22817587086054,"max_trade_duration_days":18.0,"median_trade_duration_days":7.0,"profit_factor":2.0394692912484733,"time_in_market_percent":0.2773488106959631,"total_trades":27,"win_rate":0.48148148148148145}}