{"capital_utilization":{"average_cash_percent":0.8004198226916898,"average_exposure_percent":0.1995801773083102,"average_leverage":0.1995801773083102,"average_position_value":206.66391079900689,"max_exposure_percent":0.4056738255681897},"closed_trades":16,"equity_curve":[],"final_equity":547.2528228949894,"max_drawdown":0.04233441858853445,"open_trades":0,"profit_factor":2.7508329695343843,"sharpe":0.8043613743994767,"signal_diagnostics":{"buy_signals":16,"duplicate_buy_skips":0,"flat_sell_skips":0,"hold_signals":520,"risk_blocked_signals":0,"sell_signals":5,"stop_loss_exits":11,"take_profit_exits":0},"starting_equity":500,"total_return":0.09450564578997889,"trade_analysis":{"average_loss":-3.8555381285217503,"average_trade_duration_days":23.690104166666668,"average_win":8.249065532737966,"expectancy":2.95330143093684,"largest_loss":-6.931096206360455,"largest_win":16.701454291940312,"max_trade_duration_days":52.041666666666664,"median_trade_duration_days":25.0,"profit_factor":2.7508329695343843,"time_in_market_percent":0.4714204280458103,"total_trades":16,"win_rate":0.5625}}