{"capital_utilization":{"average_cash_percent":0.8425533474972825,"average_exposure_percent":0.15744665250271753,"average_leverage":0.15744665250271753,"average_position_value":211.5804753063703,"max_exposure_percent":0.4060311160848734},"closed_trades":28,"equity_curve":[],"final_equity":590.5157445688798,"max_drawdown":0.042387410728902265,"open_trades":0,"profit_factor":2.6913030576519157,"sharpe":1.5951605142427567,"signal_diagnostics":{"buy_signals":28,"duplicate_buy_skips":0,"flat_sell_skips":0,"hold_signals":497,"risk_blocked_signals":0,"sell_signals":9,"stop_loss_exits":16,"take_profit_exits":3},"starting_equity":500,"total_return":0.18103148913775957,"trade_analysis":{"average_loss":-4.116795952517288,"average_trade_duration_days":9.787202380952381,"average_win":9.602272796773633,"expectancy":3.2327051631742765,"largest_loss":-7.297215941820451,"largest_win":19.33772740794409,"max_trade_duration_days":21.0,"median_trade_duration_days":8.0,"profit_factor":2.6913030576519157,"time_in_market_percent":0.3408301808571281,"total_trades":28,"win_rate":0.5357142857142857}}