{"capital_utilization":{"average_cash_percent":0.9015548708438094,"average_exposure_percent":0.09844512915619065,"average_leverage":0.09844512915619065,"average_position_value":204.44465046802756,"max_exposure_percent":0.4089714835208394},"closed_trades":31,"equity_curve":[],"final_equity":507.431180885769,"max_drawdown":0.07783077208888951,"open_trades":0,"profit_factor":1.1191329956125469,"sharpe":0.2113535022149668,"signal_diagnostics":{"buy_signals":31,"duplicate_buy_skips":0,"flat_sell_skips":0,"hold_signals":490,"risk_blocked_signals":0,"sell_signals":2,"stop_loss_exits":16,"take_profit_exits":13},"starting_equity":500,"total_return":0.01486236177153799,"trade_analysis":{"average_loss":-3.898574051399475,"average_trade_duration_days":4.775537634408603,"average_win":4.653891047210707,"expectancy":0.23971551244416112,"largest_loss":-10.945299622932843,"largest_win":7.901061000246463,"max_trade_duration_days":18.0,"median_trade_duration_days":4.0,"profit_factor":1.1191329956125469,"time_in_market_percent":0.18412188423070946,"total_trades":31,"win_rate":0.4838709677419355}}