{"capital_utilization":{"average_cash_percent":0.7609929900938246,"average_exposure_percent":0.23900700990617538,"average_leverage":0.23900700990617538,"average_position_value":208.47368653892957,"max_exposure_percent":0.4070697501018377},"closed_trades":39,"equity_curve":[],"final_equity":538.8884304164956,"max_drawdown":0.056818999701472556,"open_trades":0,"profit_factor":1.427080220804339,"sharpe":0.6057779966064915,"signal_diagnostics":{"buy_signals":39,"duplicate_buy_skips":0,"flat_sell_skips":0,"hold_signals":475,"risk_blocked_signals":0,"sell_signals":8,"stop_loss_exits":31,"take_profit_exits":0},"starting_equity":500,"total_return":0.07777686083299118,"trade_analysis":{"average_loss":-4.792447404261147,"average_trade_duration_days":11.05128205128205,"average_win":6.497246554872871,"expectancy":0.9971392414486056,"largest_loss":-8.554029165956385,"largest_win":25.591519832450622,"max_trade_duration_days":41.0,"median_trade_duration_days":7.958333333333333,"profit_factor":1.427080220804339,"time_in_market_percent":0.536041871793543,"total_trades":39,"win_rate":0.5128205128205128}}