{"capital_utilization":{"average_cash_percent":0.7675250803998592,"average_exposure_percent":0.23247491960014072,"average_leverage":0.23247491960014072,"average_position_value":209.9185425951852,"max_exposure_percent":0.4075254739006812},"closed_trades":42,"equity_curve":[],"final_equity":537.9210357672304,"max_drawdown":0.056835004192633015,"open_trades":0,"profit_factor":1.384828544578357,"sharpe":0.5919788642314618,"signal_diagnostics":{"buy_signals":42,"duplicate_buy_skips":0,"flat_sell_skips":0,"hold_signals":469,"risk_blocked_signals":0,"sell_signals":8,"stop_loss_exits":31,"take_profit_exits":3},"starting_equity":500,"total_return":0.07584207153446076,"trade_analysis":{"average_loss":-4.927004025751149,"average_trade_duration_days":9.785714285714285,"average_win":6.202778012829699,"expectancy":0.9028818039816757,"largest_loss":-9.184355183654977,"largest_win":27.312980873313887,"max_trade_duration_days":33.0,"median_trade_duration_days":7.0,"profit_factor":1.384828544578357,"time_in_market_percent":0.5111675389956988,"total_trades":42,"win_rate":0.5238095238095238}}