{"capital_utilization":{"average_cash_percent":0.8606235465437221,"average_exposure_percent":0.13937645345627792,"average_leverage":0.13937645345627792,"average_position_value":204.97525838520204,"max_exposure_percent":0.40753047004861226},"closed_trades":20,"equity_curve":[],"final_equity":546.3898783222824,"max_drawdown":0.05563129623355134,"open_trades":0,"profit_factor":1.7038363520253208,"sharpe":0.7877023380812717,"signal_diagnostics":{"buy_signals":20,"duplicate_buy_skips":0,"flat_sell_skips":0,"hold_signals":401,"risk_blocked_signals":0,"sell_signals":1,"stop_loss_exits":9,"take_profit_exits":9},"starting_equity":500,"total_return":0.09277975664456473,"trade_analysis":{"average_loss":-7.323337178970565,"average_trade_duration_days":9.597916666666666,"average_win":10.209082993910682,"expectancy":2.3194939161141206,"largest_loss":-8.993469337380064,"largest_win":15.645831055294323,"max_trade_duration_days":15.0,"median_trade_duration_days":10.5,"profit_factor":1.7038363520253208,"time_in_market_percent":0.3008554822699667,"total_trades":20,"win_rate":0.55}}