{"capital_utilization":{"average_cash_percent":0.848783239380936,"average_exposure_percent":0.15121676061906403,"average_leverage":0.15121676061906403,"average_position_value":200.65309963922212,"max_exposure_percent":0.40531301947691245},"closed_trades":16,"equity_curve":[],"final_equity":519.0359447225144,"max_drawdown":0.03219358787061573,"open_trades":0,"profit_factor":1.6613188890251318,"sharpe":0.5761575034474197,"signal_diagnostics":{"buy_signals":16,"duplicate_buy_skips":0,"flat_sell_skips":0,"hold_signals":409,"risk_blocked_signals":0,"sell_signals":2,"stop_loss_exits":13,"take_profit_exits":0},"starting_equity":500,"total_return":0.038071889445028706,"trade_analysis":{"average_loss":-3.198313255933451,"average_trade_duration_days":13.8125,"average_win":6.831537717987916,"expectancy":1.1897465451571474,"largest_loss":-6.423976229155885,"largest_win":13.263747969029792,"max_trade_duration_days":36.0,"median_trade_duration_days":10.5,"profit_factor":1.6613188890251318,"time_in_market_percent":0.3463723633514008,"total_trades":16,"win_rate":0.4375}}