{"capital_utilization":{"average_cash_percent":0.8876019508752417,"average_exposure_percent":0.11239804912475831,"average_leverage":0.11239804912475831,"average_position_value":200.29495364726674,"max_exposure_percent":0.4171630076436926},"closed_trades":26,"equity_curve":[],"final_equity":580.2354234196914,"max_drawdown":0.12404341826719714,"open_trades":0,"profit_factor":1.488477488567521,"sharpe":0.6788099946542072,"signal_diagnostics":{"buy_signals":26,"duplicate_buy_skips":0,"flat_sell_skips":0,"hold_signals":500,"risk_blocked_signals":0,"sell_signals":4,"stop_loss_exits":13,"take_profit_exits":9},"starting_equity":500,"total_return":0.16047084683938273,"trade_analysis":{"average_loss":-12.635087168025024,"average_trade_duration_days":7.075320512820513,"average_win":18.807042815693595,"expectancy":3.0859778238342863,"largest_loss":-20.997727701041377,"largest_win":37.19818879971707,"max_trade_duration_days":16.0,"median_trade_duration_days":6.0,"profit_factor":1.488477488567521,"time_in_market_percent":0.22879204021350472,"total_trades":26,"win_rate":0.5}}