{"capital_utilization":{"average_cash_percent":0.7516484273925749,"average_exposure_percent":0.24835157260742513,"average_leverage":0.24835157260742513,"average_position_value":201.8203213359507,"max_exposure_percent":0.4044592577689118},"closed_trades":35,"equity_curve":[],"final_equity":511.34636692211984,"max_drawdown":0.022169638441976888,"open_trades":0,"profit_factor":1.264504679979076,"sharpe":0.3394897199353371,"signal_diagnostics":{"buy_signals":35,"duplicate_buy_skips":0,"flat_sell_skips":0,"hold_signals":483,"risk_blocked_signals":0,"sell_signals":2,"stop_loss_exits":32,"take_profit_exits":1},"starting_equity":500,"total_return":0.022692733844239754,"trade_analysis":{"average_loss":-2.042698022622332,"average_trade_duration_days":13.113095238095237,"average_win":3.8745018140849155,"expectancy":0.3241819120605663,"largest_loss":-5.390812592985542,"largest_win":9.860969863358836,"max_trade_duration_days":50.0,"median_trade_duration_days":9.0,"profit_factor":1.264504679979076,"time_in_market_percent":0.5708141161838628,"total_trades":35,"win_rate":0.4}}