{"capital_utilization":{"average_cash_percent":0.8600722959254599,"average_exposure_percent":0.13992770407454017,"average_leverage":0.13992770407454017,"average_position_value":184.98643062354006,"max_exposure_percent":0.409153449959333},"closed_trades":25,"equity_curve":[],"final_equity":472.0831378107458,"max_drawdown":0.11644382957453069,"open_trades":0,"profit_factor":0.6568047509848257,"sharpe":-0.4682180255803119,"signal_diagnostics":{"buy_signals":25,"duplicate_buy_skips":0,"flat_sell_skips":0,"hold_signals":390,"risk_blocked_signals":0,"sell_signals":7,"stop_loss_exits":17,"take_profit_exits":1},"starting_equity":500,"total_return":-0.05583372437850831,"trade_analysis":{"average_loss":-6.2572280467087245,"average_trade_duration_days":7.28,"average_win":4.452258534829941,"expectancy":-1.116674487570166,"largest_loss":-10.453897151503025,"largest_win":13.230625491251706,"max_trade_duration_days":18.0,"median_trade_duration_days":7.0,"profit_factor":0.6568047509848257,"time_in_market_percent":0.28524782864233006,"total_trades":25,"win_rate":0.48}}