{"capital_utilization":{"average_cash_percent":0.8325307829744091,"average_exposure_percent":0.16746921702559092,"average_leverage":0.16746921702559092,"average_position_value":198.57166174841942,"max_exposure_percent":0.40591427734304214},"closed_trades":38,"equity_curve":[],"final_equity":492.2523419402943,"max_drawdown":0.08580451127236811,"open_trades":0,"profit_factor":0.9213929478668536,"sharpe":-0.11791825020882159,"signal_diagnostics":{"buy_signals":38,"duplicate_buy_skips":0,"flat_sell_skips":0,"hold_signals":477,"risk_blocked_signals":0,"sell_signals":2,"stop_loss_exits":25,"take_profit_exits":10},"starting_equity":500,"total_return":-0.015495316119411462,"trade_analysis":{"average_loss":-4.28529869912308,"average_trade_duration_days":7.421052631578948,"average_win":6.054280801341678,"expectancy":-0.20388573841330815,"largest_loss":-7.030311927757341,"largest_win":11.099402852240134,"max_trade_duration_days":21.0,"median_trade_duration_days":6.0,"profit_factor":0.9213929478668536,"time_in_market_percent":0.35072809244960357,"total_trades":38,"win_rate":0.39473684210526316}}