{"capital_utilization":{"average_cash_percent":0.7528483317304825,"average_exposure_percent":0.24715166826951754,"average_leverage":0.24715166826951754,"average_position_value":208.35708724640486,"max_exposure_percent":0.4094340140373104},"closed_trades":33,"equity_curve":[],"final_equity":540.9518824404458,"max_drawdown":0.05358100032683344,"open_trades":0,"profit_factor":1.5140539068616852,"sharpe":0.6221429831555035,"signal_diagnostics":{"buy_signals":33,"duplicate_buy_skips":0,"flat_sell_skips":0,"hold_signals":487,"risk_blocked_signals":0,"sell_signals":2,"stop_loss_exits":31,"take_profit_exits":0},"starting_equity":500,"total_return":0.0819037648808918,"trade_analysis":{"average_loss":-4.9790355026258855,"average_trade_duration_days":13.878787878787877,"average_win":7.095085322497653,"expectancy":1.2409661345589666,"largest_loss":-11.391868586328568,"largest_win":25.40217745087658,"max_trade_duration_days":41.0,"median_trade_duration_days":11.0,"profit_factor":1.5140539068616852,"time_in_market_percent":0.5696222210706327,"total_trades":33,"win_rate":0.5151515151515151}}