{"capital_utilization":{"average_cash_percent":0.8282689630655632,"average_exposure_percent":0.1717310369344368,"average_leverage":0.1717310369344368,"average_position_value":197.22799228659673,"max_exposure_percent":0.40591427734304214},"closed_trades":38,"equity_curve":[],"final_equity":489.1735058703929,"max_drawdown":0.0858045112723681,"open_trades":0,"profit_factor":0.8901753844335398,"sharpe":-0.17011430970415095,"signal_diagnostics":{"buy_signals":38,"duplicate_buy_skips":0,"flat_sell_skips":0,"hold_signals":477,"risk_blocked_signals":0,"sell_signals":1,"stop_loss_exits":26,"take_profit_exits":10},"starting_equity":500,"total_return":-0.021652988259214245,"trade_analysis":{"average_loss":-4.107493750287515,"average_trade_duration_days":7.684210526315789,"average_win":6.268096848378087,"expectancy":-0.28490774025281923,"largest_loss":-6.9699643360059875,"largest_win":11.375987497501194,"max_trade_duration_days":21.0,"median_trade_duration_days":6.0,"profit_factor":0.8901753844335398,"time_in_market_percent":0.3631652588485257,"total_trades":38,"win_rate":0.3684210526315789}}