{"capital_utilization":{"average_cash_percent":0.78514406752231,"average_exposure_percent":0.21485593247768991,"average_leverage":0.21485593247768991,"average_position_value":211.02337112893952,"max_exposure_percent":0.40587079827204775},"closed_trades":20,"equity_curve":[],"final_equity":556.2581526678837,"max_drawdown":0.05288380710708365,"open_trades":0,"profit_factor":2.203827691961211,"sharpe":0.9276715811101484,"signal_diagnostics":{"buy_signals":20,"duplicate_buy_skips":0,"flat_sell_skips":0,"hold_signals":514,"risk_blocked_signals":0,"sell_signals":3,"stop_loss_exits":13,"take_profit_exits":3},"starting_equity":500,"total_return":0.1125163053357674,"trade_analysis":{"average_loss":-4.24842986202625,"average_trade_duration_days":20.24791666666667,"average_win":11.44343123890804,"expectancy":2.812907633394181,"largest_loss":-7.633542204213175,"largest_win":24.463773648398348,"max_trade_duration_days":56.0,"median_trade_duration_days":13.5,"profit_factor":2.203827691961211,"time_in_market_percent":0.5036534176296834,"total_trades":20,"win_rate":0.45}}