{"capital_utilization":{"average_cash_percent":0.8460418651713786,"average_exposure_percent":0.15395813482862147,"average_leverage":0.15395813482862147,"average_position_value":165.5656703057127,"max_exposure_percent":0.42689850084140063},"closed_trades":26,"equity_curve":[],"final_equity":391.2908811677986,"max_drawdown":0.2684872536193028,"open_trades":0,"profit_factor":0.5776570462921552,"sharpe":-0.8469655997736198,"signal_diagnostics":{"buy_signals":26,"duplicate_buy_skips":0,"flat_sell_skips":0,"hold_signals":388,"risk_blocked_signals":0,"sell_signals":11,"stop_loss_exits":15,"take_profit_exits":0},"starting_equity":500,"total_return":-0.21741823766440282,"trade_analysis":{"average_loss":-17.15969101695189,"average_trade_duration_days":8.0,"average_win":13.516931492916076,"expectancy":-4.181119955084668,"largest_loss":-27.992752153779936,"largest_win":25.633296554001944,"max_trade_duration_days":21.0,"median_trade_duration_days":8.0,"profit_factor":0.5776570462921552,"time_in_market_percent":0.3259975184483772,"total_trades":26,"win_rate":0.4230769230769231}}