{"capital_utilization":{"average_cash_percent":0.8455736494360337,"average_exposure_percent":0.1544263505639663,"average_leverage":0.1544263505639663,"average_position_value":189.70865406430462,"max_exposure_percent":0.40972972921712825},"closed_trades":23,"equity_curve":[],"final_equity":490.5979738674093,"max_drawdown":0.10214204121195133,"open_trades":0,"profit_factor":0.8912549723719808,"sharpe":-0.13555331824924377,"signal_diagnostics":{"buy_signals":23,"duplicate_buy_skips":0,"flat_sell_skips":0,"hold_signals":394,"risk_blocked_signals":0,"sell_signals":1,"stop_loss_exits":13,"take_profit_exits":9},"starting_equity":500,"total_return":-0.018804052265181448,"trade_analysis":{"average_loss":-6.650720453205437,"average_trade_duration_days":9.217391304347826,"average_win":7.705733975907994,"expectancy":-0.4087837448952495,"largest_loss":-11.01500947575415,"largest_win":12.196360324250877,"max_trade_duration_days":18.0,"median_trade_duration_days":10.0,"profit_factor":0.8912549723719808,"time_in_market_percent":0.3322667014954614,"total_trades":23,"win_rate":0.43478260869565216}}