{"capital_utilization":{"average_cash_percent":0.8313275626492498,"average_exposure_percent":0.16867243735075024,"average_leverage":0.16867243735075024,"average_position_value":203.99811174289079,"max_exposure_percent":0.40755146665997105},"closed_trades":25,"equity_curve":[],"final_equity":521.2774058302545,"max_drawdown":0.05685746160479934,"open_trades":0,"profit_factor":1.3698749763604499,"sharpe":0.46458843745295075,"signal_diagnostics":{"buy_signals":25,"duplicate_buy_skips":0,"flat_sell_skips":0,"hold_signals":391,"risk_blocked_signals":0,"sell_signals":6,"stop_loss_exits":18,"take_profit_exits":0},"starting_equity":500,"total_return":0.04255481166050901,"trade_analysis":{"average_loss":-5.229630941692048,"average_trade_duration_days":9.241666666666667,"average_win":5.628810442061927,"expectancy":0.851096233210178,"largest_loss":-9.153850069386012,"largest_win":25.641747727901198,"max_trade_duration_days":35.041666666666664,"median_trade_duration_days":5.0,"profit_factor":1.3698749763604499,"time_in_market_percent":0.362110624959185,"total_trades":25,"win_rate":0.56}}