{"capital_utilization":{"average_cash_percent":0.7688027268049594,"average_exposure_percent":0.23119727319504058,"average_leverage":0.23119727319504058,"average_position_value":216.212380744803,"max_exposure_percent":0.4063594503767504},"closed_trades":33,"equity_curve":[],"final_equity":549.997722746011,"max_drawdown":0.06442652695738266,"open_trades":0,"profit_factor":1.5601141432208758,"sharpe":0.7210921019377421,"signal_diagnostics":{"buy_signals":33,"duplicate_buy_skips":0,"flat_sell_skips":0,"hold_signals":487,"risk_blocked_signals":0,"sell_signals":12,"stop_loss_exits":16,"take_profit_exits":5},"starting_equity":500,"total_return":0.099995445492022,"trade_analysis":{"average_loss":-4.250640640129982,"average_trade_duration_days":12.848484848484846,"average_win":11.605098015728387,"expectancy":1.5150825074548813,"largest_loss":-8.265507624666755,"largest_win":30.357746737941618,"max_trade_duration_days":49.0,"median_trade_duration_days":7.0,"profit_factor":1.5601141432208758,"time_in_market_percent":0.5273358553142975,"total_trades":33,"win_rate":0.36363636363636365}}