{"capital_utilization":{"average_cash_percent":0.7156923112629765,"average_exposure_percent":0.2843076887370235,"average_leverage":0.2843076887370235,"average_position_value":213.48397093507654,"max_exposure_percent":0.4034830645011027},"closed_trades":18,"equity_curve":[],"final_equity":540.7181695501015,"max_drawdown":0.03676802037709392,"open_trades":0,"profit_factor":2.7171199369086434,"sharpe":1.0549043210276638,"signal_diagnostics":{"buy_signals":18,"duplicate_buy_skips":0,"flat_sell_skips":0,"hold_signals":517,"risk_blocked_signals":0,"sell_signals":0,"stop_loss_exits":17,"take_profit_exits":0},"starting_equity":500,"total_return":0.08143633910020309,"trade_analysis":{"average_loss":-2.964132606209139,"average_trade_duration_days":30.666666666666668,"average_win":6.443123039977463,"expectancy":2.2621205305611944,"largest_loss":-4.429318524323867,"largest_win":19.126092900500737,"max_trade_duration_days":91.0,"median_trade_duration_days":24.520833333333336,"profit_factor":2.7171199369086434,"time_in_market_percent":0.6865315852205006,"total_trades":18,"win_rate":0.5555555555555556}}