{"capital_utilization":{"average_cash_percent":0.9079174405161838,"average_exposure_percent":0.09208255948381613,"average_leverage":0.09208255948381613,"average_position_value":196.77470547689651,"max_exposure_percent":0.40883090844840353},"closed_trades":13,"equity_curve":[],"final_equity":514.2091901662515,"max_drawdown":0.05398619679605774,"open_trades":0,"profit_factor":1.3762172368698575,"sharpe":0.31677582156123973,"signal_diagnostics":{"buy_signals":13,"duplicate_buy_skips":0,"flat_sell_skips":0,"hold_signals":414,"risk_blocked_signals":0,"sell_signals":1,"stop_loss_exits":10,"take_profit_exits":2},"starting_equity":500,"total_return":0.02841838033250288,"trade_analysis":{"average_loss":-5.395511184849519,"average_trade_duration_days":10.310897435897434,"average_win":8.662961410033018,"expectancy":1.0930146281731912,"largest_loss":-10.671075982952882,"largest_win":15.424396511113848,"max_trade_duration_days":17.0,"median_trade_duration_days":11.041666666666666,"profit_factor":1.3762172368698575,"time_in_market_percent":0.21008293606739373,"total_trades":13,"win_rate":0.46153846153846156}}