{"capital_utilization":{"average_cash_percent":0.7897703834717111,"average_exposure_percent":0.21022961652828892,"average_leverage":0.21022961652828892,"average_position_value":196.37994974203008,"max_exposure_percent":0.4076413884486524},"closed_trades":26,"equity_curve":[],"final_equity":505.8695224193209,"max_drawdown":0.06854702743455508,"open_trades":0,"profit_factor":1.0803438760100719,"sharpe":0.14299123550501586,"signal_diagnostics":{"buy_signals":26,"duplicate_buy_skips":0,"flat_sell_skips":0,"hold_signals":388,"risk_blocked_signals":0,"sell_signals":9,"stop_loss_exits":17,"take_profit_exits":0},"starting_equity":500,"total_return":0.011739044838641854,"trade_analysis":{"average_loss":-4.29735334927896,"average_trade_duration_days":11.461538461538463,"average_win":8.769392150784803,"expectancy":0.22575086228157287,"largest_loss":-8.847078721659036,"largest_win":17.143255373280244,"max_trade_duration_days":28.0,"median_trade_duration_days":10.0,"profit_factor":1.0803438760100719,"time_in_market_percent":0.46705413700777126,"total_trades":26,"win_rate":0.34615384615384615}}