{"capital_utilization":{"average_cash_percent":0.8394003856002429,"average_exposure_percent":0.16059961439975715,"average_leverage":0.16059961439975715,"average_position_value":194.38636009499345,"max_exposure_percent":0.4048752831706528},"closed_trades":13,"equity_curve":[],"final_equity":501.378916123203,"max_drawdown":0.0505418353774769,"open_trades":0,"profit_factor":1.0484346929102648,"sharpe":0.06542198024557908,"signal_diagnostics":{"buy_signals":13,"duplicate_buy_skips":0,"flat_sell_skips":0,"hold_signals":415,"risk_blocked_signals":0,"sell_signals":4,"stop_loss_exits":7,"take_profit_exits":1},"starting_equity":500,"total_return":0.0027578322464059113,"trade_analysis":{"average_loss":-3.1632884069682863,"average_trade_duration_days":18.46153846153846,"average_win":7.4621279464793915,"expectancy":0.10607047101561456,"largest_loss":-5.84848472906096,"largest_win":13.182042989879532,"max_trade_duration_days":45.0,"median_trade_duration_days":21.0,"profit_factor":1.0484346929102648,"time_in_market_percent":0.3761509828250506,"total_trades":13,"win_rate":0.3076923076923077}}