{"capital_utilization":{"average_cash_percent":0.950337893327915,"average_exposure_percent":0.04966210667208499,"average_leverage":0.04966210667208499,"average_position_value":211.96974802164107,"max_exposure_percent":0.40426853306845784},"closed_trades":11,"equity_curve":[],"final_equity":545.4532859666568,"max_drawdown":0.028735876402380272,"open_trades":0,"profit_factor":3.592258607655493,"sharpe":1.2420412358980437,"signal_diagnostics":{"buy_signals":11,"duplicate_buy_skips":0,"flat_sell_skips":0,"hold_signals":530,"risk_blocked_signals":0,"sell_signals":3,"stop_loss_exits":7,"take_profit_exits":1},"starting_equity":500,"total_return":0.09090657193331375,"trade_analysis":{"average_loss":-3.506848107856488,"average_trade_duration_days":7.363636363636363,"average_win":10.497921084323208,"expectancy":4.13211690605971,"largest_loss":-5.5952502970793265,"largest_win":18.4972376440146,"max_trade_duration_days":18.0,"median_trade_duration_days":7.0,"profit_factor":3.592258607655493,"time_in_market_percent":0.10074104783126911,"total_trades":11,"win_rate":0.5454545454545454}}