{"capital_utilization":{"average_cash_percent":0.8849273453589455,"average_exposure_percent":0.11507265464105453,"average_leverage":0.11507265464105453,"average_position_value":197.9745566901071,"max_exposure_percent":0.4076644641527178},"closed_trades":14,"equity_curve":[],"final_equity":518.2985466865771,"max_drawdown":0.04790539246363339,"open_trades":0,"profit_factor":1.517680630023509,"sharpe":0.4576973926301244,"signal_diagnostics":{"buy_signals":14,"duplicate_buy_skips":0,"flat_sell_skips":0,"hold_signals":412,"risk_blocked_signals":0,"sell_signals":6,"stop_loss_exits":7,"take_profit_exits":1},"starting_equity":500,"total_return":0.03659709337315409,"trade_analysis":{"average_loss":-5.049596114816436,"average_trade_duration_days":11.854166666666666,"average_win":7.66367421289887,"expectancy":1.3070390490412176,"largest_loss":-9.042832904996901,"largest_win":11.276560742353766,"max_trade_duration_days":21.0,"median_trade_duration_days":11.5,"profit_factor":1.517680630023509,"time_in_market_percent":0.2601057924639195,"total_trades":14,"win_rate":0.5}}