{"capital_utilization":{"average_cash_percent":0.8628306488980348,"average_exposure_percent":0.13716935110196518,"average_leverage":0.13716935110196518,"average_position_value":199.41343609254764,"max_exposure_percent":0.4037842486939074},"closed_trades":12,"equity_curve":[],"final_equity":514.0066103078794,"max_drawdown":0.027492394768796315,"open_trades":0,"profit_factor":1.6094280547195674,"sharpe":0.6367022052584014,"signal_diagnostics":{"buy_signals":12,"duplicate_buy_skips":0,"flat_sell_skips":0,"hold_signals":417,"risk_blocked_signals":0,"sell_signals":3,"stop_loss_exits":6,"take_profit_exits":2},"starting_equity":500,"total_return":0.028013220615758838,"trade_analysis":{"average_loss":-3.28331509224303,"average_trade_duration_days":16.916666666666668,"average_win":7.397963190716136,"expectancy":1.1672175256566224,"largest_loss":-4.532217282212408,"largest_win":14.793857066431046,"max_trade_duration_days":36.0,"median_trade_duration_days":13.0,"profit_factor":1.6094280547195674,"time_in_market_percent":0.31816103963952197,"total_trades":12,"win_rate":0.4166666666666667}}