{"capital_utilization":{"average_cash_percent":0.945903516667969,"average_exposure_percent":0.054096483332031,"average_leverage":0.054096483332031,"average_position_value":204.10848968591833,"max_exposure_percent":0.40631937443589455},"closed_trades":11,"equity_curve":[],"final_equity":524.2235542501751,"max_drawdown":0.029688819500222993,"open_trades":0,"profit_factor":1.888159734364456,"sharpe":0.7208901138846977,"signal_diagnostics":{"buy_signals":11,"duplicate_buy_skips":0,"flat_sell_skips":0,"hold_signals":531,"risk_blocked_signals":0,"sell_signals":1,"stop_loss_exits":5,"take_profit_exits":5},"starting_equity":500,"total_return":0.04844710850035017,"trade_analysis":{"average_loss":-6.818467814100146,"average_trade_duration_days":8.0,"average_win":7.356775072367957,"expectancy":2.2021412954704647,"largest_loss":-7.781139874560575,"largest_win":11.660599761623534,"max_trade_duration_days":14.0,"median_trade_duration_days":7.0,"profit_factor":1.888159734364456,"time_in_market_percent":0.1094470643105146,"total_trades":11,"win_rate":0.6363636363636364}}