{"capital_utilization":{"average_cash_percent":0.8578554544585528,"average_exposure_percent":0.14214454554144715,"average_leverage":0.14214454554144715,"average_position_value":217.33608258391052,"max_exposure_percent":0.4079408156439945},"closed_trades":26,"equity_curve":[],"final_equity":584.4967559193176,"max_drawdown":0.0685655535154792,"open_trades":0,"profit_factor":2.4028950660083668,"sharpe":1.5101417895680054,"signal_diagnostics":{"buy_signals":26,"duplicate_buy_skips":0,"flat_sell_skips":0,"hold_signals":501,"risk_blocked_signals":0,"sell_signals":8,"stop_loss_exits":13,"take_profit_exits":4},"starting_equity":500,"total_return":0.1689935118386352,"trade_analysis":{"average_loss":-5.019189601004562,"average_trade_duration_days":9.503205128205128,"average_win":10.337645080812312,"expectancy":3.249875227666062,"largest_loss":-10.745059355706212,"largest_win":18.393029378442286,"max_trade_duration_days":18.0,"median_trade_duration_days":9.5,"profit_factor":2.4028950660083668,"time_in_market_percent":0.3073016531067005,"total_trades":26,"win_rate":0.5384615384615384}}