{"capital_utilization":{"average_cash_percent":0.9637751706032571,"average_exposure_percent":0.03622482939674285,"average_leverage":0.03622482939674285,"average_position_value":201.60062964979775,"max_exposure_percent":0.40844134546469635},"closed_trades":6,"equity_curve":[],"final_equity":513.0381484736532,"max_drawdown":0.045953369267383574,"open_trades":0,"profit_factor":2.1711765296977013,"sharpe":0.45288043891191254,"signal_diagnostics":{"buy_signals":6,"duplicate_buy_skips":0,"flat_sell_skips":0,"hold_signals":540,"risk_blocked_signals":0,"sell_signals":1,"stop_loss_exits":3,"take_profit_exits":2},"starting_equity":500,"total_return":0.02607629694730651,"trade_analysis":{"average_loss":-3.710840664079502,"average_trade_duration_days":10.833333333333334,"average_win":8.056890155297246,"expectancy":2.1730247456088723,"largest_loss":-6.512729528676738,"largest_win":11.022958964789387,"max_trade_duration_days":22.0,"median_trade_duration_days":10.0,"profit_factor":2.1711765296977013,"time_in_market_percent":0.08084158159299373,"total_trades":6,"win_rate":0.5}}