{"capital_utilization":{"average_cash_percent":0.908462718132179,"average_exposure_percent":0.09153728186782091,"average_leverage":0.09153728186782091,"average_position_value":203.44807440069096,"max_exposure_percent":0.40469785218642884},"closed_trades":21,"equity_curve":[],"final_equity":529.0342291189501,"max_drawdown":0.017813656152167973,"open_trades":0,"profit_factor":1.9292813351042064,"sharpe":0.9675804117824082,"signal_diagnostics":{"buy_signals":21,"duplicate_buy_skips":0,"flat_sell_skips":0,"hold_signals":512,"risk_blocked_signals":0,"sell_signals":1,"stop_loss_exits":8,"take_profit_exits":11},"starting_equity":500,"total_return":0.05806845823790008,"trade_analysis":{"average_loss":-3.4715272284031915,"average_trade_duration_days":7.571428571428571,"average_win":5.0231645145482355,"expectancy":1.3825823389976242,"largest_loss":-5.6737082859226895,"largest_win":7.941054855195181,"max_trade_duration_days":21.0,"median_trade_duration_days":6.0,"profit_factor":1.9292813351042064,"time_in_market_percent":0.1977509457428616,"total_trades":21,"win_rate":0.5714285714285714}}