{"capital_utilization":{"average_cash_percent":0.8474314621705438,"average_exposure_percent":0.1525685378294562,"average_leverage":0.1525685378294562,"average_position_value":208.87238102832382,"max_exposure_percent":0.4054961481720905},"closed_trades":11,"equity_curve":[],"final_equity":548.5293583668574,"max_drawdown":0.03919408651571537,"open_trades":0,"profit_factor":3.6572913328918037,"sharpe":1.3701136321868979,"signal_diagnostics":{"buy_signals":11,"duplicate_buy_skips":0,"flat_sell_skips":0,"hold_signals":419,"risk_blocked_signals":0,"sell_signals":5,"stop_loss_exits":3,"take_profit_exits":2},"starting_equity":500,"total_return":0.09705871673371491,"trade_analysis":{"average_loss":-4.565679134064432,"average_trade_duration_days":20.636363636363637,"average_win":9.541724986159315,"expectancy":4.411759851532498,"largest_loss":-7.126330867547595,"largest_win":20.540307587692865,"max_trade_duration_days":38.0,"median_trade_duration_days":21.0,"profit_factor":3.6572913328918037,"time_in_market_percent":0.35577613792202706,"total_trades":11,"win_rate":0.6363636363636364}}