{"capital_utilization":{"average_cash_percent":0.7681576193028541,"average_exposure_percent":0.23184238069714597,"average_leverage":0.23184238069714597,"average_position_value":214.369847817232,"max_exposure_percent":0.4054786717582004},"closed_trades":35,"equity_curve":[],"final_equity":541.0017493914618,"max_drawdown":0.06836753141195578,"open_trades":0,"profit_factor":1.538892617019003,"sharpe":0.7225310116348838,"signal_diagnostics":{"buy_signals":35,"duplicate_buy_skips":0,"flat_sell_skips":0,"hold_signals":482,"risk_blocked_signals":0,"sell_signals":6,"stop_loss_exits":29,"take_profit_exits":0},"starting_equity":500,"total_return":0.08200349878292346,"trade_analysis":{"average_loss":-4.2269552305111535,"average_trade_duration_days":12.11547619047619,"average_win":6.887467267097794,"expectancy":1.171478554041764,"largest_loss":-7.0919900225959145,"largest_win":25.63992485048172,"max_trade_duration_days":41.0,"median_trade_duration_days":8.0,"profit_factor":1.538892617019003,"time_in_market_percent":0.5273876768409598,"total_trades":35,"win_rate":0.4857142857142857}}