{"capital_utilization":{"average_cash_percent":0.7416284959579951,"average_exposure_percent":0.2583715040420049,"average_leverage":0.2583715040420049,"average_position_value":216.306091393542,"max_exposure_percent":0.4054884965790765},"closed_trades":36,"equity_curve":[],"final_equity":561.5227914299018,"max_drawdown":0.05429499560526756,"open_trades":0,"profit_factor":1.7749492354120322,"sharpe":0.9977960028086783,"signal_diagnostics":{"buy_signals":36,"duplicate_buy_skips":0,"flat_sell_skips":0,"hold_signals":481,"risk_blocked_signals":0,"sell_signals":1,"stop_loss_exits":31,"take_profit_exits":3},"starting_equity":500,"total_return":0.1230455828598036,"trade_analysis":{"average_loss":-4.410524846055867,"average_trade_duration_days":13.306712962962964,"average_win":7.8284577032726315,"expectancy":1.7089664286083832,"largest_loss":-7.140950556377436,"largest_win":27.19657029518897,"max_trade_duration_days":45.0,"median_trade_duration_days":11.0,"profit_factor":1.7749492354120322,"time_in_market_percent":0.5957920920350314,"total_trades":36,"win_rate":0.5}}