{"capital_utilization":{"average_cash_percent":0.8739344733405141,"average_exposure_percent":0.12606552665948584,"average_leverage":0.12606552665948584,"average_position_value":193.08770904226756,"max_exposure_percent":0.40713373997833374},"closed_trades":20,"equity_curve":[],"final_equity":503.4532612607711,"max_drawdown":0.07650732312329009,"open_trades":0,"profit_factor":1.0532786725806258,"sharpe":0.09611179978544682,"signal_diagnostics":{"buy_signals":20,"duplicate_buy_skips":0,"flat_sell_skips":0,"hold_signals":400,"risk_blocked_signals":0,"sell_signals":5,"stop_loss_exits":14,"take_profit_exits":1},"starting_equity":500,"total_return":0.006906522521542335,"trade_analysis":{"average_loss":-5.892279718741353,"average_trade_duration_days":8.15,"average_win":7.5853709074362206,"expectancy":0.17266306303855555,"largest_loss":-8.252685504258215,"largest_win":14.202818162782105,"max_trade_duration_days":19.0,"median_trade_duration_days":7.5,"profit_factor":1.0532786725806258,"time_in_market_percent":0.2554692091686802,"total_trades":20,"win_rate":0.45}}