{"capital_utilization":{"average_cash_percent":0.9626675573732759,"average_exposure_percent":0.03733244262672409,"average_leverage":0.03733244262672409,"average_position_value":202.0816102289191,"max_exposure_percent":0.40518820776360187},"closed_trades":5,"equity_curve":[],"final_equity":520.0212658674001,"max_drawdown":0.021432862618136806,"open_trades":0,"profit_factor":4.0874743414803785,"sharpe":0.9933322154778919,"signal_diagnostics":{"buy_signals":5,"duplicate_buy_skips":0,"flat_sell_skips":0,"hold_signals":543,"risk_blocked_signals":0,"sell_signals":1,"stop_loss_exits":2,"take_profit_exits":2},"starting_equity":500,"total_return":0.0400425317348001,"trade_analysis":{"average_loss":-3.242337207213886,"average_trade_duration_days":12.6,"average_win":8.83531342727594,"expectancy":4.004253173480009,"largest_loss":-6.271938070108877,"largest_win":10.104329674541763,"max_trade_duration_days":26.0,"median_trade_duration_days":8.0,"profit_factor":4.0874743414803785,"time_in_market_percent":0.0783541483132093,"total_trades":5,"win_rate":0.6}}