{"capital_utilization":{"average_cash_percent":0.8721521064710824,"average_exposure_percent":0.12784789352891757,"average_leverage":0.12784789352891757,"average_position_value":199.18560509990672,"max_exposure_percent":0.40494408603460846},"closed_trades":11,"equity_curve":[],"final_equity":512.4515188494895,"max_drawdown":0.02877982387315542,"open_trades":0,"profit_factor":1.62911419629583,"sharpe":0.5859293153356392,"signal_diagnostics":{"buy_signals":11,"duplicate_buy_skips":0,"flat_sell_skips":0,"hold_signals":419,"risk_blocked_signals":0,"sell_signals":0,"stop_loss_exits":10,"take_profit_exits":0},"starting_equity":500,"total_return":0.024903037698978947,"trade_analysis":{"average_loss":-2.474018016681832,"average_trade_duration_days":17.363636363636363,"average_win":10.747887660981403,"expectancy":1.131956259044505,"largest_loss":-5.974292661057205,"largest_win":17.325460380145202,"max_trade_duration_days":52.0,"median_trade_duration_days":9.0,"profit_factor":1.62911419629583,"time_in_market_percent":0.2993534904982695,"total_trades":11,"win_rate":0.2727272727272727}}