{"capital_utilization":{"average_cash_percent":0.8045783447266349,"average_exposure_percent":0.19542165527336505,"average_leverage":0.19542165527336505,"average_position_value":168.67813338259296,"max_exposure_percent":0.42464993888182384},"closed_trades":20,"equity_curve":[],"final_equity":425.1495505197169,"max_drawdown":0.2843167385967215,"open_trades":0,"profit_factor":0.6468226229739944,"sharpe":-0.4862918169043465,"signal_diagnostics":{"buy_signals":20,"duplicate_buy_skips":0,"flat_sell_skips":0,"hold_signals":400,"risk_blocked_signals":0,"sell_signals":8,"stop_loss_exits":11,"take_profit_exits":1},"starting_equity":500,"total_return":-0.14970089896056615,"trade_analysis":{"average_loss":-19.266767236589804,"average_trade_duration_days":14.552083333333334,"average_win":15.231554458022755,"expectancy":-3.742522474014154,"largest_loss":-22.852173586224236,"largest_win":28.74841425338575,"max_trade_duration_days":33.0,"median_trade_duration_days":13.0,"profit_factor":0.6468226229739944,"time_in_market_percent":0.4561483706654477,"total_trades":20,"win_rate":0.45}}