{"capital_utilization":{"average_cash_percent":0.8661876932309543,"average_exposure_percent":0.13381230676904568,"average_leverage":0.13381230676904568,"average_position_value":203.427245003192,"max_exposure_percent":0.4056225808061604},"closed_trades":8,"equity_curve":[],"final_equity":534.287892582015,"max_drawdown":0.032073063947714434,"open_trades":0,"profit_factor":2.7156880982705047,"sharpe":1.0833638207388099,"signal_diagnostics":{"buy_signals":8,"duplicate_buy_skips":0,"flat_sell_skips":0,"hold_signals":425,"risk_blocked_signals":0,"sell_signals":2,"stop_loss_exits":5,"take_profit_exits":0},"starting_equity":500,"total_return":0.06857578516403007,"trade_analysis":{"average_loss":-4.9962304652837135,"average_trade_duration_days":25.5,"average_win":13.568203610787487,"expectancy":4.285986572751887,"largest_loss":-6.8006614957891385,"largest_win":26.50861393150281,"max_trade_duration_days":63.0,"median_trade_duration_days":21.0,"profit_factor":2.7156880982705047,"time_in_market_percent":0.31972833540129303,"total_trades":8,"win_rate":0.5}}