{"capital_utilization":{"average_cash_percent":0.8902840990157133,"average_exposure_percent":0.10971590098428673,"average_leverage":0.10971590098428673,"average_position_value":209.9061671489143,"max_exposure_percent":0.40637971953640734},"closed_trades":22,"equity_curve":[],"final_equity":549.9809231224715,"max_drawdown":0.0485713840219842,"open_trades":0,"profit_factor":2.1705586675673474,"sharpe":1.005977343536077,"signal_diagnostics":{"buy_signals":22,"duplicate_buy_skips":0,"flat_sell_skips":0,"hold_signals":508,"risk_blocked_signals":0,"sell_signals":11,"stop_loss_exits":9,"take_profit_exits":2},"starting_equity":500,"total_return":0.09996184624494298,"trade_analysis":{"average_loss":-4.744261057874164,"average_trade_duration_days":8.412878787878787,"average_win":7.129174818718384,"expectancy":2.2718601419305227,"largest_loss":-8.174413650284638,"largest_win":18.93514217153686,"max_trade_duration_days":21.0,"median_trade_duration_days":7.0,"profit_factor":2.1705586675673474,"time_in_market_percent":0.23019122143338341,"total_trades":22,"win_rate":0.5909090909090909}}