{"capital_utilization":{"average_cash_percent":0.849308581505236,"average_exposure_percent":0.15069141849476397,"average_leverage":0.15069141849476397,"average_position_value":195.03336478144422,"max_exposure_percent":0.4048752831706528},"closed_trades":12,"equity_curve":[],"final_equity":500.6500291322068,"max_drawdown":0.04639007664369171,"open_trades":0,"profit_factor":1.0234068516123425,"sharpe":0.039589235471873506,"signal_diagnostics":{"buy_signals":12,"duplicate_buy_skips":0,"flat_sell_skips":0,"hold_signals":417,"risk_blocked_signals":0,"sell_signals":4,"stop_loss_exits":6,"take_profit_exits":1},"starting_equity":500,"total_return":0.001300058264413595,"trade_analysis":{"average_loss":-3.471361414663733,"average_trade_duration_days":18.833333333333332,"average_win":7.105230112379157,"expectancy":0.054169094350563864,"largest_loss":-5.84848472906096,"largest_win":13.019948039625948,"max_trade_duration_days":45.0,"median_trade_duration_days":20.5,"profit_factor":1.0234068516123425,"time_in_market_percent":0.354208842160256,"total_trades":12,"win_rate":0.3333333333333333}}