{"capital_utilization":{"average_cash_percent":0.8346293309466017,"average_exposure_percent":0.1653706690533983,"average_leverage":0.1653706690533983,"average_position_value":204.538699743487,"max_exposure_percent":0.4112249489947897},"closed_trades":35,"equity_curve":[],"final_equity":531.8860584712149,"max_drawdown":0.07730029547290526,"open_trades":0,"profit_factor":1.2698539806398155,"sharpe":0.4831992272322899,"signal_diagnostics":{"buy_signals":35,"duplicate_buy_skips":0,"flat_sell_skips":0,"hold_signals":483,"risk_blocked_signals":0,"sell_signals":3,"stop_loss_exits":17,"take_profit_exits":14},"starting_equity":500,"total_return":0.0637721169424299,"trade_analysis":{"average_loss":-6.950612675268498,"average_trade_duration_days":7.941666666666667,"average_win":8.335915219487745,"expectancy":0.9110302420347113,"largest_loss":-14.120898842325031,"largest_win":13.606403651833455,"max_trade_duration_days":21.041666666666668,"median_trade_duration_days":7.0,"profit_factor":1.2698539806398155,"time_in_market_percent":0.3457014043633726,"total_trades":35,"win_rate":0.5142857142857142}}