{"capital_utilization":{"average_cash_percent":0.7078360038308646,"average_exposure_percent":0.29216399616913535,"average_leverage":0.29216399616913535,"average_position_value":213.64180311527417,"max_exposure_percent":0.4034142817300199},"closed_trades":22,"equity_curve":[],"final_equity":557.9738163771533,"max_drawdown":0.02135682356322294,"open_trades":0,"profit_factor":3.688184310216455,"sharpe":1.4891724281066372,"signal_diagnostics":{"buy_signals":22,"duplicate_buy_skips":0,"flat_sell_skips":0,"hold_signals":509,"risk_blocked_signals":0,"sell_signals":0,"stop_loss_exits":17,"take_profit_exits":4},"starting_equity":500,"total_return":0.11594763275430653,"trade_analysis":{"average_loss":-2.695770159658679,"average_trade_duration_days":25.181818181818183,"average_win":5.6814269753159135,"expectancy":2.6351734716887885,"largest_loss":-4.100876949487699,"largest_win":14.903118879884056,"max_trade_duration_days":55.958333333333336,"median_trade_duration_days":25.5,"profit_factor":3.688184310216455,"time_in_market_percent":0.689019018500285,"total_trades":22,"win_rate":0.6363636363636364}}