{"capital_utilization":{"average_cash_percent":0.9487893455630904,"average_exposure_percent":0.051210654436909614,"average_leverage":0.051210654436909614,"average_position_value":205.0724850098224,"max_exposure_percent":0.40243645913910453},"closed_trades":10,"equity_curve":[],"final_equity":533.1426061676008,"max_drawdown":0.017190079781181897,"open_trades":0,"profit_factor":6.953635406405394,"sharpe":1.3992462102960994,"signal_diagnostics":{"buy_signals":10,"duplicate_buy_skips":0,"flat_sell_skips":0,"hold_signals":533,"risk_blocked_signals":0,"sell_signals":2,"stop_loss_exits":3,"take_profit_exits":5},"starting_equity":500,"total_return":0.06628521233520157,"trade_analysis":{"average_loss":-1.8555948819631183,"average_trade_duration_days":9.095833333333335,"average_win":5.529912973355733,"expectancy":3.3142606167600777,"largest_loss":-2.9929548218084174,"largest_win":8.172970224596655,"max_trade_duration_days":20.0,"median_trade_duration_days":7.0,"profit_factor":6.953635406405394,"time_in_market_percent":0.11312639270352906,"total_trades":10,"win_rate":0.7}}