{"capital_utilization":{"average_cash_percent":0.8846445990106658,"average_exposure_percent":0.11535540098933417,"average_leverage":0.11535540098933417,"average_position_value":195.34635336632633,"max_exposure_percent":0.40713373997833374},"closed_trades":20,"equity_curve":[],"final_equity":505.08063625532026,"max_drawdown":0.07002408955499011,"open_trades":0,"profit_factor":1.0777254757405095,"sharpe":0.13335382715513153,"signal_diagnostics":{"buy_signals":20,"duplicate_buy_skips":0,"flat_sell_skips":0,"hold_signals":400,"risk_blocked_signals":0,"sell_signals":2,"stop_loss_exits":12,"take_profit_exits":6},"starting_equity":500,"total_return":0.010161272510640584,"trade_analysis":{"average_loss":-5.942402009257913,"average_trade_duration_days":7.45,"average_win":7.8274509285730325,"expectancy":0.2540318127660121,"largest_loss":-8.252685504258215,"largest_win":14.202818162782105,"max_trade_duration_days":18.0,"median_trade_duration_days":7.0,"profit_factor":1.0777254757405095,"time_in_market_percent":0.2335270685038856,"total_trades":20,"win_rate":0.45}}