{"capital_utilization":{"average_cash_percent":0.7031652916144502,"average_exposure_percent":0.2968347083855499,"average_leverage":0.2968347083855499,"average_position_value":209.4408561408287,"max_exposure_percent":0.40532281832360006},"closed_trades":47,"equity_curve":[],"final_equity":526.8423545699694,"max_drawdown":0.04490813825738373,"open_trades":0,"profit_factor":1.3756610948883914,"sharpe":0.5273796051995345,"signal_diagnostics":{"buy_signals":47,"duplicate_buy_skips":0,"flat_sell_skips":0,"hold_signals":459,"risk_blocked_signals":0,"sell_signals":8,"stop_loss_exits":38,"take_profit_exits":0},"starting_equity":500,"total_return":0.053684709139938835,"trade_analysis":{"average_loss":-2.9772352144894847,"average_trade_duration_days":11.23404255319149,"average_win":4.273739118161614,"expectancy":0.5711139270206268,"largest_loss":-6.9284708940277095,"largest_win":11.206543767119507,"max_trade_duration_days":37.0,"median_trade_duration_days":9.0,"profit_factor":1.3756610948883914,"time_in_market_percent":0.6566823858630876,"total_trades":47,"win_rate":0.48936170212765956}}