{"capital_utilization":{"average_cash_percent":0.9251250493942729,"average_exposure_percent":0.07487495060572716,"average_leverage":0.07487495060572716,"average_position_value":204.8841538453784,"max_exposure_percent":0.40567794480041136},"closed_trades":14,"equity_curve":[],"final_equity":558.984141979657,"max_drawdown":0.026746844591893686,"open_trades":0,"profit_factor":3.2875390850652346,"sharpe":1.4815742737546962,"signal_diagnostics":{"buy_signals":14,"duplicate_buy_skips":0,"flat_sell_skips":0,"hold_signals":525,"risk_blocked_signals":0,"sell_signals":5,"stop_loss_exits":7,"take_profit_exits":2},"starting_equity":500,"total_return":0.11796828395931391,"trade_analysis":{"average_loss":-5.1569953374567135,"average_trade_duration_days":8.857142857142858,"average_win":9.418790962993404,"expectancy":4.213152998546932,"largest_loss":-6.867969777374319,"largest_win":18.461163539809753,"max_trade_duration_days":19.0,"median_trade_duration_days":8.5,"profit_factor":3.2875390850652346,"time_in_market_percent":0.1542208633466342,"total_trades":14,"win_rate":0.6428571428571429}}