{"capital_utilization":{"average_cash_percent":0.7990513355219688,"average_exposure_percent":0.20094866447803117,"average_leverage":0.20094866447803117,"average_position_value":207.69109930017703,"max_exposure_percent":0.40584475818634236},"closed_trades":20,"equity_curve":[],"final_equity":547.7046918071757,"max_drawdown":0.043077425589723474,"open_trades":0,"profit_factor":1.9262113504831038,"sharpe":0.7979641499389315,"signal_diagnostics":{"buy_signals":20,"duplicate_buy_skips":0,"flat_sell_skips":0,"hold_signals":512,"risk_blocked_signals":0,"sell_signals":1,"stop_loss_exits":16,"take_profit_exits":3},"starting_equity":500,"total_return":0.09540938361435125,"trade_analysis":{"average_loss":-4.682290021631308,"average_trade_duration_days":18.802083333333336,"average_win":11.02332022723556,"expectancy":2.3852345903587824,"largest_loss":-7.36412308805916,"largest_win":24.160819048540368,"max_trade_duration_days":52.041666666666664,"median_trade_duration_days":15.5,"profit_factor":1.9262113504831038,"time_in_market_percent":0.46768927812613365,"total_trades":20,"win_rate":0.45}}