{"capital_utilization":{"average_cash_percent":0.8338324863081832,"average_exposure_percent":0.16616751369181684,"average_leverage":0.16616751369181684,"average_position_value":209.99705613362318,"max_exposure_percent":0.41032591339288427},"closed_trades":31,"equity_curve":[],"final_equity":568.4202202565402,"max_drawdown":0.06455341034585875,"open_trades":0,"profit_factor":1.8318617439832137,"sharpe":0.9744726014416248,"signal_diagnostics":{"buy_signals":31,"duplicate_buy_skips":0,"flat_sell_skips":0,"hold_signals":378,"risk_blocked_signals":0,"sell_signals":20,"stop_loss_exits":11,"take_profit_exits":0},"starting_equity":500,"total_return":0.13684044051308053,"trade_analysis":{"average_loss":-6.854125775849361,"average_trade_duration_days":6.935483870967743,"average_win":7.929985766670131,"expectancy":2.2071038792432316,"largest_loss":-12.425109677219611,"largest_win":20.94846282518191,"max_trade_duration_days":18.0,"median_trade_duration_days":6.0,"profit_factor":1.8318617439832137,"time_in_market_percent":0.33696858878077457,"total_trades":31,"win_rate":0.6129032258064516}}