{"capital_utilization":{"average_cash_percent":0.7851170553499877,"average_exposure_percent":0.21488294465001234,"average_leverage":0.21488294465001234,"average_position_value":174.60956494373247,"max_exposure_percent":0.4227873428438571},"closed_trades":17,"equity_curve":[],"final_equity":347.7292676565879,"max_drawdown":0.3112503092611603,"open_trades":0,"profit_factor":0.32792150865562425,"sharpe":-2.352407977868085,"signal_diagnostics":{"buy_signals":17,"duplicate_buy_skips":0,"flat_sell_skips":0,"hold_signals":157,"risk_blocked_signals":0,"sell_signals":3,"stop_loss_exits":13,"take_profit_exits":1},"starting_equity":500,"total_return":-0.3045414646868242,"trade_analysis":{"average_loss":-17.428222161604165,"average_trade_duration_days":7.470588235294118,"average_win":18.574038939360523,"expectancy":-8.95710190255365,"largest_loss":-23.855348905451862,"largest_win":24.872527412040476,"max_trade_duration_days":22.0,"median_trade_duration_days":7.0,"profit_factor":0.32792150865562425,"time_in_market_percent":0.45676607223138016,"total_trades":17,"win_rate":0.23529411764705882}}