{"capital_utilization":{"average_cash_percent":0.7573774664726532,"average_exposure_percent":0.24262253352734672,"average_leverage":0.24262253352734672,"average_position_value":213.5933840088186,"max_exposure_percent":0.4075333385525382},"closed_trades":38,"equity_curve":[],"final_equity":552.5671959849359,"max_drawdown":0.058319469201111085,"open_trades":0,"profit_factor":1.6974746761670858,"sharpe":0.8093466838253937,"signal_diagnostics":{"buy_signals":38,"duplicate_buy_skips":0,"flat_sell_skips":0,"hold_signals":477,"risk_blocked_signals":0,"sell_signals":10,"stop_loss_exits":25,"take_profit_exits":3},"starting_equity":500,"total_return":0.10513439196987173,"trade_analysis":{"average_loss":-4.187105104646515,"average_trade_duration_days":11.657894736842104,"average_win":6.3967543934286555,"expectancy":1.3833472627614698,"largest_loss":-9.630823187223834,"largest_win":27.44363901452842,"max_trade_duration_days":38.0,"median_trade_duration_days":9.0,"profit_factor":1.6974746761670858,"time_in_market_percent":0.5509664714722495,"total_trades":38,"win_rate":0.5263157894736842}}