{"capital_utilization":{"average_cash_percent":0.893479052023962,"average_exposure_percent":0.10652094797603795,"average_leverage":0.10652094797603795,"average_position_value":211.6077813084639,"max_exposure_percent":0.4058763211854441},"closed_trades":15,"equity_curve":[],"final_equity":583.2828746632689,"max_drawdown":0.021075341187189452,"open_trades":0,"profit_factor":3.670642358303049,"sharpe":1.7861072346124072,"signal_diagnostics":{"buy_signals":15,"duplicate_buy_skips":0,"flat_sell_skips":0,"hold_signals":523,"risk_blocked_signals":0,"sell_signals":8,"stop_loss_exits":5,"take_profit_exits":2},"starting_equity":500,"total_return":0.16656574932653778,"trade_analysis":{"average_loss":-6.236917077596838,"average_trade_duration_days":12.6,"average_win":11.44674600512531,"expectancy":5.5521916442179275,"largest_loss":-7.583162439104847,"largest_win":22.464296120572417,"max_trade_duration_days":24.0,"median_trade_duration_days":14.0,"profit_factor":3.670642358303049,"time_in_market_percent":0.23506244493962794,"total_trades":15,"win_rate":0.6666666666666666}}