{"capital_utilization":{"average_cash_percent":0.9162258779593871,"average_exposure_percent":0.08377412204061287,"average_leverage":0.08377412204061287,"average_position_value":205.66866096663304,"max_exposure_percent":0.4058763211854441},"closed_trades":16,"equity_curve":[],"final_equity":544.4041357884435,"max_drawdown":0.021024409449370885,"open_trades":0,"profit_factor":2.3892162544312443,"sharpe":1.078124587127625,"signal_diagnostics":{"buy_signals":16,"duplicate_buy_skips":0,"flat_sell_skips":0,"hold_signals":521,"risk_blocked_signals":0,"sell_signals":10,"stop_loss_exits":5,"take_profit_exits":1},"starting_equity":500,"total_return":0.08880827157688698,"trade_analysis":{"average_loss":-6.392688776395405,"average_trade_duration_days":8.934895833333334,"average_win":6.942507242765492,"expectancy":2.7752584867777124,"largest_loss":-7.314698696524564,"largest_win":14.673460874998735,"max_trade_duration_days":21.0,"median_trade_duration_days":8.5,"profit_factor":2.3892162544312443,"time_in_market_percent":0.17779965797792405,"total_trades":16,"win_rate":0.6875}}