{"capital_utilization":{"average_cash_percent":0.9082429077172947,"average_exposure_percent":0.09175709228270532,"average_leverage":0.09175709228270532,"average_position_value":202.7002173215441,"max_exposure_percent":0.40839308812917086},"closed_trades":22,"equity_curve":[],"final_equity":534.3031036975033,"max_drawdown":0.03550901768156655,"open_trades":0,"profit_factor":1.5687604410346283,"sharpe":0.7577883321005083,"signal_diagnostics":{"buy_signals":22,"duplicate_buy_skips":0,"flat_sell_skips":0,"hold_signals":509,"risk_blocked_signals":0,"sell_signals":1,"stop_loss_exits":11,"take_profit_exits":10},"starting_equity":500,"total_return":0.06860620739500645,"trade_analysis":{"average_loss":-6.031204215803541,"average_trade_duration_days":7.0435606060606055,"average_win":7.884595487961561,"expectancy":1.5592319862501505,"largest_loss":-10.146487903599505,"largest_win":13.589037584918785,"max_trade_duration_days":21.0,"median_trade_duration_days":6.0,"profit_factor":1.5687604410346283,"time_in_market_percent":0.19272425765663054,"total_trades":22,"win_rate":0.5454545454545454}}