{"capital_utilization":{"average_cash_percent":0.8420297554199505,"average_exposure_percent":0.1579702445800495,"average_leverage":0.1579702445800495,"average_position_value":193.15838252653907,"max_exposure_percent":0.40487528317065286},"closed_trades":19,"equity_curve":[],"final_equity":494.04748099495384,"max_drawdown":0.05366099387010036,"open_trades":0,"profit_factor":0.8519642996794111,"sharpe":-0.21980428845768182,"signal_diagnostics":{"buy_signals":19,"duplicate_buy_skips":0,"flat_sell_skips":0,"hold_signals":403,"risk_blocked_signals":0,"sell_signals":1,"stop_loss_exits":16,"take_profit_exits":1},"starting_equity":500,"total_return":-0.01190503801009235,"trade_analysis":{"average_loss":-3.093078739247598,"average_trade_duration_days":12.157894736842104,"average_win":5.709584100862105,"expectancy":-0.3132904739497976,"largest_loss":-5.845386745751388,"largest_win":11.381300792432926,"max_trade_duration_days":45.0,"median_trade_duration_days":7.0,"profit_factor":0.8519642996794111,"time_in_market_percent":0.36204532096911124,"total_trades":19,"win_rate":0.3157894736842105}}