{"capital_utilization":{"average_cash_percent":0.7640668046410473,"average_exposure_percent":0.23593319535895274,"average_leverage":0.23593319535895274,"average_position_value":211.1548165782736,"max_exposure_percent":0.40520704340395547},"closed_trades":34,"equity_curve":[],"final_equity":526.2427104638145,"max_drawdown":0.03955026085799722,"open_trades":0,"profit_factor":1.525330315155783,"sharpe":0.5578334751357497,"signal_diagnostics":{"buy_signals":34,"duplicate_buy_skips":0,"flat_sell_skips":0,"hold_signals":485,"risk_blocked_signals":0,"sell_signals":5,"stop_loss_exits":29,"take_profit_exits":0},"starting_equity":500,"total_return":0.05248542092762909,"trade_analysis":{"average_loss":-2.497734254688158,"average_trade_duration_days":12.910539215686276,"average_win":5.442671111255548,"expectancy":0.7718444254063088,"largest_loss":-6.666837321425741,"largest_win":13.561195749172162,"max_trade_duration_days":31.0,"median_trade_duration_days":11.5,"profit_factor":1.525330315155783,"time_in_market_percent":0.5459397833860187,"total_trades":34,"win_rate":0.4117647058823529}}