{"capital_utilization":{"average_cash_percent":0.766975797511803,"average_exposure_percent":0.233024202488197,"average_leverage":0.233024202488197,"average_position_value":207.38956797895227,"max_exposure_percent":0.40395118742615865},"closed_trades":37,"equity_curve":[],"final_equity":514.0051367125383,"max_drawdown":0.0398771297072548,"open_trades":0,"profit_factor":1.225302136756964,"sharpe":0.31623964666191573,"signal_diagnostics":{"buy_signals":37,"duplicate_buy_skips":0,"flat_sell_skips":0,"hold_signals":479,"risk_blocked_signals":0,"sell_signals":5,"stop_loss_exits":32,"take_profit_exits":0},"starting_equity":500,"total_return":0.02801027342507645,"trade_analysis":{"average_loss":-2.8255263463563876,"average_trade_duration_days":11.566441441441443,"average_win":5.07778108882525,"expectancy":0.3785172084469796,"largest_loss":-4.884866364682275,"largest_win":13.447427407976496,"max_trade_duration_days":31.0,"median_trade_duration_days":9.0,"profit_factor":1.225302136756964,"time_in_market_percent":0.5322589003472044,"total_trades":37,"win_rate":0.40540540540540543}}