{"capital_utilization":{"average_cash_percent":0.8311577376549953,"average_exposure_percent":0.16884226234500463,"average_leverage":0.16884226234500463,"average_position_value":193.95490736412404,"max_exposure_percent":0.40667600716993885},"closed_trades":19,"equity_curve":[],"final_equity":495.53462728499596,"max_drawdown":0.0694188862282433,"open_trades":0,"profit_factor":0.9222603947499871,"sharpe":-0.0692375214604717,"signal_diagnostics":{"buy_signals":19,"duplicate_buy_skips":0,"flat_sell_skips":0,"hold_signals":402,"risk_blocked_signals":0,"sell_signals":7,"stop_loss_exits":11,"take_profit_exits":1},"starting_equity":500,"total_return":-0.008930745430008047,"trade_analysis":{"average_loss":-5.221829629643114,"average_trade_duration_days":12.62938596491228,"average_win":6.621844151383776,"expectancy":-0.2350196165791602,"largest_loss":-7.9879354154205355,"largest_win":10.78796914904883,"max_trade_duration_days":25.0,"median_trade_duration_days":12.0,"profit_factor":0.9222603947499871,"time_in_market_percent":0.37608567883497684,"total_trades":19,"win_rate":0.42105263157894735}}