{"capital_utilization":{"average_cash_percent":0.8377151449995963,"average_exposure_percent":0.16228485500040365,"average_leverage":0.16228485500040365,"average_position_value":203.38960908969898,"max_exposure_percent":0.4135342753158344},"closed_trades":27,"equity_curve":[],"final_equity":535.5299427961284,"max_drawdown":0.16611096080524523,"open_trades":0,"profit_factor":1.2042362035446346,"sharpe":0.30106433263930704,"signal_diagnostics":{"buy_signals":27,"duplicate_buy_skips":0,"flat_sell_skips":0,"hold_signals":498,"risk_blocked_signals":0,"sell_signals":3,"stop_loss_exits":24,"take_profit_exits":0},"starting_equity":500,"total_return":0.07105988559225662,"trade_analysis":{"average_loss":-8.698247954937974,"average_trade_duration_days":10.891975308641976,"average_win":29.927843127841108,"expectancy":1.315923807264011,"largest_loss":-17.72210293463069,"largest_win":78.87524676030516,"max_trade_duration_days":33.0,"median_trade_duration_days":8.0,"profit_factor":1.2042362035446346,"time_in_market_percent":0.36575633518163453,"total_trades":27,"win_rate":0.25925925925925924}}