{"capital_utilization":{"average_cash_percent":0.8931482381212869,"average_exposure_percent":0.10685176187871313,"average_leverage":0.10685176187871313,"average_position_value":200.9226846019819,"max_exposure_percent":0.4073587152005777},"closed_trades":15,"equity_curve":[],"final_equity":524.8290112023118,"max_drawdown":0.03624494735481535,"open_trades":0,"profit_factor":2.140279094583124,"sharpe":0.6298026828150869,"signal_diagnostics":{"buy_signals":15,"duplicate_buy_skips":0,"flat_sell_skips":0,"hold_signals":410,"risk_blocked_signals":0,"sell_signals":4,"stop_loss_exits":10,"take_profit_exits":1},"starting_equity":500,"total_return":0.04965802240462347,"trade_analysis":{"average_loss":-3.1106433654534436,"average_trade_duration_days":9.930555555555554,"average_win":5.825439345060735,"expectancy":1.6552674134874517,"largest_loss":-8.783138935300448,"largest_win":11.407882768426743,"max_trade_duration_days":21.0,"median_trade_duration_days":8.0,"profit_factor":2.140279094583124,"time_in_market_percent":0.2334617645138118,"total_trades":15,"win_rate":0.5333333333333333}}