{"capital_utilization":{"average_cash_percent":0.8456261537482338,"average_exposure_percent":0.1543738462517662,"average_leverage":0.1543738462517662,"average_position_value":195.12023905059652,"max_exposure_percent":0.4115297505273371},"closed_trades":24,"equity_curve":[],"final_equity":499.09160714234486,"max_drawdown":0.09916077911284803,"open_trades":0,"profit_factor":0.9918277082217499,"sharpe":0.022596637336523336,"signal_diagnostics":{"buy_signals":24,"duplicate_buy_skips":0,"flat_sell_skips":0,"hold_signals":392,"risk_blocked_signals":0,"sell_signals":0,"stop_loss_exits":13,"take_profit_exits":11},"starting_equity":500,"total_return":-0.0018167857153102984,"trade_analysis":{"average_loss":-8.550401229157266,"average_trade_duration_days":9.083333333333334,"average_win":10.022438465580846,"expectancy":-0.03784970240229857,"largest_loss":-13.702124823860798,"largest_win":13.975823975521411,"max_trade_duration_days":21.0,"median_trade_duration_days":8.5,"profit_factor":0.9918277082217499,"time_in_market_percent":0.34167047606608764,"total_trades":24,"win_rate":0.4583333333333333}}