{"capital_utilization":{"average_cash_percent":0.9097954766987816,"average_exposure_percent":0.0902045233012184,"average_leverage":0.0902045233012184,"average_position_value":211.88985435153467,"max_exposure_percent":0.4172011120244209},"closed_trades":19,"equity_curve":[],"final_equity":672.6815221772749,"max_drawdown":0.10506064811587341,"open_trades":0,"profit_factor":2.459178772253041,"sharpe":1.1903381390374919,"signal_diagnostics":{"buy_signals":19,"duplicate_buy_skips":0,"flat_sell_skips":0,"hold_signals":514,"risk_blocked_signals":0,"sell_signals":8,"stop_loss_exits":9,"take_profit_exits":2},"starting_equity":500,"total_return":0.3453630443545499,"trade_analysis":{"average_loss":-13.14906450280223,"average_trade_duration_days":8.263157894736842,"average_win":29.102310270249507,"expectancy":9.088501167225,"largest_loss":-22.8343397464843,"largest_win":58.15908249229881,"max_trade_duration_days":18.0,"median_trade_duration_days":8.0,"profit_factor":2.459178772253041,"time_in_market_percent":0.19526351246307716,"total_trades":19,"win_rate":0.5263157894736842}}