{"capital_utilization":{"average_cash_percent":0.7806903880950151,"average_exposure_percent":0.2193096119049849,"average_leverage":0.2193096119049849,"average_position_value":171.948960558332,"max_exposure_percent":0.4217964382698154},"closed_trades":32,"equity_curve":[],"final_equity":360.46368024077583,"max_drawdown":0.3045856223277096,"open_trades":0,"profit_factor":0.48520695752892157,"sharpe":-1.4412934741860226,"signal_diagnostics":{"buy_signals":32,"duplicate_buy_skips":0,"flat_sell_skips":0,"hold_signals":316,"risk_blocked_signals":0,"sell_signals":7,"stop_loss_exits":23,"take_profit_exits":1},"starting_equity":500,"total_return":-0.2790726395184483,"trade_analysis":{"average_loss":-12.320601612272135,"average_trade_duration_days":8.125,"average_win":13.151691571076276,"expectancy":-4.360509992475755,"largest_loss":-22.78635214571152,"largest_win":30.998756213948784,"max_trade_duration_days":18.0,"median_trade_duration_days":7.0,"profit_factor":0.48520695752892157,"time_in_market_percent":0.47101449275362317,"total_trades":32,"win_rate":0.3125}}