{"capital_utilization":{"average_cash_percent":0.7393788029852363,"average_exposure_percent":0.2606211970147637,"average_leverage":0.2606211970147637,"average_position_value":205.49039794087795,"max_exposure_percent":0.4031630000891867},"closed_trades":21,"equity_curve":[],"final_equity":541.101344389351,"max_drawdown":0.024594227353052823,"open_trades":0,"profit_factor":2.6867061058178283,"sharpe":1.0743661607552655,"signal_diagnostics":{"buy_signals":21,"duplicate_buy_skips":0,"flat_sell_skips":0,"hold_signals":511,"risk_blocked_signals":0,"sell_signals":6,"stop_loss_exits":13,"take_profit_exits":2},"starting_equity":500,"total_return":0.08220268877870196,"trade_analysis":{"average_loss":-2.7075351346089516,"average_trade_duration_days":23.664682539682538,"average_win":5.455763383402625,"expectancy":1.9572068756833771,"largest_loss":-3.8451157854971294,"largest_win":13.689115912594277,"max_trade_duration_days":55.958333333333336,"median_trade_duration_days":24.0,"profit_factor":2.6867061058178283,"time_in_market_percent":0.6180753484997669,"total_trades":21,"win_rate":0.5714285714285714}}