{"capital_utilization":{"average_cash_percent":0.8255809226331353,"average_exposure_percent":0.17441907736686466,"average_leverage":0.17441907736686466,"average_position_value":188.83769230188494,"max_exposure_percent":0.40679894113779763},"closed_trades":34,"equity_curve":[],"final_equity":469.3129052560631,"max_drawdown":0.0958693319722415,"open_trades":0,"profit_factor":0.6289945725165994,"sharpe":-0.6350661763305075,"signal_diagnostics":{"buy_signals":34,"duplicate_buy_skips":0,"flat_sell_skips":0,"hold_signals":372,"risk_blocked_signals":0,"sell_signals":10,"stop_loss_exits":23,"take_profit_exits":1},"starting_equity":500,"total_return":-0.061374189487873765,"trade_analysis":{"average_loss":-3.93873004989162,"average_trade_duration_days":6.704656862745098,"average_win":4.002018177214395,"expectancy":-0.9025616101157912,"largest_loss":-8.000767043524212,"largest_win":10.212011223079198,"max_trade_duration_days":21.0,"median_trade_duration_days":4.5,"profit_factor":0.6289945725165994,"time_in_market_percent":0.3572781296937243,"total_trades":34,"win_rate":0.38235294117647056}}