{"capital_utilization":{"average_cash_percent":0.7933300799356957,"average_exposure_percent":0.20666992006430424,"average_leverage":0.20666992006430424,"average_position_value":207.21535002335037,"max_exposure_percent":0.4075313019664799},"closed_trades":28,"equity_curve":[],"final_equity":520.2485591105892,"max_drawdown":0.04949464515695245,"open_trades":0,"profit_factor":1.2960631615785476,"sharpe":0.3500401655163175,"signal_diagnostics":{"buy_signals":28,"duplicate_buy_skips":0,"flat_sell_skips":0,"hold_signals":497,"risk_blocked_signals":0,"sell_signals":0,"stop_loss_exits":28,"take_profit_exits":0},"starting_equity":500,"total_return":0.04049711822117841,"trade_analysis":{"average_loss":-5.699391700357704,"average_trade_duration_days":13.572916666666666,"average_win":5.540078719680104,"expectancy":0.7231628253781869,"largest_loss":-9.398040426455728,"largest_win":20.744985186738703,"max_trade_duration_days":38.0,"median_trade_duration_days":12.0,"profit_factor":1.2960631615785476,"time_in_market_percent":0.4726641446857024,"total_trades":28,"win_rate":0.5714285714285714}}