{"capital_utilization":{"average_cash_percent":0.7641715216214539,"average_exposure_percent":0.23582847837854617,"average_leverage":0.23582847837854617,"average_position_value":215.20028026277697,"max_exposure_percent":0.4052063080803723},"closed_trades":18,"equity_curve":[],"final_equity":544.8367561587379,"max_drawdown":0.04173229771202888,"open_trades":0,"profit_factor":2.4757645211396304,"sharpe":0.8617598883286397,"signal_diagnostics":{"buy_signals":18,"duplicate_buy_skips":0,"flat_sell_skips":0,"hold_signals":517,"risk_blocked_signals":0,"sell_signals":6,"stop_loss_exits":12,"take_profit_exits":0},"starting_equity":500,"total_return":0.08967351231747589,"trade_analysis":{"average_loss":-3.7977566471879953,"average_trade_duration_days":25.386574074074073,"average_win":7.521880933624189,"expectancy":2.490930897707663,"largest_loss":-6.913663399096565,"largest_win":27.158040181931593,"max_trade_duration_days":70.0,"median_trade_duration_days":21.0,"profit_factor":2.4757645211396304,"time_in_market_percent":0.5683266829040784,"total_trades":18,"win_rate":0.5555555555555556}}