{"capital_utilization":{"average_cash_percent":0.8482791329911339,"average_exposure_percent":0.15172086700886617,"average_leverage":0.15172086700886617,"average_position_value":185.5162309525172,"max_exposure_percent":0.4217822064528013},"closed_trades":31,"equity_curve":[],"final_equity":526.9468601949698,"max_drawdown":0.17541974981768688,"open_trades":0,"profit_factor":1.109569841912023,"sharpe":0.23831690199884129,"signal_diagnostics":{"buy_signals":31,"duplicate_buy_skips":0,"flat_sell_skips":0,"hold_signals":491,"risk_blocked_signals":0,"sell_signals":12,"stop_loss_exits":16,"take_profit_exits":3},"starting_equity":500,"total_return":0.05389372038993945,"trade_analysis":{"average_loss":-15.370824058849108,"average_trade_duration_days":8.611559139784946,"average_win":18.192003009103704,"expectancy":0.8692535546764436,"largest_loss":-23.32078451972729,"largest_win":38.0917688717591,"max_trade_duration_days":20.0,"median_trade_duration_days":6.0,"profit_factor":1.109569841912023,"time_in_market_percent":0.3320205213245582,"total_trades":31,"win_rate":0.4838709677419355}}