{"capital_utilization":{"average_cash_percent":0.8534632563206145,"average_exposure_percent":0.1465367436793855,"average_leverage":0.1465367436793855,"average_position_value":172.4645156964033,"max_exposure_percent":0.42219083459089957},"closed_trades":20,"equity_curve":[],"final_equity":411.8857529079861,"max_drawdown":0.2817419218780697,"open_trades":0,"profit_factor":0.5523883611642351,"sharpe":-0.683205195565694,"signal_diagnostics":{"buy_signals":20,"duplicate_buy_skips":0,"flat_sell_skips":0,"hold_signals":400,"risk_blocked_signals":0,"sell_signals":4,"stop_loss_exits":15,"take_profit_exits":1},"starting_equity":500,"total_return":-0.17622849418402775,"trade_analysis":{"average_loss":-16.404519648848286,"average_trade_duration_days":10.4,"average_win":13.592498586770697,"expectancy":-4.405712354600694,"largest_loss":-25.163149068479154,"largest_win":25.166623714584247,"max_trade_duration_days":26.0,"median_trade_duration_days":9.5,"profit_factor":0.5523883611642351,"time_in_market_percent":0.3259975184483772,"total_trades":20,"win_rate":0.4}}