{"capital_utilization":{"average_cash_percent":0.837062045266644,"average_exposure_percent":0.1629379547333561,"average_leverage":0.1629379547333561,"average_position_value":183.15748668237873,"max_exposure_percent":0.40972972921712825},"closed_trades":31,"equity_curve":[],"final_equity":462.322929540966,"max_drawdown":0.13222614316833156,"open_trades":0,"profit_factor":0.6475924344374084,"sharpe":-0.6369859828070172,"signal_diagnostics":{"buy_signals":31,"duplicate_buy_skips":0,"flat_sell_skips":0,"hold_signals":378,"risk_blocked_signals":0,"sell_signals":9,"stop_loss_exits":17,"take_profit_exits":5},"starting_equity":500,"total_return":-0.07535414091806802,"trade_analysis":{"average_loss":-6.289020097391975,"average_trade_duration_days":6.740591397849463,"average_win":4.945447942616397,"expectancy":-1.2153893696462577,"largest_loss":-11.01500947575415,"largest_win":12.54193951780128,"max_trade_duration_days":18.0,"median_trade_duration_days":6.0,"profit_factor":0.6475924344374084,"time_in_market_percent":0.3274995102200745,"total_trades":31,"win_rate":0.45161290322580644}}