{"capital_utilization":{"average_cash_percent":0.9827754676668828,"average_exposure_percent":0.01722453233311716,"average_leverage":0.01722453233311716,"average_position_value":197.4926332461028,"max_exposure_percent":0.41060023086928904},"closed_trades":2,"equity_curve":[],"final_equity":486.8218390246459,"max_drawdown":0.0588834264235492,"open_trades":0,"profit_factor":0.0,"sharpe":-0.3861123101000837,"signal_diagnostics":{"buy_signals":2,"duplicate_buy_skips":0,"flat_sell_skips":0,"hold_signals":436,"risk_blocked_signals":0,"sell_signals":1,"stop_loss_exits":1,"take_profit_exits":0},"starting_equity":500,"total_return":-0.02635632195070825,"trade_analysis":{"average_loss":-6.589080487677053,"average_trade_duration_days":12.5,"average_win":0,"expectancy":-6.589080487677053,"largest_loss":-12.779649167673774,"largest_win":0,"max_trade_duration_days":14.0,"median_trade_duration_days":12.5,"profit_factor":0.0,"time_in_market_percent":0.039182394044276106,"total_trades":2,"win_rate":0.0}}