{"capital_utilization":{"average_cash_percent":0.7299498069376845,"average_exposure_percent":0.2700501930623155,"average_leverage":0.2700501930623155,"average_position_value":217.3946432379147,"max_exposure_percent":0.40580402997830867},"closed_trades":19,"equity_curve":[],"final_equity":579.6765935229863,"max_drawdown":0.04777145670786611,"open_trades":0,"profit_factor":3.682058403593522,"sharpe":1.2728089508939693,"signal_diagnostics":{"buy_signals":19,"duplicate_buy_skips":0,"flat_sell_skips":0,"hold_signals":516,"risk_blocked_signals":0,"sell_signals":4,"stop_loss_exits":14,"take_profit_exits":0},"starting_equity":500,"total_return":0.15935318704597257,"trade_analysis":{"average_loss":-4.24389360352229,"average_trade_duration_days":27.682017543859644,"average_win":9.115320728970191,"expectancy":4.193504922262436,"largest_loss":-7.42587243743286,"largest_win":33.67206114000116,"max_trade_duration_days":97.0,"median_trade_duration_days":20.0,"profit_factor":3.682058403593522,"time_in_market_percent":0.6541431310566409,"total_trades":19,"win_rate":0.631578947368421}}