{"capital_utilization":{"average_cash_percent":0.8418385110627189,"average_exposure_percent":0.1581614889372811,"average_leverage":0.1581614889372811,"average_position_value":187.91795694158841,"max_exposure_percent":0.4228756421966925},"closed_trades":25,"equity_curve":[],"final_equity":548.926197353201,"max_drawdown":0.16943031417624735,"open_trades":0,"profit_factor":1.286075734564748,"sharpe":0.3657979090160565,"signal_diagnostics":{"buy_signals":25,"duplicate_buy_skips":0,"flat_sell_skips":0,"hold_signals":502,"risk_blocked_signals":0,"sell_signals":2,"stop_loss_exits":20,"take_profit_exits":3},"starting_equity":500,"total_return":0.09785239470640206,"trade_analysis":{"average_loss":-13.15579473484535,"average_trade_duration_days":11.718333333333335,"average_win":18.329294075515882,"expectancy":1.9570478941280407,"largest_loss":-24.84837166724207,"largest_win":45.14533049122159,"max_trade_duration_days":27.0,"median_trade_duration_days":10.0,"profit_factor":1.286075734564748,"time_in_market_percent":0.3643571539617558,"total_trades":25,"win_rate":0.48}}