{"capital_utilization":{"average_cash_percent":0.8688721379621087,"average_exposure_percent":0.13112786203789134,"average_leverage":0.13112786203789134,"average_position_value":205.34233378928718,"max_exposure_percent":0.40928370367200223},"closed_trades":32,"equity_curve":[],"final_equity":529.2427957566867,"max_drawdown":0.056363706321245426,"open_trades":0,"profit_factor":1.2830035538874032,"sharpe":0.45542526429596203,"signal_diagnostics":{"buy_signals":32,"duplicate_buy_skips":0,"flat_sell_skips":0,"hold_signals":489,"risk_blocked_signals":0,"sell_signals":7,"stop_loss_exits":22,"take_profit_exits":2},"starting_equity":500,"total_return":0.058485591513373514,"trade_analysis":{"average_loss":-6.078243303474836,"average_trade_duration_days":6.968750000000001,"average_win":8.838195461050594,"expectancy":0.9138373673964592,"largest_loss":-11.568891538469131,"largest_win":18.701712437643348,"max_trade_duration_days":19.041666666666668,"median_trade_duration_days":4.5,"profit_factor":1.2830035538874032,"time_in_market_percent":0.2773488106959632,"total_trades":32,"win_rate":0.46875}}