{"capital_utilization":{"average_cash_percent":0.8966712778638979,"average_exposure_percent":0.10332872213610211,"average_leverage":0.10332872213610211,"average_position_value":204.8429624325344,"max_exposure_percent":0.4172011120244209},"closed_trades":19,"equity_curve":[],"final_equity":643.410312377126,"max_drawdown":0.10506064811587332,"open_trades":0,"profit_factor":2.247819388924608,"sharpe":0.9696925830494789,"signal_diagnostics":{"buy_signals":19,"duplicate_buy_skips":0,"flat_sell_skips":0,"hold_signals":514,"risk_blocked_signals":0,"sell_signals":5,"stop_loss_exits":11,"take_profit_exits":3},"starting_equity":500,"total_return":0.2868206247542522,"trade_analysis":{"average_loss":-12.769860201280098,"average_trade_duration_days":9.631578947368421,"average_win":25.833905418864692,"expectancy":7.547911177743476,"largest_loss":-22.02436767392872,"largest_win":54.73038621811981,"max_trade_duration_days":18.0,"median_trade_duration_days":10.0,"profit_factor":2.247819388924608,"time_in_market_percent":0.22760014510027465,"total_trades":19,"win_rate":0.5263157894736842}}