{"capital_utilization":{"average_cash_percent":0.9454352329801534,"average_exposure_percent":0.0545647670198466,"average_leverage":0.0545647670198466,"average_position_value":207.66482426519087,"max_exposure_percent":0.4071619730785926},"closed_trades":10,"equity_curve":[],"final_equity":538.269513561338,"max_drawdown":0.05154667450981585,"open_trades":0,"profit_factor":2.270928613345647,"sharpe":0.6851398827245289,"signal_diagnostics":{"buy_signals":10,"duplicate_buy_skips":0,"flat_sell_skips":0,"hold_signals":532,"risk_blocked_signals":0,"sell_signals":4,"stop_loss_exits":5,"take_profit_exits":1},"starting_equity":500,"total_return":0.07653902712267602,"trade_analysis":{"average_loss":-6.022291599934274,"average_trade_duration_days":9.495833333333334,"average_win":13.676194312201881,"expectancy":3.826951356133803,"largest_loss":-8.945645646083488,"largest_win":24.691190884675706,"max_trade_duration_days":20.0,"median_trade_duration_days":8.0,"profit_factor":2.270928613345647,"time_in_market_percent":0.1181012592630979,"total_trades":10,"win_rate":0.5}}