{"capital_utilization":{"average_cash_percent":0.8492192736628251,"average_exposure_percent":0.15078072633717488,"average_leverage":0.15078072633717488,"average_position_value":207.89464977318883,"max_exposure_percent":0.4041267168382387},"closed_trades":15,"equity_curve":[],"final_equity":540.5813901326874,"max_drawdown":0.035289815972954934,"open_trades":0,"profit_factor":2.850471929722972,"sharpe":1.215374424907327,"signal_diagnostics":{"buy_signals":15,"duplicate_buy_skips":0,"flat_sell_skips":0,"hold_signals":411,"risk_blocked_signals":0,"sell_signals":4,"stop_loss_exits":10,"take_profit_exits":0},"starting_equity":500,"total_return":0.08116278026537471,"trade_analysis":{"average_loss":-3.1328988861747686,"average_trade_duration_days":14.8,"average_win":7.813960291988851,"expectancy":2.7054260088458277,"largest_loss":-5.260928007584279,"largest_win":13.781393331277526,"max_trade_duration_days":38.0,"median_trade_duration_days":11.0,"profit_factor":2.850471929722972,"time_in_market_percent":0.3479396591131718,"total_trades":15,"win_rate":0.5333333333333333}}