{"capital_utilization":{"average_cash_percent":0.9581271424967961,"average_exposure_percent":0.041872857503203915,"average_leverage":0.041872857503203915,"average_position_value":201.8590164963227,"max_exposure_percent":0.40743688811106243},"closed_trades":6,"equity_curve":[],"final_equity":518.3660796007767,"max_drawdown":0.04344823385425863,"open_trades":0,"profit_factor":1.9357440696982395,"sharpe":0.6004633719861449,"signal_diagnostics":{"buy_signals":6,"duplicate_buy_skips":0,"flat_sell_skips":0,"hold_signals":540,"risk_blocked_signals":0,"sell_signals":1,"stop_loss_exits":3,"take_profit_exits":2},"starting_equity":500,"total_return":0.03673215920155348,"trade_analysis":{"average_loss":-6.542415529885747,"average_trade_duration_days":13.340277777777777,"average_win":12.664442063477999,"expectancy":3.061013266796126,"largest_loss":-9.058895107175298,"largest_win":14.710782254665762,"max_trade_duration_days":22.0,"median_trade_duration_days":14.020833333333332,"profit_factor":1.9357440696982395,"time_in_market_percent":0.09954915271803906,"total_trades":6,"win_rate":0.5}}