{"capital_utilization":{"average_cash_percent":0.8465299028529514,"average_exposure_percent":0.1534700971470486,"average_leverage":0.1534700971470486,"average_position_value":196.25981734096342,"max_exposure_percent":0.409153449959333},"closed_trades":25,"equity_curve":[],"final_equity":523.0286605450257,"max_drawdown":0.09849837169648945,"open_trades":0,"profit_factor":1.2934624778627724,"sharpe":0.433089824528458,"signal_diagnostics":{"buy_signals":25,"duplicate_buy_skips":0,"flat_sell_skips":0,"hold_signals":390,"risk_blocked_signals":0,"sell_signals":2,"stop_loss_exits":13,"take_profit_exits":10},"starting_equity":500,"total_return":0.04605732109005145,"trade_analysis":{"average_loss":-6.036326822568407,"average_trade_duration_days":8.278333333333334,"average_win":8.458409103201252,"expectancy":0.9211464218010289,"largest_loss":-10.453897151503025,"largest_win":13.072034646909716,"max_trade_duration_days":18.0,"median_trade_duration_days":8.0,"profit_factor":1.2934624778627724,"time_in_market_percent":0.3243649186965324,"total_trades":25,"win_rate":0.48}}