{"capital_utilization":{"average_cash_percent":0.7715284856565041,"average_exposure_percent":0.2284715143434959,"average_leverage":0.2284715143434959,"average_position_value":217.32294790011767,"max_exposure_percent":0.4063306972320446},"closed_trades":26,"equity_curve":[],"final_equity":561.011007228572,"max_drawdown":0.06782229910105571,"open_trades":0,"profit_factor":1.9543819348995088,"sharpe":0.8469562524677501,"signal_diagnostics":{"buy_signals":26,"duplicate_buy_skips":0,"flat_sell_skips":0,"hold_signals":501,"risk_blocked_signals":0,"sell_signals":11,"stop_loss_exits":15,"take_profit_exits":0},"starting_equity":500,"total_return":0.122022014457144,"trade_analysis":{"average_loss":-4.26181629510105,"average_trade_duration_days":16.769230769230766,"average_win":11.358022877735245,"expectancy":2.3465772010989214,"largest_loss":-8.345430000449737,"largest_win":25.07124403915489,"max_trade_duration_days":61.0,"median_trade_duration_days":7.0,"profit_factor":1.9543819348995088,"time_in_market_percent":0.542260454993004,"total_trades":26,"win_rate":0.4230769230769231}}