{"capital_utilization":{"average_cash_percent":0.8645056297547768,"average_exposure_percent":0.13549437024522318,"average_leverage":0.13549437024522318,"average_position_value":199.6059836243457,"max_exposure_percent":0.40494408603460846},"closed_trades":9,"equity_curve":[],"final_equity":512.3324579690673,"max_drawdown":0.02949558470451538,"open_trades":0,"profit_factor":1.5768648921279385,"sharpe":0.5720710560613047,"signal_diagnostics":{"buy_signals":9,"duplicate_buy_skips":0,"flat_sell_skips":0,"hold_signals":423,"risk_blocked_signals":0,"sell_signals":0,"stop_loss_exits":6,"take_profit_exits":2},"starting_equity":500,"total_return":0.02466491593813447,"trade_analysis":{"average_loss":-4.2756833141900135,"average_trade_duration_days":22.555555555555557,"average_win":8.427718635004329,"expectancy":1.3702731076741386,"largest_loss":-5.974292661057205,"largest_win":14.749034034296963,"max_trade_duration_days":48.0,"median_trade_duration_days":20.0,"profit_factor":1.5768648921279385,"time_in_market_percent":0.31816103963952197,"total_trades":9,"win_rate":0.4444444444444444}}