{"capital_utilization":{"average_cash_percent":0.7925337639915754,"average_exposure_percent":0.20746623600842462,"average_leverage":0.20746623600842462,"average_position_value":184.59301467875406,"max_exposure_percent":0.409153449959333},"closed_trades":31,"equity_curve":[],"final_equity":478.5308299477599,"max_drawdown":0.13619226305117033,"open_trades":0,"profit_factor":0.766686040478852,"sharpe":-0.2971239079916551,"signal_diagnostics":{"buy_signals":31,"duplicate_buy_skips":0,"flat_sell_skips":0,"hold_signals":378,"risk_blocked_signals":0,"sell_signals":5,"stop_loss_exits":25,"take_profit_exits":1},"starting_equity":500,"total_return":-0.042938340104480166,"trade_analysis":{"average_loss":-5.412845243405392,"average_trade_duration_days":9.129032258064518,"average_win":5.039228506117968,"expectancy":-0.692553872652906,"largest_loss":-10.453897151503025,"largest_win":13.162758384368027,"max_trade_duration_days":23.0,"median_trade_duration_days":7.0,"profit_factor":0.766686040478852,"time_in_market_percent":0.44354470058120565,"total_trades":31,"win_rate":0.45161290322580644}}