{"capital_utilization":{"average_cash_percent":0.9127956112300598,"average_exposure_percent":0.08720438876994023,"average_leverage":0.08720438876994023,"average_position_value":208.95722284849583,"max_exposure_percent":0.40685858888961485},"closed_trades":19,"equity_curve":[],"final_equity":538.3162745312192,"max_drawdown":0.038182001665375304,"open_trades":0,"profit_factor":1.8107753719899387,"sharpe":0.8634474434303676,"signal_diagnostics":{"buy_signals":19,"duplicate_buy_skips":0,"flat_sell_skips":0,"hold_signals":516,"risk_blocked_signals":0,"sell_signals":3,"stop_loss_exits":7,"take_profit_exits":8},"starting_equity":500,"total_return":0.07663254906243844,"trade_analysis":{"average_loss":-5.2509782411779575,"average_trade_duration_days":7.5241228070175445,"average_win":8.557507870182082,"expectancy":2.0166460279589042,"largest_loss":-8.298966768904425,"largest_win":12.200715166830598,"max_trade_duration_days":19.0,"median_trade_duration_days":6.0,"profit_factor":1.8107753719899387,"time_in_market_percent":0.17779965797792405,"total_trades":19,"win_rate":0.5263157894736842}}