{"capital_utilization":{"average_cash_percent":0.8027328871089006,"average_exposure_percent":0.19726711289109938,"average_leverage":0.19726711289109938,"average_position_value":202.04252419515137,"max_exposure_percent":0.41488212730681223},"closed_trades":34,"equity_curve":[],"final_equity":515.326987352025,"max_drawdown":0.21287239527218993,"open_trades":0,"profit_factor":1.0665508110054613,"sharpe":0.16861488094740773,"signal_diagnostics":{"buy_signals":34,"duplicate_buy_skips":0,"flat_sell_skips":0,"hold_signals":485,"risk_blocked_signals":0,"sell_signals":1,"stop_loss_exits":29,"take_profit_exits":3},"starting_equity":500,"total_return":0.030653974704049958,"trade_analysis":{"average_loss":-10.468411019314148,"average_trade_duration_days":10.120098039215685,"average_win":20.46933581474469,"expectancy":0.45079374564779423,"largest_loss":-18.84014806432009,"largest_win":70.4069746409002,"max_trade_duration_days":31.0,"median_trade_duration_days":8.0,"profit_factor":1.0665508110054613,"time_in_market_percent":0.427942167176245,"total_trades":34,"win_rate":0.35294117647058826}}