{"capital_utilization":{"average_cash_percent":0.9037131516303221,"average_exposure_percent":0.0962868483696779,"average_leverage":0.0962868483696779,"average_position_value":204.01084708245563,"max_exposure_percent":0.4089714835208394},"closed_trades":31,"equity_curve":[],"final_equity":506.12349332573143,"max_drawdown":0.0778307720888895,"open_trades":0,"profit_factor":1.0983906687297973,"sharpe":0.17761871536256235,"signal_diagnostics":{"buy_signals":31,"duplicate_buy_skips":0,"flat_sell_skips":0,"hold_signals":490,"risk_blocked_signals":0,"sell_signals":4,"stop_loss_exits":16,"take_profit_exits":11},"starting_equity":500,"total_return":0.012246986651462954,"trade_analysis":{"average_loss":-3.889782819844893,"average_trade_duration_days":4.614247311827957,"average_win":4.557334562883316,"expectancy":0.19753204276553046,"largest_loss":-10.917092778937155,"largest_win":7.880699383597118,"max_trade_duration_days":18.0,"median_trade_duration_days":4.0,"profit_factor":1.0983906687297973,"time_in_market_percent":0.17790330103124838,"total_trades":31,"win_rate":0.4838709677419355}}