{"capital_utilization":{"average_cash_percent":0.8958934454099048,"average_exposure_percent":0.10410655459009517,"average_leverage":0.10410655459009517,"average_position_value":196.71422393466366,"max_exposure_percent":0.40674549810973193},"closed_trades":11,"equity_curve":[],"final_equity":519.9652047227302,"max_drawdown":0.06043013004866017,"open_trades":0,"profit_factor":1.5049319545162536,"sharpe":0.41349725131443815,"signal_diagnostics":{"buy_signals":11,"duplicate_buy_skips":0,"flat_sell_skips":0,"hold_signals":418,"risk_blocked_signals":0,"sell_signals":3,"stop_loss_exits":6,"take_profit_exits":2},"starting_equity":500,"total_return":0.039930409445460224,"trade_analysis":{"average_loss":-6.590064444709086,"average_trade_duration_days":13.727272727272727,"average_win":11.901118278196938,"expectancy":1.8150186111572886,"largest_loss":-8.162255106265823,"largest_win":14.565544990623396,"max_trade_duration_days":32.0,"median_trade_duration_days":10.0,"profit_factor":1.5049319545162536,"time_in_market_percent":0.2366616600274277,"total_trades":11,"win_rate":0.45454545454545453}}