{"capital_utilization":{"average_cash_percent":0.764890492932687,"average_exposure_percent":0.23510950706731298,"average_leverage":0.23510950706731298,"average_position_value":213.17864257769583,"max_exposure_percent":0.40403276319933906},"closed_trades":19,"equity_curve":[],"final_equity":542.931525335797,"max_drawdown":0.03935180847144824,"open_trades":0,"profit_factor":2.359651651592415,"sharpe":0.8355093136431155,"signal_diagnostics":{"buy_signals":19,"duplicate_buy_skips":0,"flat_sell_skips":0,"hold_signals":515,"risk_blocked_signals":0,"sell_signals":6,"stop_loss_exits":13,"take_profit_exits":0},"starting_equity":500,"total_return":0.08586305067159405,"trade_analysis":{"average_loss":-3.5083761904517465,"average_trade_duration_days":23.94517543859649,"average_win":7.450691104986272,"expectancy":2.2595539650419476,"largest_loss":-5.452935201249133,"largest_win":26.705325882347864,"max_trade_duration_days":63.0,"median_trade_duration_days":21.0,"profit_factor":2.359651651592415,"time_in_market_percent":0.5658392496242939,"total_trades":19,"win_rate":0.5263157894736842}}