{"capital_utilization":{"average_cash_percent":0.8982576487075944,"average_exposure_percent":0.10174235129240557,"average_leverage":0.10174235129240557,"average_position_value":204.191518965675,"max_exposure_percent":0.40703215488468836},"closed_trades":13,"equity_curve":[],"final_equity":515.8181368397688,"max_drawdown":0.051494350008833956,"open_trades":0,"profit_factor":1.3824999098782238,"sharpe":0.3091601121299072,"signal_diagnostics":{"buy_signals":13,"duplicate_buy_skips":0,"flat_sell_skips":0,"hold_signals":526,"risk_blocked_signals":0,"sell_signals":6,"stop_loss_exits":7,"take_profit_exits":0},"starting_equity":500,"total_return":0.031636273679537696,"trade_analysis":{"average_loss":-5.907802265815236,"average_trade_duration_days":14.535256410256409,"average_win":9.528792116745919,"expectancy":1.2167797569052965,"largest_loss":-8.888080887127657,"largest_win":15.242440331291762,"max_trade_duration_days":33.0,"median_trade_duration_days":13.0,"profit_factor":1.3824999098782238,"time_in_market_percent":0.23501062341296575,"total_trades":13,"win_rate":0.46153846153846156}}