{"capital_utilization":{"average_cash_percent":0.8857970546292153,"average_exposure_percent":0.11420294537078467,"average_leverage":0.11420294537078467,"average_position_value":199.58893936727617,"max_exposure_percent":0.4059440121074402},"closed_trades":27,"equity_curve":[],"final_equity":496.082420522419,"max_drawdown":0.04901926771333518,"open_trades":0,"profit_factor":0.946524423110768,"sharpe":-0.06242955050285529,"signal_diagnostics":{"buy_signals":27,"duplicate_buy_skips":0,"flat_sell_skips":0,"hold_signals":498,"risk_blocked_signals":0,"sell_signals":11,"stop_loss_exits":16,"take_profit_exits":0},"starting_equity":500,"total_return":-0.007835158955161958,"trade_analysis":{"average_loss":-4.309366350544503,"average_trade_duration_days":6.850308641975308,"average_win":6.934164848167555,"expectancy":-0.14509553620670382,"largest_loss":-7.007384582550675,"largest_win":13.727011795264612,"max_trade_duration_days":17.0,"median_trade_duration_days":6.0,"profit_factor":0.946524423110768,"time_in_market_percent":0.2300357568533969,"total_trades":27,"win_rate":0.37037037037037035}}