{"capital_utilization":{"average_cash_percent":0.8038887975781484,"average_exposure_percent":0.19611120242185162,"average_leverage":0.19611120242185162,"average_position_value":206.78659395155748,"max_exposure_percent":0.4058306855434964},"closed_trades":18,"equity_curve":[],"final_equity":536.2133459772995,"max_drawdown":0.04360319259670336,"open_trades":0,"profit_factor":2.0782304075111373,"sharpe":0.621738767382937,"signal_diagnostics":{"buy_signals":18,"duplicate_buy_skips":0,"flat_sell_skips":0,"hold_signals":516,"risk_blocked_signals":0,"sell_signals":3,"stop_loss_exits":15,"take_profit_exits":0},"starting_equity":500,"total_return":0.07242669195459883,"trade_analysis":{"average_loss":-4.797986685940101,"average_trade_duration_days":20.66898148148148,"average_win":6.345386616261831,"expectancy":2.011852554294413,"largest_loss":-7.326008546179447,"largest_win":16.68236176519704,"max_trade_duration_days":48.0,"median_trade_duration_days":21.5,"profit_factor":2.0782304075111373,"time_in_market_percent":0.4627144115665648,"total_trades":18,"win_rate":0.6111111111111112}}