{"capital_utilization":{"average_cash_percent":0.7977528899719727,"average_exposure_percent":0.20224711002802728,"average_leverage":0.20224711002802728,"average_position_value":193.2840818608971,"max_exposure_percent":0.42285925836708976},"closed_trades":31,"equity_curve":[],"final_equity":603.89654843481,"max_drawdown":0.18603440096133933,"open_trades":0,"profit_factor":1.5403674829143386,"sharpe":0.6148125021726764,"signal_diagnostics":{"buy_signals":31,"duplicate_buy_skips":0,"flat_sell_skips":0,"hold_signals":490,"risk_blocked_signals":0,"sell_signals":6,"stop_loss_exits":23,"take_profit_exits":2},"starting_equity":500,"total_return":0.20779309686962,"trade_analysis":{"average_loss":-12.81801141135407,"average_trade_duration_days":11.935483870967744,"average_win":18.510419975320065,"expectancy":3.3515015624132274,"largest_loss":-25.186531008467984,"largest_win":37.048502673584586,"max_trade_duration_days":27.041666666666668,"median_trade_duration_days":10.0,"profit_factor":1.5403674829143386,"time_in_market_percent":0.4601751567601182,"total_trades":31,"win_rate":0.5161290322580645}}