{"capital_utilization":{"average_cash_percent":0.8741055513060905,"average_exposure_percent":0.12589444869390953,"average_leverage":0.12589444869390953,"average_position_value":192.24187494925445,"max_exposure_percent":0.41717006974521736},"closed_trades":25,"equity_curve":[],"final_equity":590.3600659918081,"max_drawdown":0.14739599733455008,"open_trades":0,"profit_factor":1.572795960849402,"sharpe":0.6379258574000595,"signal_diagnostics":{"buy_signals":25,"duplicate_buy_skips":0,"flat_sell_skips":0,"hold_signals":502,"risk_blocked_signals":0,"sell_signals":7,"stop_loss_exits":15,"take_profit_exits":3},"starting_equity":500,"total_return":0.18072013198361625,"trade_analysis":{"average_loss":-12.134817251076338,"average_trade_duration_days":8.6,"average_win":20.676057521316718,"expectancy":3.614402639672328,"largest_loss":-20.421887624028347,"largest_win":50.77824019788646,"max_trade_duration_days":18.0,"median_trade_duration_days":6.0,"profit_factor":1.572795960849402,"time_in_market_percent":0.2673990775768254,"total_trades":25,"win_rate":0.48}}