family,source path,SHA256,source class,run ID,producer host,evaluation start,evaluation end,terminal marker,metrics available,candidate eligibility,selected/rejected,rejection reason
ridge_policy_v1_control,docs/dream_system/components/DS-24_independent_five_minute_selector/stage_outputs/ds24_p8_r14_e3g_c2_20260824T000000Z/r7_r14_policy_workers/ridge_policy_v1_control/r31_performance_summary.json,be79de7331fdd53291393ff8025f4d86fb3ffb80009f58af43f5876a1da8015b,CURRENT_DS24_TERMINAL_LEGACY,ds24_p8_r14_e3g_c2_r7_r31_20260827T000000Z,DELL,2024-12-31T14:45:00+00:00,2026-06-30T19:00:00+00:00,True,top_n_hit_rate|annualized_return|annualized_volatility|sharpe|maximum_drawdown|win_rate|turnover|total_estimated_transaction_costs,ELIGIBLE_TERMINAL_AUTHORITY,SELECTED,
ridge_policy_v1_control,docs/dream_system/components/DS-24_independent_five_minute_selector/stage_outputs/ds24_p8_r14_e3g_c2_20260824T000000Z/R53B_13_completed_terminal_authority_recovery/R53B_FINAL_13_COMPLETED_MODEL_SCORECARD.csv,d2167474fb815d530ec447f8e8f45f8f555c6dd2fba3b79750cc42386e6c5b40,OLDER_DS24_CAMPAIGN,,DELL,,,False,sharpe|turnover,INELIGIBLE_TRANSFER_NOT_LOCAL,REJECTED,Transfer or source estate missing locally.
ridge_policy_v1_control,docs/dream_system/components/DS-24_independent_five_minute_selector/stage_outputs/ds24_p8_r14_e3g_c2_20260824T000000Z/R53B_13_completed_terminal_authority_recovery/R53B_quarantined_completed_results.csv,5c5a02db3a8a9e23c184887f6d2ce8fe258947123a836689bea8a7928de8569a,OLDER_DS24_CAMPAIGN,,DELL,,,False,sharpe|turnover,INELIGIBLE_TRANSFER_NOT_LOCAL,REJECTED,Transfer or source estate missing locally.
ridge_policy_v1_control,docs/dream_system/components/DS-24_independent_five_minute_selector/stage_outputs/ds24_p8_r14_e2_20260823T000000Z/22_fidelity1_results.csv,ceed978b8539797630028ebe29c8bf312071533d66725eb2e08dfb15f17269d8,OLDER_DS24_CAMPAIGN,,DELL,,,False,mean_spearman_rank_ic,INELIGIBLE_WRONG_OR_LOWER_AUTHORITY_CLASS,REJECTED,Lower-precedence or wrong lineage source rejected.
ridge_policy_v1_control,docs/dream_system/components/DS-24_independent_five_minute_selector/stage_outputs/ds24_p8_r14_e2_20260823T000000Z/22_fidelity1_results.csv,ceed978b8539797630028ebe29c8bf312071533d66725eb2e08dfb15f17269d8,OLDER_DS24_CAMPAIGN,,DELL,,,False,mean_spearman_rank_ic,INELIGIBLE_WRONG_OR_LOWER_AUTHORITY_CLASS,REJECTED,Lower-precedence or wrong lineage source rejected.
ridge_policy_v1_control,docs/dream_system/components/DS-24_independent_five_minute_selector/stage_outputs/ds24_p8_r14_e2_20260823T000000Z/22_fidelity1_results.csv,ceed978b8539797630028ebe29c8bf312071533d66725eb2e08dfb15f17269d8,OLDER_DS24_CAMPAIGN,,DELL,,,False,mean_spearman_rank_ic,INELIGIBLE_WRONG_OR_LOWER_AUTHORITY_CLASS,REJECTED,Lower-precedence or wrong lineage source rejected.
ridge_policy_v1_control,docs/dream_system/components/DS-24_independent_five_minute_selector/stage_outputs/ds24_p8_r14_e2_20260823T000000Z/22_fidelity1_results.csv,ceed978b8539797630028ebe29c8bf312071533d66725eb2e08dfb15f17269d8,OLDER_DS24_CAMPAIGN,,DELL,,,False,mean_spearman_rank_ic,INELIGIBLE_WRONG_OR_LOWER_AUTHORITY_CLASS,REJECTED,Lower-precedence or wrong lineage source rejected.
ridge_policy_v1_control,docs/dream_system/components/DS-24_independent_five_minute_selector/stage_outputs/ds24_p8_r14_e2_20260823T000000Z/22_fidelity1_results.csv,ceed978b8539797630028ebe29c8bf312071533d66725eb2e08dfb15f17269d8,OLDER_DS24_CAMPAIGN,,DELL,,,False,mean_spearman_rank_ic,INELIGIBLE_WRONG_OR_LOWER_AUTHORITY_CLASS,REJECTED,Lower-precedence or wrong lineage source rejected.
ridge_policy_v1_control,docs/dream_system/components/DS-24_independent_five_minute_selector/stage_outputs/ds24_p8_r14_e2_20260823T000000Z/22_fidelity1_results.csv,ceed978b8539797630028ebe29c8bf312071533d66725eb2e08dfb15f17269d8,OLDER_DS24_CAMPAIGN,,DELL,,,False,mean_spearman_rank_ic,INELIGIBLE_WRONG_OR_LOWER_AUTHORITY_CLASS,REJECTED,Lower-precedence or wrong lineage source rejected.
ridge_policy_v1_control,docs/dream_system/components/DS-24_independent_five_minute_selector/stage_outputs/ds24_p8_r14_e3_20260823T000000Z/17_fidelity1_results.csv,ceed978b8539797630028ebe29c8bf312071533d66725eb2e08dfb15f17269d8,OLDER_DS24_CAMPAIGN,,DELL,,,False,mean_spearman_rank_ic,INELIGIBLE_WRONG_OR_LOWER_AUTHORITY_CLASS,REJECTED,Lower-precedence or wrong lineage source rejected.
ridge_policy_v1_control,docs/dream_system/components/DS-24_independent_five_minute_selector/stage_outputs/ds24_p8_r14_e3_20260823T000000Z/17_fidelity1_results.csv,ceed978b8539797630028ebe29c8bf312071533d66725eb2e08dfb15f17269d8,OLDER_DS24_CAMPAIGN,,DELL,,,False,mean_spearman_rank_ic,INELIGIBLE_WRONG_OR_LOWER_AUTHORITY_CLASS,REJECTED,Lower-precedence or wrong lineage source rejected.
ridge_policy_v1_control,docs/dream_system/components/DS-24_independent_five_minute_selector/stage_outputs/ds24_p8_r14_e3_20260823T000000Z/17_fidelity1_results.csv,ceed978b8539797630028ebe29c8bf312071533d66725eb2e08dfb15f17269d8,OLDER_DS24_CAMPAIGN,,DELL,,,False,mean_spearman_rank_ic,INELIGIBLE_WRONG_OR_LOWER_AUTHORITY_CLASS,REJECTED,Lower-precedence or wrong lineage source rejected.
ridge_policy_v1_control,docs/dream_system/components/DS-24_independent_five_minute_selector/stage_outputs/ds24_p8_r14_e3_20260823T000000Z/17_fidelity1_results.csv,ceed978b8539797630028ebe29c8bf312071533d66725eb2e08dfb15f17269d8,OLDER_DS24_CAMPAIGN,,DELL,,,False,mean_spearman_rank_ic,INELIGIBLE_WRONG_OR_LOWER_AUTHORITY_CLASS,REJECTED,Lower-precedence or wrong lineage source rejected.
ridge_policy_v1_control,docs/dream_system/components/DS-24_independent_five_minute_selector/stage_outputs/ds24_p8_r14_e3_20260823T000000Z/17_fidelity1_results.csv,ceed978b8539797630028ebe29c8bf312071533d66725eb2e08dfb15f17269d8,OLDER_DS24_CAMPAIGN,,DELL,,,False,mean_spearman_rank_ic,INELIGIBLE_WRONG_OR_LOWER_AUTHORITY_CLASS,REJECTED,Lower-precedence or wrong lineage source rejected.
ridge_policy_v1_control,docs/dream_system/components/DS-24_independent_five_minute_selector/stage_outputs/ds24_p8_r14_e3_20260823T000000Z/17_fidelity1_results.csv,ceed978b8539797630028ebe29c8bf312071533d66725eb2e08dfb15f17269d8,OLDER_DS24_CAMPAIGN,,DELL,,,False,mean_spearman_rank_ic,INELIGIBLE_WRONG_OR_LOWER_AUTHORITY_CLASS,REJECTED,Lower-precedence or wrong lineage source rejected.
ridge_policy_v1_control,docs/dream_system/components/DS-24_independent_five_minute_selector/stage_outputs/ds24_p8_r14_e3_20260823T000000Z/19_fidelity2_results.csv,492349deb0302764868a023403ca08b8a1b80d03694b987417b3ee4394350345,OLDER_DS24_CAMPAIGN,,DELL,,,False,mean_spearman_rank_ic,INELIGIBLE_WRONG_OR_LOWER_AUTHORITY_CLASS,REJECTED,Lower-precedence or wrong lineage source rejected.
ridge_policy_v1_control,docs/dream_system/components/DS-24_independent_five_minute_selector/stage_outputs/ds24_p8_r14_e3_20260823T000000Z/19_fidelity2_results.csv,492349deb0302764868a023403ca08b8a1b80d03694b987417b3ee4394350345,OLDER_DS24_CAMPAIGN,,DELL,,,False,mean_spearman_rank_ic,INELIGIBLE_WRONG_OR_LOWER_AUTHORITY_CLASS,REJECTED,Lower-precedence or wrong lineage source rejected.
ridge_policy_v1_control,docs/dream_system/components/DS-24_independent_five_minute_selector/stage_outputs/ds24_p8_r14_e3_20260823T000000Z/19_fidelity2_results.csv,492349deb0302764868a023403ca08b8a1b80d03694b987417b3ee4394350345,OLDER_DS24_CAMPAIGN,,DELL,,,False,mean_spearman_rank_ic,INELIGIBLE_WRONG_OR_LOWER_AUTHORITY_CLASS,REJECTED,Lower-precedence or wrong lineage source rejected.
ridge_policy_v1_control,docs/dream_system/components/DS-24_independent_five_minute_selector/stage_outputs/ds24_p8_r14_e3_20260823T000000Z/21_fidelity3_results.csv,6887f617593ae8c74448f300bc7fbf6b943ef8e10d57e827a9734a6512576af2,OLDER_DS24_CAMPAIGN,,DELL,,,False,mean_spearman_rank_ic,INELIGIBLE_WRONG_OR_LOWER_AUTHORITY_CLASS,REJECTED,Lower-precedence or wrong lineage source rejected.
ridge_policy_v1_control,docs/dream_system/components/DS-24_independent_five_minute_selector/stage_outputs/ds24_p8_r14_e3_20260823T000000Z/21_fidelity3_results.csv,6887f617593ae8c74448f300bc7fbf6b943ef8e10d57e827a9734a6512576af2,OLDER_DS24_CAMPAIGN,,DELL,,,False,mean_spearman_rank_ic,INELIGIBLE_WRONG_OR_LOWER_AUTHORITY_CLASS,REJECTED,Lower-precedence or wrong lineage source rejected.
ridge_policy_v1_control,docs/dream_system/components/DS-24_independent_five_minute_selector/stage_outputs/ds24_p8_r14_e3e_20260823T000000Z/20_f1_results_v2.csv,e53c180bbc1d1500efcf5cf382125ecda1ac3233dc36d25fa9c752a6bbc22d88,OLDER_DS24_CAMPAIGN,,DELL,,,False,mean_spearman_rank_ic,INELIGIBLE_WRONG_OR_LOWER_AUTHORITY_CLASS,REJECTED,Lower-precedence or wrong lineage source rejected.
ridge_policy_v1_control,docs/dream_system/components/DS-24_independent_five_minute_selector/stage_outputs/ds24_p8_r14_e3e_20260823T000000Z/22_f2_results_v2.csv,fd92bdf3ddb92ef8a65dde84ed781fbf466f3decd5705bd5f78a06af0beb177c,OLDER_DS24_CAMPAIGN,,DELL,,,False,mean_spearman_rank_ic,INELIGIBLE_WRONG_OR_LOWER_AUTHORITY_CLASS,REJECTED,Lower-precedence or wrong lineage source rejected.
ridge_policy_v1_control,docs/dream_system/components/DS-24_independent_five_minute_selector/stage_outputs/ds24_p8_r14_e3e_20260823T000000Z/24_f3_results_v2.csv,c6e286496a3a2b452561610b54f52d5951085c5bf192c00439e739790f915e46,OLDER_DS24_CAMPAIGN,,DELL,,,False,mean_spearman_rank_ic,INELIGIBLE_WRONG_OR_LOWER_AUTHORITY_CLASS,REJECTED,Lower-precedence or wrong lineage source rejected.
ridge_policy_v1_control,docs/dream_system/components/DS-24_independent_five_minute_selector/stage_outputs/ds24_p8_r14_e3f_20260823T000000Z/40_f1_results_v2.csv,feb365eb49e3390b2983cd3449e8f1f06d6f12b94f5257740cf78508bf5fea3f,OLDER_DS24_CAMPAIGN,,DELL,2021-01-01T00:00:00+00:00,2022-12-31T23:59:59+00:00,False,mean_spearman_rank_ic,INELIGIBLE_WRONG_OR_LOWER_AUTHORITY_CLASS,REJECTED,Lower-precedence or wrong lineage source rejected.
ridge_policy_v1_control,docs/dream_system/components/DS-24_independent_five_minute_selector/stage_outputs/ds24_p8_r14_e3f_20260823T000000Z/42_f2_results_v2.csv,21750ed8b8eb01b9106ba22de19872d3459e5cd11c4d6a0cd4db73723dc406c1,OLDER_DS24_CAMPAIGN,,DELL,2021-01-01T00:00:00+00:00,2022-12-31T23:59:59+00:00,False,mean_spearman_rank_ic,INELIGIBLE_WRONG_OR_LOWER_AUTHORITY_CLASS,REJECTED,Lower-precedence or wrong lineage source rejected.
ridge_policy_v1_control,docs/dream_system/components/DS-24_independent_five_minute_selector/stage_outputs/ds24_p8_r14_e3f_20260823T000000Z/44_f3_results_v2.csv,87035330c8850d97a10091e430c2b35b44cb50d169a308ff55585e0f93c58f6a,OLDER_DS24_CAMPAIGN,,DELL,2021-01-01T00:00:00+00:00,2023-12-31T23:59:59+00:00,False,mean_spearman_rank_ic,INELIGIBLE_WRONG_OR_LOWER_AUTHORITY_CLASS,REJECTED,Lower-precedence or wrong lineage source rejected.
ridge_policy_v1_control,docs/dream_system/components/DS-24_independent_five_minute_selector/stage_outputs/ds24_p8_r14_e3g_c1_20260823T000000Z/19_tabular_scale_results.csv,5c1378aba59a29ffd71efb53581720ce871950c28bfe8f60d45f531d5f86dd0a,OLDER_DS24_CAMPAIGN,,DELL,2019-01-01T00:00:00+00:00,2023-12-31T23:59:59+00:00,False,mean_spearman_rank_ic,INELIGIBLE_WRONG_OR_LOWER_AUTHORITY_CLASS,REJECTED,Lower-precedence or wrong lineage source rejected.
ridge_policy_v1_control,docs/dream_system/components/DS-24_independent_five_minute_selector/stage_outputs/ds24_p8_r14_e3g_c1_20260823T000000Z/31_scale_stability_results.csv,c27931c0584338c1ee8b1a0997735945023986bbd3e95bc21696d6b5c6ff8b3a,OLDER_DS24_CAMPAIGN,,DELL,,,False,mean_spearman_rank_ic,INELIGIBLE_WRONG_OR_LOWER_AUTHORITY_CLASS,REJECTED,Lower-precedence or wrong lineage source rejected.
ridge_policy_v1_control,docs/dream_system/components/DS-24_independent_five_minute_selector/stage_outputs/ds24_p8_r14_e3g_c2_20260824T000000Z/R53B_13_completed_terminal_authority_recovery/R53B_candidate_result_inventory.csv,c2d0838f916e260f1d787d88362e46ec7f61c6274ffac329c072aa9dbe788719,OLDER_DS24_CAMPAIGN,,DELL,,,False,,INELIGIBLE_WRONG_OR_LOWER_AUTHORITY_CLASS,REJECTED,Lower-precedence or wrong lineage source rejected.
ridge_policy_v1_control,docs/dream_system/components/DS-24_independent_five_minute_selector/stage_outputs/ds24_p8_r14_e3g_c2_20260824T000000Z/R53B_13_completed_terminal_authority_recovery/R53B_candidate_result_inventory.csv,c2d0838f916e260f1d787d88362e46ec7f61c6274ffac329c072aa9dbe788719,OLDER_DS24_CAMPAIGN,,DELL,,,False,,INELIGIBLE_TRANSFER_NOT_LOCAL,REJECTED,Transfer or source estate missing locally.
ridge_policy_v1_control,docs/dream_system/components/DS-24_independent_five_minute_selector/stage_outputs/ds24_p8_r14_e3g_c2_20260824T000000Z/R53B_13_completed_terminal_authority_recovery/R53B_candidate_result_inventory.csv,c2d0838f916e260f1d787d88362e46ec7f61c6274ffac329c072aa9dbe788719,OLDER_DS24_CAMPAIGN,,DELL,,,False,,INELIGIBLE_TRANSFER_NOT_LOCAL,REJECTED,Transfer or source estate missing locally.
ridge_policy_v1_control,docs/dream_system/components/DS-24_independent_five_minute_selector/stage_outputs/ds24_p8_r14_e3g_c2_20260824T000000Z/R53B_13_completed_terminal_authority_recovery/R53B_candidate_result_inventory.csv,c2d0838f916e260f1d787d88362e46ec7f61c6274ffac329c072aa9dbe788719,OLDER_DS24_CAMPAIGN,,DELL,,,False,,INELIGIBLE_WRONG_OR_LOWER_AUTHORITY_CLASS,REJECTED,Lower-precedence or wrong lineage source rejected.
ridge_policy_v1_control,docs/dream_system/components/DS-24_independent_five_minute_selector/stage_outputs/ds24_p8_r14_e3g_c2_20260824T000000Z/R53B_13_completed_terminal_authority_recovery/R53B_candidate_result_inventory.csv,c2d0838f916e260f1d787d88362e46ec7f61c6274ffac329c072aa9dbe788719,OLDER_DS24_CAMPAIGN,,DELL,,,False,,INELIGIBLE_WRONG_OR_LOWER_AUTHORITY_CLASS,REJECTED,Lower-precedence or wrong lineage source rejected.
ridge_policy_v1_control,docs/dream_system/components/DS-24_independent_five_minute_selector/stage_outputs/ds24_p8_r14_e3g_c2_20260824T000000Z/R53B_13_completed_terminal_authority_recovery/R53B_candidate_result_inventory.csv,c2d0838f916e260f1d787d88362e46ec7f61c6274ffac329c072aa9dbe788719,OLDER_DS24_CAMPAIGN,,DELL,,,False,,INELIGIBLE_WRONG_OR_LOWER_AUTHORITY_CLASS,REJECTED,Lower-precedence or wrong lineage source rejected.
ridge_policy_v1_control,docs/dream_system/components/DS-24_independent_five_minute_selector/stage_outputs/ds24_p8_r14_e3g_c2_20260824T000000Z/R53B_13_completed_terminal_authority_recovery/R53B_candidate_result_inventory.csv,c2d0838f916e260f1d787d88362e46ec7f61c6274ffac329c072aa9dbe788719,OLDER_DS24_CAMPAIGN,,DELL,,,False,,INELIGIBLE_WRONG_OR_LOWER_AUTHORITY_CLASS,REJECTED,Lower-precedence or wrong lineage source rejected.
ridge_policy_v1_control,docs/dream_system/components/DS-24_independent_five_minute_selector/stage_outputs/ds24_p8_r14_e3g_c2_20260824T000000Z/R53B_13_completed_terminal_authority_recovery/R53B_candidate_result_inventory.csv,c2d0838f916e260f1d787d88362e46ec7f61c6274ffac329c072aa9dbe788719,OLDER_DS24_CAMPAIGN,,DELL,,,False,,INELIGIBLE_WRONG_OR_LOWER_AUTHORITY_CLASS,REJECTED,Lower-precedence or wrong lineage source rejected.
ridge_policy_v1_control,docs/dream_system/components/DS-24_independent_five_minute_selector/stage_outputs/ds24_p8_r14_e3g_c2_20260824T000000Z/R53B_13_completed_terminal_authority_recovery/R53B_candidate_result_inventory.csv,c2d0838f916e260f1d787d88362e46ec7f61c6274ffac329c072aa9dbe788719,OLDER_DS24_CAMPAIGN,,DELL,,,False,,INELIGIBLE_WRONG_OR_LOWER_AUTHORITY_CLASS,REJECTED,Lower-precedence or wrong lineage source rejected.
ridge_policy_v1_control,docs/dream_system/components/DS-24_independent_five_minute_selector/stage_outputs/ds24_p8_r14_e3g_c2_20260824T000000Z/R53B_13_completed_terminal_authority_recovery/R53B_candidate_result_inventory.csv,c2d0838f916e260f1d787d88362e46ec7f61c6274ffac329c072aa9dbe788719,OLDER_DS24_CAMPAIGN,,DELL,,,False,,INELIGIBLE_WRONG_OR_LOWER_AUTHORITY_CLASS,REJECTED,Lower-precedence or wrong lineage source rejected.
ridge_policy_v1_control,docs/dream_system/components/DS-24_independent_five_minute_selector/stage_outputs/ds24_p8_r14_e3g_c2_20260824T000000Z/R53B_13_completed_terminal_authority_recovery/R53B_candidate_result_inventory.csv,c2d0838f916e260f1d787d88362e46ec7f61c6274ffac329c072aa9dbe788719,OLDER_DS24_CAMPAIGN,,DELL,,,False,,INELIGIBLE_WRONG_OR_LOWER_AUTHORITY_CLASS,REJECTED,Lower-precedence or wrong lineage source rejected.
ridge_policy_v1_control,docs/dream_system/components/DS-24_independent_five_minute_selector/stage_outputs/ds24_p8_r14_e3g_c2_20260824T000000Z/R53B_13_completed_terminal_authority_recovery/R53B_candidate_result_inventory.csv,c2d0838f916e260f1d787d88362e46ec7f61c6274ffac329c072aa9dbe788719,OLDER_DS24_CAMPAIGN,,DELL,,,False,,INELIGIBLE_WRONG_OR_LOWER_AUTHORITY_CLASS,REJECTED,Lower-precedence or wrong lineage source rejected.
ridge_policy_v1_control,docs/dream_system/components/DS-24_independent_five_minute_selector/stage_outputs/ds24_p8_r14_e3g_c2_20260824T000000Z/R53B_13_completed_terminal_authority_recovery/R53B_candidate_result_inventory.csv,c2d0838f916e260f1d787d88362e46ec7f61c6274ffac329c072aa9dbe788719,OLDER_DS24_CAMPAIGN,,DELL,,,False,,INELIGIBLE_WRONG_OR_LOWER_AUTHORITY_CLASS,REJECTED,Lower-precedence or wrong lineage source rejected.
ridge_policy_v1_control,docs/dream_system/components/DS-24_independent_five_minute_selector/stage_outputs/ds24_p8_r14_e3g_c2_20260824T000000Z/R53B_13_completed_terminal_authority_recovery/R53B_candidate_result_inventory.csv,c2d0838f916e260f1d787d88362e46ec7f61c6274ffac329c072aa9dbe788719,OLDER_DS24_CAMPAIGN,,DELL,,,False,,INELIGIBLE_WRONG_OR_LOWER_AUTHORITY_CLASS,REJECTED,Lower-precedence or wrong lineage source rejected.
ridge_policy_v1_control,docs/dream_system/components/DS-24_independent_five_minute_selector/stage_outputs/ds24_p8_r14_e3g_c2_20260824T000000Z/R53B_13_completed_terminal_authority_recovery/R53B_candidate_result_inventory.csv,c2d0838f916e260f1d787d88362e46ec7f61c6274ffac329c072aa9dbe788719,OLDER_DS24_CAMPAIGN,,DELL,,,False,,INELIGIBLE_WRONG_OR_LOWER_AUTHORITY_CLASS,REJECTED,Lower-precedence or wrong lineage source rejected.
ridge_policy_v1_control,docs/dream_system/components/DS-24_independent_five_minute_selector/stage_outputs/ds24_p8_r14_e3g_c2_20260824T000000Z/R53B_13_completed_terminal_authority_recovery/R53B_candidate_result_inventory.csv,c2d0838f916e260f1d787d88362e46ec7f61c6274ffac329c072aa9dbe788719,OLDER_DS24_CAMPAIGN,,DELL,,,False,,INELIGIBLE_WRONG_OR_LOWER_AUTHORITY_CLASS,REJECTED,Lower-precedence or wrong lineage source rejected.
ridge_policy_v1_control,docs/dream_system/components/DS-24_independent_five_minute_selector/stage_outputs/ds24_p8_r14_e3g_c2_20260824T000000Z/R53B_13_completed_terminal_authority_recovery/R53B_candidate_result_inventory.csv,c2d0838f916e260f1d787d88362e46ec7f61c6274ffac329c072aa9dbe788719,OLDER_DS24_CAMPAIGN,,DELL,,,False,,INELIGIBLE_WRONG_OR_LOWER_AUTHORITY_CLASS,REJECTED,Lower-precedence or wrong lineage source rejected.
ridge_policy_v1_control,docs/dream_system/components/DS-24_independent_five_minute_selector/stage_outputs/ds24_p8_r14_e3g_c2_20260824T000000Z/R53B_13_completed_terminal_authority_recovery/R53B_candidate_result_inventory.csv,c2d0838f916e260f1d787d88362e46ec7f61c6274ffac329c072aa9dbe788719,OLDER_DS24_CAMPAIGN,,DELL,,,False,,INELIGIBLE_WRONG_OR_LOWER_AUTHORITY_CLASS,REJECTED,Lower-precedence or wrong lineage source rejected.
ridge_policy_v1_control,docs/dream_system/components/DS-24_independent_five_minute_selector/stage_outputs/ds24_p8_r14_e3g_c2_20260824T000000Z/R53B_13_completed_terminal_authority_recovery/R53B_candidate_result_inventory.csv,c2d0838f916e260f1d787d88362e46ec7f61c6274ffac329c072aa9dbe788719,OLDER_DS24_CAMPAIGN,,DELL,,,False,,INELIGIBLE_WRONG_OR_LOWER_AUTHORITY_CLASS,REJECTED,Lower-precedence or wrong lineage source rejected.
ridge_policy_v1_control,docs/dream_system/components/DS-24_independent_five_minute_selector/stage_outputs/ds24_p8_r14_e3g_c2_20260824T000000Z/R53B_13_completed_terminal_authority_recovery/R53B_candidate_result_inventory.csv,c2d0838f916e260f1d787d88362e46ec7f61c6274ffac329c072aa9dbe788719,OLDER_DS24_CAMPAIGN,,DELL,,,False,,INELIGIBLE_WRONG_OR_LOWER_AUTHORITY_CLASS,REJECTED,Lower-precedence or wrong lineage source rejected.
ridge_policy_v1_control,docs/dream_system/components/DS-24_independent_five_minute_selector/stage_outputs/ds24_p8_r14_e3g_c2_20260824T000000Z/R53B_13_completed_terminal_authority_recovery/R53B_candidate_result_inventory.csv,c2d0838f916e260f1d787d88362e46ec7f61c6274ffac329c072aa9dbe788719,OLDER_DS24_CAMPAIGN,,DELL,,,False,,INELIGIBLE_WRONG_OR_LOWER_AUTHORITY_CLASS,REJECTED,Lower-precedence or wrong lineage source rejected.
ridge_policy_v1_control,docs/dream_system/components/DS-24_independent_five_minute_selector/stage_outputs/ds24_p8_r14_e3g_c2_20260824T000000Z/R53B_13_completed_terminal_authority_recovery/R53B_candidate_result_inventory.csv,c2d0838f916e260f1d787d88362e46ec7f61c6274ffac329c072aa9dbe788719,OLDER_DS24_CAMPAIGN,,DELL,,,False,,INELIGIBLE_WRONG_OR_LOWER_AUTHORITY_CLASS,REJECTED,Lower-precedence or wrong lineage source rejected.
ridge_policy_v1_control,docs/dream_system/components/DS-24_independent_five_minute_selector/stage_outputs/ds24_p8_r14_e3g_c2_20260824T000000Z/R53B_13_completed_terminal_authority_recovery/R53B_candidate_result_inventory.csv,c2d0838f916e260f1d787d88362e46ec7f61c6274ffac329c072aa9dbe788719,OLDER_DS24_CAMPAIGN,,DELL,,,False,,INELIGIBLE_WRONG_OR_LOWER_AUTHORITY_CLASS,REJECTED,Lower-precedence or wrong lineage source rejected.
ridge_policy_v1_control,docs/dream_system/components/DS-24_independent_five_minute_selector/stage_outputs/ds24_p8_r14_e3g_c2_20260824T000000Z/R53B_13_completed_terminal_authority_recovery/R53B_candidate_result_inventory.csv,c2d0838f916e260f1d787d88362e46ec7f61c6274ffac329c072aa9dbe788719,OLDER_DS24_CAMPAIGN,,DELL,,,False,,INELIGIBLE_WRONG_OR_LOWER_AUTHORITY_CLASS,REJECTED,Lower-precedence or wrong lineage source rejected.
ridge_policy_v1_control,docs/dream_system/components/DS-24_independent_five_minute_selector/stage_outputs/ds24_p8_r14_e3g_c2_20260824T000000Z/R53B_13_completed_terminal_authority_recovery/R53B_candidate_result_inventory.csv,c2d0838f916e260f1d787d88362e46ec7f61c6274ffac329c072aa9dbe788719,OLDER_DS24_CAMPAIGN,,DELL,,,False,,INELIGIBLE_WRONG_OR_LOWER_AUTHORITY_CLASS,REJECTED,Lower-precedence or wrong lineage source rejected.
ridge_policy_v1_control,docs/dream_system/components/DS-24_independent_five_minute_selector/stage_outputs/ds24_p8_r14_e3g_c2_20260824T000000Z/R53B_13_completed_terminal_authority_recovery/R53B_candidate_result_inventory.csv,c2d0838f916e260f1d787d88362e46ec7f61c6274ffac329c072aa9dbe788719,OLDER_DS24_CAMPAIGN,,DELL,,,False,,INELIGIBLE_WRONG_OR_LOWER_AUTHORITY_CLASS,REJECTED,Lower-precedence or wrong lineage source rejected.
ridge_policy_v1_control,docs/dream_system/components/DS-24_independent_five_minute_selector/stage_outputs/ds24_p8_r14_e3g_c2_20260824T000000Z/R53B_13_completed_terminal_authority_recovery/R53B_candidate_result_inventory.csv,c2d0838f916e260f1d787d88362e46ec7f61c6274ffac329c072aa9dbe788719,OLDER_DS24_CAMPAIGN,,DELL,,,False,,INELIGIBLE_WRONG_OR_LOWER_AUTHORITY_CLASS,REJECTED,Lower-precedence or wrong lineage source rejected.
ridge_policy_v1_control,docs/dream_system/components/DS-24_independent_five_minute_selector/stage_outputs/ds24_p8_r14_e3g_c2_20260824T000000Z/R53B_13_completed_terminal_authority_recovery/R53B_candidate_result_inventory.csv,c2d0838f916e260f1d787d88362e46ec7f61c6274ffac329c072aa9dbe788719,OLDER_DS24_CAMPAIGN,,DELL,,,False,,INELIGIBLE_WRONG_OR_LOWER_AUTHORITY_CLASS,REJECTED,Lower-precedence or wrong lineage source rejected.
ridge_policy_v1_control,docs/dream_system/components/DS-24_independent_five_minute_selector/stage_outputs/ds24_p8_r14_e3g_c2_20260824T000000Z/R53B_13_completed_terminal_authority_recovery/R53B_candidate_result_inventory.csv,c2d0838f916e260f1d787d88362e46ec7f61c6274ffac329c072aa9dbe788719,OLDER_DS24_CAMPAIGN,,DELL,,,False,,INELIGIBLE_WRONG_OR_LOWER_AUTHORITY_CLASS,REJECTED,Lower-precedence or wrong lineage source rejected.
ridge_policy_v1_control,docs/dream_system/components/DS-24_independent_five_minute_selector/stage_outputs/ds24_p8_r14_e3g_c2_20260824T000000Z/R53B_13_completed_terminal_authority_recovery/R53B_candidate_result_inventory.csv,c2d0838f916e260f1d787d88362e46ec7f61c6274ffac329c072aa9dbe788719,OLDER_DS24_CAMPAIGN,,DELL,,,False,,INELIGIBLE_WRONG_OR_LOWER_AUTHORITY_CLASS,REJECTED,Lower-precedence or wrong lineage source rejected.
ridge_policy_v1_control,docs/dream_system/components/DS-24_independent_five_minute_selector/stage_outputs/ds24_p8_r14_e3g_c2_20260824T000000Z/R53B_13_completed_terminal_authority_recovery/R53B_candidate_result_inventory.csv,c2d0838f916e260f1d787d88362e46ec7f61c6274ffac329c072aa9dbe788719,OLDER_DS24_CAMPAIGN,,DELL,,,False,,INELIGIBLE_WRONG_OR_LOWER_AUTHORITY_CLASS,REJECTED,Lower-precedence or wrong lineage source rejected.
ridge_policy_v1_control,docs/dream_system/components/DS-24_independent_five_minute_selector/stage_outputs/ds24_p8_r14_e3g_c2_20260824T000000Z/R53B_13_completed_terminal_authority_recovery/R53B_candidate_result_inventory.csv,c2d0838f916e260f1d787d88362e46ec7f61c6274ffac329c072aa9dbe788719,OLDER_DS24_CAMPAIGN,,DELL,,,False,,INELIGIBLE_WRONG_OR_LOWER_AUTHORITY_CLASS,REJECTED,Lower-precedence or wrong lineage source rejected.
ridge_policy_v1_control,docs/dream_system/components/DS-24_independent_five_minute_selector/stage_outputs/ds24_p8_r14_e3g_c2_20260824T000000Z/R53B_13_completed_terminal_authority_recovery/R53B_candidate_result_inventory.csv,c2d0838f916e260f1d787d88362e46ec7f61c6274ffac329c072aa9dbe788719,OLDER_DS24_CAMPAIGN,,DELL,,,False,,INELIGIBLE_WRONG_OR_LOWER_AUTHORITY_CLASS,REJECTED,Lower-precedence or wrong lineage source rejected.
ridge_policy_v1_control,docs/dream_system/components/DS-24_independent_five_minute_selector/stage_outputs/ds24_p8_r14_e3g_c2_20260824T000000Z/R53B_13_completed_terminal_authority_recovery/R53B_candidate_result_inventory.csv,c2d0838f916e260f1d787d88362e46ec7f61c6274ffac329c072aa9dbe788719,OLDER_DS24_CAMPAIGN,,DELL,,,False,,INELIGIBLE_WRONG_OR_LOWER_AUTHORITY_CLASS,REJECTED,Lower-precedence or wrong lineage source rejected.
ridge_policy_v1_control,docs/dream_system/components/DS-24_independent_five_minute_selector/stage_outputs/ds24_p8_r14_e3g_c2_20260824T000000Z/R53B_13_completed_terminal_authority_recovery/R53B_candidate_result_inventory.csv,c2d0838f916e260f1d787d88362e46ec7f61c6274ffac329c072aa9dbe788719,OLDER_DS24_CAMPAIGN,,DELL,,,False,,INELIGIBLE_WRONG_OR_LOWER_AUTHORITY_CLASS,REJECTED,Lower-precedence or wrong lineage source rejected.
ridge_policy_v1_control,docs/dream_system/components/DS-24_independent_five_minute_selector/stage_outputs/ds24_p8_r14_e3g_c2_20260824T000000Z/R53B_13_completed_terminal_authority_recovery/R53B_candidate_result_inventory.csv,c2d0838f916e260f1d787d88362e46ec7f61c6274ffac329c072aa9dbe788719,OLDER_DS24_CAMPAIGN,,DELL,,,False,,INELIGIBLE_WRONG_OR_LOWER_AUTHORITY_CLASS,REJECTED,Lower-precedence or wrong lineage source rejected.
ridge_policy_v1_control,docs/dream_system/components/DS-24_independent_five_minute_selector/stage_outputs/ds24_p8_r14_e3g_c2_20260824T000000Z/R53B_13_completed_terminal_authority_recovery/R53B_candidate_result_inventory.csv,c2d0838f916e260f1d787d88362e46ec7f61c6274ffac329c072aa9dbe788719,OLDER_DS24_CAMPAIGN,,DELL,,,False,,INELIGIBLE_WRONG_OR_LOWER_AUTHORITY_CLASS,REJECTED,Lower-precedence or wrong lineage source rejected.
ridge_policy_v1_control,docs/dream_system/components/DS-24_independent_five_minute_selector/stage_outputs/ds24_p8_r14_e3g_c2_20260824T000000Z/R53B_13_completed_terminal_authority_recovery/R53B_candidate_result_inventory.csv,c2d0838f916e260f1d787d88362e46ec7f61c6274ffac329c072aa9dbe788719,OLDER_DS24_CAMPAIGN,,DELL,,,False,,INELIGIBLE_WRONG_OR_LOWER_AUTHORITY_CLASS,REJECTED,Lower-precedence or wrong lineage source rejected.
ridge_policy_v1_control,docs/dream_system/components/DS-24_independent_five_minute_selector/stage_outputs/ds24_p8_r14_e3g_c2_20260824T000000Z/R53B_13_completed_terminal_authority_recovery/R53B_candidate_result_inventory.csv,c2d0838f916e260f1d787d88362e46ec7f61c6274ffac329c072aa9dbe788719,OLDER_DS24_CAMPAIGN,,DELL,,,False,,INELIGIBLE_WRONG_OR_LOWER_AUTHORITY_CLASS,REJECTED,Lower-precedence or wrong lineage source rejected.
ridge_policy_v1_control,docs/dream_system/components/DS-24_independent_five_minute_selector/stage_outputs/ds24_p8_r14_e3g_c2_20260824T000000Z/R53B_13_completed_terminal_authority_recovery/R53B_candidate_result_inventory.csv,c2d0838f916e260f1d787d88362e46ec7f61c6274ffac329c072aa9dbe788719,OLDER_DS24_CAMPAIGN,,DELL,,,False,,INELIGIBLE_WRONG_OR_LOWER_AUTHORITY_CLASS,REJECTED,Lower-precedence or wrong lineage source rejected.
ridge_policy_v1_control,docs/dream_system/components/DS-24_independent_five_minute_selector/stage_outputs/ds24_p8_r14_e3g_c2_20260824T000000Z/R53B_13_completed_terminal_authority_recovery/R53B_candidate_result_inventory.csv,c2d0838f916e260f1d787d88362e46ec7f61c6274ffac329c072aa9dbe788719,OLDER_DS24_CAMPAIGN,,DELL,,,False,,INELIGIBLE_WRONG_OR_LOWER_AUTHORITY_CLASS,REJECTED,Lower-precedence or wrong lineage source rejected.
ridge_policy_v1_control,docs/dream_system/components/DS-24_independent_five_minute_selector/stage_outputs/ds24_p8_r14_e3g_c2_20260824T000000Z/R53B_13_completed_terminal_authority_recovery/R53B_candidate_result_inventory.csv,c2d0838f916e260f1d787d88362e46ec7f61c6274ffac329c072aa9dbe788719,OLDER_DS24_CAMPAIGN,,DELL,,,False,,INELIGIBLE_WRONG_OR_LOWER_AUTHORITY_CLASS,REJECTED,Lower-precedence or wrong lineage source rejected.
ridge_policy_v1_control,docs/dream_system/components/DS-24_independent_five_minute_selector/stage_outputs/ds24_p8_r14_e3g_c2_20260824T000000Z/R53B_13_completed_terminal_authority_recovery/R53B_candidate_result_inventory.csv,c2d0838f916e260f1d787d88362e46ec7f61c6274ffac329c072aa9dbe788719,OLDER_DS24_CAMPAIGN,,DELL,,,False,,INELIGIBLE_WRONG_OR_LOWER_AUTHORITY_CLASS,REJECTED,Lower-precedence or wrong lineage source rejected.
ridge_policy_v1_control,docs/dream_system/components/DS-24_independent_five_minute_selector/stage_outputs/ds24_p8_r14_e3g_c2_20260824T000000Z/R53B_13_completed_terminal_authority_recovery/R53B_candidate_result_inventory.csv,c2d0838f916e260f1d787d88362e46ec7f61c6274ffac329c072aa9dbe788719,OLDER_DS24_CAMPAIGN,,DELL,,,False,,INELIGIBLE_WRONG_OR_LOWER_AUTHORITY_CLASS,REJECTED,Lower-precedence or wrong lineage source rejected.
ridge_policy_v1_control,docs/dream_system/components/DS-24_independent_five_minute_selector/stage_outputs/ds24_p8_r14_e3g_c2_20260824T000000Z/R53B_13_completed_terminal_authority_recovery/R53B_candidate_result_inventory.csv,c2d0838f916e260f1d787d88362e46ec7f61c6274ffac329c072aa9dbe788719,OLDER_DS24_CAMPAIGN,,DELL,,,False,,INELIGIBLE_WRONG_OR_LOWER_AUTHORITY_CLASS,REJECTED,Lower-precedence or wrong lineage source rejected.
ridge_policy_v1_control,docs/dream_system/components/DS-24_independent_five_minute_selector/stage_outputs/ds24_p8_r14_e3g_c2_20260824T000000Z/R53B_13_completed_terminal_authority_recovery/R53B_candidate_result_inventory.csv,c2d0838f916e260f1d787d88362e46ec7f61c6274ffac329c072aa9dbe788719,OLDER_DS24_CAMPAIGN,,DELL,,,False,,INELIGIBLE_WRONG_OR_LOWER_AUTHORITY_CLASS,REJECTED,Lower-precedence or wrong lineage source rejected.
ridge_policy_v1_control,docs/dream_system/components/DS-24_independent_five_minute_selector/stage_outputs/ds24_p8_r14_e3g_c2_20260824T000000Z/R53B_13_completed_terminal_authority_recovery/R53B_candidate_result_inventory.csv,c2d0838f916e260f1d787d88362e46ec7f61c6274ffac329c072aa9dbe788719,OLDER_DS24_CAMPAIGN,,DELL,,,False,,INELIGIBLE_WRONG_OR_LOWER_AUTHORITY_CLASS,REJECTED,Lower-precedence or wrong lineage source rejected.
ridge_policy_v1_control,docs/dream_system/components/DS-24_independent_five_minute_selector/stage_outputs/ds24_p8_r14_e3g_c2_20260824T000000Z/R53B_13_completed_terminal_authority_recovery/R53B_candidate_result_inventory.csv,c2d0838f916e260f1d787d88362e46ec7f61c6274ffac329c072aa9dbe788719,OLDER_DS24_CAMPAIGN,,DELL,,,False,,INELIGIBLE_WRONG_OR_LOWER_AUTHORITY_CLASS,REJECTED,Lower-precedence or wrong lineage source rejected.
ridge_policy_v1_control,docs/dream_system/components/DS-24_independent_five_minute_selector/stage_outputs/ds24_p8_r14_e3g_c2_20260824T000000Z/R53B_13_completed_terminal_authority_recovery/R53B_candidate_result_inventory.csv,c2d0838f916e260f1d787d88362e46ec7f61c6274ffac329c072aa9dbe788719,OLDER_DS24_CAMPAIGN,,DELL,,,False,,INELIGIBLE_WRONG_OR_LOWER_AUTHORITY_CLASS,REJECTED,Lower-precedence or wrong lineage source rejected.
ridge_policy_v1_control,docs/dream_system/components/DS-24_independent_five_minute_selector/stage_outputs/ds24_p8_r14_e3g_c2_20260824T000000Z/R53B_13_completed_terminal_authority_recovery/R53B_candidate_result_inventory.csv,c2d0838f916e260f1d787d88362e46ec7f61c6274ffac329c072aa9dbe788719,OLDER_DS24_CAMPAIGN,,DELL,,,False,,INELIGIBLE_WRONG_OR_LOWER_AUTHORITY_CLASS,REJECTED,Lower-precedence or wrong lineage source rejected.
ridge_policy_v1_control,docs/dream_system/components/DS-24_independent_five_minute_selector/stage_outputs/ds24_p8_r14_e3g_c2_20260824T000000Z/R53B_13_completed_terminal_authority_recovery/R53B_candidate_result_inventory.csv,c2d0838f916e260f1d787d88362e46ec7f61c6274ffac329c072aa9dbe788719,OLDER_DS24_CAMPAIGN,,DELL,,,False,,INELIGIBLE_WRONG_OR_LOWER_AUTHORITY_CLASS,REJECTED,Lower-precedence or wrong lineage source rejected.
ridge_policy_v1_control,docs/dream_system/components/DS-24_independent_five_minute_selector/stage_outputs/ds24_p8_r14_e3g_c2_20260824T000000Z/R53B_13_completed_terminal_authority_recovery/R53B_candidate_result_inventory.csv,c2d0838f916e260f1d787d88362e46ec7f61c6274ffac329c072aa9dbe788719,OLDER_DS24_CAMPAIGN,,DELL,,,False,,INELIGIBLE_WRONG_OR_LOWER_AUTHORITY_CLASS,REJECTED,Lower-precedence or wrong lineage source rejected.
ridge_policy_v1_control,docs/dream_system/components/DS-24_independent_five_minute_selector/stage_outputs/ds24_p8_r14_e3g_c2_20260824T000000Z/R53B_13_completed_terminal_authority_recovery/R53B_candidate_result_inventory.csv,c2d0838f916e260f1d787d88362e46ec7f61c6274ffac329c072aa9dbe788719,OLDER_DS24_CAMPAIGN,,DELL,,,False,,INELIGIBLE_WRONG_OR_LOWER_AUTHORITY_CLASS,REJECTED,Lower-precedence or wrong lineage source rejected.
ridge_policy_v1_control,docs/dream_system/components/DS-24_independent_five_minute_selector/stage_outputs/ds24_p8_r14_e3g_c2_20260824T000000Z/R53B_13_completed_terminal_authority_recovery/R53B_candidate_result_inventory.csv,c2d0838f916e260f1d787d88362e46ec7f61c6274ffac329c072aa9dbe788719,OLDER_DS24_CAMPAIGN,,DELL,,,False,,INELIGIBLE_WRONG_OR_LOWER_AUTHORITY_CLASS,REJECTED,Lower-precedence or wrong lineage source rejected.
ridge_policy_v1_control,docs/dream_system/components/DS-24_independent_five_minute_selector/stage_outputs/ds24_p8_r14_e3g_c2_20260824T000000Z/R53B_13_completed_terminal_authority_recovery/R53B_candidate_result_inventory.csv,c2d0838f916e260f1d787d88362e46ec7f61c6274ffac329c072aa9dbe788719,OLDER_DS24_CAMPAIGN,,DELL,,,False,,INELIGIBLE_WRONG_OR_LOWER_AUTHORITY_CLASS,REJECTED,Lower-precedence or wrong lineage source rejected.
ridge_policy_v1_control,docs/dream_system/components/DS-24_independent_five_minute_selector/stage_outputs/ds24_p8_r14_e3g_c2_20260824T000000Z/R53B_13_completed_terminal_authority_recovery/R53B_candidate_result_inventory.csv,c2d0838f916e260f1d787d88362e46ec7f61c6274ffac329c072aa9dbe788719,OLDER_DS24_CAMPAIGN,,DELL,,,False,,INELIGIBLE_WRONG_OR_LOWER_AUTHORITY_CLASS,REJECTED,Lower-precedence or wrong lineage source rejected.
ridge_policy_v1_control,docs/dream_system/components/DS-24_independent_five_minute_selector/stage_outputs/ds24_p8_r14_e3g_c2_20260824T000000Z/R53B_13_completed_terminal_authority_recovery/R53B_candidate_result_inventory.csv,c2d0838f916e260f1d787d88362e46ec7f61c6274ffac329c072aa9dbe788719,OLDER_DS24_CAMPAIGN,,DELL,,,False,,INELIGIBLE_WRONG_OR_LOWER_AUTHORITY_CLASS,REJECTED,Lower-precedence or wrong lineage source rejected.
ridge_policy_v1_control,docs/dream_system/components/DS-24_independent_five_minute_selector/stage_outputs/ds24_p8_r14_e3g_c2_20260824T000000Z/R53B_13_completed_terminal_authority_recovery/R53B_candidate_result_inventory.csv,c2d0838f916e260f1d787d88362e46ec7f61c6274ffac329c072aa9dbe788719,OLDER_DS24_CAMPAIGN,,DELL,,,False,,INELIGIBLE_WRONG_OR_LOWER_AUTHORITY_CLASS,REJECTED,Lower-precedence or wrong lineage source rejected.
ridge_policy_v1_control,docs/dream_system/components/DS-24_independent_five_minute_selector/stage_outputs/ds24_p8_r14_e3g_c2_20260824T000000Z/R53B_13_completed_terminal_authority_recovery/R53B_candidate_result_inventory.csv,c2d0838f916e260f1d787d88362e46ec7f61c6274ffac329c072aa9dbe788719,OLDER_DS24_CAMPAIGN,,DELL,,,False,,INELIGIBLE_WRONG_OR_LOWER_AUTHORITY_CLASS,REJECTED,Lower-precedence or wrong lineage source rejected.
ridge_policy_v1_control,docs/dream_system/components/DS-24_independent_five_minute_selector/stage_outputs/ds24_p8_r14_e3g_c2_20260824T000000Z/R53B_13_completed_terminal_authority_recovery/R53B_candidate_result_inventory.csv,c2d0838f916e260f1d787d88362e46ec7f61c6274ffac329c072aa9dbe788719,OLDER_DS24_CAMPAIGN,,DELL,,,False,,INELIGIBLE_WRONG_OR_LOWER_AUTHORITY_CLASS,REJECTED,Lower-precedence or wrong lineage source rejected.
ridge_policy_v1_control,docs/dream_system/components/DS-24_independent_five_minute_selector/stage_outputs/ds24_p8_r3_20260822T000000Z/53_uncertainty_results.csv,c1eb136defadfd8d1ad3a91a88ba44f4478af669db8f715dec5f6ce2084a1f35,OLDER_DS24_CAMPAIGN,,DELL,,,False,,INELIGIBLE_WRONG_OR_LOWER_AUTHORITY_CLASS,REJECTED,Lower-precedence or wrong lineage source rejected.
ridge_policy_v1_control,docs/dream_system/components/DS-24_independent_five_minute_selector/stage_outputs/ds24_p8_r14_e3g_c2_20260824T000000Z/r7_r14_policy_workers/ridge_policy_v1_control/metrics_only/checkpoint.json,3b58589aa19ebbe559630c13e70c9a99ad1903aacd494d3bae984c0379862e4e,UNKNOWN,,DELL,,,False,,INELIGIBLE_WRONG_OR_LOWER_AUTHORITY_CLASS,REJECTED,Lower-precedence or wrong lineage source rejected.
ridge_policy_v1_control,docs/dream_system/components/DS-24_independent_five_minute_selector/stage_outputs/ds24_p8_r14_e3g_c2_20260824T000000Z/r7_r14_policy_workers/ridge_policy_v1_control/progress.json,5a65adc148d1441a7b9f9420f5845ec072385fe93d48d21880878360f5dd932c,UNKNOWN,ds24_p8_r14_e3g_c2_r7_r14_20260824T000000Z,DELL,,,False,,INELIGIBLE_WRONG_OR_LOWER_AUTHORITY_CLASS,REJECTED,Lower-precedence or wrong lineage source rejected.
pca_ridge_policy_v1_control,docs/dream_system/components/DS-24_independent_five_minute_selector/stage_outputs/ds24_p8_r14_e3g_c2_20260824T000000Z/r7_r14_policy_workers/pca_ridge_policy_v1_control/r31_performance_summary.json,4a87fa2d2d4b55311f80474cebd12c0f5eb61600a13f867051b5e87e5b9fdab6,CURRENT_DS24_TERMINAL_LEGACY,ds24_p8_r14_e3g_c2_r7_r31_20260827T000000Z,DELL,2020-05-11T18:50:00+00:00,2026-06-30T19:00:00+00:00,True,top_n_hit_rate|annualized_return|annualized_volatility|sharpe|maximum_drawdown|win_rate|turnover|total_estimated_transaction_costs,ELIGIBLE_TERMINAL_AUTHORITY,SELECTED,
pca_ridge_policy_v1_control,docs/dream_system/components/DS-24_independent_five_minute_selector/stage_outputs/ds24_p8_r14_e3g_c2_20260824T000000Z/R53B_13_completed_terminal_authority_recovery/R53B_FINAL_13_COMPLETED_MODEL_SCORECARD.csv,d2167474fb815d530ec447f8e8f45f8f555c6dd2fba3b79750cc42386e6c5b40,OLDER_DS24_CAMPAIGN,,DELL,,,False,sharpe|turnover,INELIGIBLE_TRANSFER_NOT_LOCAL,REJECTED,Transfer or source estate missing locally.
pca_ridge_policy_v1_control,docs/dream_system/components/DS-24_independent_five_minute_selector/stage_outputs/ds24_p8_r14_e3g_c2_20260824T000000Z/R53B_13_completed_terminal_authority_recovery/R53B_quarantined_completed_results.csv,5c5a02db3a8a9e23c184887f6d2ce8fe258947123a836689bea8a7928de8569a,OLDER_DS24_CAMPAIGN,,DELL,,,False,sharpe|turnover,INELIGIBLE_TRANSFER_NOT_LOCAL,REJECTED,Transfer or source estate missing locally.
pca_ridge_policy_v1_control,docs/dream_system/components/DS-24_independent_five_minute_selector/stage_outputs/ds24_p8_r14_e3e_20260823T000000Z/20_f1_results_v2.csv,e53c180bbc1d1500efcf5cf382125ecda1ac3233dc36d25fa9c752a6bbc22d88,OLDER_DS24_CAMPAIGN,,DELL,,,False,mean_spearman_rank_ic,INELIGIBLE_WRONG_OR_LOWER_AUTHORITY_CLASS,REJECTED,Lower-precedence or wrong lineage source rejected.
pca_ridge_policy_v1_control,docs/dream_system/components/DS-24_independent_five_minute_selector/stage_outputs/ds24_p8_r14_e3e_20260823T000000Z/22_f2_results_v2.csv,fd92bdf3ddb92ef8a65dde84ed781fbf466f3decd5705bd5f78a06af0beb177c,OLDER_DS24_CAMPAIGN,,DELL,,,False,mean_spearman_rank_ic,INELIGIBLE_WRONG_OR_LOWER_AUTHORITY_CLASS,REJECTED,Lower-precedence or wrong lineage source rejected.
pca_ridge_policy_v1_control,docs/dream_system/components/DS-24_independent_five_minute_selector/stage_outputs/ds24_p8_r14_e3e_20260823T000000Z/24_f3_results_v2.csv,c6e286496a3a2b452561610b54f52d5951085c5bf192c00439e739790f915e46,OLDER_DS24_CAMPAIGN,,DELL,,,False,mean_spearman_rank_ic,INELIGIBLE_WRONG_OR_LOWER_AUTHORITY_CLASS,REJECTED,Lower-precedence or wrong lineage source rejected.
pca_ridge_policy_v1_control,docs/dream_system/components/DS-24_independent_five_minute_selector/stage_outputs/ds24_p8_r14_e3f_20260823T000000Z/40_f1_results_v2.csv,feb365eb49e3390b2983cd3449e8f1f06d6f12b94f5257740cf78508bf5fea3f,OLDER_DS24_CAMPAIGN,,DELL,2021-01-01T00:00:00+00:00,2022-12-31T23:59:59+00:00,False,mean_spearman_rank_ic,INELIGIBLE_WRONG_OR_LOWER_AUTHORITY_CLASS,REJECTED,Lower-precedence or wrong lineage source rejected.
pca_ridge_policy_v1_control,docs/dream_system/components/DS-24_independent_five_minute_selector/stage_outputs/ds24_p8_r14_e3f_20260823T000000Z/42_f2_results_v2.csv,21750ed8b8eb01b9106ba22de19872d3459e5cd11c4d6a0cd4db73723dc406c1,OLDER_DS24_CAMPAIGN,,DELL,2021-01-01T00:00:00+00:00,2022-12-31T23:59:59+00:00,False,mean_spearman_rank_ic,INELIGIBLE_WRONG_OR_LOWER_AUTHORITY_CLASS,REJECTED,Lower-precedence or wrong lineage source rejected.
pca_ridge_policy_v1_control,docs/dream_system/components/DS-24_independent_five_minute_selector/stage_outputs/ds24_p8_r14_e3f_20260823T000000Z/44_f3_results_v2.csv,87035330c8850d97a10091e430c2b35b44cb50d169a308ff55585e0f93c58f6a,OLDER_DS24_CAMPAIGN,,DELL,2021-01-01T00:00:00+00:00,2023-12-31T23:59:59+00:00,False,mean_spearman_rank_ic,INELIGIBLE_WRONG_OR_LOWER_AUTHORITY_CLASS,REJECTED,Lower-precedence or wrong lineage source rejected.
pca_ridge_policy_v1_control,docs/dream_system/components/DS-24_independent_five_minute_selector/stage_outputs/ds24_p8_r14_e3g_c2_20260824T000000Z/R53B_13_completed_terminal_authority_recovery/R53B_candidate_result_inventory.csv,c2d0838f916e260f1d787d88362e46ec7f61c6274ffac329c072aa9dbe788719,OLDER_DS24_CAMPAIGN,,DELL,,,False,,INELIGIBLE_WRONG_OR_LOWER_AUTHORITY_CLASS,REJECTED,Lower-precedence or wrong lineage source rejected.
pca_ridge_policy_v1_control,docs/dream_system/components/DS-24_independent_five_minute_selector/stage_outputs/ds24_p8_r14_e3g_c2_20260824T000000Z/R53B_13_completed_terminal_authority_recovery/R53B_candidate_result_inventory.csv,c2d0838f916e260f1d787d88362e46ec7f61c6274ffac329c072aa9dbe788719,OLDER_DS24_CAMPAIGN,,DELL,,,False,,INELIGIBLE_TRANSFER_NOT_LOCAL,REJECTED,Transfer or source estate missing locally.
pca_ridge_policy_v1_control,docs/dream_system/components/DS-24_independent_five_minute_selector/stage_outputs/ds24_p8_r14_e3g_c2_20260824T000000Z/R53B_13_completed_terminal_authority_recovery/R53B_candidate_result_inventory.csv,c2d0838f916e260f1d787d88362e46ec7f61c6274ffac329c072aa9dbe788719,OLDER_DS24_CAMPAIGN,,DELL,,,False,,INELIGIBLE_TRANSFER_NOT_LOCAL,REJECTED,Transfer or source estate missing locally.
pca_ridge_policy_v1_control,docs/dream_system/components/DS-24_independent_five_minute_selector/stage_outputs/ds24_p8_r14_e3g_c2_20260824T000000Z/R53B_13_completed_terminal_authority_recovery/R53B_candidate_result_inventory.csv,c2d0838f916e260f1d787d88362e46ec7f61c6274ffac329c072aa9dbe788719,OLDER_DS24_CAMPAIGN,,DELL,,,False,,INELIGIBLE_WRONG_OR_LOWER_AUTHORITY_CLASS,REJECTED,Lower-precedence or wrong lineage source rejected.
pca_ridge_policy_v1_control,docs/dream_system/components/DS-24_independent_five_minute_selector/stage_outputs/ds24_p8_r14_e3g_c2_20260824T000000Z/R53B_13_completed_terminal_authority_recovery/R53B_candidate_result_inventory.csv,c2d0838f916e260f1d787d88362e46ec7f61c6274ffac329c072aa9dbe788719,OLDER_DS24_CAMPAIGN,,DELL,,,False,,INELIGIBLE_WRONG_OR_LOWER_AUTHORITY_CLASS,REJECTED,Lower-precedence or wrong lineage source rejected.
pca_ridge_policy_v1_control,docs/dream_system/components/DS-24_independent_five_minute_selector/stage_outputs/ds24_p8_r14_e3g_c2_20260824T000000Z/R53B_13_completed_terminal_authority_recovery/R53B_candidate_result_inventory.csv,c2d0838f916e260f1d787d88362e46ec7f61c6274ffac329c072aa9dbe788719,OLDER_DS24_CAMPAIGN,,DELL,,,False,,INELIGIBLE_WRONG_OR_LOWER_AUTHORITY_CLASS,REJECTED,Lower-precedence or wrong lineage source rejected.
pca_ridge_policy_v1_control,docs/dream_system/components/DS-24_independent_five_minute_selector/stage_outputs/ds24_p8_r14_e3g_c2_20260824T000000Z/R53B_13_completed_terminal_authority_recovery/R53B_candidate_result_inventory.csv,c2d0838f916e260f1d787d88362e46ec7f61c6274ffac329c072aa9dbe788719,OLDER_DS24_CAMPAIGN,,DELL,,,False,,INELIGIBLE_WRONG_OR_LOWER_AUTHORITY_CLASS,REJECTED,Lower-precedence or wrong lineage source rejected.
pca_ridge_policy_v1_control,docs/dream_system/components/DS-24_independent_five_minute_selector/stage_outputs/ds24_p8_r14_e3g_c2_20260824T000000Z/R53B_13_completed_terminal_authority_recovery/R53B_candidate_result_inventory.csv,c2d0838f916e260f1d787d88362e46ec7f61c6274ffac329c072aa9dbe788719,OLDER_DS24_CAMPAIGN,,DELL,,,False,,INELIGIBLE_WRONG_OR_LOWER_AUTHORITY_CLASS,REJECTED,Lower-precedence or wrong lineage source rejected.
pca_ridge_policy_v1_control,docs/dream_system/components/DS-24_independent_five_minute_selector/stage_outputs/ds24_p8_r14_e3g_c2_20260824T000000Z/R53B_13_completed_terminal_authority_recovery/R53B_candidate_result_inventory.csv,c2d0838f916e260f1d787d88362e46ec7f61c6274ffac329c072aa9dbe788719,OLDER_DS24_CAMPAIGN,,DELL,,,False,,INELIGIBLE_WRONG_OR_LOWER_AUTHORITY_CLASS,REJECTED,Lower-precedence or wrong lineage source rejected.
pca_ridge_policy_v1_control,docs/dream_system/components/DS-24_independent_five_minute_selector/stage_outputs/ds24_p8_r14_e3g_c2_20260824T000000Z/R53B_13_completed_terminal_authority_recovery/R53B_candidate_result_inventory.csv,c2d0838f916e260f1d787d88362e46ec7f61c6274ffac329c072aa9dbe788719,OLDER_DS24_CAMPAIGN,,DELL,,,False,,INELIGIBLE_WRONG_OR_LOWER_AUTHORITY_CLASS,REJECTED,Lower-precedence or wrong lineage source rejected.
pca_ridge_policy_v1_control,docs/dream_system/components/DS-24_independent_five_minute_selector/stage_outputs/ds24_p8_r14_e3g_c2_20260824T000000Z/R53B_13_completed_terminal_authority_recovery/R53B_candidate_result_inventory.csv,c2d0838f916e260f1d787d88362e46ec7f61c6274ffac329c072aa9dbe788719,OLDER_DS24_CAMPAIGN,,DELL,,,False,,INELIGIBLE_WRONG_OR_LOWER_AUTHORITY_CLASS,REJECTED,Lower-precedence or wrong lineage source rejected.
pca_ridge_policy_v1_control,docs/dream_system/components/DS-24_independent_five_minute_selector/stage_outputs/ds24_p8_r14_e3g_c2_20260824T000000Z/R53B_13_completed_terminal_authority_recovery/R53B_candidate_result_inventory.csv,c2d0838f916e260f1d787d88362e46ec7f61c6274ffac329c072aa9dbe788719,OLDER_DS24_CAMPAIGN,,DELL,,,False,,INELIGIBLE_WRONG_OR_LOWER_AUTHORITY_CLASS,REJECTED,Lower-precedence or wrong lineage source rejected.
pca_ridge_policy_v1_control,docs/dream_system/components/DS-24_independent_five_minute_selector/stage_outputs/ds24_p8_r14_e3g_c2_20260824T000000Z/R53B_13_completed_terminal_authority_recovery/R53B_candidate_result_inventory.csv,c2d0838f916e260f1d787d88362e46ec7f61c6274ffac329c072aa9dbe788719,OLDER_DS24_CAMPAIGN,,DELL,,,False,,INELIGIBLE_WRONG_OR_LOWER_AUTHORITY_CLASS,REJECTED,Lower-precedence or wrong lineage source rejected.
pca_ridge_policy_v1_control,docs/dream_system/components/DS-24_independent_five_minute_selector/stage_outputs/ds24_p8_r14_e3g_c2_20260824T000000Z/R53B_13_completed_terminal_authority_recovery/R53B_candidate_result_inventory.csv,c2d0838f916e260f1d787d88362e46ec7f61c6274ffac329c072aa9dbe788719,OLDER_DS24_CAMPAIGN,,DELL,,,False,,INELIGIBLE_WRONG_OR_LOWER_AUTHORITY_CLASS,REJECTED,Lower-precedence or wrong lineage source rejected.
pca_ridge_policy_v1_control,docs/dream_system/components/DS-24_independent_five_minute_selector/stage_outputs/ds24_p8_r14_e3g_c2_20260824T000000Z/R53B_13_completed_terminal_authority_recovery/R53B_candidate_result_inventory.csv,c2d0838f916e260f1d787d88362e46ec7f61c6274ffac329c072aa9dbe788719,OLDER_DS24_CAMPAIGN,,DELL,,,False,,INELIGIBLE_WRONG_OR_LOWER_AUTHORITY_CLASS,REJECTED,Lower-precedence or wrong lineage source rejected.
pca_ridge_policy_v1_control,docs/dream_system/components/DS-24_independent_five_minute_selector/stage_outputs/ds24_p8_r14_e3g_c2_20260824T000000Z/R53B_13_completed_terminal_authority_recovery/R53B_candidate_result_inventory.csv,c2d0838f916e260f1d787d88362e46ec7f61c6274ffac329c072aa9dbe788719,OLDER_DS24_CAMPAIGN,,DELL,,,False,,INELIGIBLE_WRONG_OR_LOWER_AUTHORITY_CLASS,REJECTED,Lower-precedence or wrong lineage source rejected.
pca_ridge_policy_v1_control,docs/dream_system/components/DS-24_independent_five_minute_selector/stage_outputs/ds24_p8_r14_e3g_c2_20260824T000000Z/R53B_13_completed_terminal_authority_recovery/R53B_candidate_result_inventory.csv,c2d0838f916e260f1d787d88362e46ec7f61c6274ffac329c072aa9dbe788719,OLDER_DS24_CAMPAIGN,,DELL,,,False,,INELIGIBLE_WRONG_OR_LOWER_AUTHORITY_CLASS,REJECTED,Lower-precedence or wrong lineage source rejected.
pca_ridge_policy_v1_control,docs/dream_system/components/DS-24_independent_five_minute_selector/stage_outputs/ds24_p8_r14_e3g_c2_20260824T000000Z/R53B_13_completed_terminal_authority_recovery/R53B_candidate_result_inventory.csv,c2d0838f916e260f1d787d88362e46ec7f61c6274ffac329c072aa9dbe788719,OLDER_DS24_CAMPAIGN,,DELL,,,False,,INELIGIBLE_WRONG_OR_LOWER_AUTHORITY_CLASS,REJECTED,Lower-precedence or wrong lineage source rejected.
pca_ridge_policy_v1_control,docs/dream_system/components/DS-24_independent_five_minute_selector/stage_outputs/ds24_p8_r14_e3g_c2_20260824T000000Z/R53B_13_completed_terminal_authority_recovery/R53B_candidate_result_inventory.csv,c2d0838f916e260f1d787d88362e46ec7f61c6274ffac329c072aa9dbe788719,OLDER_DS24_CAMPAIGN,,DELL,,,False,,INELIGIBLE_WRONG_OR_LOWER_AUTHORITY_CLASS,REJECTED,Lower-precedence or wrong lineage source rejected.
pca_ridge_policy_v1_control,docs/dream_system/components/DS-24_independent_five_minute_selector/stage_outputs/ds24_p8_r14_e3g_c2_20260824T000000Z/R53B_13_completed_terminal_authority_recovery/R53B_candidate_result_inventory.csv,c2d0838f916e260f1d787d88362e46ec7f61c6274ffac329c072aa9dbe788719,OLDER_DS24_CAMPAIGN,,DELL,,,False,,INELIGIBLE_WRONG_OR_LOWER_AUTHORITY_CLASS,REJECTED,Lower-precedence or wrong lineage source rejected.
pca_ridge_policy_v1_control,docs/dream_system/components/DS-24_independent_five_minute_selector/stage_outputs/ds24_p8_r14_e3g_c2_20260824T000000Z/r7_r14_policy_workers/pca_ridge_policy_v1_control/metrics_only/checkpoint.json,403bd055256b897cc4d8f5b9a681fcb447e1d37e996f6d2a4d3a1a6d2bb7b830,UNKNOWN,,DELL,,,False,,INELIGIBLE_WRONG_OR_LOWER_AUTHORITY_CLASS,REJECTED,Lower-precedence or wrong lineage source rejected.
pca_ridge_policy_v1_control,docs/dream_system/components/DS-24_independent_five_minute_selector/stage_outputs/ds24_p8_r14_e3g_c2_20260824T000000Z/r7_r14_policy_workers/pca_ridge_policy_v1_control/progress.json,2ce16f2b69a8b4b16670866d3b5b237cb5e0cf4514818be3dee1280ee57a575b,UNKNOWN,ds24_p8_r14_e3g_c2_r7_r14_20260824T000000Z,DELL,,,False,,INELIGIBLE_WRONG_OR_LOWER_AUTHORITY_CLASS,REJECTED,Lower-precedence or wrong lineage source rejected.
spline_additive_ridge,docs/dream_system/components/DS-24_independent_five_minute_selector/stage_outputs/ds24_p8_r14_e3g_c2_20260824T000000Z/r7_r14_policy_workers/spline_additive_ridge/r31_performance_summary.json,04aa89388495eb00ee8c6c1b3abd55fc90bf3a3b37b269fbf4a3bd2184907e7b,CURRENT_DS24_TERMINAL_LEGACY,ds24_p8_r14_e3g_c2_r7_r31_20260827T000000Z,DELL,2025-04-02T14:20:00+00:00,2026-06-29T15:35:00+00:00,True,top_n_hit_rate|annualized_return|annualized_volatility|sharpe|maximum_drawdown|win_rate|turnover|total_estimated_transaction_costs,ELIGIBLE_TERMINAL_AUTHORITY,SELECTED,
spline_additive_ridge,docs/dream_system/components/DS-24_independent_five_minute_selector/stage_outputs/ds24_p8_r14_e3g_c2_20260824T000000Z/R53B_13_completed_terminal_authority_recovery/R53B_FINAL_13_COMPLETED_MODEL_SCORECARD.csv,d2167474fb815d530ec447f8e8f45f8f555c6dd2fba3b79750cc42386e6c5b40,OLDER_DS24_CAMPAIGN,,DELL,,,False,sharpe|turnover,INELIGIBLE_TRANSFER_NOT_LOCAL,REJECTED,Transfer or source estate missing locally.
spline_additive_ridge,docs/dream_system/components/DS-24_independent_five_minute_selector/stage_outputs/ds24_p8_r14_e3g_c2_20260824T000000Z/R53B_13_completed_terminal_authority_recovery/R53B_quarantined_completed_results.csv,5c5a02db3a8a9e23c184887f6d2ce8fe258947123a836689bea8a7928de8569a,OLDER_DS24_CAMPAIGN,,DELL,,,False,sharpe|turnover,INELIGIBLE_TRANSFER_NOT_LOCAL,REJECTED,Transfer or source estate missing locally.
spline_additive_ridge,docs/dream_system/components/DS-24_independent_five_minute_selector/stage_outputs/ds24_p8_r14_e3e_20260823T000000Z/20_f1_results_v2.csv,e53c180bbc1d1500efcf5cf382125ecda1ac3233dc36d25fa9c752a6bbc22d88,OLDER_DS24_CAMPAIGN,,DELL,,,False,mean_spearman_rank_ic,INELIGIBLE_WRONG_OR_LOWER_AUTHORITY_CLASS,REJECTED,Lower-precedence or wrong lineage source rejected.
spline_additive_ridge,docs/dream_system/components/DS-24_independent_five_minute_selector/stage_outputs/ds24_p8_r14_e3e_20260823T000000Z/22_f2_results_v2.csv,fd92bdf3ddb92ef8a65dde84ed781fbf466f3decd5705bd5f78a06af0beb177c,OLDER_DS24_CAMPAIGN,,DELL,,,False,mean_spearman_rank_ic,INELIGIBLE_WRONG_OR_LOWER_AUTHORITY_CLASS,REJECTED,Lower-precedence or wrong lineage source rejected.
spline_additive_ridge,docs/dream_system/components/DS-24_independent_five_minute_selector/stage_outputs/ds24_p8_r14_e3e_20260823T000000Z/24_f3_results_v2.csv,c6e286496a3a2b452561610b54f52d5951085c5bf192c00439e739790f915e46,OLDER_DS24_CAMPAIGN,,DELL,,,False,mean_spearman_rank_ic,INELIGIBLE_WRONG_OR_LOWER_AUTHORITY_CLASS,REJECTED,Lower-precedence or wrong lineage source rejected.
spline_additive_ridge,docs/dream_system/components/DS-24_independent_five_minute_selector/stage_outputs/ds24_p8_r14_e3f_20260823T000000Z/40_f1_results_v2.csv,feb365eb49e3390b2983cd3449e8f1f06d6f12b94f5257740cf78508bf5fea3f,OLDER_DS24_CAMPAIGN,,DELL,2021-01-01T00:00:00+00:00,2022-12-31T23:59:59+00:00,False,mean_spearman_rank_ic,INELIGIBLE_WRONG_OR_LOWER_AUTHORITY_CLASS,REJECTED,Lower-precedence or wrong lineage source rejected.
spline_additive_ridge,docs/dream_system/components/DS-24_independent_five_minute_selector/stage_outputs/ds24_p8_r14_e3f_20260823T000000Z/42_f2_results_v2.csv,21750ed8b8eb01b9106ba22de19872d3459e5cd11c4d6a0cd4db73723dc406c1,OLDER_DS24_CAMPAIGN,,DELL,2021-01-01T00:00:00+00:00,2022-12-31T23:59:59+00:00,False,mean_spearman_rank_ic,INELIGIBLE_WRONG_OR_LOWER_AUTHORITY_CLASS,REJECTED,Lower-precedence or wrong lineage source rejected.
spline_additive_ridge,docs/dream_system/components/DS-24_independent_five_minute_selector/stage_outputs/ds24_p8_r14_e3f_20260823T000000Z/44_f3_results_v2.csv,87035330c8850d97a10091e430c2b35b44cb50d169a308ff55585e0f93c58f6a,OLDER_DS24_CAMPAIGN,,DELL,2021-01-01T00:00:00+00:00,2023-12-31T23:59:59+00:00,False,mean_spearman_rank_ic,INELIGIBLE_WRONG_OR_LOWER_AUTHORITY_CLASS,REJECTED,Lower-precedence or wrong lineage source rejected.
spline_additive_ridge,docs/dream_system/components/DS-24_independent_five_minute_selector/stage_outputs/ds24_p8_r14_e3g_c2_20260824T000000Z/R53B_13_completed_terminal_authority_recovery/R53B_candidate_result_inventory.csv,c2d0838f916e260f1d787d88362e46ec7f61c6274ffac329c072aa9dbe788719,OLDER_DS24_CAMPAIGN,,DELL,,,False,,INELIGIBLE_WRONG_OR_LOWER_AUTHORITY_CLASS,REJECTED,Lower-precedence or wrong lineage source rejected.
spline_additive_ridge,docs/dream_system/components/DS-24_independent_five_minute_selector/stage_outputs/ds24_p8_r14_e3g_c2_20260824T000000Z/R53B_13_completed_terminal_authority_recovery/R53B_candidate_result_inventory.csv,c2d0838f916e260f1d787d88362e46ec7f61c6274ffac329c072aa9dbe788719,OLDER_DS24_CAMPAIGN,,DELL,,,False,,INELIGIBLE_WRONG_OR_LOWER_AUTHORITY_CLASS,REJECTED,Lower-precedence or wrong lineage source rejected.
spline_additive_ridge,docs/dream_system/components/DS-24_independent_five_minute_selector/stage_outputs/ds24_p8_r14_e3g_c2_20260824T000000Z/R53B_13_completed_terminal_authority_recovery/R53B_candidate_result_inventory.csv,c2d0838f916e260f1d787d88362e46ec7f61c6274ffac329c072aa9dbe788719,OLDER_DS24_CAMPAIGN,,DELL,,,False,,INELIGIBLE_WRONG_OR_LOWER_AUTHORITY_CLASS,REJECTED,Lower-precedence or wrong lineage source rejected.
spline_additive_ridge,docs/dream_system/components/DS-24_independent_five_minute_selector/stage_outputs/ds24_p8_r14_e3g_c2_20260824T000000Z/R53B_13_completed_terminal_authority_recovery/R53B_candidate_result_inventory.csv,c2d0838f916e260f1d787d88362e46ec7f61c6274ffac329c072aa9dbe788719,OLDER_DS24_CAMPAIGN,,DELL,,,False,,INELIGIBLE_WRONG_OR_LOWER_AUTHORITY_CLASS,REJECTED,Lower-precedence or wrong lineage source rejected.
spline_additive_ridge,docs/dream_system/components/DS-24_independent_five_minute_selector/stage_outputs/ds24_p8_r14_e3g_c2_20260824T000000Z/R53B_13_completed_terminal_authority_recovery/R53B_candidate_result_inventory.csv,c2d0838f916e260f1d787d88362e46ec7f61c6274ffac329c072aa9dbe788719,OLDER_DS24_CAMPAIGN,,DELL,,,False,,INELIGIBLE_WRONG_OR_LOWER_AUTHORITY_CLASS,REJECTED,Lower-precedence or wrong lineage source rejected.
spline_additive_ridge,docs/dream_system/components/DS-24_independent_five_minute_selector/stage_outputs/ds24_p8_r14_e3g_c2_20260824T000000Z/R53B_13_completed_terminal_authority_recovery/R53B_candidate_result_inventory.csv,c2d0838f916e260f1d787d88362e46ec7f61c6274ffac329c072aa9dbe788719,OLDER_DS24_CAMPAIGN,,DELL,,,False,,INELIGIBLE_WRONG_OR_LOWER_AUTHORITY_CLASS,REJECTED,Lower-precedence or wrong lineage source rejected.
spline_additive_ridge,docs/dream_system/components/DS-24_independent_five_minute_selector/stage_outputs/ds24_p8_r14_e3g_c2_20260824T000000Z/R53B_13_completed_terminal_authority_recovery/R53B_candidate_result_inventory.csv,c2d0838f916e260f1d787d88362e46ec7f61c6274ffac329c072aa9dbe788719,OLDER_DS24_CAMPAIGN,,DELL,,,False,,INELIGIBLE_WRONG_OR_LOWER_AUTHORITY_CLASS,REJECTED,Lower-precedence or wrong lineage source rejected.
spline_additive_ridge,docs/dream_system/components/DS-24_independent_five_minute_selector/stage_outputs/ds24_p8_r14_e3g_c2_20260824T000000Z/R53B_13_completed_terminal_authority_recovery/R53B_candidate_result_inventory.csv,c2d0838f916e260f1d787d88362e46ec7f61c6274ffac329c072aa9dbe788719,OLDER_DS24_CAMPAIGN,,DELL,,,False,,INELIGIBLE_TRANSFER_NOT_LOCAL,REJECTED,Transfer or source estate missing locally.
spline_additive_ridge,docs/dream_system/components/DS-24_independent_five_minute_selector/stage_outputs/ds24_p8_r14_e3g_c2_20260824T000000Z/R53B_13_completed_terminal_authority_recovery/R53B_candidate_result_inventory.csv,c2d0838f916e260f1d787d88362e46ec7f61c6274ffac329c072aa9dbe788719,OLDER_DS24_CAMPAIGN,,DELL,,,False,,INELIGIBLE_WRONG_OR_LOWER_AUTHORITY_CLASS,REJECTED,Lower-precedence or wrong lineage source rejected.
spline_additive_ridge,docs/dream_system/components/DS-24_independent_five_minute_selector/stage_outputs/ds24_p8_r14_e3g_c2_20260824T000000Z/R53B_13_completed_terminal_authority_recovery/R53B_candidate_result_inventory.csv,c2d0838f916e260f1d787d88362e46ec7f61c6274ffac329c072aa9dbe788719,OLDER_DS24_CAMPAIGN,,DELL,,,False,,INELIGIBLE_WRONG_OR_LOWER_AUTHORITY_CLASS,REJECTED,Lower-precedence or wrong lineage source rejected.
spline_additive_ridge,docs/dream_system/components/DS-24_independent_five_minute_selector/stage_outputs/ds24_p8_r14_e3g_c2_20260824T000000Z/R53B_13_completed_terminal_authority_recovery/R53B_candidate_result_inventory.csv,c2d0838f916e260f1d787d88362e46ec7f61c6274ffac329c072aa9dbe788719,OLDER_DS24_CAMPAIGN,,DELL,,,False,,INELIGIBLE_WRONG_OR_LOWER_AUTHORITY_CLASS,REJECTED,Lower-precedence or wrong lineage source rejected.
spline_additive_ridge,docs/dream_system/components/DS-24_independent_five_minute_selector/stage_outputs/ds24_p8_r14_e3g_c2_20260824T000000Z/R53B_13_completed_terminal_authority_recovery/R53B_candidate_result_inventory.csv,c2d0838f916e260f1d787d88362e46ec7f61c6274ffac329c072aa9dbe788719,OLDER_DS24_CAMPAIGN,,DELL,,,False,,INELIGIBLE_WRONG_OR_LOWER_AUTHORITY_CLASS,REJECTED,Lower-precedence or wrong lineage source rejected.
spline_additive_ridge,docs/dream_system/components/DS-24_independent_five_minute_selector/stage_outputs/ds24_p8_r14_e3g_c2_20260824T000000Z/R53B_13_completed_terminal_authority_recovery/R53B_candidate_result_inventory.csv,c2d0838f916e260f1d787d88362e46ec7f61c6274ffac329c072aa9dbe788719,OLDER_DS24_CAMPAIGN,,DELL,,,False,,INELIGIBLE_WRONG_OR_LOWER_AUTHORITY_CLASS,REJECTED,Lower-precedence or wrong lineage source rejected.
spline_additive_ridge,docs/dream_system/components/DS-24_independent_five_minute_selector/stage_outputs/ds24_p8_r14_e3g_c2_20260824T000000Z/R53B_13_completed_terminal_authority_recovery/R53B_candidate_result_inventory.csv,c2d0838f916e260f1d787d88362e46ec7f61c6274ffac329c072aa9dbe788719,OLDER_DS24_CAMPAIGN,,DELL,,,False,,INELIGIBLE_WRONG_OR_LOWER_AUTHORITY_CLASS,REJECTED,Lower-precedence or wrong lineage source rejected.
spline_additive_ridge,docs/dream_system/components/DS-24_independent_five_minute_selector/stage_outputs/ds24_p8_r14_e3g_c2_20260824T000000Z/R53B_13_completed_terminal_authority_recovery/R53B_candidate_result_inventory.csv,c2d0838f916e260f1d787d88362e46ec7f61c6274ffac329c072aa9dbe788719,OLDER_DS24_CAMPAIGN,,DELL,,,False,,INELIGIBLE_TRANSFER_NOT_LOCAL,REJECTED,Transfer or source estate missing locally.
spline_additive_ridge,docs/dream_system/components/DS-24_independent_five_minute_selector/stage_outputs/ds24_p8_r14_e3g_c2_20260824T000000Z/R53B_13_completed_terminal_authority_recovery/R53B_candidate_result_inventory.csv,c2d0838f916e260f1d787d88362e46ec7f61c6274ffac329c072aa9dbe788719,OLDER_DS24_CAMPAIGN,,DELL,,,False,,INELIGIBLE_WRONG_OR_LOWER_AUTHORITY_CLASS,REJECTED,Lower-precedence or wrong lineage source rejected.
spline_additive_ridge,docs/dream_system/components/DS-24_independent_five_minute_selector/stage_outputs/ds24_p8_r14_e3g_c2_20260824T000000Z/R53B_13_completed_terminal_authority_recovery/R53B_candidate_result_inventory.csv,c2d0838f916e260f1d787d88362e46ec7f61c6274ffac329c072aa9dbe788719,OLDER_DS24_CAMPAIGN,,DELL,,,False,,INELIGIBLE_WRONG_OR_LOWER_AUTHORITY_CLASS,REJECTED,Lower-precedence or wrong lineage source rejected.
spline_additive_ridge,docs/dream_system/components/DS-24_independent_five_minute_selector/stage_outputs/ds24_p8_r14_e3g_c2_20260824T000000Z/R53B_13_completed_terminal_authority_recovery/R53B_candidate_result_inventory.csv,c2d0838f916e260f1d787d88362e46ec7f61c6274ffac329c072aa9dbe788719,OLDER_DS24_CAMPAIGN,,DELL,,,False,,INELIGIBLE_WRONG_OR_LOWER_AUTHORITY_CLASS,REJECTED,Lower-precedence or wrong lineage source rejected.
spline_additive_ridge,docs/dream_system/components/DS-24_independent_five_minute_selector/stage_outputs/ds24_p8_r14_e3g_c2_20260824T000000Z/R53B_13_completed_terminal_authority_recovery/R53B_candidate_result_inventory.csv,c2d0838f916e260f1d787d88362e46ec7f61c6274ffac329c072aa9dbe788719,OLDER_DS24_CAMPAIGN,,DELL,,,False,,INELIGIBLE_WRONG_OR_LOWER_AUTHORITY_CLASS,REJECTED,Lower-precedence or wrong lineage source rejected.
spline_additive_ridge,docs/dream_system/components/DS-24_independent_five_minute_selector/stage_outputs/ds24_p8_r14_e3g_c2_20260824T000000Z/r7_r14_policy_workers/spline_additive_ridge/metrics_only/checkpoint.json,5624ed12906f990b0d6003116c3a919ac8ca1734055b2ab875390ba9e4027996,UNKNOWN,,DELL,,,False,,INELIGIBLE_WRONG_OR_LOWER_AUTHORITY_CLASS,REJECTED,Lower-precedence or wrong lineage source rejected.
spline_additive_ridge,docs/dream_system/components/DS-24_independent_five_minute_selector/stage_outputs/ds24_p8_r14_e3g_c2_20260824T000000Z/r7_r14_policy_workers/spline_additive_ridge/progress.json,402e38ba1b29f740c1991f7d793fb32fb0b4fb310d8b0b9dcb2460045d2e6a81,UNKNOWN,ds24_p8_r14_e3g_c2_r7_r14_20260824T000000Z,DELL,,,False,,INELIGIBLE_WRONG_OR_LOWER_AUTHORITY_CLASS,REJECTED,Lower-precedence or wrong lineage source rejected.
elastic_net,docs/dream_system/components/DS-24_independent_five_minute_selector/stage_outputs/ds24_p8_r14_e3g_c2_20260824T000000Z/r7_r14_policy_workers/elastic_net/metrics_only_v3_r40_elastic_net/resolved_performance_summary_v3.json,b31417b9b6165143cf6c5084f10d7b5a4e62fcf2922af47b95603cf060b7128d,CURRENT_DS24_TERMINAL_V3,,DELL,2025-04-02T13:35:00+00:00,2026-06-30T19:00:00+00:00,True,mean_spearman_rank_ic|hac_lower_95|hac_upper_95|annualized_return|annualized_volatility|sharpe|maximum_drawdown|win_rate|turnover|total_estimated_transaction_costs,ELIGIBLE_TERMINAL_AUTHORITY,SELECTED,
elastic_net,docs/dream_system/components/DS-24_independent_five_minute_selector/stage_outputs/ds24_p8_r14_e3g_c2_20260824T000000Z/R53B_13_completed_terminal_authority_recovery/R53B_FINAL_13_COMPLETED_MODEL_SCORECARD.csv,d2167474fb815d530ec447f8e8f45f8f555c6dd2fba3b79750cc42386e6c5b40,OLDER_DS24_CAMPAIGN,,DELL,,,False,mean_spearman_rank_ic|sharpe|turnover,INELIGIBLE_TRANSFER_NOT_LOCAL,REJECTED,Transfer or source estate missing locally.
elastic_net,docs/dream_system/components/DS-24_independent_five_minute_selector/stage_outputs/ds24_p8_r14_e3g_c2_20260824T000000Z/R53B_13_completed_terminal_authority_recovery/R53B_accepted_rank_ic_leaderboard.csv,b9f4385a40dce32d44b3e4a2ad01806278054801f1d91734385b3cf61fcda4ff,OLDER_DS24_CAMPAIGN,,DELL,,,False,mean_spearman_rank_ic|sharpe|turnover,INELIGIBLE_TRANSFER_NOT_LOCAL,REJECTED,Transfer or source estate missing locally.
elastic_net,docs/dream_system/components/DS-24_independent_five_minute_selector/stage_outputs/ds24_p8_r14_e2_20260823T000000Z/22_fidelity1_results.csv,ceed978b8539797630028ebe29c8bf312071533d66725eb2e08dfb15f17269d8,OLDER_DS24_CAMPAIGN,,DELL,,,False,mean_spearman_rank_ic,INELIGIBLE_WRONG_OR_LOWER_AUTHORITY_CLASS,REJECTED,Lower-precedence or wrong lineage source rejected.
elastic_net,docs/dream_system/components/DS-24_independent_five_minute_selector/stage_outputs/ds24_p8_r14_e2_20260823T000000Z/22_fidelity1_results.csv,ceed978b8539797630028ebe29c8bf312071533d66725eb2e08dfb15f17269d8,OLDER_DS24_CAMPAIGN,,DELL,,,False,mean_spearman_rank_ic,INELIGIBLE_WRONG_OR_LOWER_AUTHORITY_CLASS,REJECTED,Lower-precedence or wrong lineage source rejected.
elastic_net,docs/dream_system/components/DS-24_independent_five_minute_selector/stage_outputs/ds24_p8_r14_e2_20260823T000000Z/22_fidelity1_results.csv,ceed978b8539797630028ebe29c8bf312071533d66725eb2e08dfb15f17269d8,OLDER_DS24_CAMPAIGN,,DELL,,,False,mean_spearman_rank_ic,INELIGIBLE_WRONG_OR_LOWER_AUTHORITY_CLASS,REJECTED,Lower-precedence or wrong lineage source rejected.
elastic_net,docs/dream_system/components/DS-24_independent_five_minute_selector/stage_outputs/ds24_p8_r14_e2_20260823T000000Z/22_fidelity1_results.csv,ceed978b8539797630028ebe29c8bf312071533d66725eb2e08dfb15f17269d8,OLDER_DS24_CAMPAIGN,,DELL,,,False,mean_spearman_rank_ic,INELIGIBLE_WRONG_OR_LOWER_AUTHORITY_CLASS,REJECTED,Lower-precedence or wrong lineage source rejected.
elastic_net,docs/dream_system/components/DS-24_independent_five_minute_selector/stage_outputs/ds24_p8_r14_e2_20260823T000000Z/22_fidelity1_results.csv,ceed978b8539797630028ebe29c8bf312071533d66725eb2e08dfb15f17269d8,OLDER_DS24_CAMPAIGN,,DELL,,,False,mean_spearman_rank_ic,INELIGIBLE_WRONG_OR_LOWER_AUTHORITY_CLASS,REJECTED,Lower-precedence or wrong lineage source rejected.
elastic_net,docs/dream_system/components/DS-24_independent_five_minute_selector/stage_outputs/ds24_p8_r14_e2_20260823T000000Z/22_fidelity1_results.csv,ceed978b8539797630028ebe29c8bf312071533d66725eb2e08dfb15f17269d8,OLDER_DS24_CAMPAIGN,,DELL,,,False,mean_spearman_rank_ic,INELIGIBLE_WRONG_OR_LOWER_AUTHORITY_CLASS,REJECTED,Lower-precedence or wrong lineage source rejected.
elastic_net,docs/dream_system/components/DS-24_independent_five_minute_selector/stage_outputs/ds24_p8_r14_e2_20260823T000000Z/22_fidelity1_results.csv,ceed978b8539797630028ebe29c8bf312071533d66725eb2e08dfb15f17269d8,OLDER_DS24_CAMPAIGN,,DELL,,,False,mean_spearman_rank_ic,INELIGIBLE_WRONG_OR_LOWER_AUTHORITY_CLASS,REJECTED,Lower-precedence or wrong lineage source rejected.
elastic_net,docs/dream_system/components/DS-24_independent_five_minute_selector/stage_outputs/ds24_p8_r14_e2_20260823T000000Z/22_fidelity1_results.csv,ceed978b8539797630028ebe29c8bf312071533d66725eb2e08dfb15f17269d8,OLDER_DS24_CAMPAIGN,,DELL,,,False,mean_spearman_rank_ic,INELIGIBLE_WRONG_OR_LOWER_AUTHORITY_CLASS,REJECTED,Lower-precedence or wrong lineage source rejected.
elastic_net,docs/dream_system/components/DS-24_independent_five_minute_selector/stage_outputs/ds24_p8_r14_e2_20260823T000000Z/22_fidelity1_results.csv,ceed978b8539797630028ebe29c8bf312071533d66725eb2e08dfb15f17269d8,OLDER_DS24_CAMPAIGN,,DELL,,,False,mean_spearman_rank_ic,INELIGIBLE_WRONG_OR_LOWER_AUTHORITY_CLASS,REJECTED,Lower-precedence or wrong lineage source rejected.
elastic_net,docs/dream_system/components/DS-24_independent_five_minute_selector/stage_outputs/ds24_p8_r14_e3_20260823T000000Z/17_fidelity1_results.csv,ceed978b8539797630028ebe29c8bf312071533d66725eb2e08dfb15f17269d8,OLDER_DS24_CAMPAIGN,,DELL,,,False,mean_spearman_rank_ic,INELIGIBLE_WRONG_OR_LOWER_AUTHORITY_CLASS,REJECTED,Lower-precedence or wrong lineage source rejected.
elastic_net,docs/dream_system/components/DS-24_independent_five_minute_selector/stage_outputs/ds24_p8_r14_e3_20260823T000000Z/17_fidelity1_results.csv,ceed978b8539797630028ebe29c8bf312071533d66725eb2e08dfb15f17269d8,OLDER_DS24_CAMPAIGN,,DELL,,,False,mean_spearman_rank_ic,INELIGIBLE_WRONG_OR_LOWER_AUTHORITY_CLASS,REJECTED,Lower-precedence or wrong lineage source rejected.
elastic_net,docs/dream_system/components/DS-24_independent_five_minute_selector/stage_outputs/ds24_p8_r14_e3_20260823T000000Z/17_fidelity1_results.csv,ceed978b8539797630028ebe29c8bf312071533d66725eb2e08dfb15f17269d8,OLDER_DS24_CAMPAIGN,,DELL,,,False,mean_spearman_rank_ic,INELIGIBLE_WRONG_OR_LOWER_AUTHORITY_CLASS,REJECTED,Lower-precedence or wrong lineage source rejected.
elastic_net,docs/dream_system/components/DS-24_independent_five_minute_selector/stage_outputs/ds24_p8_r14_e3_20260823T000000Z/17_fidelity1_results.csv,ceed978b8539797630028ebe29c8bf312071533d66725eb2e08dfb15f17269d8,OLDER_DS24_CAMPAIGN,,DELL,,,False,mean_spearman_rank_ic,INELIGIBLE_WRONG_OR_LOWER_AUTHORITY_CLASS,REJECTED,Lower-precedence or wrong lineage source rejected.
elastic_net,docs/dream_system/components/DS-24_independent_five_minute_selector/stage_outputs/ds24_p8_r14_e3_20260823T000000Z/17_fidelity1_results.csv,ceed978b8539797630028ebe29c8bf312071533d66725eb2e08dfb15f17269d8,OLDER_DS24_CAMPAIGN,,DELL,,,False,mean_spearman_rank_ic,INELIGIBLE_WRONG_OR_LOWER_AUTHORITY_CLASS,REJECTED,Lower-precedence or wrong lineage source rejected.
elastic_net,docs/dream_system/components/DS-24_independent_five_minute_selector/stage_outputs/ds24_p8_r14_e3_20260823T000000Z/17_fidelity1_results.csv,ceed978b8539797630028ebe29c8bf312071533d66725eb2e08dfb15f17269d8,OLDER_DS24_CAMPAIGN,,DELL,,,False,mean_spearman_rank_ic,INELIGIBLE_WRONG_OR_LOWER_AUTHORITY_CLASS,REJECTED,Lower-precedence or wrong lineage source rejected.
elastic_net,docs/dream_system/components/DS-24_independent_five_minute_selector/stage_outputs/ds24_p8_r14_e3_20260823T000000Z/17_fidelity1_results.csv,ceed978b8539797630028ebe29c8bf312071533d66725eb2e08dfb15f17269d8,OLDER_DS24_CAMPAIGN,,DELL,,,False,mean_spearman_rank_ic,INELIGIBLE_WRONG_OR_LOWER_AUTHORITY_CLASS,REJECTED,Lower-precedence or wrong lineage source rejected.
elastic_net,docs/dream_system/components/DS-24_independent_five_minute_selector/stage_outputs/ds24_p8_r14_e3_20260823T000000Z/17_fidelity1_results.csv,ceed978b8539797630028ebe29c8bf312071533d66725eb2e08dfb15f17269d8,OLDER_DS24_CAMPAIGN,,DELL,,,False,mean_spearman_rank_ic,INELIGIBLE_WRONG_OR_LOWER_AUTHORITY_CLASS,REJECTED,Lower-precedence or wrong lineage source rejected.
elastic_net,docs/dream_system/components/DS-24_independent_five_minute_selector/stage_outputs/ds24_p8_r14_e3_20260823T000000Z/17_fidelity1_results.csv,ceed978b8539797630028ebe29c8bf312071533d66725eb2e08dfb15f17269d8,OLDER_DS24_CAMPAIGN,,DELL,,,False,mean_spearman_rank_ic,INELIGIBLE_WRONG_OR_LOWER_AUTHORITY_CLASS,REJECTED,Lower-precedence or wrong lineage source rejected.
elastic_net,docs/dream_system/components/DS-24_independent_five_minute_selector/stage_outputs/ds24_p8_r14_e3_20260823T000000Z/19_fidelity2_results.csv,492349deb0302764868a023403ca08b8a1b80d03694b987417b3ee4394350345,OLDER_DS24_CAMPAIGN,,DELL,,,False,mean_spearman_rank_ic,INELIGIBLE_WRONG_OR_LOWER_AUTHORITY_CLASS,REJECTED,Lower-precedence or wrong lineage source rejected.
elastic_net,docs/dream_system/components/DS-24_independent_five_minute_selector/stage_outputs/ds24_p8_r14_e3_20260823T000000Z/19_fidelity2_results.csv,492349deb0302764868a023403ca08b8a1b80d03694b987417b3ee4394350345,OLDER_DS24_CAMPAIGN,,DELL,,,False,mean_spearman_rank_ic,INELIGIBLE_WRONG_OR_LOWER_AUTHORITY_CLASS,REJECTED,Lower-precedence or wrong lineage source rejected.
elastic_net,docs/dream_system/components/DS-24_independent_five_minute_selector/stage_outputs/ds24_p8_r14_e3_20260823T000000Z/19_fidelity2_results.csv,492349deb0302764868a023403ca08b8a1b80d03694b987417b3ee4394350345,OLDER_DS24_CAMPAIGN,,DELL,,,False,mean_spearman_rank_ic,INELIGIBLE_WRONG_OR_LOWER_AUTHORITY_CLASS,REJECTED,Lower-precedence or wrong lineage source rejected.
elastic_net,docs/dream_system/components/DS-24_independent_five_minute_selector/stage_outputs/ds24_p8_r14_e3_20260823T000000Z/21_fidelity3_results.csv,6887f617593ae8c74448f300bc7fbf6b943ef8e10d57e827a9734a6512576af2,OLDER_DS24_CAMPAIGN,,DELL,,,False,mean_spearman_rank_ic,INELIGIBLE_WRONG_OR_LOWER_AUTHORITY_CLASS,REJECTED,Lower-precedence or wrong lineage source rejected.
elastic_net,docs/dream_system/components/DS-24_independent_five_minute_selector/stage_outputs/ds24_p8_r14_e3_20260823T000000Z/21_fidelity3_results.csv,6887f617593ae8c74448f300bc7fbf6b943ef8e10d57e827a9734a6512576af2,OLDER_DS24_CAMPAIGN,,DELL,,,False,mean_spearman_rank_ic,INELIGIBLE_WRONG_OR_LOWER_AUTHORITY_CLASS,REJECTED,Lower-precedence or wrong lineage source rejected.
elastic_net,docs/dream_system/components/DS-24_independent_five_minute_selector/stage_outputs/ds24_p8_r14_e3e_20260823T000000Z/20_f1_results_v2.csv,e53c180bbc1d1500efcf5cf382125ecda1ac3233dc36d25fa9c752a6bbc22d88,OLDER_DS24_CAMPAIGN,,DELL,,,False,mean_spearman_rank_ic,INELIGIBLE_WRONG_OR_LOWER_AUTHORITY_CLASS,REJECTED,Lower-precedence or wrong lineage source rejected.
elastic_net,docs/dream_system/components/DS-24_independent_five_minute_selector/stage_outputs/ds24_p8_r14_e3e_20260823T000000Z/22_f2_results_v2.csv,fd92bdf3ddb92ef8a65dde84ed781fbf466f3decd5705bd5f78a06af0beb177c,OLDER_DS24_CAMPAIGN,,DELL,,,False,mean_spearman_rank_ic,INELIGIBLE_WRONG_OR_LOWER_AUTHORITY_CLASS,REJECTED,Lower-precedence or wrong lineage source rejected.
elastic_net,docs/dream_system/components/DS-24_independent_five_minute_selector/stage_outputs/ds24_p8_r14_e3e_20260823T000000Z/24_f3_results_v2.csv,c6e286496a3a2b452561610b54f52d5951085c5bf192c00439e739790f915e46,OLDER_DS24_CAMPAIGN,,DELL,,,False,mean_spearman_rank_ic,INELIGIBLE_WRONG_OR_LOWER_AUTHORITY_CLASS,REJECTED,Lower-precedence or wrong lineage source rejected.
elastic_net,docs/dream_system/components/DS-24_independent_five_minute_selector/stage_outputs/ds24_p8_r14_e3f_20260823T000000Z/40_f1_results_v2.csv,feb365eb49e3390b2983cd3449e8f1f06d6f12b94f5257740cf78508bf5fea3f,OLDER_DS24_CAMPAIGN,,DELL,2021-01-01T00:00:00+00:00,2022-12-31T23:59:59+00:00,False,mean_spearman_rank_ic,INELIGIBLE_WRONG_OR_LOWER_AUTHORITY_CLASS,REJECTED,Lower-precedence or wrong lineage source rejected.
elastic_net,docs/dream_system/components/DS-24_independent_five_minute_selector/stage_outputs/ds24_p8_r14_e3f_20260823T000000Z/42_f2_results_v2.csv,21750ed8b8eb01b9106ba22de19872d3459e5cd11c4d6a0cd4db73723dc406c1,OLDER_DS24_CAMPAIGN,,DELL,2021-01-01T00:00:00+00:00,2022-12-31T23:59:59+00:00,False,mean_spearman_rank_ic,INELIGIBLE_WRONG_OR_LOWER_AUTHORITY_CLASS,REJECTED,Lower-precedence or wrong lineage source rejected.
elastic_net,docs/dream_system/components/DS-24_independent_five_minute_selector/stage_outputs/ds24_p8_r14_e3f_20260823T000000Z/44_f3_results_v2.csv,87035330c8850d97a10091e430c2b35b44cb50d169a308ff55585e0f93c58f6a,OLDER_DS24_CAMPAIGN,,DELL,2021-01-01T00:00:00+00:00,2023-12-31T23:59:59+00:00,False,mean_spearman_rank_ic,INELIGIBLE_WRONG_OR_LOWER_AUTHORITY_CLASS,REJECTED,Lower-precedence or wrong lineage source rejected.
elastic_net,docs/dream_system/components/DS-24_independent_five_minute_selector/stage_outputs/ds24_p8_r14_e3g_c1_20260823T000000Z/19_tabular_scale_results.csv,5c1378aba59a29ffd71efb53581720ce871950c28bfe8f60d45f531d5f86dd0a,OLDER_DS24_CAMPAIGN,,DELL,2019-01-01T00:00:00+00:00,2023-12-31T23:59:59+00:00,False,mean_spearman_rank_ic,INELIGIBLE_WRONG_OR_LOWER_AUTHORITY_CLASS,REJECTED,Lower-precedence or wrong lineage source rejected.
elastic_net,docs/dream_system/components/DS-24_independent_five_minute_selector/stage_outputs/ds24_p8_r14_e3g_c1_20260823T000000Z/31_scale_stability_results.csv,c27931c0584338c1ee8b1a0997735945023986bbd3e95bc21696d6b5c6ff8b3a,OLDER_DS24_CAMPAIGN,,DELL,,,False,mean_spearman_rank_ic,INELIGIBLE_WRONG_OR_LOWER_AUTHORITY_CLASS,REJECTED,Lower-precedence or wrong lineage source rejected.
elastic_net,docs/dream_system/components/DS-24_independent_five_minute_selector/stage_outputs/ds24_p8_r14_e3g_c2_20260824T000000Z/R53B_13_completed_terminal_authority_recovery/R53B_candidate_result_inventory.csv,c2d0838f916e260f1d787d88362e46ec7f61c6274ffac329c072aa9dbe788719,OLDER_DS24_CAMPAIGN,,DELL,,,False,,INELIGIBLE_WRONG_OR_LOWER_AUTHORITY_CLASS,REJECTED,Lower-precedence or wrong lineage source rejected.
elastic_net,docs/dream_system/components/DS-24_independent_five_minute_selector/stage_outputs/ds24_p8_r14_e3g_c2_20260824T000000Z/R53B_13_completed_terminal_authority_recovery/R53B_candidate_result_inventory.csv,c2d0838f916e260f1d787d88362e46ec7f61c6274ffac329c072aa9dbe788719,OLDER_DS24_CAMPAIGN,,DELL,,,False,,INELIGIBLE_TRANSFER_NOT_LOCAL,REJECTED,Transfer or source estate missing locally.
elastic_net,docs/dream_system/components/DS-24_independent_five_minute_selector/stage_outputs/ds24_p8_r14_e3g_c2_20260824T000000Z/R53B_13_completed_terminal_authority_recovery/R53B_candidate_result_inventory.csv,c2d0838f916e260f1d787d88362e46ec7f61c6274ffac329c072aa9dbe788719,OLDER_DS24_CAMPAIGN,,DELL,,,False,,INELIGIBLE_TRANSFER_NOT_LOCAL,REJECTED,Transfer or source estate missing locally.
elastic_net,docs/dream_system/components/DS-24_independent_five_minute_selector/stage_outputs/ds24_p8_r14_e3g_c2_20260824T000000Z/R53B_13_completed_terminal_authority_recovery/R53B_candidate_result_inventory.csv,c2d0838f916e260f1d787d88362e46ec7f61c6274ffac329c072aa9dbe788719,OLDER_DS24_CAMPAIGN,,DELL,,,False,,INELIGIBLE_WRONG_OR_LOWER_AUTHORITY_CLASS,REJECTED,Lower-precedence or wrong lineage source rejected.
elastic_net,docs/dream_system/components/DS-24_independent_five_minute_selector/stage_outputs/ds24_p8_r14_e3g_c2_20260824T000000Z/R53B_13_completed_terminal_authority_recovery/R53B_candidate_result_inventory.csv,c2d0838f916e260f1d787d88362e46ec7f61c6274ffac329c072aa9dbe788719,OLDER_DS24_CAMPAIGN,,DELL,,,False,,INELIGIBLE_WRONG_OR_LOWER_AUTHORITY_CLASS,REJECTED,Lower-precedence or wrong lineage source rejected.
elastic_net,docs/dream_system/components/DS-24_independent_five_minute_selector/stage_outputs/ds24_p8_r14_e3g_c2_20260824T000000Z/R53B_13_completed_terminal_authority_recovery/R53B_candidate_result_inventory.csv,c2d0838f916e260f1d787d88362e46ec7f61c6274ffac329c072aa9dbe788719,OLDER_DS24_CAMPAIGN,,DELL,,,False,,INELIGIBLE_WRONG_OR_LOWER_AUTHORITY_CLASS,REJECTED,Lower-precedence or wrong lineage source rejected.
elastic_net,docs/dream_system/components/DS-24_independent_five_minute_selector/stage_outputs/ds24_p8_r14_e3g_c2_20260824T000000Z/R53B_13_completed_terminal_authority_recovery/R53B_candidate_result_inventory.csv,c2d0838f916e260f1d787d88362e46ec7f61c6274ffac329c072aa9dbe788719,OLDER_DS24_CAMPAIGN,,DELL,,,False,,INELIGIBLE_WRONG_OR_LOWER_AUTHORITY_CLASS,REJECTED,Lower-precedence or wrong lineage source rejected.
elastic_net,docs/dream_system/components/DS-24_independent_five_minute_selector/stage_outputs/ds24_p8_r14_e3g_c2_20260824T000000Z/R53B_13_completed_terminal_authority_recovery/R53B_candidate_result_inventory.csv,c2d0838f916e260f1d787d88362e46ec7f61c6274ffac329c072aa9dbe788719,OLDER_DS24_CAMPAIGN,,DELL,,,False,,INELIGIBLE_WRONG_OR_LOWER_AUTHORITY_CLASS,REJECTED,Lower-precedence or wrong lineage source rejected.
elastic_net,docs/dream_system/components/DS-24_independent_five_minute_selector/stage_outputs/ds24_p8_r14_e3g_c2_20260824T000000Z/R53B_13_completed_terminal_authority_recovery/R53B_candidate_result_inventory.csv,c2d0838f916e260f1d787d88362e46ec7f61c6274ffac329c072aa9dbe788719,OLDER_DS24_CAMPAIGN,,DELL,,,False,,INELIGIBLE_WRONG_OR_LOWER_AUTHORITY_CLASS,REJECTED,Lower-precedence or wrong lineage source rejected.
elastic_net,docs/dream_system/components/DS-24_independent_five_minute_selector/stage_outputs/ds24_p8_r14_e3g_c2_20260824T000000Z/R53B_13_completed_terminal_authority_recovery/R53B_candidate_result_inventory.csv,c2d0838f916e260f1d787d88362e46ec7f61c6274ffac329c072aa9dbe788719,OLDER_DS24_CAMPAIGN,,DELL,,,False,,INELIGIBLE_WRONG_OR_LOWER_AUTHORITY_CLASS,REJECTED,Lower-precedence or wrong lineage source rejected.
elastic_net,docs/dream_system/components/DS-24_independent_five_minute_selector/stage_outputs/ds24_p8_r14_e3g_c2_20260824T000000Z/R53B_13_completed_terminal_authority_recovery/R53B_candidate_result_inventory.csv,c2d0838f916e260f1d787d88362e46ec7f61c6274ffac329c072aa9dbe788719,OLDER_DS24_CAMPAIGN,,DELL,,,False,,INELIGIBLE_WRONG_OR_LOWER_AUTHORITY_CLASS,REJECTED,Lower-precedence or wrong lineage source rejected.
elastic_net,docs/dream_system/components/DS-24_independent_five_minute_selector/stage_outputs/ds24_p8_r14_e3g_c2_20260824T000000Z/R53B_13_completed_terminal_authority_recovery/R53B_candidate_result_inventory.csv,c2d0838f916e260f1d787d88362e46ec7f61c6274ffac329c072aa9dbe788719,OLDER_DS24_CAMPAIGN,,DELL,,,False,,INELIGIBLE_WRONG_OR_LOWER_AUTHORITY_CLASS,REJECTED,Lower-precedence or wrong lineage source rejected.
elastic_net,docs/dream_system/components/DS-24_independent_five_minute_selector/stage_outputs/ds24_p8_r14_e3g_c2_20260824T000000Z/R53B_13_completed_terminal_authority_recovery/R53B_candidate_result_inventory.csv,c2d0838f916e260f1d787d88362e46ec7f61c6274ffac329c072aa9dbe788719,OLDER_DS24_CAMPAIGN,,DELL,,,False,,INELIGIBLE_WRONG_OR_LOWER_AUTHORITY_CLASS,REJECTED,Lower-precedence or wrong lineage source rejected.
elastic_net,docs/dream_system/components/DS-24_independent_five_minute_selector/stage_outputs/ds24_p8_r14_e3g_c2_20260824T000000Z/R53B_13_completed_terminal_authority_recovery/R53B_candidate_result_inventory.csv,c2d0838f916e260f1d787d88362e46ec7f61c6274ffac329c072aa9dbe788719,OLDER_DS24_CAMPAIGN,,DELL,,,False,,INELIGIBLE_WRONG_OR_LOWER_AUTHORITY_CLASS,REJECTED,Lower-precedence or wrong lineage source rejected.
elastic_net,docs/dream_system/components/DS-24_independent_five_minute_selector/stage_outputs/ds24_p8_r14_e3g_c2_20260824T000000Z/R53B_13_completed_terminal_authority_recovery/R53B_candidate_result_inventory.csv,c2d0838f916e260f1d787d88362e46ec7f61c6274ffac329c072aa9dbe788719,OLDER_DS24_CAMPAIGN,,DELL,,,False,,INELIGIBLE_WRONG_OR_LOWER_AUTHORITY_CLASS,REJECTED,Lower-precedence or wrong lineage source rejected.
elastic_net,docs/dream_system/components/DS-24_independent_five_minute_selector/stage_outputs/ds24_p8_r14_e3g_c2_20260824T000000Z/R53B_13_completed_terminal_authority_recovery/R53B_candidate_result_inventory.csv,c2d0838f916e260f1d787d88362e46ec7f61c6274ffac329c072aa9dbe788719,OLDER_DS24_CAMPAIGN,,DELL,,,False,,INELIGIBLE_WRONG_OR_LOWER_AUTHORITY_CLASS,REJECTED,Lower-precedence or wrong lineage source rejected.
elastic_net,docs/dream_system/components/DS-24_independent_five_minute_selector/stage_outputs/ds24_p8_r14_e3g_c2_20260824T000000Z/R53B_13_completed_terminal_authority_recovery/R53B_candidate_result_inventory.csv,c2d0838f916e260f1d787d88362e46ec7f61c6274ffac329c072aa9dbe788719,OLDER_DS24_CAMPAIGN,,DELL,,,False,,INELIGIBLE_WRONG_OR_LOWER_AUTHORITY_CLASS,REJECTED,Lower-precedence or wrong lineage source rejected.
elastic_net,docs/dream_system/components/DS-24_independent_five_minute_selector/stage_outputs/ds24_p8_r14_e3g_c2_20260824T000000Z/R53B_13_completed_terminal_authority_recovery/R53B_candidate_result_inventory.csv,c2d0838f916e260f1d787d88362e46ec7f61c6274ffac329c072aa9dbe788719,OLDER_DS24_CAMPAIGN,,DELL,,,False,,INELIGIBLE_WRONG_OR_LOWER_AUTHORITY_CLASS,REJECTED,Lower-precedence or wrong lineage source rejected.
elastic_net,docs/dream_system/components/DS-24_independent_five_minute_selector/stage_outputs/ds24_p8_r14_e3g_c2_20260824T000000Z/R53B_13_completed_terminal_authority_recovery/R53B_candidate_result_inventory.csv,c2d0838f916e260f1d787d88362e46ec7f61c6274ffac329c072aa9dbe788719,OLDER_DS24_CAMPAIGN,,DELL,,,False,,INELIGIBLE_WRONG_OR_LOWER_AUTHORITY_CLASS,REJECTED,Lower-precedence or wrong lineage source rejected.
elastic_net,docs/dream_system/components/DS-24_independent_five_minute_selector/stage_outputs/ds24_p8_r14_e3g_c2_20260824T000000Z/R53B_13_completed_terminal_authority_recovery/R53B_candidate_result_inventory.csv,c2d0838f916e260f1d787d88362e46ec7f61c6274ffac329c072aa9dbe788719,OLDER_DS24_CAMPAIGN,,DELL,,,False,,INELIGIBLE_WRONG_OR_LOWER_AUTHORITY_CLASS,REJECTED,Lower-precedence or wrong lineage source rejected.
elastic_net,docs/dream_system/components/DS-24_independent_five_minute_selector/stage_outputs/ds24_p8_r14_e3g_c2_20260824T000000Z/R53B_13_completed_terminal_authority_recovery/R53B_candidate_result_inventory.csv,c2d0838f916e260f1d787d88362e46ec7f61c6274ffac329c072aa9dbe788719,OLDER_DS24_CAMPAIGN,,DELL,,,False,,INELIGIBLE_WRONG_OR_LOWER_AUTHORITY_CLASS,REJECTED,Lower-precedence or wrong lineage source rejected.
elastic_net,docs/dream_system/components/DS-24_independent_five_minute_selector/stage_outputs/ds24_p8_r14_e3g_c2_20260824T000000Z/R53B_13_completed_terminal_authority_recovery/R53B_candidate_result_inventory.csv,c2d0838f916e260f1d787d88362e46ec7f61c6274ffac329c072aa9dbe788719,OLDER_DS24_CAMPAIGN,,DELL,,,False,,INELIGIBLE_WRONG_OR_LOWER_AUTHORITY_CLASS,REJECTED,Lower-precedence or wrong lineage source rejected.
elastic_net,docs/dream_system/components/DS-24_independent_five_minute_selector/stage_outputs/ds24_p8_r14_e3g_c2_20260824T000000Z/R53B_13_completed_terminal_authority_recovery/R53B_candidate_result_inventory.csv,c2d0838f916e260f1d787d88362e46ec7f61c6274ffac329c072aa9dbe788719,OLDER_DS24_CAMPAIGN,,DELL,,,False,,INELIGIBLE_WRONG_OR_LOWER_AUTHORITY_CLASS,REJECTED,Lower-precedence or wrong lineage source rejected.
elastic_net,docs/dream_system/components/DS-24_independent_five_minute_selector/stage_outputs/ds24_p8_r14_e3g_c2_20260824T000000Z/R53B_13_completed_terminal_authority_recovery/R53B_candidate_result_inventory.csv,c2d0838f916e260f1d787d88362e46ec7f61c6274ffac329c072aa9dbe788719,OLDER_DS24_CAMPAIGN,,DELL,,,False,,INELIGIBLE_WRONG_OR_LOWER_AUTHORITY_CLASS,REJECTED,Lower-precedence or wrong lineage source rejected.
elastic_net,docs/dream_system/components/DS-24_independent_five_minute_selector/stage_outputs/ds24_p8_r14_e3g_c2_20260824T000000Z/R53B_13_completed_terminal_authority_recovery/R53B_candidate_result_inventory.csv,c2d0838f916e260f1d787d88362e46ec7f61c6274ffac329c072aa9dbe788719,OLDER_DS24_CAMPAIGN,,DELL,,,False,,INELIGIBLE_WRONG_OR_LOWER_AUTHORITY_CLASS,REJECTED,Lower-precedence or wrong lineage source rejected.
elastic_net,docs/dream_system/components/DS-24_independent_five_minute_selector/stage_outputs/ds24_p8_r14_e3g_c2_20260824T000000Z/R53B_13_completed_terminal_authority_recovery/R53B_candidate_result_inventory.csv,c2d0838f916e260f1d787d88362e46ec7f61c6274ffac329c072aa9dbe788719,OLDER_DS24_CAMPAIGN,,DELL,,,False,,INELIGIBLE_WRONG_OR_LOWER_AUTHORITY_CLASS,REJECTED,Lower-precedence or wrong lineage source rejected.
elastic_net,docs/dream_system/components/DS-24_independent_five_minute_selector/stage_outputs/ds24_p8_r14_e3g_c2_20260824T000000Z/R53B_13_completed_terminal_authority_recovery/R53B_candidate_result_inventory.csv,c2d0838f916e260f1d787d88362e46ec7f61c6274ffac329c072aa9dbe788719,OLDER_DS24_CAMPAIGN,,DELL,,,False,,INELIGIBLE_WRONG_OR_LOWER_AUTHORITY_CLASS,REJECTED,Lower-precedence or wrong lineage source rejected.
elastic_net,docs/dream_system/components/DS-24_independent_five_minute_selector/stage_outputs/ds24_p8_r14_e3g_c2_20260824T000000Z/R53B_13_completed_terminal_authority_recovery/R53B_candidate_result_inventory.csv,c2d0838f916e260f1d787d88362e46ec7f61c6274ffac329c072aa9dbe788719,OLDER_DS24_CAMPAIGN,,DELL,,,False,,INELIGIBLE_WRONG_OR_LOWER_AUTHORITY_CLASS,REJECTED,Lower-precedence or wrong lineage source rejected.
elastic_net,docs/dream_system/components/DS-24_independent_five_minute_selector/stage_outputs/ds24_p8_r14_e3g_c2_20260824T000000Z/R53B_13_completed_terminal_authority_recovery/R53B_candidate_result_inventory.csv,c2d0838f916e260f1d787d88362e46ec7f61c6274ffac329c072aa9dbe788719,OLDER_DS24_CAMPAIGN,,DELL,,,False,,INELIGIBLE_WRONG_OR_LOWER_AUTHORITY_CLASS,REJECTED,Lower-precedence or wrong lineage source rejected.
elastic_net,docs/dream_system/components/DS-24_independent_five_minute_selector/stage_outputs/ds24_p8_r14_e3g_c2_20260824T000000Z/R53B_13_completed_terminal_authority_recovery/R53B_candidate_result_inventory.csv,c2d0838f916e260f1d787d88362e46ec7f61c6274ffac329c072aa9dbe788719,OLDER_DS24_CAMPAIGN,,DELL,,,False,,INELIGIBLE_WRONG_OR_LOWER_AUTHORITY_CLASS,REJECTED,Lower-precedence or wrong lineage source rejected.
elastic_net,docs/dream_system/components/DS-24_independent_five_minute_selector/stage_outputs/ds24_p8_r14_e3g_c2_20260824T000000Z/R53B_13_completed_terminal_authority_recovery/R53B_candidate_result_inventory.csv,c2d0838f916e260f1d787d88362e46ec7f61c6274ffac329c072aa9dbe788719,OLDER_DS24_CAMPAIGN,,DELL,,,False,,INELIGIBLE_WRONG_OR_LOWER_AUTHORITY_CLASS,REJECTED,Lower-precedence or wrong lineage source rejected.
elastic_net,docs/dream_system/components/DS-24_independent_five_minute_selector/stage_outputs/ds24_p8_r14_e3g_c2_20260824T000000Z/R53B_13_completed_terminal_authority_recovery/R53B_candidate_result_inventory.csv,c2d0838f916e260f1d787d88362e46ec7f61c6274ffac329c072aa9dbe788719,OLDER_DS24_CAMPAIGN,,DELL,,,False,,INELIGIBLE_WRONG_OR_LOWER_AUTHORITY_CLASS,REJECTED,Lower-precedence or wrong lineage source rejected.
elastic_net,docs/dream_system/components/DS-24_independent_five_minute_selector/stage_outputs/ds24_p8_r14_e3g_c2_20260824T000000Z/R53B_13_completed_terminal_authority_recovery/R53B_candidate_result_inventory.csv,c2d0838f916e260f1d787d88362e46ec7f61c6274ffac329c072aa9dbe788719,OLDER_DS24_CAMPAIGN,,DELL,,,False,,INELIGIBLE_WRONG_OR_LOWER_AUTHORITY_CLASS,REJECTED,Lower-precedence or wrong lineage source rejected.
elastic_net,docs/dream_system/components/DS-24_independent_five_minute_selector/stage_outputs/ds24_p8_r14_e3g_c2_20260824T000000Z/R53B_13_completed_terminal_authority_recovery/R53B_candidate_result_inventory.csv,c2d0838f916e260f1d787d88362e46ec7f61c6274ffac329c072aa9dbe788719,OLDER_DS24_CAMPAIGN,,DELL,,,False,,INELIGIBLE_WRONG_OR_LOWER_AUTHORITY_CLASS,REJECTED,Lower-precedence or wrong lineage source rejected.
elastic_net,docs/dream_system/components/DS-24_independent_five_minute_selector/stage_outputs/ds24_p8_r14_e3g_c2_20260824T000000Z/R53B_13_completed_terminal_authority_recovery/R53B_candidate_result_inventory.csv,c2d0838f916e260f1d787d88362e46ec7f61c6274ffac329c072aa9dbe788719,OLDER_DS24_CAMPAIGN,,DELL,,,False,,INELIGIBLE_WRONG_OR_LOWER_AUTHORITY_CLASS,REJECTED,Lower-precedence or wrong lineage source rejected.
elastic_net,docs/dream_system/components/DS-24_independent_five_minute_selector/stage_outputs/ds24_p8_r14_e3g_c2_20260824T000000Z/R53B_13_completed_terminal_authority_recovery/R53B_candidate_result_inventory.csv,c2d0838f916e260f1d787d88362e46ec7f61c6274ffac329c072aa9dbe788719,OLDER_DS24_CAMPAIGN,,DELL,,,False,,INELIGIBLE_WRONG_OR_LOWER_AUTHORITY_CLASS,REJECTED,Lower-precedence or wrong lineage source rejected.
elastic_net,docs/dream_system/components/DS-24_independent_five_minute_selector/stage_outputs/ds24_p8_r14_e3g_c2_20260824T000000Z/R53B_13_completed_terminal_authority_recovery/R53B_candidate_result_inventory.csv,c2d0838f916e260f1d787d88362e46ec7f61c6274ffac329c072aa9dbe788719,OLDER_DS24_CAMPAIGN,,DELL,,,False,,INELIGIBLE_WRONG_OR_LOWER_AUTHORITY_CLASS,REJECTED,Lower-precedence or wrong lineage source rejected.
elastic_net,docs/dream_system/components/DS-24_independent_five_minute_selector/stage_outputs/ds24_p8_r14_e3g_c2_20260824T000000Z/R53B_13_completed_terminal_authority_recovery/R53B_candidate_result_inventory.csv,c2d0838f916e260f1d787d88362e46ec7f61c6274ffac329c072aa9dbe788719,OLDER_DS24_CAMPAIGN,,DELL,,,False,,INELIGIBLE_WRONG_OR_LOWER_AUTHORITY_CLASS,REJECTED,Lower-precedence or wrong lineage source rejected.
elastic_net,docs/dream_system/components/DS-24_independent_five_minute_selector/stage_outputs/ds24_p8_r14_e3g_c2_20260824T000000Z/R53B_13_completed_terminal_authority_recovery/R53B_candidate_result_inventory.csv,c2d0838f916e260f1d787d88362e46ec7f61c6274ffac329c072aa9dbe788719,OLDER_DS24_CAMPAIGN,,DELL,,,False,,INELIGIBLE_WRONG_OR_LOWER_AUTHORITY_CLASS,REJECTED,Lower-precedence or wrong lineage source rejected.
elastic_net,docs/dream_system/components/DS-24_independent_five_minute_selector/stage_outputs/ds24_p8_r14_e3g_c2_20260824T000000Z/R53B_13_completed_terminal_authority_recovery/R53B_candidate_result_inventory.csv,c2d0838f916e260f1d787d88362e46ec7f61c6274ffac329c072aa9dbe788719,OLDER_DS24_CAMPAIGN,,DELL,,,False,,INELIGIBLE_WRONG_OR_LOWER_AUTHORITY_CLASS,REJECTED,Lower-precedence or wrong lineage source rejected.
elastic_net,docs/dream_system/components/DS-24_independent_five_minute_selector/stage_outputs/ds24_p8_r14_e3g_c2_20260824T000000Z/R53B_13_completed_terminal_authority_recovery/R53B_candidate_result_inventory.csv,c2d0838f916e260f1d787d88362e46ec7f61c6274ffac329c072aa9dbe788719,OLDER_DS24_CAMPAIGN,,DELL,,,False,,INELIGIBLE_WRONG_OR_LOWER_AUTHORITY_CLASS,REJECTED,Lower-precedence or wrong lineage source rejected.
elastic_net,docs/dream_system/components/DS-24_independent_five_minute_selector/stage_outputs/ds24_p8_r14_e3g_c2_20260824T000000Z/R53B_13_completed_terminal_authority_recovery/R53B_candidate_result_inventory.csv,c2d0838f916e260f1d787d88362e46ec7f61c6274ffac329c072aa9dbe788719,OLDER_DS24_CAMPAIGN,,DELL,,,False,,INELIGIBLE_WRONG_OR_LOWER_AUTHORITY_CLASS,REJECTED,Lower-precedence or wrong lineage source rejected.
elastic_net,docs/dream_system/components/DS-24_independent_five_minute_selector/stage_outputs/ds24_p8_r14_e3g_c2_20260824T000000Z/R53B_13_completed_terminal_authority_recovery/R53B_candidate_result_inventory.csv,c2d0838f916e260f1d787d88362e46ec7f61c6274ffac329c072aa9dbe788719,OLDER_DS24_CAMPAIGN,,DELL,,,False,,INELIGIBLE_WRONG_OR_LOWER_AUTHORITY_CLASS,REJECTED,Lower-precedence or wrong lineage source rejected.
elastic_net,docs/dream_system/components/DS-24_independent_five_minute_selector/stage_outputs/ds24_p8_r14_e3g_c2_20260824T000000Z/R53B_13_completed_terminal_authority_recovery/R53B_candidate_result_inventory.csv,c2d0838f916e260f1d787d88362e46ec7f61c6274ffac329c072aa9dbe788719,OLDER_DS24_CAMPAIGN,,DELL,,,False,,INELIGIBLE_WRONG_OR_LOWER_AUTHORITY_CLASS,REJECTED,Lower-precedence or wrong lineage source rejected.
elastic_net,docs/dream_system/components/DS-24_independent_five_minute_selector/stage_outputs/ds24_p8_r14_e3g_c2_20260824T000000Z/R53B_13_completed_terminal_authority_recovery/R53B_candidate_result_inventory.csv,c2d0838f916e260f1d787d88362e46ec7f61c6274ffac329c072aa9dbe788719,OLDER_DS24_CAMPAIGN,,DELL,,,False,,INELIGIBLE_WRONG_OR_LOWER_AUTHORITY_CLASS,REJECTED,Lower-precedence or wrong lineage source rejected.
elastic_net,docs/dream_system/components/DS-24_independent_five_minute_selector/stage_outputs/ds24_p8_r14_e3g_c2_20260824T000000Z/R53B_13_completed_terminal_authority_recovery/R53B_candidate_result_inventory.csv,c2d0838f916e260f1d787d88362e46ec7f61c6274ffac329c072aa9dbe788719,OLDER_DS24_CAMPAIGN,,DELL,,,False,,INELIGIBLE_WRONG_OR_LOWER_AUTHORITY_CLASS,REJECTED,Lower-precedence or wrong lineage source rejected.
elastic_net,docs/dream_system/components/DS-24_independent_five_minute_selector/stage_outputs/ds24_p8_r14_e3g_c2_20260824T000000Z/R53B_13_completed_terminal_authority_recovery/R53B_candidate_result_inventory.csv,c2d0838f916e260f1d787d88362e46ec7f61c6274ffac329c072aa9dbe788719,OLDER_DS24_CAMPAIGN,,DELL,,,False,,INELIGIBLE_WRONG_OR_LOWER_AUTHORITY_CLASS,REJECTED,Lower-precedence or wrong lineage source rejected.
elastic_net,docs/dream_system/components/DS-24_independent_five_minute_selector/stage_outputs/ds24_p8_r14_e3g_c2_20260824T000000Z/R53B_13_completed_terminal_authority_recovery/R53B_candidate_result_inventory.csv,c2d0838f916e260f1d787d88362e46ec7f61c6274ffac329c072aa9dbe788719,OLDER_DS24_CAMPAIGN,,DELL,,,False,,INELIGIBLE_WRONG_OR_LOWER_AUTHORITY_CLASS,REJECTED,Lower-precedence or wrong lineage source rejected.
elastic_net,docs/dream_system/components/DS-24_independent_five_minute_selector/stage_outputs/ds24_p8_r14_e3g_c2_20260824T000000Z/R53B_13_completed_terminal_authority_recovery/R53B_candidate_result_inventory.csv,c2d0838f916e260f1d787d88362e46ec7f61c6274ffac329c072aa9dbe788719,OLDER_DS24_CAMPAIGN,,DELL,,,False,,INELIGIBLE_WRONG_OR_LOWER_AUTHORITY_CLASS,REJECTED,Lower-precedence or wrong lineage source rejected.
elastic_net,docs/dream_system/components/DS-24_independent_five_minute_selector/stage_outputs/ds24_p8_r14_e3g_c2_20260824T000000Z/R53B_13_completed_terminal_authority_recovery/R53B_candidate_result_inventory.csv,c2d0838f916e260f1d787d88362e46ec7f61c6274ffac329c072aa9dbe788719,OLDER_DS24_CAMPAIGN,,DELL,,,False,,INELIGIBLE_WRONG_OR_LOWER_AUTHORITY_CLASS,REJECTED,Lower-precedence or wrong lineage source rejected.
elastic_net,docs/dream_system/components/DS-24_independent_five_minute_selector/stage_outputs/ds24_p8_r14_e3g_c2_20260824T000000Z/R53B_13_completed_terminal_authority_recovery/R53B_candidate_result_inventory.csv,c2d0838f916e260f1d787d88362e46ec7f61c6274ffac329c072aa9dbe788719,OLDER_DS24_CAMPAIGN,,DELL,,,False,,INELIGIBLE_WRONG_OR_LOWER_AUTHORITY_CLASS,REJECTED,Lower-precedence or wrong lineage source rejected.
elastic_net,docs/dream_system/components/DS-24_independent_five_minute_selector/stage_outputs/ds24_p8_r14_e3g_c2_20260824T000000Z/R53B_13_completed_terminal_authority_recovery/R53B_candidate_result_inventory.csv,c2d0838f916e260f1d787d88362e46ec7f61c6274ffac329c072aa9dbe788719,OLDER_DS24_CAMPAIGN,,DELL,,,False,,INELIGIBLE_WRONG_OR_LOWER_AUTHORITY_CLASS,REJECTED,Lower-precedence or wrong lineage source rejected.
elastic_net,docs/dream_system/components/DS-24_independent_five_minute_selector/stage_outputs/ds24_p8_r14_e3g_c2_20260824T000000Z/R53B_13_completed_terminal_authority_recovery/R53B_candidate_result_inventory.csv,c2d0838f916e260f1d787d88362e46ec7f61c6274ffac329c072aa9dbe788719,OLDER_DS24_CAMPAIGN,,DELL,,,False,,INELIGIBLE_WRONG_OR_LOWER_AUTHORITY_CLASS,REJECTED,Lower-precedence or wrong lineage source rejected.
elastic_net,docs/dream_system/components/DS-24_independent_five_minute_selector/stage_outputs/ds24_p8_r14_e3g_c2_20260824T000000Z/R53B_13_completed_terminal_authority_recovery/R53B_candidate_result_inventory.csv,c2d0838f916e260f1d787d88362e46ec7f61c6274ffac329c072aa9dbe788719,OLDER_DS24_CAMPAIGN,,DELL,,,False,,INELIGIBLE_WRONG_OR_LOWER_AUTHORITY_CLASS,REJECTED,Lower-precedence or wrong lineage source rejected.
elastic_net,docs/dream_system/components/DS-24_independent_five_minute_selector/stage_outputs/ds24_p8_r14_e3g_c2_20260824T000000Z/R53B_13_completed_terminal_authority_recovery/R53B_candidate_result_inventory.csv,c2d0838f916e260f1d787d88362e46ec7f61c6274ffac329c072aa9dbe788719,OLDER_DS24_CAMPAIGN,,DELL,,,False,,INELIGIBLE_WRONG_OR_LOWER_AUTHORITY_CLASS,REJECTED,Lower-precedence or wrong lineage source rejected.
elastic_net,docs/dream_system/components/DS-24_independent_five_minute_selector/stage_outputs/ds24_p8_r14_e3g_c2_20260824T000000Z/R53B_13_completed_terminal_authority_recovery/R53B_candidate_result_inventory.csv,c2d0838f916e260f1d787d88362e46ec7f61c6274ffac329c072aa9dbe788719,OLDER_DS24_CAMPAIGN,,DELL,,,False,,INELIGIBLE_WRONG_OR_LOWER_AUTHORITY_CLASS,REJECTED,Lower-precedence or wrong lineage source rejected.
elastic_net,docs/dream_system/components/DS-24_independent_five_minute_selector/stage_outputs/ds24_p8_r14_e3g_c2_20260824T000000Z/R53B_13_completed_terminal_authority_recovery/R53B_candidate_result_inventory.csv,c2d0838f916e260f1d787d88362e46ec7f61c6274ffac329c072aa9dbe788719,OLDER_DS24_CAMPAIGN,,DELL,,,False,,INELIGIBLE_WRONG_OR_LOWER_AUTHORITY_CLASS,REJECTED,Lower-precedence or wrong lineage source rejected.
elastic_net,docs/dream_system/components/DS-24_independent_five_minute_selector/stage_outputs/ds24_p8_r14_e3g_c2_20260824T000000Z/R53B_13_completed_terminal_authority_recovery/R53B_candidate_result_inventory.csv,c2d0838f916e260f1d787d88362e46ec7f61c6274ffac329c072aa9dbe788719,OLDER_DS24_CAMPAIGN,,DELL,,,False,,INELIGIBLE_WRONG_OR_LOWER_AUTHORITY_CLASS,REJECTED,Lower-precedence or wrong lineage source rejected.
elastic_net,docs/dream_system/components/DS-24_independent_five_minute_selector/stage_outputs/ds24_p8_r14_e3g_c2_20260824T000000Z/R53B_13_completed_terminal_authority_recovery/R53B_candidate_result_inventory.csv,c2d0838f916e260f1d787d88362e46ec7f61c6274ffac329c072aa9dbe788719,OLDER_DS24_CAMPAIGN,,DELL,,,False,,INELIGIBLE_WRONG_OR_LOWER_AUTHORITY_CLASS,REJECTED,Lower-precedence or wrong lineage source rejected.
elastic_net,docs/dream_system/components/DS-24_independent_five_minute_selector/stage_outputs/ds24_p8_r14_e3g_c2_20260824T000000Z/R53B_13_completed_terminal_authority_recovery/R53B_candidate_result_inventory.csv,c2d0838f916e260f1d787d88362e46ec7f61c6274ffac329c072aa9dbe788719,OLDER_DS24_CAMPAIGN,,DELL,,,False,,INELIGIBLE_WRONG_OR_LOWER_AUTHORITY_CLASS,REJECTED,Lower-precedence or wrong lineage source rejected.
elastic_net,docs/dream_system/components/DS-24_independent_five_minute_selector/stage_outputs/ds24_p8_r14_e3g_c2_20260824T000000Z/R53B_13_completed_terminal_authority_recovery/R53B_candidate_result_inventory.csv,c2d0838f916e260f1d787d88362e46ec7f61c6274ffac329c072aa9dbe788719,OLDER_DS24_CAMPAIGN,,DELL,,,False,,INELIGIBLE_WRONG_OR_LOWER_AUTHORITY_CLASS,REJECTED,Lower-precedence or wrong lineage source rejected.
elastic_net,docs/dream_system/components/DS-24_independent_five_minute_selector/stage_outputs/ds24_p8_r14_e3g_c2_20260824T000000Z/R53B_13_completed_terminal_authority_recovery/R53B_candidate_result_inventory.csv,c2d0838f916e260f1d787d88362e46ec7f61c6274ffac329c072aa9dbe788719,OLDER_DS24_CAMPAIGN,,DELL,,,False,,INELIGIBLE_WRONG_OR_LOWER_AUTHORITY_CLASS,REJECTED,Lower-precedence or wrong lineage source rejected.
elastic_net,docs/dream_system/components/DS-24_independent_five_minute_selector/stage_outputs/ds24_p8_r14_e3g_c2_20260824T000000Z/R53B_13_completed_terminal_authority_recovery/R53B_candidate_result_inventory.csv,c2d0838f916e260f1d787d88362e46ec7f61c6274ffac329c072aa9dbe788719,OLDER_DS24_CAMPAIGN,,DELL,,,False,,INELIGIBLE_WRONG_OR_LOWER_AUTHORITY_CLASS,REJECTED,Lower-precedence or wrong lineage source rejected.
elastic_net,docs/dream_system/components/DS-24_independent_five_minute_selector/stage_outputs/ds24_p8_r14_e3g_c2_20260824T000000Z/R53B_13_completed_terminal_authority_recovery/R53B_candidate_result_inventory.csv,c2d0838f916e260f1d787d88362e46ec7f61c6274ffac329c072aa9dbe788719,OLDER_DS24_CAMPAIGN,,DELL,,,False,,INELIGIBLE_WRONG_OR_LOWER_AUTHORITY_CLASS,REJECTED,Lower-precedence or wrong lineage source rejected.
elastic_net,docs/dream_system/components/DS-24_independent_five_minute_selector/stage_outputs/ds24_p8_r14_e3g_c2_20260824T000000Z/R53B_13_completed_terminal_authority_recovery/R53B_candidate_result_inventory.csv,c2d0838f916e260f1d787d88362e46ec7f61c6274ffac329c072aa9dbe788719,OLDER_DS24_CAMPAIGN,,DELL,,,False,,INELIGIBLE_WRONG_OR_LOWER_AUTHORITY_CLASS,REJECTED,Lower-precedence or wrong lineage source rejected.
elastic_net,docs/dream_system/components/DS-24_independent_five_minute_selector/stage_outputs/ds24_p8_r14_e3g_c2_20260824T000000Z/R53B_13_completed_terminal_authority_recovery/R53B_candidate_result_inventory.csv,c2d0838f916e260f1d787d88362e46ec7f61c6274ffac329c072aa9dbe788719,OLDER_DS24_CAMPAIGN,,DELL,,,False,,INELIGIBLE_WRONG_OR_LOWER_AUTHORITY_CLASS,REJECTED,Lower-precedence or wrong lineage source rejected.
elastic_net,docs/dream_system/components/DS-24_independent_five_minute_selector/stage_outputs/ds24_p8_r14_e3g_c2_20260824T000000Z/R53B_13_completed_terminal_authority_recovery/R53B_candidate_result_inventory.csv,c2d0838f916e260f1d787d88362e46ec7f61c6274ffac329c072aa9dbe788719,OLDER_DS24_CAMPAIGN,,DELL,,,False,,INELIGIBLE_WRONG_OR_LOWER_AUTHORITY_CLASS,REJECTED,Lower-precedence or wrong lineage source rejected.
elastic_net,docs/dream_system/components/DS-24_independent_five_minute_selector/stage_outputs/ds24_p8_r14_e3g_c2_20260824T000000Z/R53B_13_completed_terminal_authority_recovery/R53B_candidate_result_inventory.csv,c2d0838f916e260f1d787d88362e46ec7f61c6274ffac329c072aa9dbe788719,OLDER_DS24_CAMPAIGN,,DELL,,,False,,INELIGIBLE_WRONG_OR_LOWER_AUTHORITY_CLASS,REJECTED,Lower-precedence or wrong lineage source rejected.
elastic_net,docs/dream_system/components/DS-24_independent_five_minute_selector/stage_outputs/ds24_p8_r14_e3g_c2_20260824T000000Z/R53B_13_completed_terminal_authority_recovery/R53B_candidate_result_inventory.csv,c2d0838f916e260f1d787d88362e46ec7f61c6274ffac329c072aa9dbe788719,OLDER_DS24_CAMPAIGN,,DELL,,,False,,INELIGIBLE_WRONG_OR_LOWER_AUTHORITY_CLASS,REJECTED,Lower-precedence or wrong lineage source rejected.
elastic_net,docs/dream_system/components/DS-24_independent_five_minute_selector/stage_outputs/ds24_p8_r14_e3g_c2_20260824T000000Z/R53B_13_completed_terminal_authority_recovery/R53B_candidate_result_inventory.csv,c2d0838f916e260f1d787d88362e46ec7f61c6274ffac329c072aa9dbe788719,OLDER_DS24_CAMPAIGN,,DELL,,,False,,INELIGIBLE_WRONG_OR_LOWER_AUTHORITY_CLASS,REJECTED,Lower-precedence or wrong lineage source rejected.
elastic_net,docs/dream_system/components/DS-24_independent_five_minute_selector/stage_outputs/ds24_p8_r14_e3g_c2_20260824T000000Z/R53B_13_completed_terminal_authority_recovery/R53B_candidate_result_inventory.csv,c2d0838f916e260f1d787d88362e46ec7f61c6274ffac329c072aa9dbe788719,OLDER_DS24_CAMPAIGN,,DELL,,,False,,INELIGIBLE_WRONG_OR_LOWER_AUTHORITY_CLASS,REJECTED,Lower-precedence or wrong lineage source rejected.
elastic_net,docs/dream_system/components/DS-24_independent_five_minute_selector/stage_outputs/ds24_p8_r14_e3g_c2_20260824T000000Z/R53B_13_completed_terminal_authority_recovery/R53B_candidate_result_inventory.csv,c2d0838f916e260f1d787d88362e46ec7f61c6274ffac329c072aa9dbe788719,OLDER_DS24_CAMPAIGN,,DELL,,,False,,INELIGIBLE_TRANSFER_NOT_LOCAL,REJECTED,Transfer or source estate missing locally.
elastic_net,docs/dream_system/components/DS-24_independent_five_minute_selector/stage_outputs/ds24_p8_r14_e3g_c2_20260824T000000Z/R53B_13_completed_terminal_authority_recovery/R53B_candidate_result_inventory.csv,c2d0838f916e260f1d787d88362e46ec7f61c6274ffac329c072aa9dbe788719,OLDER_DS24_CAMPAIGN,,DELL,,,False,,INELIGIBLE_WRONG_OR_LOWER_AUTHORITY_CLASS,REJECTED,Lower-precedence or wrong lineage source rejected.
elastic_net,docs/dream_system/components/DS-24_independent_five_minute_selector/stage_outputs/ds24_p8_r14_e3g_c2_20260824T000000Z/R53B_13_completed_terminal_authority_recovery/R53B_candidate_result_inventory.csv,c2d0838f916e260f1d787d88362e46ec7f61c6274ffac329c072aa9dbe788719,OLDER_DS24_CAMPAIGN,,DELL,,,False,,INELIGIBLE_WRONG_OR_LOWER_AUTHORITY_CLASS,REJECTED,Lower-precedence or wrong lineage source rejected.
elastic_net,docs/dream_system/components/DS-24_independent_five_minute_selector/stage_outputs/ds24_p8_r14_e3g_c2_20260824T000000Z/R53B_13_completed_terminal_authority_recovery/R53B_candidate_result_inventory.csv,c2d0838f916e260f1d787d88362e46ec7f61c6274ffac329c072aa9dbe788719,OLDER_DS24_CAMPAIGN,,DELL,,,False,,INELIGIBLE_WRONG_OR_LOWER_AUTHORITY_CLASS,REJECTED,Lower-precedence or wrong lineage source rejected.
elastic_net,docs/dream_system/components/DS-24_independent_five_minute_selector/stage_outputs/ds24_p8_r14_e3g_c2_20260824T000000Z/R53B_13_completed_terminal_authority_recovery/R53B_candidate_result_inventory.csv,c2d0838f916e260f1d787d88362e46ec7f61c6274ffac329c072aa9dbe788719,OLDER_DS24_CAMPAIGN,,DELL,,,False,,INELIGIBLE_WRONG_OR_LOWER_AUTHORITY_CLASS,REJECTED,Lower-precedence or wrong lineage source rejected.
elastic_net,docs/dream_system/components/DS-24_independent_five_minute_selector/stage_outputs/ds24_p8_r14_e3g_c2_20260824T000000Z/R53B_13_completed_terminal_authority_recovery/R53B_candidate_result_inventory.csv,c2d0838f916e260f1d787d88362e46ec7f61c6274ffac329c072aa9dbe788719,OLDER_DS24_CAMPAIGN,,DELL,,,False,,INELIGIBLE_WRONG_OR_LOWER_AUTHORITY_CLASS,REJECTED,Lower-precedence or wrong lineage source rejected.
elastic_net,docs/dream_system/components/DS-24_independent_five_minute_selector/stage_outputs/ds24_p8_r14_e3g_c2_20260824T000000Z/R53B_13_completed_terminal_authority_recovery/R53B_candidate_result_inventory.csv,c2d0838f916e260f1d787d88362e46ec7f61c6274ffac329c072aa9dbe788719,OLDER_DS24_CAMPAIGN,,DELL,,,False,,INELIGIBLE_WRONG_OR_LOWER_AUTHORITY_CLASS,REJECTED,Lower-precedence or wrong lineage source rejected.
elastic_net,docs/dream_system/components/DS-24_independent_five_minute_selector/stage_outputs/ds24_p8_r14_e3g_c2_20260824T000000Z/R53B_13_completed_terminal_authority_recovery/R53B_candidate_result_inventory.csv,c2d0838f916e260f1d787d88362e46ec7f61c6274ffac329c072aa9dbe788719,OLDER_DS24_CAMPAIGN,,DELL,,,False,,INELIGIBLE_WRONG_OR_LOWER_AUTHORITY_CLASS,REJECTED,Lower-precedence or wrong lineage source rejected.
elastic_net,docs/dream_system/components/DS-24_independent_five_minute_selector/stage_outputs/ds24_p8_r14_e3g_c2_20260824T000000Z/R53B_13_completed_terminal_authority_recovery/R53B_candidate_result_inventory.csv,c2d0838f916e260f1d787d88362e46ec7f61c6274ffac329c072aa9dbe788719,OLDER_DS24_CAMPAIGN,,DELL,,,False,,INELIGIBLE_TRANSFER_NOT_LOCAL,REJECTED,Transfer or source estate missing locally.
elastic_net,docs/dream_system/components/DS-24_independent_five_minute_selector/stage_outputs/ds24_p8_r14_e3g_c2_20260824T000000Z/R53B_13_completed_terminal_authority_recovery/R53B_candidate_result_inventory.csv,c2d0838f916e260f1d787d88362e46ec7f61c6274ffac329c072aa9dbe788719,OLDER_DS24_CAMPAIGN,,DELL,,,False,,INELIGIBLE_WRONG_OR_LOWER_AUTHORITY_CLASS,REJECTED,Lower-precedence or wrong lineage source rejected.
elastic_net,docs/dream_system/components/DS-24_independent_five_minute_selector/stage_outputs/ds24_p8_r14_e3g_c2_20260824T000000Z/R53B_13_completed_terminal_authority_recovery/R53B_candidate_result_inventory.csv,c2d0838f916e260f1d787d88362e46ec7f61c6274ffac329c072aa9dbe788719,OLDER_DS24_CAMPAIGN,,DELL,,,False,,INELIGIBLE_WRONG_OR_LOWER_AUTHORITY_CLASS,REJECTED,Lower-precedence or wrong lineage source rejected.
elastic_net,docs/dream_system/components/DS-24_independent_five_minute_selector/stage_outputs/ds24_p8_r3_20260822T000000Z/53_uncertainty_results.csv,c1eb136defadfd8d1ad3a91a88ba44f4478af669db8f715dec5f6ce2084a1f35,OLDER_DS24_CAMPAIGN,,DELL,,,False,,INELIGIBLE_WRONG_OR_LOWER_AUTHORITY_CLASS,REJECTED,Lower-precedence or wrong lineage source rejected.
elastic_net,docs/dream_system/components/DS-24_independent_five_minute_selector/stage_outputs/ds24_p8_r14_e3g_c2_20260824T000000Z/r7_r14_policy_workers/elastic_net/metrics_only/checkpoint.json,f4f13f46d6273d4cb88302b164a3603db517ef263b7c05bdb8b791c9e90c62cb,UNKNOWN,,DELL,,,False,,INELIGIBLE_WRONG_OR_LOWER_AUTHORITY_CLASS,REJECTED,Lower-precedence or wrong lineage source rejected.
elastic_net,docs/dream_system/components/DS-24_independent_five_minute_selector/stage_outputs/ds24_p8_r14_e3g_c2_20260824T000000Z/r7_r14_policy_workers/elastic_net/metrics_only_v3_r40_elastic_net/checkpoint.json,e87c9eb0ec2b5585a1a55a40882d76d023f30c08f58421c6a7db5d27a03eb014,UNKNOWN,,DELL,,,False,,INELIGIBLE_WRONG_OR_LOWER_AUTHORITY_CLASS,REJECTED,Lower-precedence or wrong lineage source rejected.
elastic_net,docs/dream_system/components/DS-24_independent_five_minute_selector/stage_outputs/ds24_p8_r14_e3g_c2_20260824T000000Z/r7_r14_policy_workers/elastic_net/metrics_only_v3_r40_elastic_net/daily_portfolio_returns_v3_manifest.json,74ad7dbf7d9771ef2731f2fd86505ce68231050c73f1456f97f771273bbf8393,UNKNOWN,,DELL,,,False,,INELIGIBLE_WRONG_OR_LOWER_AUTHORITY_CLASS,REJECTED,Lower-precedence or wrong lineage source rejected.
elastic_net,docs/dream_system/components/DS-24_independent_five_minute_selector/stage_outputs/ds24_p8_r14_e3g_c2_20260824T000000Z/r7_r14_policy_workers/elastic_net/metrics_only_v3_r40_elastic_net/rank_ic_v3_manifest.json,8596a2437138c616b50cfa48f8a028d379b6e88e6c50122db0e86e8a39b14f3d,UNKNOWN,,DELL,,,False,,INELIGIBLE_WRONG_OR_LOWER_AUTHORITY_CLASS,REJECTED,Lower-precedence or wrong lineage source rejected.
elastic_net,docs/dream_system/components/DS-24_independent_five_minute_selector/stage_outputs/ds24_p8_r14_e3g_c2_20260824T000000Z/r7_r14_policy_workers/elastic_net/metrics_only_v3_r40_elastic_net/resolved_performance_checkpoint_v3.json,d32d9965592cdb6bebeaca36ab854868ff6ac77a2dfdf78f4bb8a0e0cdcd3689,UNKNOWN,,DELL,,,False,,INELIGIBLE_TRANSFER_NOT_LOCAL,REJECTED,Transfer or source estate missing locally.
elastic_net,docs/dream_system/components/DS-24_independent_five_minute_selector/stage_outputs/ds24_p8_r14_e3g_c2_20260824T000000Z/r7_r14_policy_workers/elastic_net/metrics_only_v3_r40_elastic_net/transaction_costs_v3_manifest.json,c50d1fdc502e59c2b9040f853556dee28842241fafdad1a1da28e35464b5eb64,UNKNOWN,,DELL,,,False,,INELIGIBLE_WRONG_OR_LOWER_AUTHORITY_CLASS,REJECTED,Lower-precedence or wrong lineage source rejected.
elastic_net,docs/dream_system/components/DS-24_independent_five_minute_selector/stage_outputs/ds24_p8_r14_e3g_c2_20260824T000000Z/r7_r14_policy_workers/elastic_net/progress.json,fcccc1f9ec75c18936531c7da61fed49d4017a90d2856f7271400dbbcfc39be1,UNKNOWN,ds24_p8_r14_e3g_c2_r7_r14_20260824T000000Z,DELL,,,False,,INELIGIBLE_WRONG_OR_LOWER_AUTHORITY_CLASS,REJECTED,Lower-precedence or wrong lineage source rejected.
rff_ridge,docs/dream_system/components/DS-24_independent_five_minute_selector/stage_outputs/ds24_p8_r14_e3g_c2_20260824T000000Z/r7_r14_policy_workers/rff_ridge/metrics_only_v3_r37_rff_retry/resolved_performance_summary_v3.json,87c7004430c8ebee24072f1b0dff3419c33c89eea154daf2db5ce7f33e31045b,CURRENT_DS24_TERMINAL_V3,,DELL,2016-02-02T14:35:00+00:00,2026-06-30T19:00:00+00:00,True,mean_spearman_rank_ic|hac_lower_95|hac_upper_95|annualized_return|annualized_volatility|sharpe|maximum_drawdown|win_rate|turnover|total_estimated_transaction_costs,ELIGIBLE_TERMINAL_AUTHORITY,SELECTED,
rff_ridge,docs/dream_system/components/DS-24_independent_five_minute_selector/stage_outputs/ds24_p8_r14_e3g_c2_20260824T000000Z/r7_r14_policy_workers/rff_ridge/metrics_only_v3/resolved_performance_summary_v3.json,e649c28fb2f8b51c040c652850353d18bd4f22b7d58c761108c921c1e37bbc3f,CURRENT_DS24_PARTIAL_PROGRESS,,DELL,,,False,total_estimated_transaction_costs,INELIGIBLE_PARTIAL_WINDOW_NOT_TERMINAL,REJECTED,PARTIAL_WINDOW_NOT_TERMINAL; selected terminal authority supersedes this source.
rff_ridge,docs/dream_system/components/DS-24_independent_five_minute_selector/stage_outputs/ds24_p8_r14_e3g_c2_20260824T000000Z/r7_r14_policy_workers/rff_ridge/metrics_only_v3_r37_rff_replay/resolved_performance_summary_v3.json,bb6c9452ab72642ae34d47426c02e381241363f43045168459533f371edfa9ba,CURRENT_DS24_PARTIAL_PROGRESS,,DELL,,,False,total_estimated_transaction_costs,INELIGIBLE_PARTIAL_WINDOW_NOT_TERMINAL,REJECTED,PARTIAL_WINDOW_NOT_TERMINAL; selected terminal authority supersedes this source.
rff_ridge,docs/dream_system/components/DS-24_independent_five_minute_selector/stage_outputs/ds24_p8_r14_e3g_c2_20260824T000000Z/R53B_13_completed_terminal_authority_recovery/R53B_FINAL_13_COMPLETED_MODEL_SCORECARD.csv,d2167474fb815d530ec447f8e8f45f8f555c6dd2fba3b79750cc42386e6c5b40,OLDER_DS24_CAMPAIGN,,DELL,,,False,mean_spearman_rank_ic|sharpe|turnover,INELIGIBLE_TRANSFER_NOT_LOCAL,REJECTED,Transfer or source estate missing locally.
rff_ridge,docs/dream_system/components/DS-24_independent_five_minute_selector/stage_outputs/ds24_p8_r14_e3g_c2_20260824T000000Z/R53B_13_completed_terminal_authority_recovery/R53B_accepted_rank_ic_leaderboard.csv,b9f4385a40dce32d44b3e4a2ad01806278054801f1d91734385b3cf61fcda4ff,OLDER_DS24_CAMPAIGN,,DELL,,,False,mean_spearman_rank_ic|sharpe|turnover,INELIGIBLE_TRANSFER_NOT_LOCAL,REJECTED,Transfer or source estate missing locally.
rff_ridge,docs/dream_system/components/DS-24_independent_five_minute_selector/stage_outputs/ds24_p8_r14_e3e_20260823T000000Z/20_f1_results_v2.csv,e53c180bbc1d1500efcf5cf382125ecda1ac3233dc36d25fa9c752a6bbc22d88,OLDER_DS24_CAMPAIGN,,DELL,,,False,mean_spearman_rank_ic,INELIGIBLE_WRONG_OR_LOWER_AUTHORITY_CLASS,REJECTED,Lower-precedence or wrong lineage source rejected.
rff_ridge,docs/dream_system/components/DS-24_independent_five_minute_selector/stage_outputs/ds24_p8_r14_e3e_20260823T000000Z/22_f2_results_v2.csv,fd92bdf3ddb92ef8a65dde84ed781fbf466f3decd5705bd5f78a06af0beb177c,OLDER_DS24_CAMPAIGN,,DELL,,,False,mean_spearman_rank_ic,INELIGIBLE_WRONG_OR_LOWER_AUTHORITY_CLASS,REJECTED,Lower-precedence or wrong lineage source rejected.
rff_ridge,docs/dream_system/components/DS-24_independent_five_minute_selector/stage_outputs/ds24_p8_r14_e3e_20260823T000000Z/24_f3_results_v2.csv,c6e286496a3a2b452561610b54f52d5951085c5bf192c00439e739790f915e46,OLDER_DS24_CAMPAIGN,,DELL,,,False,mean_spearman_rank_ic,INELIGIBLE_WRONG_OR_LOWER_AUTHORITY_CLASS,REJECTED,Lower-precedence or wrong lineage source rejected.
rff_ridge,docs/dream_system/components/DS-24_independent_five_minute_selector/stage_outputs/ds24_p8_r14_e3f_20260823T000000Z/40_f1_results_v2.csv,feb365eb49e3390b2983cd3449e8f1f06d6f12b94f5257740cf78508bf5fea3f,OLDER_DS24_CAMPAIGN,,DELL,2021-01-01T00:00:00+00:00,2022-12-31T23:59:59+00:00,False,mean_spearman_rank_ic,INELIGIBLE_WRONG_OR_LOWER_AUTHORITY_CLASS,REJECTED,Lower-precedence or wrong lineage source rejected.
rff_ridge,docs/dream_system/components/DS-24_independent_five_minute_selector/stage_outputs/ds24_p8_r14_e3f_20260823T000000Z/42_f2_results_v2.csv,21750ed8b8eb01b9106ba22de19872d3459e5cd11c4d6a0cd4db73723dc406c1,OLDER_DS24_CAMPAIGN,,DELL,2021-01-01T00:00:00+00:00,2022-12-31T23:59:59+00:00,False,mean_spearman_rank_ic,INELIGIBLE_WRONG_OR_LOWER_AUTHORITY_CLASS,REJECTED,Lower-precedence or wrong lineage source rejected.
rff_ridge,docs/dream_system/components/DS-24_independent_five_minute_selector/stage_outputs/ds24_p8_r14_e3f_20260823T000000Z/44_f3_results_v2.csv,87035330c8850d97a10091e430c2b35b44cb50d169a308ff55585e0f93c58f6a,OLDER_DS24_CAMPAIGN,,DELL,2021-01-01T00:00:00+00:00,2023-12-31T23:59:59+00:00,False,mean_spearman_rank_ic,INELIGIBLE_WRONG_OR_LOWER_AUTHORITY_CLASS,REJECTED,Lower-precedence or wrong lineage source rejected.
rff_ridge,docs/dream_system/components/DS-24_independent_five_minute_selector/stage_outputs/ds24_p8_r14_e3g_c2_20260824T000000Z/R53B_13_completed_terminal_authority_recovery/R53B_candidate_result_inventory.csv,c2d0838f916e260f1d787d88362e46ec7f61c6274ffac329c072aa9dbe788719,OLDER_DS24_CAMPAIGN,,DELL,,,False,,INELIGIBLE_WRONG_OR_LOWER_AUTHORITY_CLASS,REJECTED,Lower-precedence or wrong lineage source rejected.
rff_ridge,docs/dream_system/components/DS-24_independent_five_minute_selector/stage_outputs/ds24_p8_r14_e3g_c2_20260824T000000Z/R53B_13_completed_terminal_authority_recovery/R53B_candidate_result_inventory.csv,c2d0838f916e260f1d787d88362e46ec7f61c6274ffac329c072aa9dbe788719,OLDER_DS24_CAMPAIGN,,DELL,,,False,,INELIGIBLE_WRONG_OR_LOWER_AUTHORITY_CLASS,REJECTED,Lower-precedence or wrong lineage source rejected.
rff_ridge,docs/dream_system/components/DS-24_independent_five_minute_selector/stage_outputs/ds24_p8_r14_e3g_c2_20260824T000000Z/R53B_13_completed_terminal_authority_recovery/R53B_candidate_result_inventory.csv,c2d0838f916e260f1d787d88362e46ec7f61c6274ffac329c072aa9dbe788719,OLDER_DS24_CAMPAIGN,,DELL,,,False,,INELIGIBLE_WRONG_OR_LOWER_AUTHORITY_CLASS,REJECTED,Lower-precedence or wrong lineage source rejected.
rff_ridge,docs/dream_system/components/DS-24_independent_five_minute_selector/stage_outputs/ds24_p8_r14_e3g_c2_20260824T000000Z/R53B_13_completed_terminal_authority_recovery/R53B_candidate_result_inventory.csv,c2d0838f916e260f1d787d88362e46ec7f61c6274ffac329c072aa9dbe788719,OLDER_DS24_CAMPAIGN,,DELL,,,False,,INELIGIBLE_TRANSFER_NOT_LOCAL,REJECTED,Transfer or source estate missing locally.
rff_ridge,docs/dream_system/components/DS-24_independent_five_minute_selector/stage_outputs/ds24_p8_r14_e3g_c2_20260824T000000Z/R53B_13_completed_terminal_authority_recovery/R53B_candidate_result_inventory.csv,c2d0838f916e260f1d787d88362e46ec7f61c6274ffac329c072aa9dbe788719,OLDER_DS24_CAMPAIGN,,DELL,,,False,,INELIGIBLE_TRANSFER_NOT_LOCAL,REJECTED,Transfer or source estate missing locally.
rff_ridge,docs/dream_system/components/DS-24_independent_five_minute_selector/stage_outputs/ds24_p8_r14_e3g_c2_20260824T000000Z/R53B_13_completed_terminal_authority_recovery/R53B_candidate_result_inventory.csv,c2d0838f916e260f1d787d88362e46ec7f61c6274ffac329c072aa9dbe788719,OLDER_DS24_CAMPAIGN,,DELL,,,False,,INELIGIBLE_WRONG_OR_LOWER_AUTHORITY_CLASS,REJECTED,Lower-precedence or wrong lineage source rejected.
rff_ridge,docs/dream_system/components/DS-24_independent_five_minute_selector/stage_outputs/ds24_p8_r14_e3g_c2_20260824T000000Z/R53B_13_completed_terminal_authority_recovery/R53B_candidate_result_inventory.csv,c2d0838f916e260f1d787d88362e46ec7f61c6274ffac329c072aa9dbe788719,OLDER_DS24_CAMPAIGN,,DELL,,,False,,INELIGIBLE_WRONG_OR_LOWER_AUTHORITY_CLASS,REJECTED,Lower-precedence or wrong lineage source rejected.
rff_ridge,docs/dream_system/components/DS-24_independent_five_minute_selector/stage_outputs/ds24_p8_r14_e3g_c2_20260824T000000Z/R53B_13_completed_terminal_authority_recovery/R53B_candidate_result_inventory.csv,c2d0838f916e260f1d787d88362e46ec7f61c6274ffac329c072aa9dbe788719,OLDER_DS24_CAMPAIGN,,DELL,,,False,,INELIGIBLE_WRONG_OR_LOWER_AUTHORITY_CLASS,REJECTED,Lower-precedence or wrong lineage source rejected.
rff_ridge,docs/dream_system/components/DS-24_independent_five_minute_selector/stage_outputs/ds24_p8_r14_e3g_c2_20260824T000000Z/R53B_13_completed_terminal_authority_recovery/R53B_candidate_result_inventory.csv,c2d0838f916e260f1d787d88362e46ec7f61c6274ffac329c072aa9dbe788719,OLDER_DS24_CAMPAIGN,,DELL,,,False,,INELIGIBLE_WRONG_OR_LOWER_AUTHORITY_CLASS,REJECTED,Lower-precedence or wrong lineage source rejected.
rff_ridge,docs/dream_system/components/DS-24_independent_five_minute_selector/stage_outputs/ds24_p8_r14_e3g_c2_20260824T000000Z/R53B_13_completed_terminal_authority_recovery/R53B_candidate_result_inventory.csv,c2d0838f916e260f1d787d88362e46ec7f61c6274ffac329c072aa9dbe788719,OLDER_DS24_CAMPAIGN,,DELL,,,False,,INELIGIBLE_WRONG_OR_LOWER_AUTHORITY_CLASS,REJECTED,Lower-precedence or wrong lineage source rejected.
rff_ridge,docs/dream_system/components/DS-24_independent_five_minute_selector/stage_outputs/ds24_p8_r14_e3g_c2_20260824T000000Z/R53B_13_completed_terminal_authority_recovery/R53B_candidate_result_inventory.csv,c2d0838f916e260f1d787d88362e46ec7f61c6274ffac329c072aa9dbe788719,OLDER_DS24_CAMPAIGN,,DELL,,,False,,INELIGIBLE_WRONG_OR_LOWER_AUTHORITY_CLASS,REJECTED,Lower-precedence or wrong lineage source rejected.
rff_ridge,docs/dream_system/components/DS-24_independent_five_minute_selector/stage_outputs/ds24_p8_r14_e3g_c2_20260824T000000Z/R53B_13_completed_terminal_authority_recovery/R53B_candidate_result_inventory.csv,c2d0838f916e260f1d787d88362e46ec7f61c6274ffac329c072aa9dbe788719,OLDER_DS24_CAMPAIGN,,DELL,,,False,,INELIGIBLE_WRONG_OR_LOWER_AUTHORITY_CLASS,REJECTED,Lower-precedence or wrong lineage source rejected.
rff_ridge,docs/dream_system/components/DS-24_independent_five_minute_selector/stage_outputs/ds24_p8_r14_e3g_c2_20260824T000000Z/R53B_13_completed_terminal_authority_recovery/R53B_candidate_result_inventory.csv,c2d0838f916e260f1d787d88362e46ec7f61c6274ffac329c072aa9dbe788719,OLDER_DS24_CAMPAIGN,,DELL,,,False,,INELIGIBLE_WRONG_OR_LOWER_AUTHORITY_CLASS,REJECTED,Lower-precedence or wrong lineage source rejected.
rff_ridge,docs/dream_system/components/DS-24_independent_five_minute_selector/stage_outputs/ds24_p8_r14_e3g_c2_20260824T000000Z/R53B_13_completed_terminal_authority_recovery/R53B_candidate_result_inventory.csv,c2d0838f916e260f1d787d88362e46ec7f61c6274ffac329c072aa9dbe788719,OLDER_DS24_CAMPAIGN,,DELL,,,False,,INELIGIBLE_WRONG_OR_LOWER_AUTHORITY_CLASS,REJECTED,Lower-precedence or wrong lineage source rejected.
rff_ridge,docs/dream_system/components/DS-24_independent_five_minute_selector/stage_outputs/ds24_p8_r14_e3g_c2_20260824T000000Z/R53B_13_completed_terminal_authority_recovery/R53B_candidate_result_inventory.csv,c2d0838f916e260f1d787d88362e46ec7f61c6274ffac329c072aa9dbe788719,OLDER_DS24_CAMPAIGN,,DELL,,,False,,INELIGIBLE_WRONG_OR_LOWER_AUTHORITY_CLASS,REJECTED,Lower-precedence or wrong lineage source rejected.
rff_ridge,docs/dream_system/components/DS-24_independent_five_minute_selector/stage_outputs/ds24_p8_r14_e3g_c2_20260824T000000Z/R53B_13_completed_terminal_authority_recovery/R53B_candidate_result_inventory.csv,c2d0838f916e260f1d787d88362e46ec7f61c6274ffac329c072aa9dbe788719,OLDER_DS24_CAMPAIGN,,DELL,,,False,,INELIGIBLE_WRONG_OR_LOWER_AUTHORITY_CLASS,REJECTED,Lower-precedence or wrong lineage source rejected.
rff_ridge,docs/dream_system/components/DS-24_independent_five_minute_selector/stage_outputs/ds24_p8_r14_e3g_c2_20260824T000000Z/R53B_13_completed_terminal_authority_recovery/R53B_candidate_result_inventory.csv,c2d0838f916e260f1d787d88362e46ec7f61c6274ffac329c072aa9dbe788719,OLDER_DS24_CAMPAIGN,,DELL,,,False,,INELIGIBLE_WRONG_OR_LOWER_AUTHORITY_CLASS,REJECTED,Lower-precedence or wrong lineage source rejected.
rff_ridge,docs/dream_system/components/DS-24_independent_five_minute_selector/stage_outputs/ds24_p8_r14_e3g_c2_20260824T000000Z/R53B_13_completed_terminal_authority_recovery/R53B_candidate_result_inventory.csv,c2d0838f916e260f1d787d88362e46ec7f61c6274ffac329c072aa9dbe788719,OLDER_DS24_CAMPAIGN,,DELL,,,False,,INELIGIBLE_WRONG_OR_LOWER_AUTHORITY_CLASS,REJECTED,Lower-precedence or wrong lineage source rejected.
rff_ridge,docs/dream_system/components/DS-24_independent_five_minute_selector/stage_outputs/ds24_p8_r14_e3g_c2_20260824T000000Z/R53B_13_completed_terminal_authority_recovery/R53B_candidate_result_inventory.csv,c2d0838f916e260f1d787d88362e46ec7f61c6274ffac329c072aa9dbe788719,OLDER_DS24_CAMPAIGN,,DELL,,,False,,INELIGIBLE_WRONG_OR_LOWER_AUTHORITY_CLASS,REJECTED,Lower-precedence or wrong lineage source rejected.
rff_ridge,docs/dream_system/components/DS-24_independent_five_minute_selector/stage_outputs/ds24_p8_r14_e3g_c2_20260824T000000Z/R53B_13_completed_terminal_authority_recovery/R53B_candidate_result_inventory.csv,c2d0838f916e260f1d787d88362e46ec7f61c6274ffac329c072aa9dbe788719,OLDER_DS24_CAMPAIGN,,DELL,,,False,,INELIGIBLE_WRONG_OR_LOWER_AUTHORITY_CLASS,REJECTED,Lower-precedence or wrong lineage source rejected.
rff_ridge,docs/dream_system/components/DS-24_independent_five_minute_selector/stage_outputs/ds24_p8_r14_e3g_c2_20260824T000000Z/R53B_13_completed_terminal_authority_recovery/R53B_candidate_result_inventory.csv,c2d0838f916e260f1d787d88362e46ec7f61c6274ffac329c072aa9dbe788719,OLDER_DS24_CAMPAIGN,,DELL,,,False,,INELIGIBLE_WRONG_OR_LOWER_AUTHORITY_CLASS,REJECTED,Lower-precedence or wrong lineage source rejected.
rff_ridge,docs/dream_system/components/DS-24_independent_five_minute_selector/stage_outputs/ds24_p8_r14_e3g_c2_20260824T000000Z/R53B_13_completed_terminal_authority_recovery/R53B_candidate_result_inventory.csv,c2d0838f916e260f1d787d88362e46ec7f61c6274ffac329c072aa9dbe788719,OLDER_DS24_CAMPAIGN,,DELL,,,False,,INELIGIBLE_WRONG_OR_LOWER_AUTHORITY_CLASS,REJECTED,Lower-precedence or wrong lineage source rejected.
rff_ridge,docs/dream_system/components/DS-24_independent_five_minute_selector/stage_outputs/ds24_p8_r14_e3g_c2_20260824T000000Z/R53B_13_completed_terminal_authority_recovery/R53B_candidate_result_inventory.csv,c2d0838f916e260f1d787d88362e46ec7f61c6274ffac329c072aa9dbe788719,OLDER_DS24_CAMPAIGN,,DELL,,,False,,INELIGIBLE_WRONG_OR_LOWER_AUTHORITY_CLASS,REJECTED,Lower-precedence or wrong lineage source rejected.
rff_ridge,docs/dream_system/components/DS-24_independent_five_minute_selector/stage_outputs/ds24_p8_r14_e3g_c2_20260824T000000Z/R53B_13_completed_terminal_authority_recovery/R53B_candidate_result_inventory.csv,c2d0838f916e260f1d787d88362e46ec7f61c6274ffac329c072aa9dbe788719,OLDER_DS24_CAMPAIGN,,DELL,,,False,,INELIGIBLE_WRONG_OR_LOWER_AUTHORITY_CLASS,REJECTED,Lower-precedence or wrong lineage source rejected.
rff_ridge,docs/dream_system/components/DS-24_independent_five_minute_selector/stage_outputs/ds24_p8_r14_e3g_c2_20260824T000000Z/R53B_13_completed_terminal_authority_recovery/R53B_candidate_result_inventory.csv,c2d0838f916e260f1d787d88362e46ec7f61c6274ffac329c072aa9dbe788719,OLDER_DS24_CAMPAIGN,,DELL,,,False,,INELIGIBLE_WRONG_OR_LOWER_AUTHORITY_CLASS,REJECTED,Lower-precedence or wrong lineage source rejected.
rff_ridge,docs/dream_system/components/DS-24_independent_five_minute_selector/stage_outputs/ds24_p8_r14_e3g_c2_20260824T000000Z/R53B_13_completed_terminal_authority_recovery/R53B_candidate_result_inventory.csv,c2d0838f916e260f1d787d88362e46ec7f61c6274ffac329c072aa9dbe788719,OLDER_DS24_CAMPAIGN,,DELL,,,False,,INELIGIBLE_WRONG_OR_LOWER_AUTHORITY_CLASS,REJECTED,Lower-precedence or wrong lineage source rejected.
rff_ridge,docs/dream_system/components/DS-24_independent_five_minute_selector/stage_outputs/ds24_p8_r14_e3g_c2_20260824T000000Z/R53B_13_completed_terminal_authority_recovery/R53B_candidate_result_inventory.csv,c2d0838f916e260f1d787d88362e46ec7f61c6274ffac329c072aa9dbe788719,OLDER_DS24_CAMPAIGN,,DELL,,,False,,INELIGIBLE_TRANSFER_NOT_LOCAL,REJECTED,Transfer or source estate missing locally.
rff_ridge,docs/dream_system/components/DS-24_independent_five_minute_selector/stage_outputs/ds24_p8_r14_e3g_c2_20260824T000000Z/R53B_13_completed_terminal_authority_recovery/R53B_candidate_result_inventory.csv,c2d0838f916e260f1d787d88362e46ec7f61c6274ffac329c072aa9dbe788719,OLDER_DS24_CAMPAIGN,,DELL,,,False,,INELIGIBLE_WRONG_OR_LOWER_AUTHORITY_CLASS,REJECTED,Lower-precedence or wrong lineage source rejected.
rff_ridge,docs/dream_system/components/DS-24_independent_five_minute_selector/stage_outputs/ds24_p8_r14_e3g_c2_20260824T000000Z/R53B_13_completed_terminal_authority_recovery/R53B_candidate_result_inventory.csv,c2d0838f916e260f1d787d88362e46ec7f61c6274ffac329c072aa9dbe788719,OLDER_DS24_CAMPAIGN,,DELL,,,False,,INELIGIBLE_WRONG_OR_LOWER_AUTHORITY_CLASS,REJECTED,Lower-precedence or wrong lineage source rejected.
rff_ridge,docs/dream_system/components/DS-24_independent_five_minute_selector/stage_outputs/ds24_p8_r14_e3g_c2_20260824T000000Z/R53B_13_completed_terminal_authority_recovery/R53B_candidate_result_inventory.csv,c2d0838f916e260f1d787d88362e46ec7f61c6274ffac329c072aa9dbe788719,OLDER_DS24_CAMPAIGN,,DELL,,,False,,INELIGIBLE_WRONG_OR_LOWER_AUTHORITY_CLASS,REJECTED,Lower-precedence or wrong lineage source rejected.
rff_ridge,docs/dream_system/components/DS-24_independent_five_minute_selector/stage_outputs/ds24_p8_r14_e3g_c2_20260824T000000Z/R53B_13_completed_terminal_authority_recovery/R53B_candidate_result_inventory.csv,c2d0838f916e260f1d787d88362e46ec7f61c6274ffac329c072aa9dbe788719,OLDER_DS24_CAMPAIGN,,DELL,,,False,,INELIGIBLE_TRANSFER_NOT_LOCAL,REJECTED,Transfer or source estate missing locally.
rff_ridge,docs/dream_system/components/DS-24_independent_five_minute_selector/stage_outputs/ds24_p8_r14_e3g_c2_20260824T000000Z/R53B_13_completed_terminal_authority_recovery/R53B_candidate_result_inventory.csv,c2d0838f916e260f1d787d88362e46ec7f61c6274ffac329c072aa9dbe788719,OLDER_DS24_CAMPAIGN,,DELL,,,False,,INELIGIBLE_WRONG_OR_LOWER_AUTHORITY_CLASS,REJECTED,Lower-precedence or wrong lineage source rejected.
rff_ridge,docs/dream_system/components/DS-24_independent_five_minute_selector/stage_outputs/ds24_p8_r14_e3g_c2_20260824T000000Z/R53B_13_completed_terminal_authority_recovery/R53B_candidate_result_inventory.csv,c2d0838f916e260f1d787d88362e46ec7f61c6274ffac329c072aa9dbe788719,OLDER_DS24_CAMPAIGN,,DELL,,,False,,INELIGIBLE_WRONG_OR_LOWER_AUTHORITY_CLASS,REJECTED,Lower-precedence or wrong lineage source rejected.
rff_ridge,docs/dream_system/components/DS-24_independent_five_minute_selector/stage_outputs/ds24_p8_r14_e3g_c2_20260824T000000Z/R53B_13_completed_terminal_authority_recovery/R53B_candidate_result_inventory.csv,c2d0838f916e260f1d787d88362e46ec7f61c6274ffac329c072aa9dbe788719,OLDER_DS24_CAMPAIGN,,DELL,,,False,,INELIGIBLE_WRONG_OR_LOWER_AUTHORITY_CLASS,REJECTED,Lower-precedence or wrong lineage source rejected.
rff_ridge,docs/dream_system/components/DS-24_independent_five_minute_selector/stage_outputs/ds24_p8_r14_e3g_c2_20260824T000000Z/R53B_13_completed_terminal_authority_recovery/R53B_candidate_result_inventory.csv,c2d0838f916e260f1d787d88362e46ec7f61c6274ffac329c072aa9dbe788719,OLDER_DS24_CAMPAIGN,,DELL,,,False,,INELIGIBLE_WRONG_OR_LOWER_AUTHORITY_CLASS,REJECTED,Lower-precedence or wrong lineage source rejected.
rff_ridge,docs/dream_system/components/DS-24_independent_five_minute_selector/stage_outputs/ds24_p8_r14_e3g_c2_20260824T000000Z/R53B_13_completed_terminal_authority_recovery/R53B_candidate_result_inventory.csv,c2d0838f916e260f1d787d88362e46ec7f61c6274ffac329c072aa9dbe788719,OLDER_DS24_CAMPAIGN,,DELL,,,False,,INELIGIBLE_TRANSFER_NOT_LOCAL,REJECTED,Transfer or source estate missing locally.
rff_ridge,docs/dream_system/components/DS-24_independent_five_minute_selector/stage_outputs/ds24_p8_r14_e3g_c2_20260824T000000Z/R53B_13_completed_terminal_authority_recovery/R53B_candidate_result_inventory.csv,c2d0838f916e260f1d787d88362e46ec7f61c6274ffac329c072aa9dbe788719,OLDER_DS24_CAMPAIGN,,DELL,,,False,,INELIGIBLE_WRONG_OR_LOWER_AUTHORITY_CLASS,REJECTED,Lower-precedence or wrong lineage source rejected.
rff_ridge,docs/dream_system/components/DS-24_independent_five_minute_selector/stage_outputs/ds24_p8_r14_e3g_c2_20260824T000000Z/R53B_13_completed_terminal_authority_recovery/R53B_candidate_result_inventory.csv,c2d0838f916e260f1d787d88362e46ec7f61c6274ffac329c072aa9dbe788719,OLDER_DS24_CAMPAIGN,,DELL,,,False,,INELIGIBLE_WRONG_OR_LOWER_AUTHORITY_CLASS,REJECTED,Lower-precedence or wrong lineage source rejected.
rff_ridge,docs/dream_system/components/DS-24_independent_five_minute_selector/stage_outputs/ds24_p8_r14_e3g_c2_20260824T000000Z/R53B_13_completed_terminal_authority_recovery/R53B_candidate_result_inventory.csv,c2d0838f916e260f1d787d88362e46ec7f61c6274ffac329c072aa9dbe788719,OLDER_DS24_CAMPAIGN,,DELL,,,False,,INELIGIBLE_WRONG_OR_LOWER_AUTHORITY_CLASS,REJECTED,Lower-precedence or wrong lineage source rejected.
rff_ridge,docs/dream_system/components/DS-24_independent_five_minute_selector/stage_outputs/ds24_p8_r14_e3g_c2_20260824T000000Z/R53B_13_completed_terminal_authority_recovery/R53B_candidate_result_inventory.csv,c2d0838f916e260f1d787d88362e46ec7f61c6274ffac329c072aa9dbe788719,OLDER_DS24_CAMPAIGN,,DELL,,,False,,INELIGIBLE_WRONG_OR_LOWER_AUTHORITY_CLASS,REJECTED,Lower-precedence or wrong lineage source rejected.
rff_ridge,docs/dream_system/components/DS-24_independent_five_minute_selector/stage_outputs/ds24_p8_r14_e3g_c2_20260824T000000Z/R53B_13_completed_terminal_authority_recovery/R53B_candidate_result_inventory.csv,c2d0838f916e260f1d787d88362e46ec7f61c6274ffac329c072aa9dbe788719,OLDER_DS24_CAMPAIGN,,DELL,,,False,,INELIGIBLE_WRONG_OR_LOWER_AUTHORITY_CLASS,REJECTED,Lower-precedence or wrong lineage source rejected.
rff_ridge,docs/dream_system/components/DS-24_independent_five_minute_selector/stage_outputs/ds24_p8_r14_e3g_c2_20260824T000000Z/R53B_13_completed_terminal_authority_recovery/R53B_candidate_result_inventory.csv,c2d0838f916e260f1d787d88362e46ec7f61c6274ffac329c072aa9dbe788719,OLDER_DS24_CAMPAIGN,,DELL,,,False,,INELIGIBLE_WRONG_OR_LOWER_AUTHORITY_CLASS,REJECTED,Lower-precedence or wrong lineage source rejected.
rff_ridge,docs/dream_system/components/DS-24_independent_five_minute_selector/stage_outputs/ds24_p8_r14_e3g_c2_20260824T000000Z/R53B_13_completed_terminal_authority_recovery/R53B_candidate_result_inventory.csv,c2d0838f916e260f1d787d88362e46ec7f61c6274ffac329c072aa9dbe788719,OLDER_DS24_CAMPAIGN,,DELL,,,False,,INELIGIBLE_WRONG_OR_LOWER_AUTHORITY_CLASS,REJECTED,Lower-precedence or wrong lineage source rejected.
rff_ridge,docs/dream_system/components/DS-24_independent_five_minute_selector/stage_outputs/ds24_p8_r14_e3g_c2_20260824T000000Z/R53B_13_completed_terminal_authority_recovery/R53B_candidate_result_inventory.csv,c2d0838f916e260f1d787d88362e46ec7f61c6274ffac329c072aa9dbe788719,OLDER_DS24_CAMPAIGN,,DELL,,,False,,INELIGIBLE_WRONG_OR_LOWER_AUTHORITY_CLASS,REJECTED,Lower-precedence or wrong lineage source rejected.
rff_ridge,docs/dream_system/components/DS-24_independent_five_minute_selector/stage_outputs/ds24_p8_r14_e3g_c2_20260824T000000Z/R53B_13_completed_terminal_authority_recovery/R53B_candidate_result_inventory.csv,c2d0838f916e260f1d787d88362e46ec7f61c6274ffac329c072aa9dbe788719,OLDER_DS24_CAMPAIGN,,DELL,,,False,,INELIGIBLE_TRANSFER_NOT_LOCAL,REJECTED,Transfer or source estate missing locally.
rff_ridge,docs/dream_system/components/DS-24_independent_five_minute_selector/stage_outputs/ds24_p8_r14_e3g_c2_20260824T000000Z/R53B_13_completed_terminal_authority_recovery/R53B_candidate_result_inventory.csv,c2d0838f916e260f1d787d88362e46ec7f61c6274ffac329c072aa9dbe788719,OLDER_DS24_CAMPAIGN,,DELL,,,False,,INELIGIBLE_WRONG_OR_LOWER_AUTHORITY_CLASS,REJECTED,Lower-precedence or wrong lineage source rejected.
rff_ridge,docs/dream_system/components/DS-24_independent_five_minute_selector/stage_outputs/ds24_p8_r14_e3g_c2_20260824T000000Z/R53B_13_completed_terminal_authority_recovery/R53B_candidate_result_inventory.csv,c2d0838f916e260f1d787d88362e46ec7f61c6274ffac329c072aa9dbe788719,OLDER_DS24_CAMPAIGN,,DELL,,,False,,INELIGIBLE_WRONG_OR_LOWER_AUTHORITY_CLASS,REJECTED,Lower-precedence or wrong lineage source rejected.
rff_ridge,docs/dream_system/components/DS-24_independent_five_minute_selector/stage_outputs/ds24_p8_r14_e3g_c2_20260824T000000Z/R53B_13_completed_terminal_authority_recovery/R53B_candidate_result_inventory.csv,c2d0838f916e260f1d787d88362e46ec7f61c6274ffac329c072aa9dbe788719,OLDER_DS24_CAMPAIGN,,DELL,,,False,,INELIGIBLE_WRONG_OR_LOWER_AUTHORITY_CLASS,REJECTED,Lower-precedence or wrong lineage source rejected.
rff_ridge,docs/dream_system/components/DS-24_independent_five_minute_selector/stage_outputs/ds24_p8_r14_e3g_c2_20260824T000000Z/R53B_13_completed_terminal_authority_recovery/R53B_candidate_result_inventory.csv,c2d0838f916e260f1d787d88362e46ec7f61c6274ffac329c072aa9dbe788719,OLDER_DS24_CAMPAIGN,,DELL,,,False,,INELIGIBLE_TRANSFER_NOT_LOCAL,REJECTED,Transfer or source estate missing locally.
rff_ridge,docs/dream_system/components/DS-24_independent_five_minute_selector/stage_outputs/ds24_p8_r14_e3g_c2_20260824T000000Z/R53B_13_completed_terminal_authority_recovery/R53B_candidate_result_inventory.csv,c2d0838f916e260f1d787d88362e46ec7f61c6274ffac329c072aa9dbe788719,OLDER_DS24_CAMPAIGN,,DELL,,,False,,INELIGIBLE_WRONG_OR_LOWER_AUTHORITY_CLASS,REJECTED,Lower-precedence or wrong lineage source rejected.
rff_ridge,docs/dream_system/components/DS-24_independent_five_minute_selector/stage_outputs/ds24_p8_r14_e3g_c2_20260824T000000Z/R53B_13_completed_terminal_authority_recovery/R53B_candidate_result_inventory.csv,c2d0838f916e260f1d787d88362e46ec7f61c6274ffac329c072aa9dbe788719,OLDER_DS24_CAMPAIGN,,DELL,,,False,,INELIGIBLE_WRONG_OR_LOWER_AUTHORITY_CLASS,REJECTED,Lower-precedence or wrong lineage source rejected.
rff_ridge,docs/dream_system/components/DS-24_independent_five_minute_selector/stage_outputs/ds24_p8_r14_e3g_c2_20260824T000000Z/R53B_13_completed_terminal_authority_recovery/R53B_candidate_result_inventory.csv,c2d0838f916e260f1d787d88362e46ec7f61c6274ffac329c072aa9dbe788719,OLDER_DS24_CAMPAIGN,,DELL,,,False,,INELIGIBLE_WRONG_OR_LOWER_AUTHORITY_CLASS,REJECTED,Lower-precedence or wrong lineage source rejected.
rff_ridge,docs/dream_system/components/DS-24_independent_five_minute_selector/stage_outputs/ds24_p8_r14_e3g_c2_20260824T000000Z/R53B_13_completed_terminal_authority_recovery/R53B_candidate_result_inventory.csv,c2d0838f916e260f1d787d88362e46ec7f61c6274ffac329c072aa9dbe788719,OLDER_DS24_CAMPAIGN,,DELL,,,False,,INELIGIBLE_WRONG_OR_LOWER_AUTHORITY_CLASS,REJECTED,Lower-precedence or wrong lineage source rejected.
rff_ridge,docs/dream_system/components/DS-24_independent_five_minute_selector/stage_outputs/ds24_p8_r14_e3g_c2_20260824T000000Z/R53B_13_completed_terminal_authority_recovery/R53B_candidate_result_inventory.csv,c2d0838f916e260f1d787d88362e46ec7f61c6274ffac329c072aa9dbe788719,OLDER_DS24_CAMPAIGN,,DELL,,,False,,INELIGIBLE_TRANSFER_NOT_LOCAL,REJECTED,Transfer or source estate missing locally.
rff_ridge,docs/dream_system/components/DS-24_independent_five_minute_selector/stage_outputs/ds24_p8_r14_e3g_c2_20260824T000000Z/R53B_13_completed_terminal_authority_recovery/R53B_candidate_result_inventory.csv,c2d0838f916e260f1d787d88362e46ec7f61c6274ffac329c072aa9dbe788719,OLDER_DS24_CAMPAIGN,,DELL,,,False,,INELIGIBLE_WRONG_OR_LOWER_AUTHORITY_CLASS,REJECTED,Lower-precedence or wrong lineage source rejected.
rff_ridge,docs/dream_system/components/DS-24_independent_five_minute_selector/stage_outputs/ds24_p8_r14_e3g_c2_20260824T000000Z/R53B_13_completed_terminal_authority_recovery/R53B_candidate_result_inventory.csv,c2d0838f916e260f1d787d88362e46ec7f61c6274ffac329c072aa9dbe788719,OLDER_DS24_CAMPAIGN,,DELL,,,False,,INELIGIBLE_WRONG_OR_LOWER_AUTHORITY_CLASS,REJECTED,Lower-precedence or wrong lineage source rejected.
rff_ridge,docs/dream_system/components/DS-24_independent_five_minute_selector/stage_outputs/ds24_p8_r14_e3g_c2_20260824T000000Z/r7_r14_policy_workers/rff_ridge/SUPERSEDED_EVALUATION_CONTRACT_V1/metrics_only/checkpoint.json,709a45cf7f4cac103a7798cddd45b186a16d6924835590bf87449a0647bf244b,SUPERSEDED_RESULT,,DELL,,,False,,INELIGIBLE_WRONG_OR_LOWER_AUTHORITY_CLASS,REJECTED,Lower-precedence or wrong lineage source rejected.
rff_ridge,docs/dream_system/components/DS-24_independent_five_minute_selector/stage_outputs/ds24_p8_r14_e3g_c2_20260824T000000Z/r7_r14_policy_workers/rff_ridge/SUPERSEDED_EVALUATION_CONTRACT_V1/progress.json,6766b82fd84f3dc26b08aa871047312638c589fe160fc3c9231c0b8728d66b9b,SUPERSEDED_RESULT,ds24_p8_r14_e3g_c2_r7_r14_20260824T000000Z,DELL,,,False,,INELIGIBLE_WRONG_OR_LOWER_AUTHORITY_CLASS,REJECTED,Lower-precedence or wrong lineage source rejected.
rff_ridge,docs/dream_system/components/DS-24_independent_five_minute_selector/stage_outputs/ds24_p8_r14_e3g_c2_20260824T000000Z/r7_r14_policy_workers/rff_ridge/r31_performance_summary.json,a0e562a1b98c8938835b9a00677d9986ad838346f531ad466abc1e8525cd2a9d,UNKNOWN,ds24_p8_r14_e3g_c2_r7_r31_20260827T000000Z,DELL,,,False,mean_spearman_rank_ic|top_n_hit_rate|annualized_return|annualized_volatility|sharpe|maximum_drawdown|win_rate|turnover|total_estimated_transaction_costs,INELIGIBLE_WRONG_OR_LOWER_AUTHORITY_CLASS,REJECTED,Lower-precedence or wrong lineage source rejected.
rff_ridge,docs/dream_system/components/DS-24_independent_five_minute_selector/stage_outputs/ds24_p8_r14_e3g_c2_20260824T000000Z/r7_r14_policy_workers/rff_ridge/metrics_only/checkpoint.json,b6f39ceead46d3b133c3bf47f44c5e6d4a9d4027dc1109a2b1796543a2eaf696,UNKNOWN,,DELL,,,False,,INELIGIBLE_WRONG_OR_LOWER_AUTHORITY_CLASS,REJECTED,Lower-precedence or wrong lineage source rejected.
rff_ridge,docs/dream_system/components/DS-24_independent_five_minute_selector/stage_outputs/ds24_p8_r14_e3g_c2_20260824T000000Z/r7_r14_policy_workers/rff_ridge/metrics_only_v3/checkpoint.json,9093dae155a436681e02d9be586b6729bf446ce91426113a602a89735a1c7f68,UNKNOWN,,DELL,,,False,,INELIGIBLE_WRONG_OR_LOWER_AUTHORITY_CLASS,REJECTED,Lower-precedence or wrong lineage source rejected.
rff_ridge,docs/dream_system/components/DS-24_independent_five_minute_selector/stage_outputs/ds24_p8_r14_e3g_c2_20260824T000000Z/r7_r14_policy_workers/rff_ridge/metrics_only_v3/rank_ic_v3_manifest.json,27098e261b0ac397dd84359d141ed8712d052dae5e0ef762e8ae1be64167400b,UNKNOWN,,DELL,,,False,,INELIGIBLE_WRONG_OR_LOWER_AUTHORITY_CLASS,REJECTED,Lower-precedence or wrong lineage source rejected.
rff_ridge,docs/dream_system/components/DS-24_independent_five_minute_selector/stage_outputs/ds24_p8_r14_e3g_c2_20260824T000000Z/r7_r14_policy_workers/rff_ridge/metrics_only_v3/resolved_performance_checkpoint_v3.json,b546678b791cfbc15809719a26847a713b7480381dc04fc9091518cb04c305b7,UNKNOWN,,DELL,,,False,,INELIGIBLE_TRANSFER_NOT_LOCAL,REJECTED,Transfer or source estate missing locally.
rff_ridge,docs/dream_system/components/DS-24_independent_five_minute_selector/stage_outputs/ds24_p8_r14_e3g_c2_20260824T000000Z/r7_r14_policy_workers/rff_ridge/metrics_only_v3/transaction_costs_v3_manifest.json,0046b8fa8abdd500d8ca301489e2b99784dabcd038e30d7c8f4423828175f4de,UNKNOWN,,DELL,,,False,,INELIGIBLE_WRONG_OR_LOWER_AUTHORITY_CLASS,REJECTED,Lower-precedence or wrong lineage source rejected.
rff_ridge,docs/dream_system/components/DS-24_independent_five_minute_selector/stage_outputs/ds24_p8_r14_e3g_c2_20260824T000000Z/r7_r14_policy_workers/rff_ridge/metrics_only_v3_r37_rff_replay/checkpoint.json,15fa357a0fba8a3673ec68c3d9302ec694d7d62ce71b3ca79d551a43f3674d6e,UNKNOWN,,DELL,,,False,,INELIGIBLE_WRONG_OR_LOWER_AUTHORITY_CLASS,REJECTED,Lower-precedence or wrong lineage source rejected.
rff_ridge,docs/dream_system/components/DS-24_independent_five_minute_selector/stage_outputs/ds24_p8_r14_e3g_c2_20260824T000000Z/r7_r14_policy_workers/rff_ridge/metrics_only_v3_r37_rff_replay/rank_ic_v3_manifest.json,22c50646677b9ef8219ada26412ad2065935c8189a79b1cffd6aaf8d9bc3503b,UNKNOWN,,DELL,,,False,,INELIGIBLE_WRONG_OR_LOWER_AUTHORITY_CLASS,REJECTED,Lower-precedence or wrong lineage source rejected.
rff_ridge,docs/dream_system/components/DS-24_independent_five_minute_selector/stage_outputs/ds24_p8_r14_e3g_c2_20260824T000000Z/r7_r14_policy_workers/rff_ridge/metrics_only_v3_r37_rff_replay/resolved_performance_checkpoint_v3.json,2076cb27d85177aff47acc19efba689eac209a7c6b49b9766b322211a52a5cf7,UNKNOWN,,DELL,,,False,,INELIGIBLE_TRANSFER_NOT_LOCAL,REJECTED,Transfer or source estate missing locally.
rff_ridge,docs/dream_system/components/DS-24_independent_five_minute_selector/stage_outputs/ds24_p8_r14_e3g_c2_20260824T000000Z/r7_r14_policy_workers/rff_ridge/metrics_only_v3_r37_rff_replay/transaction_costs_v3_manifest.json,36a0ae329d99d341ec67ef02102d8ef7fd5def75de40abc6613fa3f8752579c7,UNKNOWN,,DELL,,,False,,INELIGIBLE_WRONG_OR_LOWER_AUTHORITY_CLASS,REJECTED,Lower-precedence or wrong lineage source rejected.
rff_ridge,docs/dream_system/components/DS-24_independent_five_minute_selector/stage_outputs/ds24_p8_r14_e3g_c2_20260824T000000Z/r7_r14_policy_workers/rff_ridge/metrics_only_v3_r37_rff_retry/checkpoint.json,a4900656bd82926f447c432905a2d6ea68d0e9220189450122ab9746a0e92393,UNKNOWN,,DELL,,,False,,INELIGIBLE_WRONG_OR_LOWER_AUTHORITY_CLASS,REJECTED,Lower-precedence or wrong lineage source rejected.
rff_ridge,docs/dream_system/components/DS-24_independent_five_minute_selector/stage_outputs/ds24_p8_r14_e3g_c2_20260824T000000Z/r7_r14_policy_workers/rff_ridge/metrics_only_v3_r37_rff_retry/daily_portfolio_returns_v3_manifest.json,f9ada847bafefade99cda6cd6d53b5c913e5eb3587cf34fcce0ffb11b2833dfa,UNKNOWN,,DELL,,,False,,INELIGIBLE_WRONG_OR_LOWER_AUTHORITY_CLASS,REJECTED,Lower-precedence or wrong lineage source rejected.
rff_ridge,docs/dream_system/components/DS-24_independent_five_minute_selector/stage_outputs/ds24_p8_r14_e3g_c2_20260824T000000Z/r7_r14_policy_workers/rff_ridge/metrics_only_v3_r37_rff_retry/rank_ic_v3_manifest.json,78efccbbad84a94abbb0a5bb00a6d114b9468c2a9edd705ddd7e2c488de6dc17,UNKNOWN,,DELL,,,False,,INELIGIBLE_WRONG_OR_LOWER_AUTHORITY_CLASS,REJECTED,Lower-precedence or wrong lineage source rejected.
rff_ridge,docs/dream_system/components/DS-24_independent_five_minute_selector/stage_outputs/ds24_p8_r14_e3g_c2_20260824T000000Z/r7_r14_policy_workers/rff_ridge/metrics_only_v3_r37_rff_retry/resolved_performance_checkpoint_v3.json,0b8d309f362ebf7b3ac84a0b22f9627fa21b8eb66c02e7ce0c8cb373949b1db2,UNKNOWN,,DELL,,,False,,INELIGIBLE_TRANSFER_NOT_LOCAL,REJECTED,Transfer or source estate missing locally.
rff_ridge,docs/dream_system/components/DS-24_independent_five_minute_selector/stage_outputs/ds24_p8_r14_e3g_c2_20260824T000000Z/r7_r14_policy_workers/rff_ridge/metrics_only_v3_r37_rff_retry/transaction_costs_v3_manifest.json,469fec98b778ee4f4e63084ab3b9d5675af655d04029d2a0793c9047358e5004,UNKNOWN,,DELL,,,False,,INELIGIBLE_WRONG_OR_LOWER_AUTHORITY_CLASS,REJECTED,Lower-precedence or wrong lineage source rejected.
rff_ridge,docs/dream_system/components/DS-24_independent_five_minute_selector/stage_outputs/ds24_p8_r14_e3g_c2_20260824T000000Z/r7_r14_policy_workers/rff_ridge/progress.json,3a35a7da26fcf463bdebcc05b6bf41ef325ab48e438a344393f886c42feb6935,UNKNOWN,ds24_p8_r14_e3g_c2_r7_r14_20260824T000000Z,DELL,,,False,,INELIGIBLE_WRONG_OR_LOWER_AUTHORITY_CLASS,REJECTED,Lower-precedence or wrong lineage source rejected.
huber,docs/dream_system/components/DS-24_independent_five_minute_selector/stage_outputs/ds24_p8_r14_e3g_c2_20260824T000000Z/r7_r14_policy_workers/huber/metrics_only_v3_r37_huber_replay/resolved_performance_summary_v3.json,6e2c3d8374453dede892b72a5d1b0d714db008b5961ab3a4f38ef79572f84604,CURRENT_DS24_TERMINAL_V3,,DELL,2016-02-02T14:35:00+00:00,2026-06-30T19:00:00+00:00,True,mean_spearman_rank_ic|hac_lower_95|hac_upper_95|annualized_return|annualized_volatility|sharpe|maximum_drawdown|win_rate|turnover|total_estimated_transaction_costs,ELIGIBLE_TERMINAL_AUTHORITY,SELECTED,
huber,docs/dream_system/components/DS-24_independent_five_minute_selector/stage_outputs/ds24_p8_r14_e3g_c2_20260824T000000Z/r7_r14_policy_workers/huber/metrics_only_v3/resolved_performance_summary_v3.json,35b822aecba07e0396618890909640bcd10698c88599b692450457cfe83d629c,CURRENT_DS24_PARTIAL_PROGRESS,,DELL,,,False,total_estimated_transaction_costs,INELIGIBLE_PARTIAL_WINDOW_NOT_TERMINAL,REJECTED,PARTIAL_WINDOW_NOT_TERMINAL; selected terminal authority supersedes this source.
huber,docs/dream_system/components/DS-24_independent_five_minute_selector/stage_outputs/ds24_p8_r14_e3g_c2_20260824T000000Z/R53B_13_completed_terminal_authority_recovery/R53B_FINAL_13_COMPLETED_MODEL_SCORECARD.csv,d2167474fb815d530ec447f8e8f45f8f555c6dd2fba3b79750cc42386e6c5b40,OLDER_DS24_CAMPAIGN,,DELL,,,False,mean_spearman_rank_ic|sharpe|turnover,INELIGIBLE_TRANSFER_NOT_LOCAL,REJECTED,Transfer or source estate missing locally.
huber,docs/dream_system/components/DS-24_independent_five_minute_selector/stage_outputs/ds24_p8_r14_e3g_c2_20260824T000000Z/R53B_13_completed_terminal_authority_recovery/R53B_accepted_rank_ic_leaderboard.csv,b9f4385a40dce32d44b3e4a2ad01806278054801f1d91734385b3cf61fcda4ff,OLDER_DS24_CAMPAIGN,,DELL,,,False,mean_spearman_rank_ic|sharpe|turnover,INELIGIBLE_TRANSFER_NOT_LOCAL,REJECTED,Transfer or source estate missing locally.
huber,docs/dream_system/components/DS-24_independent_five_minute_selector/stage_outputs/ds24_p8_r14_e2_20260823T000000Z/22_fidelity1_results.csv,ceed978b8539797630028ebe29c8bf312071533d66725eb2e08dfb15f17269d8,OLDER_DS24_CAMPAIGN,,DELL,,,False,mean_spearman_rank_ic,INELIGIBLE_WRONG_OR_LOWER_AUTHORITY_CLASS,REJECTED,Lower-precedence or wrong lineage source rejected.
huber,docs/dream_system/components/DS-24_independent_five_minute_selector/stage_outputs/ds24_p8_r14_e2_20260823T000000Z/22_fidelity1_results.csv,ceed978b8539797630028ebe29c8bf312071533d66725eb2e08dfb15f17269d8,OLDER_DS24_CAMPAIGN,,DELL,,,False,mean_spearman_rank_ic,INELIGIBLE_WRONG_OR_LOWER_AUTHORITY_CLASS,REJECTED,Lower-precedence or wrong lineage source rejected.
huber,docs/dream_system/components/DS-24_independent_five_minute_selector/stage_outputs/ds24_p8_r14_e2_20260823T000000Z/22_fidelity1_results.csv,ceed978b8539797630028ebe29c8bf312071533d66725eb2e08dfb15f17269d8,OLDER_DS24_CAMPAIGN,,DELL,,,False,mean_spearman_rank_ic,INELIGIBLE_WRONG_OR_LOWER_AUTHORITY_CLASS,REJECTED,Lower-precedence or wrong lineage source rejected.
huber,docs/dream_system/components/DS-24_independent_five_minute_selector/stage_outputs/ds24_p8_r14_e3_20260823T000000Z/17_fidelity1_results.csv,ceed978b8539797630028ebe29c8bf312071533d66725eb2e08dfb15f17269d8,OLDER_DS24_CAMPAIGN,,DELL,,,False,mean_spearman_rank_ic,INELIGIBLE_WRONG_OR_LOWER_AUTHORITY_CLASS,REJECTED,Lower-precedence or wrong lineage source rejected.
huber,docs/dream_system/components/DS-24_independent_five_minute_selector/stage_outputs/ds24_p8_r14_e3_20260823T000000Z/17_fidelity1_results.csv,ceed978b8539797630028ebe29c8bf312071533d66725eb2e08dfb15f17269d8,OLDER_DS24_CAMPAIGN,,DELL,,,False,mean_spearman_rank_ic,INELIGIBLE_WRONG_OR_LOWER_AUTHORITY_CLASS,REJECTED,Lower-precedence or wrong lineage source rejected.
huber,docs/dream_system/components/DS-24_independent_five_minute_selector/stage_outputs/ds24_p8_r14_e3_20260823T000000Z/17_fidelity1_results.csv,ceed978b8539797630028ebe29c8bf312071533d66725eb2e08dfb15f17269d8,OLDER_DS24_CAMPAIGN,,DELL,,,False,mean_spearman_rank_ic,INELIGIBLE_WRONG_OR_LOWER_AUTHORITY_CLASS,REJECTED,Lower-precedence or wrong lineage source rejected.
huber,docs/dream_system/components/DS-24_independent_five_minute_selector/stage_outputs/ds24_p8_r14_e3_20260823T000000Z/19_fidelity2_results.csv,492349deb0302764868a023403ca08b8a1b80d03694b987417b3ee4394350345,OLDER_DS24_CAMPAIGN,,DELL,,,False,mean_spearman_rank_ic,INELIGIBLE_WRONG_OR_LOWER_AUTHORITY_CLASS,REJECTED,Lower-precedence or wrong lineage source rejected.
huber,docs/dream_system/components/DS-24_independent_five_minute_selector/stage_outputs/ds24_p8_r14_e3_20260823T000000Z/19_fidelity2_results.csv,492349deb0302764868a023403ca08b8a1b80d03694b987417b3ee4394350345,OLDER_DS24_CAMPAIGN,,DELL,,,False,mean_spearman_rank_ic,INELIGIBLE_WRONG_OR_LOWER_AUTHORITY_CLASS,REJECTED,Lower-precedence or wrong lineage source rejected.
huber,docs/dream_system/components/DS-24_independent_five_minute_selector/stage_outputs/ds24_p8_r14_e3_20260823T000000Z/19_fidelity2_results.csv,492349deb0302764868a023403ca08b8a1b80d03694b987417b3ee4394350345,OLDER_DS24_CAMPAIGN,,DELL,,,False,mean_spearman_rank_ic,INELIGIBLE_WRONG_OR_LOWER_AUTHORITY_CLASS,REJECTED,Lower-precedence or wrong lineage source rejected.
huber,docs/dream_system/components/DS-24_independent_five_minute_selector/stage_outputs/ds24_p8_r14_e3_20260823T000000Z/21_fidelity3_results.csv,6887f617593ae8c74448f300bc7fbf6b943ef8e10d57e827a9734a6512576af2,OLDER_DS24_CAMPAIGN,,DELL,,,False,mean_spearman_rank_ic,INELIGIBLE_WRONG_OR_LOWER_AUTHORITY_CLASS,REJECTED,Lower-precedence or wrong lineage source rejected.
huber,docs/dream_system/components/DS-24_independent_five_minute_selector/stage_outputs/ds24_p8_r14_e3_20260823T000000Z/21_fidelity3_results.csv,6887f617593ae8c74448f300bc7fbf6b943ef8e10d57e827a9734a6512576af2,OLDER_DS24_CAMPAIGN,,DELL,,,False,mean_spearman_rank_ic,INELIGIBLE_WRONG_OR_LOWER_AUTHORITY_CLASS,REJECTED,Lower-precedence or wrong lineage source rejected.
huber,docs/dream_system/components/DS-24_independent_five_minute_selector/stage_outputs/ds24_p8_r14_e3e_20260823T000000Z/20_f1_results_v2.csv,e53c180bbc1d1500efcf5cf382125ecda1ac3233dc36d25fa9c752a6bbc22d88,OLDER_DS24_CAMPAIGN,,DELL,,,False,mean_spearman_rank_ic,INELIGIBLE_WRONG_OR_LOWER_AUTHORITY_CLASS,REJECTED,Lower-precedence or wrong lineage source rejected.
huber,docs/dream_system/components/DS-24_independent_five_minute_selector/stage_outputs/ds24_p8_r14_e3e_20260823T000000Z/22_f2_results_v2.csv,fd92bdf3ddb92ef8a65dde84ed781fbf466f3decd5705bd5f78a06af0beb177c,OLDER_DS24_CAMPAIGN,,DELL,,,False,mean_spearman_rank_ic,INELIGIBLE_WRONG_OR_LOWER_AUTHORITY_CLASS,REJECTED,Lower-precedence or wrong lineage source rejected.
huber,docs/dream_system/components/DS-24_independent_five_minute_selector/stage_outputs/ds24_p8_r14_e3e_20260823T000000Z/24_f3_results_v2.csv,c6e286496a3a2b452561610b54f52d5951085c5bf192c00439e739790f915e46,OLDER_DS24_CAMPAIGN,,DELL,,,False,mean_spearman_rank_ic,INELIGIBLE_WRONG_OR_LOWER_AUTHORITY_CLASS,REJECTED,Lower-precedence or wrong lineage source rejected.
huber,docs/dream_system/components/DS-24_independent_five_minute_selector/stage_outputs/ds24_p8_r14_e3f_20260823T000000Z/40_f1_results_v2.csv,feb365eb49e3390b2983cd3449e8f1f06d6f12b94f5257740cf78508bf5fea3f,OLDER_DS24_CAMPAIGN,,DELL,2021-01-01T00:00:00+00:00,2022-12-31T23:59:59+00:00,False,mean_spearman_rank_ic,INELIGIBLE_WRONG_OR_LOWER_AUTHORITY_CLASS,REJECTED,Lower-precedence or wrong lineage source rejected.
huber,docs/dream_system/components/DS-24_independent_five_minute_selector/stage_outputs/ds24_p8_r14_e3f_20260823T000000Z/42_f2_results_v2.csv,21750ed8b8eb01b9106ba22de19872d3459e5cd11c4d6a0cd4db73723dc406c1,OLDER_DS24_CAMPAIGN,,DELL,2021-01-01T00:00:00+00:00,2022-12-31T23:59:59+00:00,False,mean_spearman_rank_ic,INELIGIBLE_WRONG_OR_LOWER_AUTHORITY_CLASS,REJECTED,Lower-precedence or wrong lineage source rejected.
huber,docs/dream_system/components/DS-24_independent_five_minute_selector/stage_outputs/ds24_p8_r14_e3f_20260823T000000Z/44_f3_results_v2.csv,87035330c8850d97a10091e430c2b35b44cb50d169a308ff55585e0f93c58f6a,OLDER_DS24_CAMPAIGN,,DELL,2021-01-01T00:00:00+00:00,2023-12-31T23:59:59+00:00,False,mean_spearman_rank_ic,INELIGIBLE_WRONG_OR_LOWER_AUTHORITY_CLASS,REJECTED,Lower-precedence or wrong lineage source rejected.
huber,docs/dream_system/components/DS-24_independent_five_minute_selector/stage_outputs/ds24_p8_r14_e3g_c1_20260823T000000Z/19_tabular_scale_results.csv,5c1378aba59a29ffd71efb53581720ce871950c28bfe8f60d45f531d5f86dd0a,OLDER_DS24_CAMPAIGN,,DELL,2019-01-01T00:00:00+00:00,2022-12-31T23:59:59+00:00,False,mean_spearman_rank_ic,INELIGIBLE_WRONG_OR_LOWER_AUTHORITY_CLASS,REJECTED,Lower-precedence or wrong lineage source rejected.
huber,docs/dream_system/components/DS-24_independent_five_minute_selector/stage_outputs/ds24_p8_r14_e3g_c1_20260823T000000Z/31_scale_stability_results.csv,c27931c0584338c1ee8b1a0997735945023986bbd3e95bc21696d6b5c6ff8b3a,OLDER_DS24_CAMPAIGN,,DELL,,,False,mean_spearman_rank_ic,INELIGIBLE_WRONG_OR_LOWER_AUTHORITY_CLASS,REJECTED,Lower-precedence or wrong lineage source rejected.
huber,docs/dream_system/components/DS-24_independent_five_minute_selector/stage_outputs/ds24_p8_r14_e3g_c2_20260824T000000Z/R53B_13_completed_terminal_authority_recovery/R53B_candidate_result_inventory.csv,c2d0838f916e260f1d787d88362e46ec7f61c6274ffac329c072aa9dbe788719,OLDER_DS24_CAMPAIGN,,DELL,,,False,,INELIGIBLE_WRONG_OR_LOWER_AUTHORITY_CLASS,REJECTED,Lower-precedence or wrong lineage source rejected.
huber,docs/dream_system/components/DS-24_independent_five_minute_selector/stage_outputs/ds24_p8_r14_e3g_c2_20260824T000000Z/R53B_13_completed_terminal_authority_recovery/R53B_candidate_result_inventory.csv,c2d0838f916e260f1d787d88362e46ec7f61c6274ffac329c072aa9dbe788719,OLDER_DS24_CAMPAIGN,,DELL,,,False,,INELIGIBLE_WRONG_OR_LOWER_AUTHORITY_CLASS,REJECTED,Lower-precedence or wrong lineage source rejected.
huber,docs/dream_system/components/DS-24_independent_five_minute_selector/stage_outputs/ds24_p8_r14_e3g_c2_20260824T000000Z/R53B_13_completed_terminal_authority_recovery/R53B_candidate_result_inventory.csv,c2d0838f916e260f1d787d88362e46ec7f61c6274ffac329c072aa9dbe788719,OLDER_DS24_CAMPAIGN,,DELL,,,False,,INELIGIBLE_TRANSFER_NOT_LOCAL,REJECTED,Transfer or source estate missing locally.
huber,docs/dream_system/components/DS-24_independent_five_minute_selector/stage_outputs/ds24_p8_r14_e3g_c2_20260824T000000Z/R53B_13_completed_terminal_authority_recovery/R53B_candidate_result_inventory.csv,c2d0838f916e260f1d787d88362e46ec7f61c6274ffac329c072aa9dbe788719,OLDER_DS24_CAMPAIGN,,DELL,,,False,,INELIGIBLE_TRANSFER_NOT_LOCAL,REJECTED,Transfer or source estate missing locally.
huber,docs/dream_system/components/DS-24_independent_five_minute_selector/stage_outputs/ds24_p8_r14_e3g_c2_20260824T000000Z/R53B_13_completed_terminal_authority_recovery/R53B_candidate_result_inventory.csv,c2d0838f916e260f1d787d88362e46ec7f61c6274ffac329c072aa9dbe788719,OLDER_DS24_CAMPAIGN,,DELL,,,False,,INELIGIBLE_WRONG_OR_LOWER_AUTHORITY_CLASS,REJECTED,Lower-precedence or wrong lineage source rejected.
huber,docs/dream_system/components/DS-24_independent_five_minute_selector/stage_outputs/ds24_p8_r14_e3g_c2_20260824T000000Z/R53B_13_completed_terminal_authority_recovery/R53B_candidate_result_inventory.csv,c2d0838f916e260f1d787d88362e46ec7f61c6274ffac329c072aa9dbe788719,OLDER_DS24_CAMPAIGN,,DELL,,,False,,INELIGIBLE_WRONG_OR_LOWER_AUTHORITY_CLASS,REJECTED,Lower-precedence or wrong lineage source rejected.
huber,docs/dream_system/components/DS-24_independent_five_minute_selector/stage_outputs/ds24_p8_r14_e3g_c2_20260824T000000Z/R53B_13_completed_terminal_authority_recovery/R53B_candidate_result_inventory.csv,c2d0838f916e260f1d787d88362e46ec7f61c6274ffac329c072aa9dbe788719,OLDER_DS24_CAMPAIGN,,DELL,,,False,,INELIGIBLE_WRONG_OR_LOWER_AUTHORITY_CLASS,REJECTED,Lower-precedence or wrong lineage source rejected.
huber,docs/dream_system/components/DS-24_independent_five_minute_selector/stage_outputs/ds24_p8_r14_e3g_c2_20260824T000000Z/R53B_13_completed_terminal_authority_recovery/R53B_candidate_result_inventory.csv,c2d0838f916e260f1d787d88362e46ec7f61c6274ffac329c072aa9dbe788719,OLDER_DS24_CAMPAIGN,,DELL,,,False,,INELIGIBLE_WRONG_OR_LOWER_AUTHORITY_CLASS,REJECTED,Lower-precedence or wrong lineage source rejected.
huber,docs/dream_system/components/DS-24_independent_five_minute_selector/stage_outputs/ds24_p8_r14_e3g_c2_20260824T000000Z/R53B_13_completed_terminal_authority_recovery/R53B_candidate_result_inventory.csv,c2d0838f916e260f1d787d88362e46ec7f61c6274ffac329c072aa9dbe788719,OLDER_DS24_CAMPAIGN,,DELL,,,False,,INELIGIBLE_WRONG_OR_LOWER_AUTHORITY_CLASS,REJECTED,Lower-precedence or wrong lineage source rejected.
huber,docs/dream_system/components/DS-24_independent_five_minute_selector/stage_outputs/ds24_p8_r14_e3g_c2_20260824T000000Z/R53B_13_completed_terminal_authority_recovery/R53B_candidate_result_inventory.csv,c2d0838f916e260f1d787d88362e46ec7f61c6274ffac329c072aa9dbe788719,OLDER_DS24_CAMPAIGN,,DELL,,,False,,INELIGIBLE_WRONG_OR_LOWER_AUTHORITY_CLASS,REJECTED,Lower-precedence or wrong lineage source rejected.
huber,docs/dream_system/components/DS-24_independent_five_minute_selector/stage_outputs/ds24_p8_r14_e3g_c2_20260824T000000Z/R53B_13_completed_terminal_authority_recovery/R53B_candidate_result_inventory.csv,c2d0838f916e260f1d787d88362e46ec7f61c6274ffac329c072aa9dbe788719,OLDER_DS24_CAMPAIGN,,DELL,,,False,,INELIGIBLE_WRONG_OR_LOWER_AUTHORITY_CLASS,REJECTED,Lower-precedence or wrong lineage source rejected.
huber,docs/dream_system/components/DS-24_independent_five_minute_selector/stage_outputs/ds24_p8_r14_e3g_c2_20260824T000000Z/R53B_13_completed_terminal_authority_recovery/R53B_candidate_result_inventory.csv,c2d0838f916e260f1d787d88362e46ec7f61c6274ffac329c072aa9dbe788719,OLDER_DS24_CAMPAIGN,,DELL,,,False,,INELIGIBLE_WRONG_OR_LOWER_AUTHORITY_CLASS,REJECTED,Lower-precedence or wrong lineage source rejected.
huber,docs/dream_system/components/DS-24_independent_five_minute_selector/stage_outputs/ds24_p8_r14_e3g_c2_20260824T000000Z/R53B_13_completed_terminal_authority_recovery/R53B_candidate_result_inventory.csv,c2d0838f916e260f1d787d88362e46ec7f61c6274ffac329c072aa9dbe788719,OLDER_DS24_CAMPAIGN,,DELL,,,False,,INELIGIBLE_WRONG_OR_LOWER_AUTHORITY_CLASS,REJECTED,Lower-precedence or wrong lineage source rejected.
huber,docs/dream_system/components/DS-24_independent_five_minute_selector/stage_outputs/ds24_p8_r14_e3g_c2_20260824T000000Z/R53B_13_completed_terminal_authority_recovery/R53B_candidate_result_inventory.csv,c2d0838f916e260f1d787d88362e46ec7f61c6274ffac329c072aa9dbe788719,OLDER_DS24_CAMPAIGN,,DELL,,,False,,INELIGIBLE_WRONG_OR_LOWER_AUTHORITY_CLASS,REJECTED,Lower-precedence or wrong lineage source rejected.
huber,docs/dream_system/components/DS-24_independent_five_minute_selector/stage_outputs/ds24_p8_r14_e3g_c2_20260824T000000Z/R53B_13_completed_terminal_authority_recovery/R53B_candidate_result_inventory.csv,c2d0838f916e260f1d787d88362e46ec7f61c6274ffac329c072aa9dbe788719,OLDER_DS24_CAMPAIGN,,DELL,,,False,,INELIGIBLE_WRONG_OR_LOWER_AUTHORITY_CLASS,REJECTED,Lower-precedence or wrong lineage source rejected.
huber,docs/dream_system/components/DS-24_independent_five_minute_selector/stage_outputs/ds24_p8_r14_e3g_c2_20260824T000000Z/R53B_13_completed_terminal_authority_recovery/R53B_candidate_result_inventory.csv,c2d0838f916e260f1d787d88362e46ec7f61c6274ffac329c072aa9dbe788719,OLDER_DS24_CAMPAIGN,,DELL,,,False,,INELIGIBLE_WRONG_OR_LOWER_AUTHORITY_CLASS,REJECTED,Lower-precedence or wrong lineage source rejected.
huber,docs/dream_system/components/DS-24_independent_five_minute_selector/stage_outputs/ds24_p8_r14_e3g_c2_20260824T000000Z/R53B_13_completed_terminal_authority_recovery/R53B_candidate_result_inventory.csv,c2d0838f916e260f1d787d88362e46ec7f61c6274ffac329c072aa9dbe788719,OLDER_DS24_CAMPAIGN,,DELL,,,False,,INELIGIBLE_WRONG_OR_LOWER_AUTHORITY_CLASS,REJECTED,Lower-precedence or wrong lineage source rejected.
huber,docs/dream_system/components/DS-24_independent_five_minute_selector/stage_outputs/ds24_p8_r14_e3g_c2_20260824T000000Z/R53B_13_completed_terminal_authority_recovery/R53B_candidate_result_inventory.csv,c2d0838f916e260f1d787d88362e46ec7f61c6274ffac329c072aa9dbe788719,OLDER_DS24_CAMPAIGN,,DELL,,,False,,INELIGIBLE_WRONG_OR_LOWER_AUTHORITY_CLASS,REJECTED,Lower-precedence or wrong lineage source rejected.
huber,docs/dream_system/components/DS-24_independent_five_minute_selector/stage_outputs/ds24_p8_r14_e3g_c2_20260824T000000Z/R53B_13_completed_terminal_authority_recovery/R53B_candidate_result_inventory.csv,c2d0838f916e260f1d787d88362e46ec7f61c6274ffac329c072aa9dbe788719,OLDER_DS24_CAMPAIGN,,DELL,,,False,,INELIGIBLE_WRONG_OR_LOWER_AUTHORITY_CLASS,REJECTED,Lower-precedence or wrong lineage source rejected.
huber,docs/dream_system/components/DS-24_independent_five_minute_selector/stage_outputs/ds24_p8_r14_e3g_c2_20260824T000000Z/R53B_13_completed_terminal_authority_recovery/R53B_candidate_result_inventory.csv,c2d0838f916e260f1d787d88362e46ec7f61c6274ffac329c072aa9dbe788719,OLDER_DS24_CAMPAIGN,,DELL,,,False,,INELIGIBLE_WRONG_OR_LOWER_AUTHORITY_CLASS,REJECTED,Lower-precedence or wrong lineage source rejected.
huber,docs/dream_system/components/DS-24_independent_five_minute_selector/stage_outputs/ds24_p8_r14_e3g_c2_20260824T000000Z/R53B_13_completed_terminal_authority_recovery/R53B_candidate_result_inventory.csv,c2d0838f916e260f1d787d88362e46ec7f61c6274ffac329c072aa9dbe788719,OLDER_DS24_CAMPAIGN,,DELL,,,False,,INELIGIBLE_WRONG_OR_LOWER_AUTHORITY_CLASS,REJECTED,Lower-precedence or wrong lineage source rejected.
huber,docs/dream_system/components/DS-24_independent_five_minute_selector/stage_outputs/ds24_p8_r14_e3g_c2_20260824T000000Z/R53B_13_completed_terminal_authority_recovery/R53B_candidate_result_inventory.csv,c2d0838f916e260f1d787d88362e46ec7f61c6274ffac329c072aa9dbe788719,OLDER_DS24_CAMPAIGN,,DELL,,,False,,INELIGIBLE_WRONG_OR_LOWER_AUTHORITY_CLASS,REJECTED,Lower-precedence or wrong lineage source rejected.
huber,docs/dream_system/components/DS-24_independent_five_minute_selector/stage_outputs/ds24_p8_r14_e3g_c2_20260824T000000Z/R53B_13_completed_terminal_authority_recovery/R53B_candidate_result_inventory.csv,c2d0838f916e260f1d787d88362e46ec7f61c6274ffac329c072aa9dbe788719,OLDER_DS24_CAMPAIGN,,DELL,,,False,,INELIGIBLE_WRONG_OR_LOWER_AUTHORITY_CLASS,REJECTED,Lower-precedence or wrong lineage source rejected.
huber,docs/dream_system/components/DS-24_independent_five_minute_selector/stage_outputs/ds24_p8_r14_e3g_c2_20260824T000000Z/R53B_13_completed_terminal_authority_recovery/R53B_candidate_result_inventory.csv,c2d0838f916e260f1d787d88362e46ec7f61c6274ffac329c072aa9dbe788719,OLDER_DS24_CAMPAIGN,,DELL,,,False,,INELIGIBLE_WRONG_OR_LOWER_AUTHORITY_CLASS,REJECTED,Lower-precedence or wrong lineage source rejected.
huber,docs/dream_system/components/DS-24_independent_five_minute_selector/stage_outputs/ds24_p8_r14_e3g_c2_20260824T000000Z/R53B_13_completed_terminal_authority_recovery/R53B_candidate_result_inventory.csv,c2d0838f916e260f1d787d88362e46ec7f61c6274ffac329c072aa9dbe788719,OLDER_DS24_CAMPAIGN,,DELL,,,False,,INELIGIBLE_WRONG_OR_LOWER_AUTHORITY_CLASS,REJECTED,Lower-precedence or wrong lineage source rejected.
huber,docs/dream_system/components/DS-24_independent_five_minute_selector/stage_outputs/ds24_p8_r14_e3g_c2_20260824T000000Z/R53B_13_completed_terminal_authority_recovery/R53B_candidate_result_inventory.csv,c2d0838f916e260f1d787d88362e46ec7f61c6274ffac329c072aa9dbe788719,OLDER_DS24_CAMPAIGN,,DELL,,,False,,INELIGIBLE_WRONG_OR_LOWER_AUTHORITY_CLASS,REJECTED,Lower-precedence or wrong lineage source rejected.
huber,docs/dream_system/components/DS-24_independent_five_minute_selector/stage_outputs/ds24_p8_r14_e3g_c2_20260824T000000Z/R53B_13_completed_terminal_authority_recovery/R53B_candidate_result_inventory.csv,c2d0838f916e260f1d787d88362e46ec7f61c6274ffac329c072aa9dbe788719,OLDER_DS24_CAMPAIGN,,DELL,,,False,,INELIGIBLE_WRONG_OR_LOWER_AUTHORITY_CLASS,REJECTED,Lower-precedence or wrong lineage source rejected.
huber,docs/dream_system/components/DS-24_independent_five_minute_selector/stage_outputs/ds24_p8_r14_e3g_c2_20260824T000000Z/R53B_13_completed_terminal_authority_recovery/R53B_candidate_result_inventory.csv,c2d0838f916e260f1d787d88362e46ec7f61c6274ffac329c072aa9dbe788719,OLDER_DS24_CAMPAIGN,,DELL,,,False,,INELIGIBLE_WRONG_OR_LOWER_AUTHORITY_CLASS,REJECTED,Lower-precedence or wrong lineage source rejected.
huber,docs/dream_system/components/DS-24_independent_five_minute_selector/stage_outputs/ds24_p8_r14_e3g_c2_20260824T000000Z/R53B_13_completed_terminal_authority_recovery/R53B_candidate_result_inventory.csv,c2d0838f916e260f1d787d88362e46ec7f61c6274ffac329c072aa9dbe788719,OLDER_DS24_CAMPAIGN,,DELL,,,False,,INELIGIBLE_WRONG_OR_LOWER_AUTHORITY_CLASS,REJECTED,Lower-precedence or wrong lineage source rejected.
huber,docs/dream_system/components/DS-24_independent_five_minute_selector/stage_outputs/ds24_p8_r14_e3g_c2_20260824T000000Z/R53B_13_completed_terminal_authority_recovery/R53B_candidate_result_inventory.csv,c2d0838f916e260f1d787d88362e46ec7f61c6274ffac329c072aa9dbe788719,OLDER_DS24_CAMPAIGN,,DELL,,,False,,INELIGIBLE_WRONG_OR_LOWER_AUTHORITY_CLASS,REJECTED,Lower-precedence or wrong lineage source rejected.
huber,docs/dream_system/components/DS-24_independent_five_minute_selector/stage_outputs/ds24_p8_r14_e3g_c2_20260824T000000Z/R53B_13_completed_terminal_authority_recovery/R53B_candidate_result_inventory.csv,c2d0838f916e260f1d787d88362e46ec7f61c6274ffac329c072aa9dbe788719,OLDER_DS24_CAMPAIGN,,DELL,,,False,,INELIGIBLE_WRONG_OR_LOWER_AUTHORITY_CLASS,REJECTED,Lower-precedence or wrong lineage source rejected.
huber,docs/dream_system/components/DS-24_independent_five_minute_selector/stage_outputs/ds24_p8_r14_e3g_c2_20260824T000000Z/R53B_13_completed_terminal_authority_recovery/R53B_candidate_result_inventory.csv,c2d0838f916e260f1d787d88362e46ec7f61c6274ffac329c072aa9dbe788719,OLDER_DS24_CAMPAIGN,,DELL,,,False,,INELIGIBLE_WRONG_OR_LOWER_AUTHORITY_CLASS,REJECTED,Lower-precedence or wrong lineage source rejected.
huber,docs/dream_system/components/DS-24_independent_five_minute_selector/stage_outputs/ds24_p8_r14_e3g_c2_20260824T000000Z/R53B_13_completed_terminal_authority_recovery/R53B_candidate_result_inventory.csv,c2d0838f916e260f1d787d88362e46ec7f61c6274ffac329c072aa9dbe788719,OLDER_DS24_CAMPAIGN,,DELL,,,False,,INELIGIBLE_WRONG_OR_LOWER_AUTHORITY_CLASS,REJECTED,Lower-precedence or wrong lineage source rejected.
huber,docs/dream_system/components/DS-24_independent_five_minute_selector/stage_outputs/ds24_p8_r14_e3g_c2_20260824T000000Z/R53B_13_completed_terminal_authority_recovery/R53B_candidate_result_inventory.csv,c2d0838f916e260f1d787d88362e46ec7f61c6274ffac329c072aa9dbe788719,OLDER_DS24_CAMPAIGN,,DELL,,,False,,INELIGIBLE_WRONG_OR_LOWER_AUTHORITY_CLASS,REJECTED,Lower-precedence or wrong lineage source rejected.
huber,docs/dream_system/components/DS-24_independent_five_minute_selector/stage_outputs/ds24_p8_r14_e3g_c2_20260824T000000Z/R53B_13_completed_terminal_authority_recovery/R53B_candidate_result_inventory.csv,c2d0838f916e260f1d787d88362e46ec7f61c6274ffac329c072aa9dbe788719,OLDER_DS24_CAMPAIGN,,DELL,,,False,,INELIGIBLE_WRONG_OR_LOWER_AUTHORITY_CLASS,REJECTED,Lower-precedence or wrong lineage source rejected.
huber,docs/dream_system/components/DS-24_independent_five_minute_selector/stage_outputs/ds24_p8_r14_e3g_c2_20260824T000000Z/R53B_13_completed_terminal_authority_recovery/R53B_candidate_result_inventory.csv,c2d0838f916e260f1d787d88362e46ec7f61c6274ffac329c072aa9dbe788719,OLDER_DS24_CAMPAIGN,,DELL,,,False,,INELIGIBLE_WRONG_OR_LOWER_AUTHORITY_CLASS,REJECTED,Lower-precedence or wrong lineage source rejected.
huber,docs/dream_system/components/DS-24_independent_five_minute_selector/stage_outputs/ds24_p8_r14_e3g_c2_20260824T000000Z/R53B_13_completed_terminal_authority_recovery/R53B_candidate_result_inventory.csv,c2d0838f916e260f1d787d88362e46ec7f61c6274ffac329c072aa9dbe788719,OLDER_DS24_CAMPAIGN,,DELL,,,False,,INELIGIBLE_WRONG_OR_LOWER_AUTHORITY_CLASS,REJECTED,Lower-precedence or wrong lineage source rejected.
huber,docs/dream_system/components/DS-24_independent_five_minute_selector/stage_outputs/ds24_p8_r14_e3g_c2_20260824T000000Z/R53B_13_completed_terminal_authority_recovery/R53B_candidate_result_inventory.csv,c2d0838f916e260f1d787d88362e46ec7f61c6274ffac329c072aa9dbe788719,OLDER_DS24_CAMPAIGN,,DELL,,,False,,INELIGIBLE_WRONG_OR_LOWER_AUTHORITY_CLASS,REJECTED,Lower-precedence or wrong lineage source rejected.
huber,docs/dream_system/components/DS-24_independent_five_minute_selector/stage_outputs/ds24_p8_r14_e3g_c2_20260824T000000Z/R53B_13_completed_terminal_authority_recovery/R53B_candidate_result_inventory.csv,c2d0838f916e260f1d787d88362e46ec7f61c6274ffac329c072aa9dbe788719,OLDER_DS24_CAMPAIGN,,DELL,,,False,,INELIGIBLE_WRONG_OR_LOWER_AUTHORITY_CLASS,REJECTED,Lower-precedence or wrong lineage source rejected.
huber,docs/dream_system/components/DS-24_independent_five_minute_selector/stage_outputs/ds24_p8_r14_e3g_c2_20260824T000000Z/R53B_13_completed_terminal_authority_recovery/R53B_candidate_result_inventory.csv,c2d0838f916e260f1d787d88362e46ec7f61c6274ffac329c072aa9dbe788719,OLDER_DS24_CAMPAIGN,,DELL,,,False,,INELIGIBLE_WRONG_OR_LOWER_AUTHORITY_CLASS,REJECTED,Lower-precedence or wrong lineage source rejected.
huber,docs/dream_system/components/DS-24_independent_five_minute_selector/stage_outputs/ds24_p8_r14_e3g_c2_20260824T000000Z/R53B_13_completed_terminal_authority_recovery/R53B_candidate_result_inventory.csv,c2d0838f916e260f1d787d88362e46ec7f61c6274ffac329c072aa9dbe788719,OLDER_DS24_CAMPAIGN,,DELL,,,False,,INELIGIBLE_WRONG_OR_LOWER_AUTHORITY_CLASS,REJECTED,Lower-precedence or wrong lineage source rejected.
huber,docs/dream_system/components/DS-24_independent_five_minute_selector/stage_outputs/ds24_p8_r14_e3g_c2_20260824T000000Z/R53B_13_completed_terminal_authority_recovery/R53B_candidate_result_inventory.csv,c2d0838f916e260f1d787d88362e46ec7f61c6274ffac329c072aa9dbe788719,OLDER_DS24_CAMPAIGN,,DELL,,,False,,INELIGIBLE_WRONG_OR_LOWER_AUTHORITY_CLASS,REJECTED,Lower-precedence or wrong lineage source rejected.
huber,docs/dream_system/components/DS-24_independent_five_minute_selector/stage_outputs/ds24_p8_r14_e3g_c2_20260824T000000Z/R53B_13_completed_terminal_authority_recovery/R53B_candidate_result_inventory.csv,c2d0838f916e260f1d787d88362e46ec7f61c6274ffac329c072aa9dbe788719,OLDER_DS24_CAMPAIGN,,DELL,,,False,,INELIGIBLE_WRONG_OR_LOWER_AUTHORITY_CLASS,REJECTED,Lower-precedence or wrong lineage source rejected.
huber,docs/dream_system/components/DS-24_independent_five_minute_selector/stage_outputs/ds24_p8_r14_e3g_c2_20260824T000000Z/R53B_13_completed_terminal_authority_recovery/R53B_candidate_result_inventory.csv,c2d0838f916e260f1d787d88362e46ec7f61c6274ffac329c072aa9dbe788719,OLDER_DS24_CAMPAIGN,,DELL,,,False,,INELIGIBLE_WRONG_OR_LOWER_AUTHORITY_CLASS,REJECTED,Lower-precedence or wrong lineage source rejected.
huber,docs/dream_system/components/DS-24_independent_five_minute_selector/stage_outputs/ds24_p8_r14_e3g_c2_20260824T000000Z/R53B_13_completed_terminal_authority_recovery/R53B_candidate_result_inventory.csv,c2d0838f916e260f1d787d88362e46ec7f61c6274ffac329c072aa9dbe788719,OLDER_DS24_CAMPAIGN,,DELL,,,False,,INELIGIBLE_WRONG_OR_LOWER_AUTHORITY_CLASS,REJECTED,Lower-precedence or wrong lineage source rejected.
huber,docs/dream_system/components/DS-24_independent_five_minute_selector/stage_outputs/ds24_p8_r14_e3g_c2_20260824T000000Z/R53B_13_completed_terminal_authority_recovery/R53B_candidate_result_inventory.csv,c2d0838f916e260f1d787d88362e46ec7f61c6274ffac329c072aa9dbe788719,OLDER_DS24_CAMPAIGN,,DELL,,,False,,INELIGIBLE_WRONG_OR_LOWER_AUTHORITY_CLASS,REJECTED,Lower-precedence or wrong lineage source rejected.
huber,docs/dream_system/components/DS-24_independent_five_minute_selector/stage_outputs/ds24_p8_r14_e3g_c2_20260824T000000Z/R53B_13_completed_terminal_authority_recovery/R53B_candidate_result_inventory.csv,c2d0838f916e260f1d787d88362e46ec7f61c6274ffac329c072aa9dbe788719,OLDER_DS24_CAMPAIGN,,DELL,,,False,,INELIGIBLE_WRONG_OR_LOWER_AUTHORITY_CLASS,REJECTED,Lower-precedence or wrong lineage source rejected.
huber,docs/dream_system/components/DS-24_independent_five_minute_selector/stage_outputs/ds24_p8_r14_e3g_c2_20260824T000000Z/R53B_13_completed_terminal_authority_recovery/R53B_candidate_result_inventory.csv,c2d0838f916e260f1d787d88362e46ec7f61c6274ffac329c072aa9dbe788719,OLDER_DS24_CAMPAIGN,,DELL,,,False,,INELIGIBLE_WRONG_OR_LOWER_AUTHORITY_CLASS,REJECTED,Lower-precedence or wrong lineage source rejected.
huber,docs/dream_system/components/DS-24_independent_five_minute_selector/stage_outputs/ds24_p8_r14_e3g_c2_20260824T000000Z/R53B_13_completed_terminal_authority_recovery/R53B_candidate_result_inventory.csv,c2d0838f916e260f1d787d88362e46ec7f61c6274ffac329c072aa9dbe788719,OLDER_DS24_CAMPAIGN,,DELL,,,False,,INELIGIBLE_WRONG_OR_LOWER_AUTHORITY_CLASS,REJECTED,Lower-precedence or wrong lineage source rejected.
huber,docs/dream_system/components/DS-24_independent_five_minute_selector/stage_outputs/ds24_p8_r14_e3g_c2_20260824T000000Z/R53B_13_completed_terminal_authority_recovery/R53B_candidate_result_inventory.csv,c2d0838f916e260f1d787d88362e46ec7f61c6274ffac329c072aa9dbe788719,OLDER_DS24_CAMPAIGN,,DELL,,,False,,INELIGIBLE_TRANSFER_NOT_LOCAL,REJECTED,Transfer or source estate missing locally.
huber,docs/dream_system/components/DS-24_independent_five_minute_selector/stage_outputs/ds24_p8_r14_e3g_c2_20260824T000000Z/R53B_13_completed_terminal_authority_recovery/R53B_candidate_result_inventory.csv,c2d0838f916e260f1d787d88362e46ec7f61c6274ffac329c072aa9dbe788719,OLDER_DS24_CAMPAIGN,,DELL,,,False,,INELIGIBLE_WRONG_OR_LOWER_AUTHORITY_CLASS,REJECTED,Lower-precedence or wrong lineage source rejected.
huber,docs/dream_system/components/DS-24_independent_five_minute_selector/stage_outputs/ds24_p8_r14_e3g_c2_20260824T000000Z/R53B_13_completed_terminal_authority_recovery/R53B_candidate_result_inventory.csv,c2d0838f916e260f1d787d88362e46ec7f61c6274ffac329c072aa9dbe788719,OLDER_DS24_CAMPAIGN,,DELL,,,False,,INELIGIBLE_WRONG_OR_LOWER_AUTHORITY_CLASS,REJECTED,Lower-precedence or wrong lineage source rejected.
huber,docs/dream_system/components/DS-24_independent_five_minute_selector/stage_outputs/ds24_p8_r14_e3g_c2_20260824T000000Z/R53B_13_completed_terminal_authority_recovery/R53B_candidate_result_inventory.csv,c2d0838f916e260f1d787d88362e46ec7f61c6274ffac329c072aa9dbe788719,OLDER_DS24_CAMPAIGN,,DELL,,,False,,INELIGIBLE_WRONG_OR_LOWER_AUTHORITY_CLASS,REJECTED,Lower-precedence or wrong lineage source rejected.
huber,docs/dream_system/components/DS-24_independent_five_minute_selector/stage_outputs/ds24_p8_r14_e3g_c2_20260824T000000Z/R53B_13_completed_terminal_authority_recovery/R53B_candidate_result_inventory.csv,c2d0838f916e260f1d787d88362e46ec7f61c6274ffac329c072aa9dbe788719,OLDER_DS24_CAMPAIGN,,DELL,,,False,,INELIGIBLE_WRONG_OR_LOWER_AUTHORITY_CLASS,REJECTED,Lower-precedence or wrong lineage source rejected.
huber,docs/dream_system/components/DS-24_independent_five_minute_selector/stage_outputs/ds24_p8_r14_e3g_c2_20260824T000000Z/R53B_13_completed_terminal_authority_recovery/R53B_candidate_result_inventory.csv,c2d0838f916e260f1d787d88362e46ec7f61c6274ffac329c072aa9dbe788719,OLDER_DS24_CAMPAIGN,,DELL,,,False,,INELIGIBLE_TRANSFER_NOT_LOCAL,REJECTED,Transfer or source estate missing locally.
huber,docs/dream_system/components/DS-24_independent_five_minute_selector/stage_outputs/ds24_p8_r14_e3g_c2_20260824T000000Z/R53B_13_completed_terminal_authority_recovery/R53B_candidate_result_inventory.csv,c2d0838f916e260f1d787d88362e46ec7f61c6274ffac329c072aa9dbe788719,OLDER_DS24_CAMPAIGN,,DELL,,,False,,INELIGIBLE_WRONG_OR_LOWER_AUTHORITY_CLASS,REJECTED,Lower-precedence or wrong lineage source rejected.
huber,docs/dream_system/components/DS-24_independent_five_minute_selector/stage_outputs/ds24_p8_r14_e3g_c2_20260824T000000Z/R53B_13_completed_terminal_authority_recovery/R53B_candidate_result_inventory.csv,c2d0838f916e260f1d787d88362e46ec7f61c6274ffac329c072aa9dbe788719,OLDER_DS24_CAMPAIGN,,DELL,,,False,,INELIGIBLE_WRONG_OR_LOWER_AUTHORITY_CLASS,REJECTED,Lower-precedence or wrong lineage source rejected.
huber,docs/dream_system/components/DS-24_independent_five_minute_selector/stage_outputs/ds24_p8_r14_e3g_c2_20260824T000000Z/R53B_13_completed_terminal_authority_recovery/R53B_candidate_result_inventory.csv,c2d0838f916e260f1d787d88362e46ec7f61c6274ffac329c072aa9dbe788719,OLDER_DS24_CAMPAIGN,,DELL,,,False,,INELIGIBLE_WRONG_OR_LOWER_AUTHORITY_CLASS,REJECTED,Lower-precedence or wrong lineage source rejected.
huber,docs/dream_system/components/DS-24_independent_five_minute_selector/stage_outputs/ds24_p8_r14_e3g_c2_20260824T000000Z/R53B_13_completed_terminal_authority_recovery/R53B_candidate_result_inventory.csv,c2d0838f916e260f1d787d88362e46ec7f61c6274ffac329c072aa9dbe788719,OLDER_DS24_CAMPAIGN,,DELL,,,False,,INELIGIBLE_WRONG_OR_LOWER_AUTHORITY_CLASS,REJECTED,Lower-precedence or wrong lineage source rejected.
huber,docs/dream_system/components/DS-24_independent_five_minute_selector/stage_outputs/ds24_p8_r14_e3g_c2_20260824T000000Z/R53B_13_completed_terminal_authority_recovery/R53B_candidate_result_inventory.csv,c2d0838f916e260f1d787d88362e46ec7f61c6274ffac329c072aa9dbe788719,OLDER_DS24_CAMPAIGN,,DELL,,,False,,INELIGIBLE_WRONG_OR_LOWER_AUTHORITY_CLASS,REJECTED,Lower-precedence or wrong lineage source rejected.
huber,docs/dream_system/components/DS-24_independent_five_minute_selector/stage_outputs/ds24_p8_r14_e3g_c2_20260824T000000Z/R53B_13_completed_terminal_authority_recovery/R53B_candidate_result_inventory.csv,c2d0838f916e260f1d787d88362e46ec7f61c6274ffac329c072aa9dbe788719,OLDER_DS24_CAMPAIGN,,DELL,,,False,,INELIGIBLE_WRONG_OR_LOWER_AUTHORITY_CLASS,REJECTED,Lower-precedence or wrong lineage source rejected.
huber,docs/dream_system/components/DS-24_independent_five_minute_selector/stage_outputs/ds24_p8_r14_e3g_c2_20260824T000000Z/R53B_13_completed_terminal_authority_recovery/R53B_candidate_result_inventory.csv,c2d0838f916e260f1d787d88362e46ec7f61c6274ffac329c072aa9dbe788719,OLDER_DS24_CAMPAIGN,,DELL,,,False,,INELIGIBLE_WRONG_OR_LOWER_AUTHORITY_CLASS,REJECTED,Lower-precedence or wrong lineage source rejected.
huber,docs/dream_system/components/DS-24_independent_five_minute_selector/stage_outputs/ds24_p8_r14_e3g_c2_20260824T000000Z/R53B_13_completed_terminal_authority_recovery/R53B_candidate_result_inventory.csv,c2d0838f916e260f1d787d88362e46ec7f61c6274ffac329c072aa9dbe788719,OLDER_DS24_CAMPAIGN,,DELL,,,False,,INELIGIBLE_TRANSFER_NOT_LOCAL,REJECTED,Transfer or source estate missing locally.
huber,docs/dream_system/components/DS-24_independent_five_minute_selector/stage_outputs/ds24_p8_r14_e3g_c2_20260824T000000Z/R53B_13_completed_terminal_authority_recovery/R53B_candidate_result_inventory.csv,c2d0838f916e260f1d787d88362e46ec7f61c6274ffac329c072aa9dbe788719,OLDER_DS24_CAMPAIGN,,DELL,,,False,,INELIGIBLE_WRONG_OR_LOWER_AUTHORITY_CLASS,REJECTED,Lower-precedence or wrong lineage source rejected.
huber,docs/dream_system/components/DS-24_independent_five_minute_selector/stage_outputs/ds24_p8_r14_e3g_c2_20260824T000000Z/R53B_13_completed_terminal_authority_recovery/R53B_candidate_result_inventory.csv,c2d0838f916e260f1d787d88362e46ec7f61c6274ffac329c072aa9dbe788719,OLDER_DS24_CAMPAIGN,,DELL,,,False,,INELIGIBLE_WRONG_OR_LOWER_AUTHORITY_CLASS,REJECTED,Lower-precedence or wrong lineage source rejected.
huber,docs/dream_system/components/DS-24_independent_five_minute_selector/stage_outputs/ds24_p8_r14_e3g_c2_20260824T000000Z/R53B_13_completed_terminal_authority_recovery/R53B_candidate_result_inventory.csv,c2d0838f916e260f1d787d88362e46ec7f61c6274ffac329c072aa9dbe788719,OLDER_DS24_CAMPAIGN,,DELL,,,False,,INELIGIBLE_WRONG_OR_LOWER_AUTHORITY_CLASS,REJECTED,Lower-precedence or wrong lineage source rejected.
huber,docs/dream_system/components/DS-24_independent_five_minute_selector/stage_outputs/ds24_p8_r14_e3g_c2_20260824T000000Z/R53B_13_completed_terminal_authority_recovery/R53B_candidate_result_inventory.csv,c2d0838f916e260f1d787d88362e46ec7f61c6274ffac329c072aa9dbe788719,OLDER_DS24_CAMPAIGN,,DELL,,,False,,INELIGIBLE_WRONG_OR_LOWER_AUTHORITY_CLASS,REJECTED,Lower-precedence or wrong lineage source rejected.
huber,docs/dream_system/components/DS-24_independent_five_minute_selector/stage_outputs/ds24_p8_r14_e3g_c2_20260824T000000Z/R53B_13_completed_terminal_authority_recovery/R53B_candidate_result_inventory.csv,c2d0838f916e260f1d787d88362e46ec7f61c6274ffac329c072aa9dbe788719,OLDER_DS24_CAMPAIGN,,DELL,,,False,,INELIGIBLE_TRANSFER_NOT_LOCAL,REJECTED,Transfer or source estate missing locally.
huber,docs/dream_system/components/DS-24_independent_five_minute_selector/stage_outputs/ds24_p8_r14_e3g_c2_20260824T000000Z/R53B_13_completed_terminal_authority_recovery/R53B_candidate_result_inventory.csv,c2d0838f916e260f1d787d88362e46ec7f61c6274ffac329c072aa9dbe788719,OLDER_DS24_CAMPAIGN,,DELL,,,False,,INELIGIBLE_WRONG_OR_LOWER_AUTHORITY_CLASS,REJECTED,Lower-precedence or wrong lineage source rejected.
huber,docs/dream_system/components/DS-24_independent_five_minute_selector/stage_outputs/ds24_p8_r14_e3g_c2_20260824T000000Z/R53B_13_completed_terminal_authority_recovery/R53B_candidate_result_inventory.csv,c2d0838f916e260f1d787d88362e46ec7f61c6274ffac329c072aa9dbe788719,OLDER_DS24_CAMPAIGN,,DELL,,,False,,INELIGIBLE_WRONG_OR_LOWER_AUTHORITY_CLASS,REJECTED,Lower-precedence or wrong lineage source rejected.
huber,docs/dream_system/components/DS-24_independent_five_minute_selector/stage_outputs/ds24_p8_r3_20260822T000000Z/53_uncertainty_results.csv,c1eb136defadfd8d1ad3a91a88ba44f4478af669db8f715dec5f6ce2084a1f35,OLDER_DS24_CAMPAIGN,,DELL,,,False,,INELIGIBLE_WRONG_OR_LOWER_AUTHORITY_CLASS,REJECTED,Lower-precedence or wrong lineage source rejected.
huber,docs/dream_system/components/DS-24_independent_five_minute_selector/stage_outputs/ds24_p8_r14_e3g_c2_20260824T000000Z/r7_r14_policy_workers/huber/r31_performance_summary.json,c43761112022afffafa9508399fd3dd696cdbe0293d11105db42317effc324fe,UNKNOWN,ds24_p8_r14_e3g_c2_r7_r31_20260827T000000Z,DELL,,,False,mean_spearman_rank_ic|top_n_hit_rate|annualized_return|annualized_volatility|sharpe|maximum_drawdown|win_rate|turnover|total_estimated_transaction_costs,INELIGIBLE_WRONG_OR_LOWER_AUTHORITY_CLASS,REJECTED,Lower-precedence or wrong lineage source rejected.
huber,docs/dream_system/components/DS-24_independent_five_minute_selector/stage_outputs/ds24_p8_r14_e3g_c2_20260824T000000Z/r7_r14_policy_workers/huber/metrics_only/checkpoint.json,ee56ee1cd587d028d738402bbc4f3230d4fcff1562d6c1bf42a0856602850ab8,UNKNOWN,,DELL,,,False,,INELIGIBLE_WRONG_OR_LOWER_AUTHORITY_CLASS,REJECTED,Lower-precedence or wrong lineage source rejected.
huber,docs/dream_system/components/DS-24_independent_five_minute_selector/stage_outputs/ds24_p8_r14_e3g_c2_20260824T000000Z/r7_r14_policy_workers/huber/metrics_only_v3/checkpoint.json,c6f3bb858b9178a141ee002fb2b33b377c86dd81b895a1ad433d1aa5ae186d52,UNKNOWN,,DELL,,,False,,INELIGIBLE_WRONG_OR_LOWER_AUTHORITY_CLASS,REJECTED,Lower-precedence or wrong lineage source rejected.
huber,docs/dream_system/components/DS-24_independent_five_minute_selector/stage_outputs/ds24_p8_r14_e3g_c2_20260824T000000Z/r7_r14_policy_workers/huber/metrics_only_v3/rank_ic_v3_manifest.json,6683d26bfbb688843d0a406a2e7b591c5608d841bfec64db0f2287c3b93cafdd,UNKNOWN,,DELL,,,False,,INELIGIBLE_WRONG_OR_LOWER_AUTHORITY_CLASS,REJECTED,Lower-precedence or wrong lineage source rejected.
huber,docs/dream_system/components/DS-24_independent_five_minute_selector/stage_outputs/ds24_p8_r14_e3g_c2_20260824T000000Z/r7_r14_policy_workers/huber/metrics_only_v3/resolved_performance_checkpoint_v3.json,20a29374e5c6f987a2e4e7af69cec0b468223e481834ab812e5fd32d5f65aec6,UNKNOWN,,DELL,,,False,,INELIGIBLE_TRANSFER_NOT_LOCAL,REJECTED,Transfer or source estate missing locally.
huber,docs/dream_system/components/DS-24_independent_five_minute_selector/stage_outputs/ds24_p8_r14_e3g_c2_20260824T000000Z/r7_r14_policy_workers/huber/metrics_only_v3/transaction_costs_v3_manifest.json,02d37edb037b7f88ee3f741379aa9f4256c7358ebab68d431434ef094723af51,UNKNOWN,,DELL,,,False,,INELIGIBLE_WRONG_OR_LOWER_AUTHORITY_CLASS,REJECTED,Lower-precedence or wrong lineage source rejected.
huber,docs/dream_system/components/DS-24_independent_five_minute_selector/stage_outputs/ds24_p8_r14_e3g_c2_20260824T000000Z/r7_r14_policy_workers/huber/metrics_only_v3_r37_huber_replay/checkpoint.json,ffa00aec0308899f1552903c4322c0f4b6b1211f182726b3785c6b3f0138c311,UNKNOWN,,DELL,,,False,,INELIGIBLE_WRONG_OR_LOWER_AUTHORITY_CLASS,REJECTED,Lower-precedence or wrong lineage source rejected.
huber,docs/dream_system/components/DS-24_independent_five_minute_selector/stage_outputs/ds24_p8_r14_e3g_c2_20260824T000000Z/r7_r14_policy_workers/huber/metrics_only_v3_r37_huber_replay/daily_portfolio_returns_v3_manifest.json,873d322d109cc78747c433dc3ce5ea2ce6c3eb508effedd1de1ef4f2f3f37255,UNKNOWN,,DELL,,,False,,INELIGIBLE_WRONG_OR_LOWER_AUTHORITY_CLASS,REJECTED,Lower-precedence or wrong lineage source rejected.
huber,docs/dream_system/components/DS-24_independent_five_minute_selector/stage_outputs/ds24_p8_r14_e3g_c2_20260824T000000Z/r7_r14_policy_workers/huber/metrics_only_v3_r37_huber_replay/rank_ic_v3_manifest.json,0ff6f3a84cc4feeea0ae02b950fd56f90d53fc02d8e1dd237db42fb8992fd036,UNKNOWN,,DELL,,,False,,INELIGIBLE_WRONG_OR_LOWER_AUTHORITY_CLASS,REJECTED,Lower-precedence or wrong lineage source rejected.
huber,docs/dream_system/components/DS-24_independent_five_minute_selector/stage_outputs/ds24_p8_r14_e3g_c2_20260824T000000Z/r7_r14_policy_workers/huber/metrics_only_v3_r37_huber_replay/resolved_performance_checkpoint_v3.json,4058bd7d651f65c07a883eab4133b559794d0276d5ab2098c9506934e1561e55,UNKNOWN,,DELL,,,False,,INELIGIBLE_TRANSFER_NOT_LOCAL,REJECTED,Transfer or source estate missing locally.
huber,docs/dream_system/components/DS-24_independent_five_minute_selector/stage_outputs/ds24_p8_r14_e3g_c2_20260824T000000Z/r7_r14_policy_workers/huber/metrics_only_v3_r37_huber_replay/transaction_costs_v3_manifest.json,85e2076e9ceb6feca39a99d91e8ea4fa6b613dbf22a279265fdb4c2f38e2b6c7,UNKNOWN,,DELL,,,False,,INELIGIBLE_WRONG_OR_LOWER_AUTHORITY_CLASS,REJECTED,Lower-precedence or wrong lineage source rejected.
huber,docs/dream_system/components/DS-24_independent_five_minute_selector/stage_outputs/ds24_p8_r14_e3g_c2_20260824T000000Z/r7_r14_policy_workers/huber/progress.json,e6cac75549d41ba580161b2cca775be407aab57d426f77c02e027618cf3b65b1,UNKNOWN,ds24_p8_r14_e3g_c2_r7_r14_20260824T000000Z,DELL,,,False,,INELIGIBLE_WRONG_OR_LOWER_AUTHORITY_CLASS,REJECTED,Lower-precedence or wrong lineage source rejected.
mlp,docs/dream_system/components/DS-24_independent_five_minute_selector/stage_outputs/ds24_p8_r14_e3g_c2_20260824T000000Z/r7_r14_policy_workers/mlp/metrics_only_v3_r37_mlp_direct_gen7/resolved_performance_summary_v3.json,dde5d615d4d4d22fa45b8c306af0010a34cbfa93ec86231b10b6a404fca47b97,CURRENT_DS24_PARTIAL_PROGRESS,,DELL,2016-02-02T14:35:00+00:00,2024-05-16T19:00:00+00:00,False,mean_spearman_rank_ic|hac_lower_95|hac_upper_95|annualized_return|annualized_volatility|sharpe|maximum_drawdown|win_rate|turnover|total_estimated_transaction_costs,INELIGIBLE_PARTIAL_WINDOW_NOT_TERMINAL,REJECTED,No eligible terminal tournament authority; lower-authority source rejected.
mlp,docs/dream_system/components/DS-24_independent_five_minute_selector/stage_outputs/ds24_p8_r14_e3g_c2_20260824T000000Z/r7_r14_policy_workers/mlp/metrics_only_v3_r37_mlp_retry/resolved_performance_summary_v3.json,0be60c33a7b803072776e441522a46b87162bab59a7dac5b8f3aff72e14804fe,CURRENT_DS24_PARTIAL_PROGRESS,,DELL,,,False,total_estimated_transaction_costs,INELIGIBLE_PARTIAL_WINDOW_NOT_TERMINAL,REJECTED,No eligible terminal tournament authority; lower-authority source rejected.
mlp,docs/dream_system/components/DS-24_independent_five_minute_selector/stage_outputs/ds24_p8_r14_e3e_20260823T000000Z/20_f1_results_v2.csv,e53c180bbc1d1500efcf5cf382125ecda1ac3233dc36d25fa9c752a6bbc22d88,OLDER_DS24_CAMPAIGN,,DELL,,,False,mean_spearman_rank_ic,INELIGIBLE_WRONG_OR_LOWER_AUTHORITY_CLASS,REJECTED,No eligible terminal tournament authority; lower-authority source rejected.
mlp,docs/dream_system/components/DS-24_independent_five_minute_selector/stage_outputs/ds24_p8_r14_e3e_20260823T000000Z/22_f2_results_v2.csv,fd92bdf3ddb92ef8a65dde84ed781fbf466f3decd5705bd5f78a06af0beb177c,OLDER_DS24_CAMPAIGN,,DELL,,,False,mean_spearman_rank_ic,INELIGIBLE_WRONG_OR_LOWER_AUTHORITY_CLASS,REJECTED,No eligible terminal tournament authority; lower-authority source rejected.
mlp,docs/dream_system/components/DS-24_independent_five_minute_selector/stage_outputs/ds24_p8_r14_e3e_20260823T000000Z/24_f3_results_v2.csv,c6e286496a3a2b452561610b54f52d5951085c5bf192c00439e739790f915e46,OLDER_DS24_CAMPAIGN,,DELL,,,False,mean_spearman_rank_ic,INELIGIBLE_WRONG_OR_LOWER_AUTHORITY_CLASS,REJECTED,No eligible terminal tournament authority; lower-authority source rejected.
mlp,docs/dream_system/components/DS-24_independent_five_minute_selector/stage_outputs/ds24_p8_r14_e3f_20260823T000000Z/40_f1_results_v2.csv,feb365eb49e3390b2983cd3449e8f1f06d6f12b94f5257740cf78508bf5fea3f,OLDER_DS24_CAMPAIGN,,DELL,2021-01-01T00:00:00+00:00,2022-12-31T23:59:59+00:00,False,mean_spearman_rank_ic,INELIGIBLE_WRONG_OR_LOWER_AUTHORITY_CLASS,REJECTED,No eligible terminal tournament authority; lower-authority source rejected.
mlp,docs/dream_system/components/DS-24_independent_five_minute_selector/stage_outputs/ds24_p8_r14_e3f_20260823T000000Z/42_f2_results_v2.csv,21750ed8b8eb01b9106ba22de19872d3459e5cd11c4d6a0cd4db73723dc406c1,OLDER_DS24_CAMPAIGN,,DELL,2021-01-01T00:00:00+00:00,2022-12-31T23:59:59+00:00,False,mean_spearman_rank_ic,INELIGIBLE_WRONG_OR_LOWER_AUTHORITY_CLASS,REJECTED,No eligible terminal tournament authority; lower-authority source rejected.
mlp,docs/dream_system/components/DS-24_independent_five_minute_selector/stage_outputs/ds24_p8_r14_e3f_20260823T000000Z/44_f3_results_v2.csv,87035330c8850d97a10091e430c2b35b44cb50d169a308ff55585e0f93c58f6a,OLDER_DS24_CAMPAIGN,,DELL,2021-01-01T00:00:00+00:00,2023-12-31T23:59:59+00:00,False,mean_spearman_rank_ic,INELIGIBLE_WRONG_OR_LOWER_AUTHORITY_CLASS,REJECTED,No eligible terminal tournament authority; lower-authority source rejected.
mlp,docs/dream_system/components/DS-24_independent_five_minute_selector/stage_outputs/ds24_p8_r14_e3g_c1_20260823T000000Z/19_tabular_scale_results.csv,5c1378aba59a29ffd71efb53581720ce871950c28bfe8f60d45f531d5f86dd0a,OLDER_DS24_CAMPAIGN,,DELL,2019-01-01T00:00:00+00:00,2020-12-31T23:59:59+00:00,False,mean_spearman_rank_ic,INELIGIBLE_WRONG_OR_LOWER_AUTHORITY_CLASS,REJECTED,No eligible terminal tournament authority; lower-authority source rejected.
mlp,docs/dream_system/components/DS-24_independent_five_minute_selector/stage_outputs/ds24_p8_r14_e3g_c1_20260823T000000Z/31_scale_stability_results.csv,c27931c0584338c1ee8b1a0997735945023986bbd3e95bc21696d6b5c6ff8b3a,OLDER_DS24_CAMPAIGN,,DELL,,,False,mean_spearman_rank_ic,INELIGIBLE_WRONG_OR_LOWER_AUTHORITY_CLASS,REJECTED,No eligible terminal tournament authority; lower-authority source rejected.
mlp,docs/dream_system/components/DS-24_independent_five_minute_selector/stage_outputs/ds24_p8_r14_e3g_c2_20260824T000000Z/R53B_13_completed_terminal_authority_recovery/R53B_FINAL_13_COMPLETED_MODEL_SCORECARD.csv,d2167474fb815d530ec447f8e8f45f8f555c6dd2fba3b79750cc42386e6c5b40,OLDER_DS24_CAMPAIGN,,DELL,,,False,,INELIGIBLE_TRANSFER_NOT_LOCAL,REJECTED,Transfer or source estate missing locally.
mlp,docs/dream_system/components/DS-24_independent_five_minute_selector/stage_outputs/ds24_p8_r14_e3g_c2_20260824T000000Z/R53B_13_completed_terminal_authority_recovery/R53B_candidate_result_inventory.csv,c2d0838f916e260f1d787d88362e46ec7f61c6274ffac329c072aa9dbe788719,OLDER_DS24_CAMPAIGN,,DELL,,,False,,INELIGIBLE_WRONG_OR_LOWER_AUTHORITY_CLASS,REJECTED,No eligible terminal tournament authority; lower-authority source rejected.
mlp,docs/dream_system/components/DS-24_independent_five_minute_selector/stage_outputs/ds24_p8_r14_e3g_c2_20260824T000000Z/R53B_13_completed_terminal_authority_recovery/R53B_candidate_result_inventory.csv,c2d0838f916e260f1d787d88362e46ec7f61c6274ffac329c072aa9dbe788719,OLDER_DS24_CAMPAIGN,,DELL,,,False,,INELIGIBLE_WRONG_OR_LOWER_AUTHORITY_CLASS,REJECTED,No eligible terminal tournament authority; lower-authority source rejected.
mlp,docs/dream_system/components/DS-24_independent_five_minute_selector/stage_outputs/ds24_p8_r14_e3g_c2_20260824T000000Z/R53B_13_completed_terminal_authority_recovery/R53B_candidate_result_inventory.csv,c2d0838f916e260f1d787d88362e46ec7f61c6274ffac329c072aa9dbe788719,OLDER_DS24_CAMPAIGN,,DELL,,,False,,INELIGIBLE_WRONG_OR_LOWER_AUTHORITY_CLASS,REJECTED,No eligible terminal tournament authority; lower-authority source rejected.
mlp,docs/dream_system/components/DS-24_independent_five_minute_selector/stage_outputs/ds24_p8_r14_e3g_c2_20260824T000000Z/R53B_13_completed_terminal_authority_recovery/R53B_candidate_result_inventory.csv,c2d0838f916e260f1d787d88362e46ec7f61c6274ffac329c072aa9dbe788719,OLDER_DS24_CAMPAIGN,,DELL,,,False,,INELIGIBLE_WRONG_OR_LOWER_AUTHORITY_CLASS,REJECTED,No eligible terminal tournament authority; lower-authority source rejected.
mlp,docs/dream_system/components/DS-24_independent_five_minute_selector/stage_outputs/ds24_p8_r14_e3g_c2_20260824T000000Z/R53B_13_completed_terminal_authority_recovery/R53B_candidate_result_inventory.csv,c2d0838f916e260f1d787d88362e46ec7f61c6274ffac329c072aa9dbe788719,OLDER_DS24_CAMPAIGN,,DELL,,,False,,INELIGIBLE_WRONG_OR_LOWER_AUTHORITY_CLASS,REJECTED,No eligible terminal tournament authority; lower-authority source rejected.
mlp,docs/dream_system/components/DS-24_independent_five_minute_selector/stage_outputs/ds24_p8_r14_e3g_c2_20260824T000000Z/R53B_13_completed_terminal_authority_recovery/R53B_candidate_result_inventory.csv,c2d0838f916e260f1d787d88362e46ec7f61c6274ffac329c072aa9dbe788719,OLDER_DS24_CAMPAIGN,,DELL,,,False,,INELIGIBLE_WRONG_OR_LOWER_AUTHORITY_CLASS,REJECTED,No eligible terminal tournament authority; lower-authority source rejected.
mlp,docs/dream_system/components/DS-24_independent_five_minute_selector/stage_outputs/ds24_p8_r14_e3g_c2_20260824T000000Z/R53B_13_completed_terminal_authority_recovery/R53B_candidate_result_inventory.csv,c2d0838f916e260f1d787d88362e46ec7f61c6274ffac329c072aa9dbe788719,OLDER_DS24_CAMPAIGN,,DELL,,,False,,INELIGIBLE_WRONG_OR_LOWER_AUTHORITY_CLASS,REJECTED,No eligible terminal tournament authority; lower-authority source rejected.
mlp,docs/dream_system/components/DS-24_independent_five_minute_selector/stage_outputs/ds24_p8_r14_e3g_c2_20260824T000000Z/R53B_13_completed_terminal_authority_recovery/R53B_candidate_result_inventory.csv,c2d0838f916e260f1d787d88362e46ec7f61c6274ffac329c072aa9dbe788719,OLDER_DS24_CAMPAIGN,,DELL,,,False,,INELIGIBLE_WRONG_OR_LOWER_AUTHORITY_CLASS,REJECTED,No eligible terminal tournament authority; lower-authority source rejected.
mlp,docs/dream_system/components/DS-24_independent_five_minute_selector/stage_outputs/ds24_p8_r14_e3g_c2_20260824T000000Z/R53B_13_completed_terminal_authority_recovery/R53B_candidate_result_inventory.csv,c2d0838f916e260f1d787d88362e46ec7f61c6274ffac329c072aa9dbe788719,OLDER_DS24_CAMPAIGN,,DELL,,,False,,INELIGIBLE_WRONG_OR_LOWER_AUTHORITY_CLASS,REJECTED,No eligible terminal tournament authority; lower-authority source rejected.
mlp,docs/dream_system/components/DS-24_independent_five_minute_selector/stage_outputs/ds24_p8_r14_e3g_c2_20260824T000000Z/R53B_13_completed_terminal_authority_recovery/R53B_candidate_result_inventory.csv,c2d0838f916e260f1d787d88362e46ec7f61c6274ffac329c072aa9dbe788719,OLDER_DS24_CAMPAIGN,,DELL,,,False,,INELIGIBLE_WRONG_OR_LOWER_AUTHORITY_CLASS,REJECTED,No eligible terminal tournament authority; lower-authority source rejected.
mlp,docs/dream_system/components/DS-24_independent_five_minute_selector/stage_outputs/ds24_p8_r14_e3g_c2_20260824T000000Z/R53B_13_completed_terminal_authority_recovery/R53B_candidate_result_inventory.csv,c2d0838f916e260f1d787d88362e46ec7f61c6274ffac329c072aa9dbe788719,OLDER_DS24_CAMPAIGN,,DELL,,,False,,INELIGIBLE_TRANSFER_NOT_LOCAL,REJECTED,Transfer or source estate missing locally.
mlp,docs/dream_system/components/DS-24_independent_five_minute_selector/stage_outputs/ds24_p8_r14_e3g_c2_20260824T000000Z/R53B_13_completed_terminal_authority_recovery/R53B_candidate_result_inventory.csv,c2d0838f916e260f1d787d88362e46ec7f61c6274ffac329c072aa9dbe788719,OLDER_DS24_CAMPAIGN,,DELL,,,False,,INELIGIBLE_WRONG_OR_LOWER_AUTHORITY_CLASS,REJECTED,No eligible terminal tournament authority; lower-authority source rejected.
mlp,docs/dream_system/components/DS-24_independent_five_minute_selector/stage_outputs/ds24_p8_r14_e3g_c2_20260824T000000Z/R53B_13_completed_terminal_authority_recovery/R53B_candidate_result_inventory.csv,c2d0838f916e260f1d787d88362e46ec7f61c6274ffac329c072aa9dbe788719,OLDER_DS24_CAMPAIGN,,DELL,,,False,,INELIGIBLE_WRONG_OR_LOWER_AUTHORITY_CLASS,REJECTED,No eligible terminal tournament authority; lower-authority source rejected.
mlp,docs/dream_system/components/DS-24_independent_five_minute_selector/stage_outputs/ds24_p8_r14_e3g_c2_20260824T000000Z/R53B_13_completed_terminal_authority_recovery/R53B_candidate_result_inventory.csv,c2d0838f916e260f1d787d88362e46ec7f61c6274ffac329c072aa9dbe788719,OLDER_DS24_CAMPAIGN,,DELL,,,False,,INELIGIBLE_WRONG_OR_LOWER_AUTHORITY_CLASS,REJECTED,No eligible terminal tournament authority; lower-authority source rejected.
mlp,docs/dream_system/components/DS-24_independent_five_minute_selector/stage_outputs/ds24_p8_r14_e3g_c2_20260824T000000Z/R53B_13_completed_terminal_authority_recovery/R53B_candidate_result_inventory.csv,c2d0838f916e260f1d787d88362e46ec7f61c6274ffac329c072aa9dbe788719,OLDER_DS24_CAMPAIGN,,DELL,,,False,,INELIGIBLE_WRONG_OR_LOWER_AUTHORITY_CLASS,REJECTED,No eligible terminal tournament authority; lower-authority source rejected.
mlp,docs/dream_system/components/DS-24_independent_five_minute_selector/stage_outputs/ds24_p8_r14_e3g_c2_20260824T000000Z/R53B_13_completed_terminal_authority_recovery/R53B_candidate_result_inventory.csv,c2d0838f916e260f1d787d88362e46ec7f61c6274ffac329c072aa9dbe788719,OLDER_DS24_CAMPAIGN,,DELL,,,False,,INELIGIBLE_WRONG_OR_LOWER_AUTHORITY_CLASS,REJECTED,No eligible terminal tournament authority; lower-authority source rejected.
mlp,docs/dream_system/components/DS-24_independent_five_minute_selector/stage_outputs/ds24_p8_r14_e3g_c2_20260824T000000Z/R53B_13_completed_terminal_authority_recovery/R53B_candidate_result_inventory.csv,c2d0838f916e260f1d787d88362e46ec7f61c6274ffac329c072aa9dbe788719,OLDER_DS24_CAMPAIGN,,DELL,,,False,,INELIGIBLE_WRONG_OR_LOWER_AUTHORITY_CLASS,REJECTED,No eligible terminal tournament authority; lower-authority source rejected.
mlp,docs/dream_system/components/DS-24_independent_five_minute_selector/stage_outputs/ds24_p8_r14_e3g_c2_20260824T000000Z/R53B_13_completed_terminal_authority_recovery/R53B_candidate_result_inventory.csv,c2d0838f916e260f1d787d88362e46ec7f61c6274ffac329c072aa9dbe788719,OLDER_DS24_CAMPAIGN,,DELL,,,False,,INELIGIBLE_WRONG_OR_LOWER_AUTHORITY_CLASS,REJECTED,No eligible terminal tournament authority; lower-authority source rejected.
mlp,docs/dream_system/components/DS-24_independent_five_minute_selector/stage_outputs/ds24_p8_r14_e3g_c2_20260824T000000Z/R53B_13_completed_terminal_authority_recovery/R53B_candidate_result_inventory.csv,c2d0838f916e260f1d787d88362e46ec7f61c6274ffac329c072aa9dbe788719,OLDER_DS24_CAMPAIGN,,DELL,,,False,,INELIGIBLE_WRONG_OR_LOWER_AUTHORITY_CLASS,REJECTED,No eligible terminal tournament authority; lower-authority source rejected.
mlp,docs/dream_system/components/DS-24_independent_five_minute_selector/stage_outputs/ds24_p8_r14_e3g_c2_20260824T000000Z/R53B_13_completed_terminal_authority_recovery/R53B_candidate_result_inventory.csv,c2d0838f916e260f1d787d88362e46ec7f61c6274ffac329c072aa9dbe788719,OLDER_DS24_CAMPAIGN,,DELL,,,False,,INELIGIBLE_WRONG_OR_LOWER_AUTHORITY_CLASS,REJECTED,No eligible terminal tournament authority; lower-authority source rejected.
mlp,docs/dream_system/components/DS-24_independent_five_minute_selector/stage_outputs/ds24_p8_r14_e3g_c2_20260824T000000Z/R53B_13_completed_terminal_authority_recovery/R53B_candidate_result_inventory.csv,c2d0838f916e260f1d787d88362e46ec7f61c6274ffac329c072aa9dbe788719,OLDER_DS24_CAMPAIGN,,DELL,,,False,,INELIGIBLE_WRONG_OR_LOWER_AUTHORITY_CLASS,REJECTED,No eligible terminal tournament authority; lower-authority source rejected.
mlp,docs/dream_system/components/DS-24_independent_five_minute_selector/stage_outputs/ds24_p8_r14_e3g_c2_20260824T000000Z/R53B_13_completed_terminal_authority_recovery/R53B_candidate_result_inventory.csv,c2d0838f916e260f1d787d88362e46ec7f61c6274ffac329c072aa9dbe788719,OLDER_DS24_CAMPAIGN,,DELL,,,False,,INELIGIBLE_WRONG_OR_LOWER_AUTHORITY_CLASS,REJECTED,No eligible terminal tournament authority; lower-authority source rejected.
mlp,docs/dream_system/components/DS-24_independent_five_minute_selector/stage_outputs/ds24_p8_r14_e3g_c2_20260824T000000Z/R53B_13_completed_terminal_authority_recovery/R53B_candidate_result_inventory.csv,c2d0838f916e260f1d787d88362e46ec7f61c6274ffac329c072aa9dbe788719,OLDER_DS24_CAMPAIGN,,DELL,,,False,,INELIGIBLE_WRONG_OR_LOWER_AUTHORITY_CLASS,REJECTED,No eligible terminal tournament authority; lower-authority source rejected.
mlp,docs/dream_system/components/DS-24_independent_five_minute_selector/stage_outputs/ds24_p8_r14_e3g_c2_20260824T000000Z/R53B_13_completed_terminal_authority_recovery/R53B_candidate_result_inventory.csv,c2d0838f916e260f1d787d88362e46ec7f61c6274ffac329c072aa9dbe788719,OLDER_DS24_CAMPAIGN,,DELL,,,False,,INELIGIBLE_WRONG_OR_LOWER_AUTHORITY_CLASS,REJECTED,No eligible terminal tournament authority; lower-authority source rejected.
mlp,docs/dream_system/components/DS-24_independent_five_minute_selector/stage_outputs/ds24_p8_r14_e3g_c2_20260824T000000Z/R53B_13_completed_terminal_authority_recovery/R53B_candidate_result_inventory.csv,c2d0838f916e260f1d787d88362e46ec7f61c6274ffac329c072aa9dbe788719,OLDER_DS24_CAMPAIGN,,DELL,,,False,,INELIGIBLE_WRONG_OR_LOWER_AUTHORITY_CLASS,REJECTED,No eligible terminal tournament authority; lower-authority source rejected.
mlp,docs/dream_system/components/DS-24_independent_five_minute_selector/stage_outputs/ds24_p8_r14_e3g_c2_20260824T000000Z/R53B_13_completed_terminal_authority_recovery/R53B_candidate_result_inventory.csv,c2d0838f916e260f1d787d88362e46ec7f61c6274ffac329c072aa9dbe788719,OLDER_DS24_CAMPAIGN,,DELL,,,False,,INELIGIBLE_TRANSFER_NOT_LOCAL,REJECTED,Transfer or source estate missing locally.
mlp,docs/dream_system/components/DS-24_independent_five_minute_selector/stage_outputs/ds24_p8_r14_e3g_c2_20260824T000000Z/R53B_13_completed_terminal_authority_recovery/R53B_candidate_result_inventory.csv,c2d0838f916e260f1d787d88362e46ec7f61c6274ffac329c072aa9dbe788719,OLDER_DS24_CAMPAIGN,,DELL,,,False,,INELIGIBLE_WRONG_OR_LOWER_AUTHORITY_CLASS,REJECTED,No eligible terminal tournament authority; lower-authority source rejected.
mlp,docs/dream_system/components/DS-24_independent_five_minute_selector/stage_outputs/ds24_p8_r14_e3g_c2_20260824T000000Z/R53B_13_completed_terminal_authority_recovery/R53B_candidate_result_inventory.csv,c2d0838f916e260f1d787d88362e46ec7f61c6274ffac329c072aa9dbe788719,OLDER_DS24_CAMPAIGN,,DELL,,,False,,INELIGIBLE_WRONG_OR_LOWER_AUTHORITY_CLASS,REJECTED,No eligible terminal tournament authority; lower-authority source rejected.
mlp,docs/dream_system/components/DS-24_independent_five_minute_selector/stage_outputs/ds24_p8_r14_e3g_c2_20260824T000000Z/R53B_13_completed_terminal_authority_recovery/R53B_candidate_result_inventory.csv,c2d0838f916e260f1d787d88362e46ec7f61c6274ffac329c072aa9dbe788719,OLDER_DS24_CAMPAIGN,,DELL,,,False,,INELIGIBLE_WRONG_OR_LOWER_AUTHORITY_CLASS,REJECTED,No eligible terminal tournament authority; lower-authority source rejected.
mlp,docs/dream_system/components/DS-24_independent_five_minute_selector/stage_outputs/ds24_p8_r14_e3g_c2_20260824T000000Z/R53B_13_completed_terminal_authority_recovery/R53B_candidate_result_inventory.csv,c2d0838f916e260f1d787d88362e46ec7f61c6274ffac329c072aa9dbe788719,OLDER_DS24_CAMPAIGN,,DELL,,,False,,INELIGIBLE_TRANSFER_NOT_LOCAL,REJECTED,Transfer or source estate missing locally.
mlp,docs/dream_system/components/DS-24_independent_five_minute_selector/stage_outputs/ds24_p8_r14_e3g_c2_20260824T000000Z/R53B_13_completed_terminal_authority_recovery/R53B_candidate_result_inventory.csv,c2d0838f916e260f1d787d88362e46ec7f61c6274ffac329c072aa9dbe788719,OLDER_DS24_CAMPAIGN,,DELL,,,False,,INELIGIBLE_WRONG_OR_LOWER_AUTHORITY_CLASS,REJECTED,No eligible terminal tournament authority; lower-authority source rejected.
mlp,docs/dream_system/components/DS-24_independent_five_minute_selector/stage_outputs/ds24_p8_r14_e3g_c2_20260824T000000Z/R53B_13_completed_terminal_authority_recovery/R53B_candidate_result_inventory.csv,c2d0838f916e260f1d787d88362e46ec7f61c6274ffac329c072aa9dbe788719,OLDER_DS24_CAMPAIGN,,DELL,,,False,,INELIGIBLE_WRONG_OR_LOWER_AUTHORITY_CLASS,REJECTED,No eligible terminal tournament authority; lower-authority source rejected.
mlp,docs/dream_system/components/DS-24_independent_five_minute_selector/stage_outputs/ds24_p8_r14_e3g_c2_20260824T000000Z/R53B_13_completed_terminal_authority_recovery/R53B_candidate_result_inventory.csv,c2d0838f916e260f1d787d88362e46ec7f61c6274ffac329c072aa9dbe788719,OLDER_DS24_CAMPAIGN,,DELL,,,False,,INELIGIBLE_WRONG_OR_LOWER_AUTHORITY_CLASS,REJECTED,No eligible terminal tournament authority; lower-authority source rejected.
mlp,docs/dream_system/components/DS-24_independent_five_minute_selector/stage_outputs/ds24_p8_r14_e3g_c2_20260824T000000Z/R53B_13_completed_terminal_authority_recovery/R53B_candidate_result_inventory.csv,c2d0838f916e260f1d787d88362e46ec7f61c6274ffac329c072aa9dbe788719,OLDER_DS24_CAMPAIGN,,DELL,,,False,,INELIGIBLE_WRONG_OR_LOWER_AUTHORITY_CLASS,REJECTED,No eligible terminal tournament authority; lower-authority source rejected.
mlp,docs/dream_system/components/DS-24_independent_five_minute_selector/stage_outputs/ds24_p8_r14_e3g_c2_20260824T000000Z/R53B_13_completed_terminal_authority_recovery/R53B_candidate_result_inventory.csv,c2d0838f916e260f1d787d88362e46ec7f61c6274ffac329c072aa9dbe788719,OLDER_DS24_CAMPAIGN,,DELL,,,False,,INELIGIBLE_WRONG_OR_LOWER_AUTHORITY_CLASS,REJECTED,No eligible terminal tournament authority; lower-authority source rejected.
mlp,docs/dream_system/components/DS-24_independent_five_minute_selector/stage_outputs/ds24_p8_r14_e3g_c2_20260824T000000Z/R53B_13_completed_terminal_authority_recovery/R53B_candidate_result_inventory.csv,c2d0838f916e260f1d787d88362e46ec7f61c6274ffac329c072aa9dbe788719,OLDER_DS24_CAMPAIGN,,DELL,,,False,,INELIGIBLE_WRONG_OR_LOWER_AUTHORITY_CLASS,REJECTED,No eligible terminal tournament authority; lower-authority source rejected.
mlp,docs/dream_system/components/DS-24_independent_five_minute_selector/stage_outputs/ds24_p8_r14_e3g_c2_20260824T000000Z/R53B_13_completed_terminal_authority_recovery/R53B_candidate_result_inventory.csv,c2d0838f916e260f1d787d88362e46ec7f61c6274ffac329c072aa9dbe788719,OLDER_DS24_CAMPAIGN,,DELL,,,False,,INELIGIBLE_TRANSFER_NOT_LOCAL,REJECTED,Transfer or source estate missing locally.
mlp,docs/dream_system/components/DS-24_independent_five_minute_selector/stage_outputs/ds24_p8_r14_e3g_c2_20260824T000000Z/R53B_13_completed_terminal_authority_recovery/R53B_candidate_result_inventory.csv,c2d0838f916e260f1d787d88362e46ec7f61c6274ffac329c072aa9dbe788719,OLDER_DS24_CAMPAIGN,,DELL,,,False,,INELIGIBLE_WRONG_OR_LOWER_AUTHORITY_CLASS,REJECTED,No eligible terminal tournament authority; lower-authority source rejected.
mlp,docs/dream_system/components/DS-24_independent_five_minute_selector/stage_outputs/ds24_p8_r14_e3g_c2_20260824T000000Z/R53B_13_completed_terminal_authority_recovery/R53B_candidate_result_inventory.csv,c2d0838f916e260f1d787d88362e46ec7f61c6274ffac329c072aa9dbe788719,OLDER_DS24_CAMPAIGN,,DELL,,,False,,INELIGIBLE_WRONG_OR_LOWER_AUTHORITY_CLASS,REJECTED,No eligible terminal tournament authority; lower-authority source rejected.
mlp,docs/dream_system/components/DS-24_independent_five_minute_selector/stage_outputs/ds24_p8_r14_e3g_c2_20260824T000000Z/R53B_13_completed_terminal_authority_recovery/R53B_candidate_result_inventory.csv,c2d0838f916e260f1d787d88362e46ec7f61c6274ffac329c072aa9dbe788719,OLDER_DS24_CAMPAIGN,,DELL,,,False,,INELIGIBLE_WRONG_OR_LOWER_AUTHORITY_CLASS,REJECTED,No eligible terminal tournament authority; lower-authority source rejected.
mlp,docs/dream_system/components/DS-24_independent_five_minute_selector/stage_outputs/ds24_p8_r14_e3g_c2_20260824T000000Z/R53B_13_completed_terminal_authority_recovery/R53B_candidate_result_inventory.csv,c2d0838f916e260f1d787d88362e46ec7f61c6274ffac329c072aa9dbe788719,OLDER_DS24_CAMPAIGN,,DELL,,,False,,INELIGIBLE_TRANSFER_NOT_LOCAL,REJECTED,Transfer or source estate missing locally.
mlp,docs/dream_system/components/DS-24_independent_five_minute_selector/stage_outputs/ds24_p8_r14_e3g_c2_20260824T000000Z/R53B_13_completed_terminal_authority_recovery/R53B_candidate_result_inventory.csv,c2d0838f916e260f1d787d88362e46ec7f61c6274ffac329c072aa9dbe788719,OLDER_DS24_CAMPAIGN,,DELL,,,False,,INELIGIBLE_WRONG_OR_LOWER_AUTHORITY_CLASS,REJECTED,No eligible terminal tournament authority; lower-authority source rejected.
mlp,docs/dream_system/components/DS-24_independent_five_minute_selector/stage_outputs/ds24_p8_r14_e3g_c2_20260824T000000Z/R53B_13_completed_terminal_authority_recovery/R53B_candidate_result_inventory.csv,c2d0838f916e260f1d787d88362e46ec7f61c6274ffac329c072aa9dbe788719,OLDER_DS24_CAMPAIGN,,DELL,,,False,,INELIGIBLE_WRONG_OR_LOWER_AUTHORITY_CLASS,REJECTED,No eligible terminal tournament authority; lower-authority source rejected.
mlp,docs/dream_system/components/DS-24_independent_five_minute_selector/stage_outputs/ds24_p8_r14_e3g_c2_20260824T000000Z/r7_r14_policy_workers/mlp/metrics_only/checkpoint.json,73a2d9464b88c4673a02ad2221e32e20a3b3acfb11670581c1d286f34260ddca,UNKNOWN,,DELL,,,False,,INELIGIBLE_WRONG_OR_LOWER_AUTHORITY_CLASS,REJECTED,No eligible terminal tournament authority; lower-authority source rejected.
mlp,docs/dream_system/components/DS-24_independent_five_minute_selector/stage_outputs/ds24_p8_r14_e3g_c2_20260824T000000Z/r7_r14_policy_workers/mlp/metrics_only_v3_r37_mlp_direct_gen7/checkpoint.json,0dc261ea3330e877f00c5dedbfb60948478253f7c249e098e050720053ed1b90,UNKNOWN,,DELL,,,False,,INELIGIBLE_WRONG_OR_LOWER_AUTHORITY_CLASS,REJECTED,No eligible terminal tournament authority; lower-authority source rejected.
mlp,docs/dream_system/components/DS-24_independent_five_minute_selector/stage_outputs/ds24_p8_r14_e3g_c2_20260824T000000Z/r7_r14_policy_workers/mlp/metrics_only_v3_r37_mlp_direct_gen7/daily_portfolio_returns_v3_manifest.json,0c90984040ad16ebaa28d8bf5b4609be44f20268d910bd9127d1c03ff471f47e,UNKNOWN,,DELL,,,False,,INELIGIBLE_WRONG_OR_LOWER_AUTHORITY_CLASS,REJECTED,No eligible terminal tournament authority; lower-authority source rejected.
mlp,docs/dream_system/components/DS-24_independent_five_minute_selector/stage_outputs/ds24_p8_r14_e3g_c2_20260824T000000Z/r7_r14_policy_workers/mlp/metrics_only_v3_r37_mlp_direct_gen7/rank_ic_v3_manifest.json,2cc4d1b6cfdb495752fe011d500a8de66707d289cf23ce72e11d4ffb0325c2aa,UNKNOWN,,DELL,,,False,,INELIGIBLE_WRONG_OR_LOWER_AUTHORITY_CLASS,REJECTED,No eligible terminal tournament authority; lower-authority source rejected.
mlp,docs/dream_system/components/DS-24_independent_five_minute_selector/stage_outputs/ds24_p8_r14_e3g_c2_20260824T000000Z/r7_r14_policy_workers/mlp/metrics_only_v3_r37_mlp_direct_gen7/resolved_performance_checkpoint_v3.json,d2e5180f4a21fd9e515fd23275338bd40fbdeaf927457dc60d552152bd4c40b6,UNKNOWN,,DELL,,,False,,INELIGIBLE_TRANSFER_NOT_LOCAL,REJECTED,Transfer or source estate missing locally.
mlp,docs/dream_system/components/DS-24_independent_five_minute_selector/stage_outputs/ds24_p8_r14_e3g_c2_20260824T000000Z/r7_r14_policy_workers/mlp/metrics_only_v3_r37_mlp_direct_gen7/transaction_costs_v3_manifest.json,a636c368fc04db73e57e95a842351838b6e7d477fd69ce4a5f03789b0838c1b7,UNKNOWN,,DELL,,,False,,INELIGIBLE_WRONG_OR_LOWER_AUTHORITY_CLASS,REJECTED,No eligible terminal tournament authority; lower-authority source rejected.
mlp,docs/dream_system/components/DS-24_independent_five_minute_selector/stage_outputs/ds24_p8_r14_e3g_c2_20260824T000000Z/r7_r14_policy_workers/mlp/metrics_only_v3_r37_mlp_retry/checkpoint.json,ae9d1344e65813a3a2e6022b175ba0546af1ffe45157e7ce87d7eea589bc2bba,UNKNOWN,,DELL,,,False,,INELIGIBLE_WRONG_OR_LOWER_AUTHORITY_CLASS,REJECTED,No eligible terminal tournament authority; lower-authority source rejected.
mlp,docs/dream_system/components/DS-24_independent_five_minute_selector/stage_outputs/ds24_p8_r14_e3g_c2_20260824T000000Z/r7_r14_policy_workers/mlp/metrics_only_v3_r37_mlp_retry/rank_ic_v3_manifest.json,a228ca99c5d77ac8dd020ecefe3a58092fbda8c48818117032d835174d17674f,UNKNOWN,,DELL,,,False,,INELIGIBLE_WRONG_OR_LOWER_AUTHORITY_CLASS,REJECTED,No eligible terminal tournament authority; lower-authority source rejected.
mlp,docs/dream_system/components/DS-24_independent_five_minute_selector/stage_outputs/ds24_p8_r14_e3g_c2_20260824T000000Z/r7_r14_policy_workers/mlp/metrics_only_v3_r37_mlp_retry/resolved_performance_checkpoint_v3.json,b4b014a2e30ac9cd9f38488a78e6759147689bf7382e7adb201c2cbcac0f6dc9,UNKNOWN,,DELL,,,False,,INELIGIBLE_TRANSFER_NOT_LOCAL,REJECTED,Transfer or source estate missing locally.
mlp,docs/dream_system/components/DS-24_independent_five_minute_selector/stage_outputs/ds24_p8_r14_e3g_c2_20260824T000000Z/r7_r14_policy_workers/mlp/metrics_only_v3_r37_mlp_retry/transaction_costs_v3_manifest.json,58b3248be2865a626dbfd3ddb2ff5dc5a1f4dcd2abad682affc000c9a27ad9bf,UNKNOWN,,DELL,,,False,,INELIGIBLE_WRONG_OR_LOWER_AUTHORITY_CLASS,REJECTED,No eligible terminal tournament authority; lower-authority source rejected.
mlp,docs/dream_system/components/DS-24_independent_five_minute_selector/stage_outputs/ds24_p8_r14_e3g_c2_20260824T000000Z/r7_r14_policy_workers/mlp/progress.json,f8b39c6f627cfbeea8ec325fa4f5e0836a8f8b4c4b1a81eca60929b03c789f15,UNKNOWN,ds24_p8_r14_e3g_c2_r7_r14_20260824T000000Z,DELL,,,False,,INELIGIBLE_WRONG_OR_LOWER_AUTHORITY_CLASS,REJECTED,No eligible terminal tournament authority; lower-authority source rejected.
random_forest,docs/dream_system/components/DS-24_independent_five_minute_selector/stage_outputs/ds24_p8_r14_e3g_c2_20260824T000000Z/r7_r14_policy_workers/random_forest/metrics_only_v3_r40_random_forest/resolved_performance_summary_v3.json,d881e8557407023debd6f8689a678e23b26a48c8965bb48c015fb6b77a98ffc4,CURRENT_DS24_PARTIAL_PROGRESS,,DELL,2016-02-02T14:35:00+00:00,2016-12-28T20:00:00+00:00,False,mean_spearman_rank_ic|hac_lower_95|hac_upper_95|annualized_return|annualized_volatility|sharpe|maximum_drawdown|win_rate|turnover|total_estimated_transaction_costs,INELIGIBLE_PARTIAL_WINDOW_NOT_TERMINAL,REJECTED,No eligible terminal tournament authority; lower-authority source rejected.
random_forest,docs/dream_system/components/DS-24_independent_five_minute_selector/stage_outputs/ds24_p8_r14_e2_20260823T000000Z/22_fidelity1_results.csv,ceed978b8539797630028ebe29c8bf312071533d66725eb2e08dfb15f17269d8,OLDER_DS24_CAMPAIGN,,DELL,,,False,mean_spearman_rank_ic,INELIGIBLE_WRONG_OR_LOWER_AUTHORITY_CLASS,REJECTED,No eligible terminal tournament authority; lower-authority source rejected.
random_forest,docs/dream_system/components/DS-24_independent_five_minute_selector/stage_outputs/ds24_p8_r14_e2_20260823T000000Z/22_fidelity1_results.csv,ceed978b8539797630028ebe29c8bf312071533d66725eb2e08dfb15f17269d8,OLDER_DS24_CAMPAIGN,,DELL,,,False,mean_spearman_rank_ic,INELIGIBLE_WRONG_OR_LOWER_AUTHORITY_CLASS,REJECTED,No eligible terminal tournament authority; lower-authority source rejected.
random_forest,docs/dream_system/components/DS-24_independent_five_minute_selector/stage_outputs/ds24_p8_r14_e2_20260823T000000Z/22_fidelity1_results.csv,ceed978b8539797630028ebe29c8bf312071533d66725eb2e08dfb15f17269d8,OLDER_DS24_CAMPAIGN,,DELL,,,False,mean_spearman_rank_ic,INELIGIBLE_WRONG_OR_LOWER_AUTHORITY_CLASS,REJECTED,No eligible terminal tournament authority; lower-authority source rejected.
random_forest,docs/dream_system/components/DS-24_independent_five_minute_selector/stage_outputs/ds24_p8_r14_e3_20260823T000000Z/17_fidelity1_results.csv,ceed978b8539797630028ebe29c8bf312071533d66725eb2e08dfb15f17269d8,OLDER_DS24_CAMPAIGN,,DELL,,,False,mean_spearman_rank_ic,INELIGIBLE_WRONG_OR_LOWER_AUTHORITY_CLASS,REJECTED,No eligible terminal tournament authority; lower-authority source rejected.
random_forest,docs/dream_system/components/DS-24_independent_five_minute_selector/stage_outputs/ds24_p8_r14_e3_20260823T000000Z/17_fidelity1_results.csv,ceed978b8539797630028ebe29c8bf312071533d66725eb2e08dfb15f17269d8,OLDER_DS24_CAMPAIGN,,DELL,,,False,mean_spearman_rank_ic,INELIGIBLE_WRONG_OR_LOWER_AUTHORITY_CLASS,REJECTED,No eligible terminal tournament authority; lower-authority source rejected.
random_forest,docs/dream_system/components/DS-24_independent_five_minute_selector/stage_outputs/ds24_p8_r14_e3_20260823T000000Z/17_fidelity1_results.csv,ceed978b8539797630028ebe29c8bf312071533d66725eb2e08dfb15f17269d8,OLDER_DS24_CAMPAIGN,,DELL,,,False,mean_spearman_rank_ic,INELIGIBLE_WRONG_OR_LOWER_AUTHORITY_CLASS,REJECTED,No eligible terminal tournament authority; lower-authority source rejected.
random_forest,docs/dream_system/components/DS-24_independent_five_minute_selector/stage_outputs/ds24_p8_r14_e3_20260823T000000Z/19_fidelity2_results.csv,492349deb0302764868a023403ca08b8a1b80d03694b987417b3ee4394350345,OLDER_DS24_CAMPAIGN,,DELL,,,False,mean_spearman_rank_ic,INELIGIBLE_WRONG_OR_LOWER_AUTHORITY_CLASS,REJECTED,No eligible terminal tournament authority; lower-authority source rejected.
random_forest,docs/dream_system/components/DS-24_independent_five_minute_selector/stage_outputs/ds24_p8_r14_e3_20260823T000000Z/19_fidelity2_results.csv,492349deb0302764868a023403ca08b8a1b80d03694b987417b3ee4394350345,OLDER_DS24_CAMPAIGN,,DELL,,,False,mean_spearman_rank_ic,INELIGIBLE_WRONG_OR_LOWER_AUTHORITY_CLASS,REJECTED,No eligible terminal tournament authority; lower-authority source rejected.
random_forest,docs/dream_system/components/DS-24_independent_five_minute_selector/stage_outputs/ds24_p8_r14_e3_20260823T000000Z/19_fidelity2_results.csv,492349deb0302764868a023403ca08b8a1b80d03694b987417b3ee4394350345,OLDER_DS24_CAMPAIGN,,DELL,,,False,mean_spearman_rank_ic,INELIGIBLE_WRONG_OR_LOWER_AUTHORITY_CLASS,REJECTED,No eligible terminal tournament authority; lower-authority source rejected.
random_forest,docs/dream_system/components/DS-24_independent_five_minute_selector/stage_outputs/ds24_p8_r14_e3_20260823T000000Z/21_fidelity3_results.csv,6887f617593ae8c74448f300bc7fbf6b943ef8e10d57e827a9734a6512576af2,OLDER_DS24_CAMPAIGN,,DELL,,,False,mean_spearman_rank_ic,INELIGIBLE_WRONG_OR_LOWER_AUTHORITY_CLASS,REJECTED,No eligible terminal tournament authority; lower-authority source rejected.
random_forest,docs/dream_system/components/DS-24_independent_five_minute_selector/stage_outputs/ds24_p8_r14_e3_20260823T000000Z/21_fidelity3_results.csv,6887f617593ae8c74448f300bc7fbf6b943ef8e10d57e827a9734a6512576af2,OLDER_DS24_CAMPAIGN,,DELL,,,False,mean_spearman_rank_ic,INELIGIBLE_WRONG_OR_LOWER_AUTHORITY_CLASS,REJECTED,No eligible terminal tournament authority; lower-authority source rejected.
random_forest,docs/dream_system/components/DS-24_independent_five_minute_selector/stage_outputs/ds24_p8_r14_e3e_20260823T000000Z/20_f1_results_v2.csv,e53c180bbc1d1500efcf5cf382125ecda1ac3233dc36d25fa9c752a6bbc22d88,OLDER_DS24_CAMPAIGN,,DELL,,,False,mean_spearman_rank_ic,INELIGIBLE_WRONG_OR_LOWER_AUTHORITY_CLASS,REJECTED,No eligible terminal tournament authority; lower-authority source rejected.
random_forest,docs/dream_system/components/DS-24_independent_five_minute_selector/stage_outputs/ds24_p8_r14_e3e_20260823T000000Z/22_f2_results_v2.csv,fd92bdf3ddb92ef8a65dde84ed781fbf466f3decd5705bd5f78a06af0beb177c,OLDER_DS24_CAMPAIGN,,DELL,,,False,mean_spearman_rank_ic,INELIGIBLE_WRONG_OR_LOWER_AUTHORITY_CLASS,REJECTED,No eligible terminal tournament authority; lower-authority source rejected.
random_forest,docs/dream_system/components/DS-24_independent_five_minute_selector/stage_outputs/ds24_p8_r14_e3e_20260823T000000Z/24_f3_results_v2.csv,c6e286496a3a2b452561610b54f52d5951085c5bf192c00439e739790f915e46,OLDER_DS24_CAMPAIGN,,DELL,,,False,mean_spearman_rank_ic,INELIGIBLE_WRONG_OR_LOWER_AUTHORITY_CLASS,REJECTED,No eligible terminal tournament authority; lower-authority source rejected.
random_forest,docs/dream_system/components/DS-24_independent_five_minute_selector/stage_outputs/ds24_p8_r14_e3f_20260823T000000Z/40_f1_results_v2.csv,feb365eb49e3390b2983cd3449e8f1f06d6f12b94f5257740cf78508bf5fea3f,OLDER_DS24_CAMPAIGN,,DELL,2021-01-01T00:00:00+00:00,2022-12-31T23:59:59+00:00,False,mean_spearman_rank_ic,INELIGIBLE_WRONG_OR_LOWER_AUTHORITY_CLASS,REJECTED,No eligible terminal tournament authority; lower-authority source rejected.
random_forest,docs/dream_system/components/DS-24_independent_five_minute_selector/stage_outputs/ds24_p8_r14_e3f_20260823T000000Z/42_f2_results_v2.csv,21750ed8b8eb01b9106ba22de19872d3459e5cd11c4d6a0cd4db73723dc406c1,OLDER_DS24_CAMPAIGN,,DELL,2021-01-01T00:00:00+00:00,2022-12-31T23:59:59+00:00,False,mean_spearman_rank_ic,INELIGIBLE_WRONG_OR_LOWER_AUTHORITY_CLASS,REJECTED,No eligible terminal tournament authority; lower-authority source rejected.
random_forest,docs/dream_system/components/DS-24_independent_five_minute_selector/stage_outputs/ds24_p8_r14_e3f_20260823T000000Z/44_f3_results_v2.csv,87035330c8850d97a10091e430c2b35b44cb50d169a308ff55585e0f93c58f6a,OLDER_DS24_CAMPAIGN,,DELL,2021-01-01T00:00:00+00:00,2023-12-31T23:59:59+00:00,False,mean_spearman_rank_ic,INELIGIBLE_WRONG_OR_LOWER_AUTHORITY_CLASS,REJECTED,No eligible terminal tournament authority; lower-authority source rejected.
random_forest,docs/dream_system/components/DS-24_independent_five_minute_selector/stage_outputs/ds24_p8_r14_e3g_c1_20260823T000000Z/19_tabular_scale_results.csv,5c1378aba59a29ffd71efb53581720ce871950c28bfe8f60d45f531d5f86dd0a,OLDER_DS24_CAMPAIGN,,DELL,2019-01-01T00:00:00+00:00,2020-12-31T23:59:59+00:00,False,mean_spearman_rank_ic,INELIGIBLE_WRONG_OR_LOWER_AUTHORITY_CLASS,REJECTED,No eligible terminal tournament authority; lower-authority source rejected.
random_forest,docs/dream_system/components/DS-24_independent_five_minute_selector/stage_outputs/ds24_p8_r14_e3g_c1_20260823T000000Z/31_scale_stability_results.csv,c27931c0584338c1ee8b1a0997735945023986bbd3e95bc21696d6b5c6ff8b3a,OLDER_DS24_CAMPAIGN,,DELL,,,False,mean_spearman_rank_ic,INELIGIBLE_WRONG_OR_LOWER_AUTHORITY_CLASS,REJECTED,No eligible terminal tournament authority; lower-authority source rejected.
random_forest,docs/dream_system/components/DS-24_independent_five_minute_selector/stage_outputs/ds24_p8_r14_e3g_c2_20260824T000000Z/R53B_13_completed_terminal_authority_recovery/R53B_FINAL_13_COMPLETED_MODEL_SCORECARD.csv,d2167474fb815d530ec447f8e8f45f8f555c6dd2fba3b79750cc42386e6c5b40,OLDER_DS24_CAMPAIGN,,DELL,,,False,,INELIGIBLE_TRANSFER_NOT_LOCAL,REJECTED,Transfer or source estate missing locally.
random_forest,docs/dream_system/components/DS-24_independent_five_minute_selector/stage_outputs/ds24_p8_r14_e3g_c2_20260824T000000Z/R53B_13_completed_terminal_authority_recovery/R53B_candidate_result_inventory.csv,c2d0838f916e260f1d787d88362e46ec7f61c6274ffac329c072aa9dbe788719,OLDER_DS24_CAMPAIGN,,DELL,,,False,,INELIGIBLE_WRONG_OR_LOWER_AUTHORITY_CLASS,REJECTED,No eligible terminal tournament authority; lower-authority source rejected.
random_forest,docs/dream_system/components/DS-24_independent_five_minute_selector/stage_outputs/ds24_p8_r14_e3g_c2_20260824T000000Z/R53B_13_completed_terminal_authority_recovery/R53B_candidate_result_inventory.csv,c2d0838f916e260f1d787d88362e46ec7f61c6274ffac329c072aa9dbe788719,OLDER_DS24_CAMPAIGN,,DELL,,,False,,INELIGIBLE_WRONG_OR_LOWER_AUTHORITY_CLASS,REJECTED,No eligible terminal tournament authority; lower-authority source rejected.
random_forest,docs/dream_system/components/DS-24_independent_five_minute_selector/stage_outputs/ds24_p8_r14_e3g_c2_20260824T000000Z/R53B_13_completed_terminal_authority_recovery/R53B_candidate_result_inventory.csv,c2d0838f916e260f1d787d88362e46ec7f61c6274ffac329c072aa9dbe788719,OLDER_DS24_CAMPAIGN,,DELL,,,False,,INELIGIBLE_WRONG_OR_LOWER_AUTHORITY_CLASS,REJECTED,No eligible terminal tournament authority; lower-authority source rejected.
random_forest,docs/dream_system/components/DS-24_independent_five_minute_selector/stage_outputs/ds24_p8_r14_e3g_c2_20260824T000000Z/R53B_13_completed_terminal_authority_recovery/R53B_candidate_result_inventory.csv,c2d0838f916e260f1d787d88362e46ec7f61c6274ffac329c072aa9dbe788719,OLDER_DS24_CAMPAIGN,,DELL,,,False,,INELIGIBLE_WRONG_OR_LOWER_AUTHORITY_CLASS,REJECTED,No eligible terminal tournament authority; lower-authority source rejected.
random_forest,docs/dream_system/components/DS-24_independent_five_minute_selector/stage_outputs/ds24_p8_r14_e3g_c2_20260824T000000Z/R53B_13_completed_terminal_authority_recovery/R53B_candidate_result_inventory.csv,c2d0838f916e260f1d787d88362e46ec7f61c6274ffac329c072aa9dbe788719,OLDER_DS24_CAMPAIGN,,DELL,,,False,,INELIGIBLE_WRONG_OR_LOWER_AUTHORITY_CLASS,REJECTED,No eligible terminal tournament authority; lower-authority source rejected.
random_forest,docs/dream_system/components/DS-24_independent_five_minute_selector/stage_outputs/ds24_p8_r14_e3g_c2_20260824T000000Z/R53B_13_completed_terminal_authority_recovery/R53B_candidate_result_inventory.csv,c2d0838f916e260f1d787d88362e46ec7f61c6274ffac329c072aa9dbe788719,OLDER_DS24_CAMPAIGN,,DELL,,,False,,INELIGIBLE_WRONG_OR_LOWER_AUTHORITY_CLASS,REJECTED,No eligible terminal tournament authority; lower-authority source rejected.
random_forest,docs/dream_system/components/DS-24_independent_five_minute_selector/stage_outputs/ds24_p8_r14_e3g_c2_20260824T000000Z/R53B_13_completed_terminal_authority_recovery/R53B_candidate_result_inventory.csv,c2d0838f916e260f1d787d88362e46ec7f61c6274ffac329c072aa9dbe788719,OLDER_DS24_CAMPAIGN,,DELL,,,False,,INELIGIBLE_WRONG_OR_LOWER_AUTHORITY_CLASS,REJECTED,No eligible terminal tournament authority; lower-authority source rejected.
random_forest,docs/dream_system/components/DS-24_independent_five_minute_selector/stage_outputs/ds24_p8_r14_e3g_c2_20260824T000000Z/R53B_13_completed_terminal_authority_recovery/R53B_candidate_result_inventory.csv,c2d0838f916e260f1d787d88362e46ec7f61c6274ffac329c072aa9dbe788719,OLDER_DS24_CAMPAIGN,,DELL,,,False,,INELIGIBLE_WRONG_OR_LOWER_AUTHORITY_CLASS,REJECTED,No eligible terminal tournament authority; lower-authority source rejected.
random_forest,docs/dream_system/components/DS-24_independent_five_minute_selector/stage_outputs/ds24_p8_r14_e3g_c2_20260824T000000Z/R53B_13_completed_terminal_authority_recovery/R53B_candidate_result_inventory.csv,c2d0838f916e260f1d787d88362e46ec7f61c6274ffac329c072aa9dbe788719,OLDER_DS24_CAMPAIGN,,DELL,,,False,,INELIGIBLE_WRONG_OR_LOWER_AUTHORITY_CLASS,REJECTED,No eligible terminal tournament authority; lower-authority source rejected.
random_forest,docs/dream_system/components/DS-24_independent_five_minute_selector/stage_outputs/ds24_p8_r14_e3g_c2_20260824T000000Z/R53B_13_completed_terminal_authority_recovery/R53B_candidate_result_inventory.csv,c2d0838f916e260f1d787d88362e46ec7f61c6274ffac329c072aa9dbe788719,OLDER_DS24_CAMPAIGN,,DELL,,,False,,INELIGIBLE_WRONG_OR_LOWER_AUTHORITY_CLASS,REJECTED,No eligible terminal tournament authority; lower-authority source rejected.
random_forest,docs/dream_system/components/DS-24_independent_five_minute_selector/stage_outputs/ds24_p8_r14_e3g_c2_20260824T000000Z/R53B_13_completed_terminal_authority_recovery/R53B_candidate_result_inventory.csv,c2d0838f916e260f1d787d88362e46ec7f61c6274ffac329c072aa9dbe788719,OLDER_DS24_CAMPAIGN,,DELL,,,False,,INELIGIBLE_WRONG_OR_LOWER_AUTHORITY_CLASS,REJECTED,No eligible terminal tournament authority; lower-authority source rejected.
random_forest,docs/dream_system/components/DS-24_independent_five_minute_selector/stage_outputs/ds24_p8_r14_e3g_c2_20260824T000000Z/R53B_13_completed_terminal_authority_recovery/R53B_candidate_result_inventory.csv,c2d0838f916e260f1d787d88362e46ec7f61c6274ffac329c072aa9dbe788719,OLDER_DS24_CAMPAIGN,,DELL,,,False,,INELIGIBLE_WRONG_OR_LOWER_AUTHORITY_CLASS,REJECTED,No eligible terminal tournament authority; lower-authority source rejected.
random_forest,docs/dream_system/components/DS-24_independent_five_minute_selector/stage_outputs/ds24_p8_r14_e3g_c2_20260824T000000Z/R53B_13_completed_terminal_authority_recovery/R53B_candidate_result_inventory.csv,c2d0838f916e260f1d787d88362e46ec7f61c6274ffac329c072aa9dbe788719,OLDER_DS24_CAMPAIGN,,DELL,,,False,,INELIGIBLE_WRONG_OR_LOWER_AUTHORITY_CLASS,REJECTED,No eligible terminal tournament authority; lower-authority source rejected.
random_forest,docs/dream_system/components/DS-24_independent_five_minute_selector/stage_outputs/ds24_p8_r14_e3g_c2_20260824T000000Z/R53B_13_completed_terminal_authority_recovery/R53B_candidate_result_inventory.csv,c2d0838f916e260f1d787d88362e46ec7f61c6274ffac329c072aa9dbe788719,OLDER_DS24_CAMPAIGN,,DELL,,,False,,INELIGIBLE_WRONG_OR_LOWER_AUTHORITY_CLASS,REJECTED,No eligible terminal tournament authority; lower-authority source rejected.
random_forest,docs/dream_system/components/DS-24_independent_five_minute_selector/stage_outputs/ds24_p8_r14_e3g_c2_20260824T000000Z/R53B_13_completed_terminal_authority_recovery/R53B_candidate_result_inventory.csv,c2d0838f916e260f1d787d88362e46ec7f61c6274ffac329c072aa9dbe788719,OLDER_DS24_CAMPAIGN,,DELL,,,False,,INELIGIBLE_WRONG_OR_LOWER_AUTHORITY_CLASS,REJECTED,No eligible terminal tournament authority; lower-authority source rejected.
random_forest,docs/dream_system/components/DS-24_independent_five_minute_selector/stage_outputs/ds24_p8_r14_e3g_c2_20260824T000000Z/R53B_13_completed_terminal_authority_recovery/R53B_candidate_result_inventory.csv,c2d0838f916e260f1d787d88362e46ec7f61c6274ffac329c072aa9dbe788719,OLDER_DS24_CAMPAIGN,,DELL,,,False,,INELIGIBLE_WRONG_OR_LOWER_AUTHORITY_CLASS,REJECTED,No eligible terminal tournament authority; lower-authority source rejected.
random_forest,docs/dream_system/components/DS-24_independent_five_minute_selector/stage_outputs/ds24_p8_r14_e3g_c2_20260824T000000Z/R53B_13_completed_terminal_authority_recovery/R53B_candidate_result_inventory.csv,c2d0838f916e260f1d787d88362e46ec7f61c6274ffac329c072aa9dbe788719,OLDER_DS24_CAMPAIGN,,DELL,,,False,,INELIGIBLE_WRONG_OR_LOWER_AUTHORITY_CLASS,REJECTED,No eligible terminal tournament authority; lower-authority source rejected.
random_forest,docs/dream_system/components/DS-24_independent_five_minute_selector/stage_outputs/ds24_p8_r14_e3g_c2_20260824T000000Z/R53B_13_completed_terminal_authority_recovery/R53B_candidate_result_inventory.csv,c2d0838f916e260f1d787d88362e46ec7f61c6274ffac329c072aa9dbe788719,OLDER_DS24_CAMPAIGN,,DELL,,,False,,INELIGIBLE_WRONG_OR_LOWER_AUTHORITY_CLASS,REJECTED,No eligible terminal tournament authority; lower-authority source rejected.
random_forest,docs/dream_system/components/DS-24_independent_five_minute_selector/stage_outputs/ds24_p8_r14_e3g_c2_20260824T000000Z/R53B_13_completed_terminal_authority_recovery/R53B_candidate_result_inventory.csv,c2d0838f916e260f1d787d88362e46ec7f61c6274ffac329c072aa9dbe788719,OLDER_DS24_CAMPAIGN,,DELL,,,False,,INELIGIBLE_WRONG_OR_LOWER_AUTHORITY_CLASS,REJECTED,No eligible terminal tournament authority; lower-authority source rejected.
random_forest,docs/dream_system/components/DS-24_independent_five_minute_selector/stage_outputs/ds24_p8_r14_e3g_c2_20260824T000000Z/R53B_13_completed_terminal_authority_recovery/R53B_candidate_result_inventory.csv,c2d0838f916e260f1d787d88362e46ec7f61c6274ffac329c072aa9dbe788719,OLDER_DS24_CAMPAIGN,,DELL,,,False,,INELIGIBLE_WRONG_OR_LOWER_AUTHORITY_CLASS,REJECTED,No eligible terminal tournament authority; lower-authority source rejected.
random_forest,docs/dream_system/components/DS-24_independent_five_minute_selector/stage_outputs/ds24_p8_r14_e3g_c2_20260824T000000Z/R53B_13_completed_terminal_authority_recovery/R53B_candidate_result_inventory.csv,c2d0838f916e260f1d787d88362e46ec7f61c6274ffac329c072aa9dbe788719,OLDER_DS24_CAMPAIGN,,DELL,,,False,,INELIGIBLE_TRANSFER_NOT_LOCAL,REJECTED,Transfer or source estate missing locally.
random_forest,docs/dream_system/components/DS-24_independent_five_minute_selector/stage_outputs/ds24_p8_r14_e3g_c2_20260824T000000Z/R53B_13_completed_terminal_authority_recovery/R53B_candidate_result_inventory.csv,c2d0838f916e260f1d787d88362e46ec7f61c6274ffac329c072aa9dbe788719,OLDER_DS24_CAMPAIGN,,DELL,,,False,,INELIGIBLE_WRONG_OR_LOWER_AUTHORITY_CLASS,REJECTED,No eligible terminal tournament authority; lower-authority source rejected.
random_forest,docs/dream_system/components/DS-24_independent_five_minute_selector/stage_outputs/ds24_p8_r14_e3g_c2_20260824T000000Z/R53B_13_completed_terminal_authority_recovery/R53B_candidate_result_inventory.csv,c2d0838f916e260f1d787d88362e46ec7f61c6274ffac329c072aa9dbe788719,OLDER_DS24_CAMPAIGN,,DELL,,,False,,INELIGIBLE_WRONG_OR_LOWER_AUTHORITY_CLASS,REJECTED,No eligible terminal tournament authority; lower-authority source rejected.
random_forest,docs/dream_system/components/DS-24_independent_five_minute_selector/stage_outputs/ds24_p8_r14_e3g_c2_20260824T000000Z/R53B_13_completed_terminal_authority_recovery/R53B_candidate_result_inventory.csv,c2d0838f916e260f1d787d88362e46ec7f61c6274ffac329c072aa9dbe788719,OLDER_DS24_CAMPAIGN,,DELL,,,False,,INELIGIBLE_WRONG_OR_LOWER_AUTHORITY_CLASS,REJECTED,No eligible terminal tournament authority; lower-authority source rejected.
random_forest,docs/dream_system/components/DS-24_independent_five_minute_selector/stage_outputs/ds24_p8_r14_e3g_c2_20260824T000000Z/R53B_13_completed_terminal_authority_recovery/R53B_candidate_result_inventory.csv,c2d0838f916e260f1d787d88362e46ec7f61c6274ffac329c072aa9dbe788719,OLDER_DS24_CAMPAIGN,,DELL,,,False,,INELIGIBLE_WRONG_OR_LOWER_AUTHORITY_CLASS,REJECTED,No eligible terminal tournament authority; lower-authority source rejected.
random_forest,docs/dream_system/components/DS-24_independent_five_minute_selector/stage_outputs/ds24_p8_r14_e3g_c2_20260824T000000Z/R53B_13_completed_terminal_authority_recovery/R53B_candidate_result_inventory.csv,c2d0838f916e260f1d787d88362e46ec7f61c6274ffac329c072aa9dbe788719,OLDER_DS24_CAMPAIGN,,DELL,,,False,,INELIGIBLE_WRONG_OR_LOWER_AUTHORITY_CLASS,REJECTED,No eligible terminal tournament authority; lower-authority source rejected.
random_forest,docs/dream_system/components/DS-24_independent_five_minute_selector/stage_outputs/ds24_p8_r14_e3g_c2_20260824T000000Z/R53B_13_completed_terminal_authority_recovery/R53B_candidate_result_inventory.csv,c2d0838f916e260f1d787d88362e46ec7f61c6274ffac329c072aa9dbe788719,OLDER_DS24_CAMPAIGN,,DELL,,,False,,INELIGIBLE_WRONG_OR_LOWER_AUTHORITY_CLASS,REJECTED,No eligible terminal tournament authority; lower-authority source rejected.
random_forest,docs/dream_system/components/DS-24_independent_five_minute_selector/stage_outputs/ds24_p8_r14_e3g_c2_20260824T000000Z/R53B_13_completed_terminal_authority_recovery/R53B_candidate_result_inventory.csv,c2d0838f916e260f1d787d88362e46ec7f61c6274ffac329c072aa9dbe788719,OLDER_DS24_CAMPAIGN,,DELL,,,False,,INELIGIBLE_WRONG_OR_LOWER_AUTHORITY_CLASS,REJECTED,No eligible terminal tournament authority; lower-authority source rejected.
random_forest,docs/dream_system/components/DS-24_independent_five_minute_selector/stage_outputs/ds24_p8_r14_e3g_c2_20260824T000000Z/R53B_13_completed_terminal_authority_recovery/R53B_candidate_result_inventory.csv,c2d0838f916e260f1d787d88362e46ec7f61c6274ffac329c072aa9dbe788719,OLDER_DS24_CAMPAIGN,,DELL,,,False,,INELIGIBLE_WRONG_OR_LOWER_AUTHORITY_CLASS,REJECTED,No eligible terminal tournament authority; lower-authority source rejected.
random_forest,docs/dream_system/components/DS-24_independent_five_minute_selector/stage_outputs/ds24_p8_r14_e3g_c2_20260824T000000Z/R53B_13_completed_terminal_authority_recovery/R53B_candidate_result_inventory.csv,c2d0838f916e260f1d787d88362e46ec7f61c6274ffac329c072aa9dbe788719,OLDER_DS24_CAMPAIGN,,DELL,,,False,,INELIGIBLE_WRONG_OR_LOWER_AUTHORITY_CLASS,REJECTED,No eligible terminal tournament authority; lower-authority source rejected.
random_forest,docs/dream_system/components/DS-24_independent_five_minute_selector/stage_outputs/ds24_p8_r14_e3g_c2_20260824T000000Z/R53B_13_completed_terminal_authority_recovery/R53B_candidate_result_inventory.csv,c2d0838f916e260f1d787d88362e46ec7f61c6274ffac329c072aa9dbe788719,OLDER_DS24_CAMPAIGN,,DELL,,,False,,INELIGIBLE_WRONG_OR_LOWER_AUTHORITY_CLASS,REJECTED,No eligible terminal tournament authority; lower-authority source rejected.
random_forest,docs/dream_system/components/DS-24_independent_five_minute_selector/stage_outputs/ds24_p8_r14_e3g_c2_20260824T000000Z/R53B_13_completed_terminal_authority_recovery/R53B_candidate_result_inventory.csv,c2d0838f916e260f1d787d88362e46ec7f61c6274ffac329c072aa9dbe788719,OLDER_DS24_CAMPAIGN,,DELL,,,False,,INELIGIBLE_WRONG_OR_LOWER_AUTHORITY_CLASS,REJECTED,No eligible terminal tournament authority; lower-authority source rejected.
random_forest,docs/dream_system/components/DS-24_independent_five_minute_selector/stage_outputs/ds24_p8_r14_e3g_c2_20260824T000000Z/R53B_13_completed_terminal_authority_recovery/R53B_candidate_result_inventory.csv,c2d0838f916e260f1d787d88362e46ec7f61c6274ffac329c072aa9dbe788719,OLDER_DS24_CAMPAIGN,,DELL,,,False,,INELIGIBLE_WRONG_OR_LOWER_AUTHORITY_CLASS,REJECTED,No eligible terminal tournament authority; lower-authority source rejected.
random_forest,docs/dream_system/components/DS-24_independent_five_minute_selector/stage_outputs/ds24_p8_r14_e3g_c2_20260824T000000Z/R53B_13_completed_terminal_authority_recovery/R53B_candidate_result_inventory.csv,c2d0838f916e260f1d787d88362e46ec7f61c6274ffac329c072aa9dbe788719,OLDER_DS24_CAMPAIGN,,DELL,,,False,,INELIGIBLE_WRONG_OR_LOWER_AUTHORITY_CLASS,REJECTED,No eligible terminal tournament authority; lower-authority source rejected.
random_forest,docs/dream_system/components/DS-24_independent_five_minute_selector/stage_outputs/ds24_p8_r14_e3g_c2_20260824T000000Z/R53B_13_completed_terminal_authority_recovery/R53B_candidate_result_inventory.csv,c2d0838f916e260f1d787d88362e46ec7f61c6274ffac329c072aa9dbe788719,OLDER_DS24_CAMPAIGN,,DELL,,,False,,INELIGIBLE_WRONG_OR_LOWER_AUTHORITY_CLASS,REJECTED,No eligible terminal tournament authority; lower-authority source rejected.
random_forest,docs/dream_system/components/DS-24_independent_five_minute_selector/stage_outputs/ds24_p8_r14_e3g_c2_20260824T000000Z/R53B_13_completed_terminal_authority_recovery/R53B_candidate_result_inventory.csv,c2d0838f916e260f1d787d88362e46ec7f61c6274ffac329c072aa9dbe788719,OLDER_DS24_CAMPAIGN,,DELL,,,False,,INELIGIBLE_WRONG_OR_LOWER_AUTHORITY_CLASS,REJECTED,No eligible terminal tournament authority; lower-authority source rejected.
random_forest,docs/dream_system/components/DS-24_independent_five_minute_selector/stage_outputs/ds24_p8_r14_e3g_c2_20260824T000000Z/R53B_13_completed_terminal_authority_recovery/R53B_candidate_result_inventory.csv,c2d0838f916e260f1d787d88362e46ec7f61c6274ffac329c072aa9dbe788719,OLDER_DS24_CAMPAIGN,,DELL,,,False,,INELIGIBLE_WRONG_OR_LOWER_AUTHORITY_CLASS,REJECTED,No eligible terminal tournament authority; lower-authority source rejected.
random_forest,docs/dream_system/components/DS-24_independent_five_minute_selector/stage_outputs/ds24_p8_r14_e3g_c2_20260824T000000Z/R53B_13_completed_terminal_authority_recovery/R53B_candidate_result_inventory.csv,c2d0838f916e260f1d787d88362e46ec7f61c6274ffac329c072aa9dbe788719,OLDER_DS24_CAMPAIGN,,DELL,,,False,,INELIGIBLE_WRONG_OR_LOWER_AUTHORITY_CLASS,REJECTED,No eligible terminal tournament authority; lower-authority source rejected.
random_forest,docs/dream_system/components/DS-24_independent_five_minute_selector/stage_outputs/ds24_p8_r14_e3g_c2_20260824T000000Z/R53B_13_completed_terminal_authority_recovery/R53B_candidate_result_inventory.csv,c2d0838f916e260f1d787d88362e46ec7f61c6274ffac329c072aa9dbe788719,OLDER_DS24_CAMPAIGN,,DELL,,,False,,INELIGIBLE_WRONG_OR_LOWER_AUTHORITY_CLASS,REJECTED,No eligible terminal tournament authority; lower-authority source rejected.
random_forest,docs/dream_system/components/DS-24_independent_five_minute_selector/stage_outputs/ds24_p8_r14_e3g_c2_20260824T000000Z/R53B_13_completed_terminal_authority_recovery/R53B_candidate_result_inventory.csv,c2d0838f916e260f1d787d88362e46ec7f61c6274ffac329c072aa9dbe788719,OLDER_DS24_CAMPAIGN,,DELL,,,False,,INELIGIBLE_WRONG_OR_LOWER_AUTHORITY_CLASS,REJECTED,No eligible terminal tournament authority; lower-authority source rejected.
random_forest,docs/dream_system/components/DS-24_independent_five_minute_selector/stage_outputs/ds24_p8_r14_e3g_c2_20260824T000000Z/R53B_13_completed_terminal_authority_recovery/R53B_candidate_result_inventory.csv,c2d0838f916e260f1d787d88362e46ec7f61c6274ffac329c072aa9dbe788719,OLDER_DS24_CAMPAIGN,,DELL,,,False,,INELIGIBLE_WRONG_OR_LOWER_AUTHORITY_CLASS,REJECTED,No eligible terminal tournament authority; lower-authority source rejected.
random_forest,docs/dream_system/components/DS-24_independent_five_minute_selector/stage_outputs/ds24_p8_r14_e3g_c2_20260824T000000Z/R53B_13_completed_terminal_authority_recovery/R53B_candidate_result_inventory.csv,c2d0838f916e260f1d787d88362e46ec7f61c6274ffac329c072aa9dbe788719,OLDER_DS24_CAMPAIGN,,DELL,,,False,,INELIGIBLE_WRONG_OR_LOWER_AUTHORITY_CLASS,REJECTED,No eligible terminal tournament authority; lower-authority source rejected.
random_forest,docs/dream_system/components/DS-24_independent_five_minute_selector/stage_outputs/ds24_p8_r14_e3g_c2_20260824T000000Z/R53B_13_completed_terminal_authority_recovery/R53B_candidate_result_inventory.csv,c2d0838f916e260f1d787d88362e46ec7f61c6274ffac329c072aa9dbe788719,OLDER_DS24_CAMPAIGN,,DELL,,,False,,INELIGIBLE_WRONG_OR_LOWER_AUTHORITY_CLASS,REJECTED,No eligible terminal tournament authority; lower-authority source rejected.
random_forest,docs/dream_system/components/DS-24_independent_five_minute_selector/stage_outputs/ds24_p8_r14_e3g_c2_20260824T000000Z/R53B_13_completed_terminal_authority_recovery/R53B_candidate_result_inventory.csv,c2d0838f916e260f1d787d88362e46ec7f61c6274ffac329c072aa9dbe788719,OLDER_DS24_CAMPAIGN,,DELL,,,False,,INELIGIBLE_TRANSFER_NOT_LOCAL,REJECTED,Transfer or source estate missing locally.
random_forest,docs/dream_system/components/DS-24_independent_five_minute_selector/stage_outputs/ds24_p8_r14_e3g_c2_20260824T000000Z/R53B_13_completed_terminal_authority_recovery/R53B_candidate_result_inventory.csv,c2d0838f916e260f1d787d88362e46ec7f61c6274ffac329c072aa9dbe788719,OLDER_DS24_CAMPAIGN,,DELL,,,False,,INELIGIBLE_WRONG_OR_LOWER_AUTHORITY_CLASS,REJECTED,No eligible terminal tournament authority; lower-authority source rejected.
random_forest,docs/dream_system/components/DS-24_independent_five_minute_selector/stage_outputs/ds24_p8_r14_e3g_c2_20260824T000000Z/R53B_13_completed_terminal_authority_recovery/R53B_candidate_result_inventory.csv,c2d0838f916e260f1d787d88362e46ec7f61c6274ffac329c072aa9dbe788719,OLDER_DS24_CAMPAIGN,,DELL,,,False,,INELIGIBLE_WRONG_OR_LOWER_AUTHORITY_CLASS,REJECTED,No eligible terminal tournament authority; lower-authority source rejected.
random_forest,docs/dream_system/components/DS-24_independent_five_minute_selector/stage_outputs/ds24_p8_r14_e3g_c2_20260824T000000Z/R53B_13_completed_terminal_authority_recovery/R53B_candidate_result_inventory.csv,c2d0838f916e260f1d787d88362e46ec7f61c6274ffac329c072aa9dbe788719,OLDER_DS24_CAMPAIGN,,DELL,,,False,,INELIGIBLE_WRONG_OR_LOWER_AUTHORITY_CLASS,REJECTED,No eligible terminal tournament authority; lower-authority source rejected.
random_forest,docs/dream_system/components/DS-24_independent_five_minute_selector/stage_outputs/ds24_p8_r14_e3g_c2_20260824T000000Z/R53B_13_completed_terminal_authority_recovery/R53B_candidate_result_inventory.csv,c2d0838f916e260f1d787d88362e46ec7f61c6274ffac329c072aa9dbe788719,OLDER_DS24_CAMPAIGN,,DELL,,,False,,INELIGIBLE_WRONG_OR_LOWER_AUTHORITY_CLASS,REJECTED,No eligible terminal tournament authority; lower-authority source rejected.
random_forest,docs/dream_system/components/DS-24_independent_five_minute_selector/stage_outputs/ds24_p8_r14_e3g_c2_20260824T000000Z/R53B_13_completed_terminal_authority_recovery/R53B_candidate_result_inventory.csv,c2d0838f916e260f1d787d88362e46ec7f61c6274ffac329c072aa9dbe788719,OLDER_DS24_CAMPAIGN,,DELL,,,False,,INELIGIBLE_TRANSFER_NOT_LOCAL,REJECTED,Transfer or source estate missing locally.
random_forest,docs/dream_system/components/DS-24_independent_five_minute_selector/stage_outputs/ds24_p8_r14_e3g_c2_20260824T000000Z/R53B_13_completed_terminal_authority_recovery/R53B_candidate_result_inventory.csv,c2d0838f916e260f1d787d88362e46ec7f61c6274ffac329c072aa9dbe788719,OLDER_DS24_CAMPAIGN,,DELL,,,False,,INELIGIBLE_WRONG_OR_LOWER_AUTHORITY_CLASS,REJECTED,No eligible terminal tournament authority; lower-authority source rejected.
random_forest,docs/dream_system/components/DS-24_independent_five_minute_selector/stage_outputs/ds24_p8_r14_e3g_c2_20260824T000000Z/R53B_13_completed_terminal_authority_recovery/R53B_candidate_result_inventory.csv,c2d0838f916e260f1d787d88362e46ec7f61c6274ffac329c072aa9dbe788719,OLDER_DS24_CAMPAIGN,,DELL,,,False,,INELIGIBLE_WRONG_OR_LOWER_AUTHORITY_CLASS,REJECTED,No eligible terminal tournament authority; lower-authority source rejected.
random_forest,docs/dream_system/components/DS-24_independent_five_minute_selector/stage_outputs/ds24_p8_r14_e3g_c2_20260824T000000Z/r7_r14_policy_workers/random_forest/metrics_only_v3_r40_random_forest/checkpoint.json,0a1498132cc707c4680bee8f274e85688818c40c02220e08545dcef8aec309dd,UNKNOWN,,DELL,,,False,,INELIGIBLE_WRONG_OR_LOWER_AUTHORITY_CLASS,REJECTED,No eligible terminal tournament authority; lower-authority source rejected.
random_forest,docs/dream_system/components/DS-24_independent_five_minute_selector/stage_outputs/ds24_p8_r14_e3g_c2_20260824T000000Z/r7_r14_policy_workers/random_forest/metrics_only_v3_r40_random_forest/rank_ic_v3_manifest.json,07abfb5b73de84641ee07203e059389712476f9a8a5c6d4e0a1724b1b676e87e,UNKNOWN,,DELL,,,False,,INELIGIBLE_WRONG_OR_LOWER_AUTHORITY_CLASS,REJECTED,No eligible terminal tournament authority; lower-authority source rejected.
random_forest,docs/dream_system/components/DS-24_independent_five_minute_selector/stage_outputs/ds24_p8_r14_e3g_c2_20260824T000000Z/r7_r14_policy_workers/random_forest/metrics_only_v3_r40_random_forest/resolved_performance_checkpoint_v3.json,0892f6c221d3a1e3e01e80b4aa14f29bd0c9d63eed7e2ce3b21cea05ba7349c4,UNKNOWN,,DELL,,,False,,INELIGIBLE_TRANSFER_NOT_LOCAL,REJECTED,Transfer or source estate missing locally.
random_forest,docs/dream_system/components/DS-24_independent_five_minute_selector/stage_outputs/ds24_p8_r14_e3g_c2_20260824T000000Z/r7_r14_policy_workers/random_forest/metrics_only_v3_r40_random_forest/transaction_costs_v3_manifest.json,b8d75a000976154d10c71f9c3a47faecc717c60a2347d7349a8888c9299ab0c7,UNKNOWN,,DELL,,,False,,INELIGIBLE_WRONG_OR_LOWER_AUTHORITY_CLASS,REJECTED,No eligible terminal tournament authority; lower-authority source rejected.
random_forest,docs/dream_system/components/DS-24_independent_five_minute_selector/stage_outputs/ds24_p8_r14_e3g_c2_20260824T000000Z/r7_r14_policy_workers/random_forest/progress.json,d79475f4ac389c88697e0b39acf0d1f4f9c5b64ef5bb7228933f73b6dca31828,UNKNOWN,ds24_p8_r14_e3g_c2_r7_r14_20260824T000000Z,DELL,,,False,,INELIGIBLE_WRONG_OR_LOWER_AUTHORITY_CLASS,REJECTED,No eligible terminal tournament authority; lower-authority source rejected.
extra_trees,docs/dream_system/components/DS-24_independent_five_minute_selector/stage_outputs/ds24_p8_r14_e3g_c2_20260824T000000Z/r7_r14_policy_workers/extra_trees/metrics_only_v3_r40_extra_trees/resolved_performance_summary_v3.json,0fddc1354f6822ab3110b94552ee88adb5b61905890580994669b735da4a7ca6,CURRENT_DS24_PARTIAL_PROGRESS,,DELL,2016-02-02T14:35:00+00:00,2018-08-15T19:00:00+00:00,False,mean_spearman_rank_ic|hac_lower_95|hac_upper_95|annualized_return|annualized_volatility|sharpe|maximum_drawdown|win_rate|turnover|total_estimated_transaction_costs,INELIGIBLE_PARTIAL_WINDOW_NOT_TERMINAL,REJECTED,No eligible terminal tournament authority; lower-authority source rejected.
extra_trees,docs/dream_system/components/DS-24_independent_five_minute_selector/stage_outputs/ds24_p8_r14_e3e_20260823T000000Z/20_f1_results_v2.csv,e53c180bbc1d1500efcf5cf382125ecda1ac3233dc36d25fa9c752a6bbc22d88,OLDER_DS24_CAMPAIGN,,DELL,,,False,mean_spearman_rank_ic,INELIGIBLE_WRONG_OR_LOWER_AUTHORITY_CLASS,REJECTED,No eligible terminal tournament authority; lower-authority source rejected.
extra_trees,docs/dream_system/components/DS-24_independent_five_minute_selector/stage_outputs/ds24_p8_r14_e3e_20260823T000000Z/22_f2_results_v2.csv,fd92bdf3ddb92ef8a65dde84ed781fbf466f3decd5705bd5f78a06af0beb177c,OLDER_DS24_CAMPAIGN,,DELL,,,False,mean_spearman_rank_ic,INELIGIBLE_WRONG_OR_LOWER_AUTHORITY_CLASS,REJECTED,No eligible terminal tournament authority; lower-authority source rejected.
extra_trees,docs/dream_system/components/DS-24_independent_five_minute_selector/stage_outputs/ds24_p8_r14_e3e_20260823T000000Z/24_f3_results_v2.csv,c6e286496a3a2b452561610b54f52d5951085c5bf192c00439e739790f915e46,OLDER_DS24_CAMPAIGN,,DELL,,,False,mean_spearman_rank_ic,INELIGIBLE_WRONG_OR_LOWER_AUTHORITY_CLASS,REJECTED,No eligible terminal tournament authority; lower-authority source rejected.
extra_trees,docs/dream_system/components/DS-24_independent_five_minute_selector/stage_outputs/ds24_p8_r14_e3f_20260823T000000Z/40_f1_results_v2.csv,feb365eb49e3390b2983cd3449e8f1f06d6f12b94f5257740cf78508bf5fea3f,OLDER_DS24_CAMPAIGN,,DELL,2021-01-01T00:00:00+00:00,2022-12-31T23:59:59+00:00,False,mean_spearman_rank_ic,INELIGIBLE_WRONG_OR_LOWER_AUTHORITY_CLASS,REJECTED,No eligible terminal tournament authority; lower-authority source rejected.
extra_trees,docs/dream_system/components/DS-24_independent_five_minute_selector/stage_outputs/ds24_p8_r14_e3f_20260823T000000Z/42_f2_results_v2.csv,21750ed8b8eb01b9106ba22de19872d3459e5cd11c4d6a0cd4db73723dc406c1,OLDER_DS24_CAMPAIGN,,DELL,2021-01-01T00:00:00+00:00,2022-12-31T23:59:59+00:00,False,mean_spearman_rank_ic,INELIGIBLE_WRONG_OR_LOWER_AUTHORITY_CLASS,REJECTED,No eligible terminal tournament authority; lower-authority source rejected.
extra_trees,docs/dream_system/components/DS-24_independent_five_minute_selector/stage_outputs/ds24_p8_r14_e3f_20260823T000000Z/44_f3_results_v2.csv,87035330c8850d97a10091e430c2b35b44cb50d169a308ff55585e0f93c58f6a,OLDER_DS24_CAMPAIGN,,DELL,2021-01-01T00:00:00+00:00,2023-12-31T23:59:59+00:00,False,mean_spearman_rank_ic,INELIGIBLE_WRONG_OR_LOWER_AUTHORITY_CLASS,REJECTED,No eligible terminal tournament authority; lower-authority source rejected.
extra_trees,docs/dream_system/components/DS-24_independent_five_minute_selector/stage_outputs/ds24_p8_r14_e3g_c1_20260823T000000Z/19_tabular_scale_results.csv,5c1378aba59a29ffd71efb53581720ce871950c28bfe8f60d45f531d5f86dd0a,OLDER_DS24_CAMPAIGN,,DELL,2019-01-01T00:00:00+00:00,2020-12-31T23:59:59+00:00,False,mean_spearman_rank_ic,INELIGIBLE_WRONG_OR_LOWER_AUTHORITY_CLASS,REJECTED,No eligible terminal tournament authority; lower-authority source rejected.
extra_trees,docs/dream_system/components/DS-24_independent_five_minute_selector/stage_outputs/ds24_p8_r14_e3g_c1_20260823T000000Z/31_scale_stability_results.csv,c27931c0584338c1ee8b1a0997735945023986bbd3e95bc21696d6b5c6ff8b3a,OLDER_DS24_CAMPAIGN,,DELL,,,False,mean_spearman_rank_ic,INELIGIBLE_WRONG_OR_LOWER_AUTHORITY_CLASS,REJECTED,No eligible terminal tournament authority; lower-authority source rejected.
extra_trees,docs/dream_system/components/DS-24_independent_five_minute_selector/stage_outputs/ds24_p8_r14_e3g_c2_20260824T000000Z/R53B_13_completed_terminal_authority_recovery/R53B_FINAL_13_COMPLETED_MODEL_SCORECARD.csv,d2167474fb815d530ec447f8e8f45f8f555c6dd2fba3b79750cc42386e6c5b40,OLDER_DS24_CAMPAIGN,,DELL,,,False,,INELIGIBLE_TRANSFER_NOT_LOCAL,REJECTED,Transfer or source estate missing locally.
extra_trees,docs/dream_system/components/DS-24_independent_five_minute_selector/stage_outputs/ds24_p8_r14_e3g_c2_20260824T000000Z/R53B_13_completed_terminal_authority_recovery/R53B_candidate_result_inventory.csv,c2d0838f916e260f1d787d88362e46ec7f61c6274ffac329c072aa9dbe788719,OLDER_DS24_CAMPAIGN,,DELL,,,False,,INELIGIBLE_WRONG_OR_LOWER_AUTHORITY_CLASS,REJECTED,No eligible terminal tournament authority; lower-authority source rejected.
extra_trees,docs/dream_system/components/DS-24_independent_five_minute_selector/stage_outputs/ds24_p8_r14_e3g_c2_20260824T000000Z/R53B_13_completed_terminal_authority_recovery/R53B_candidate_result_inventory.csv,c2d0838f916e260f1d787d88362e46ec7f61c6274ffac329c072aa9dbe788719,OLDER_DS24_CAMPAIGN,,DELL,,,False,,INELIGIBLE_WRONG_OR_LOWER_AUTHORITY_CLASS,REJECTED,No eligible terminal tournament authority; lower-authority source rejected.
extra_trees,docs/dream_system/components/DS-24_independent_five_minute_selector/stage_outputs/ds24_p8_r14_e3g_c2_20260824T000000Z/R53B_13_completed_terminal_authority_recovery/R53B_candidate_result_inventory.csv,c2d0838f916e260f1d787d88362e46ec7f61c6274ffac329c072aa9dbe788719,OLDER_DS24_CAMPAIGN,,DELL,,,False,,INELIGIBLE_WRONG_OR_LOWER_AUTHORITY_CLASS,REJECTED,No eligible terminal tournament authority; lower-authority source rejected.
extra_trees,docs/dream_system/components/DS-24_independent_five_minute_selector/stage_outputs/ds24_p8_r14_e3g_c2_20260824T000000Z/R53B_13_completed_terminal_authority_recovery/R53B_candidate_result_inventory.csv,c2d0838f916e260f1d787d88362e46ec7f61c6274ffac329c072aa9dbe788719,OLDER_DS24_CAMPAIGN,,DELL,,,False,,INELIGIBLE_WRONG_OR_LOWER_AUTHORITY_CLASS,REJECTED,No eligible terminal tournament authority; lower-authority source rejected.
extra_trees,docs/dream_system/components/DS-24_independent_five_minute_selector/stage_outputs/ds24_p8_r14_e3g_c2_20260824T000000Z/R53B_13_completed_terminal_authority_recovery/R53B_candidate_result_inventory.csv,c2d0838f916e260f1d787d88362e46ec7f61c6274ffac329c072aa9dbe788719,OLDER_DS24_CAMPAIGN,,DELL,,,False,,INELIGIBLE_WRONG_OR_LOWER_AUTHORITY_CLASS,REJECTED,No eligible terminal tournament authority; lower-authority source rejected.
extra_trees,docs/dream_system/components/DS-24_independent_five_minute_selector/stage_outputs/ds24_p8_r14_e3g_c2_20260824T000000Z/R53B_13_completed_terminal_authority_recovery/R53B_candidate_result_inventory.csv,c2d0838f916e260f1d787d88362e46ec7f61c6274ffac329c072aa9dbe788719,OLDER_DS24_CAMPAIGN,,DELL,,,False,,INELIGIBLE_WRONG_OR_LOWER_AUTHORITY_CLASS,REJECTED,No eligible terminal tournament authority; lower-authority source rejected.
extra_trees,docs/dream_system/components/DS-24_independent_five_minute_selector/stage_outputs/ds24_p8_r14_e3g_c2_20260824T000000Z/R53B_13_completed_terminal_authority_recovery/R53B_candidate_result_inventory.csv,c2d0838f916e260f1d787d88362e46ec7f61c6274ffac329c072aa9dbe788719,OLDER_DS24_CAMPAIGN,,DELL,,,False,,INELIGIBLE_WRONG_OR_LOWER_AUTHORITY_CLASS,REJECTED,No eligible terminal tournament authority; lower-authority source rejected.
extra_trees,docs/dream_system/components/DS-24_independent_five_minute_selector/stage_outputs/ds24_p8_r14_e3g_c2_20260824T000000Z/R53B_13_completed_terminal_authority_recovery/R53B_candidate_result_inventory.csv,c2d0838f916e260f1d787d88362e46ec7f61c6274ffac329c072aa9dbe788719,OLDER_DS24_CAMPAIGN,,DELL,,,False,,INELIGIBLE_WRONG_OR_LOWER_AUTHORITY_CLASS,REJECTED,No eligible terminal tournament authority; lower-authority source rejected.
extra_trees,docs/dream_system/components/DS-24_independent_five_minute_selector/stage_outputs/ds24_p8_r14_e3g_c2_20260824T000000Z/R53B_13_completed_terminal_authority_recovery/R53B_candidate_result_inventory.csv,c2d0838f916e260f1d787d88362e46ec7f61c6274ffac329c072aa9dbe788719,OLDER_DS24_CAMPAIGN,,DELL,,,False,,INELIGIBLE_WRONG_OR_LOWER_AUTHORITY_CLASS,REJECTED,No eligible terminal tournament authority; lower-authority source rejected.
extra_trees,docs/dream_system/components/DS-24_independent_five_minute_selector/stage_outputs/ds24_p8_r14_e3g_c2_20260824T000000Z/R53B_13_completed_terminal_authority_recovery/R53B_candidate_result_inventory.csv,c2d0838f916e260f1d787d88362e46ec7f61c6274ffac329c072aa9dbe788719,OLDER_DS24_CAMPAIGN,,DELL,,,False,,INELIGIBLE_TRANSFER_NOT_LOCAL,REJECTED,Transfer or source estate missing locally.
extra_trees,docs/dream_system/components/DS-24_independent_five_minute_selector/stage_outputs/ds24_p8_r14_e3g_c2_20260824T000000Z/R53B_13_completed_terminal_authority_recovery/R53B_candidate_result_inventory.csv,c2d0838f916e260f1d787d88362e46ec7f61c6274ffac329c072aa9dbe788719,OLDER_DS24_CAMPAIGN,,DELL,,,False,,INELIGIBLE_WRONG_OR_LOWER_AUTHORITY_CLASS,REJECTED,No eligible terminal tournament authority; lower-authority source rejected.
extra_trees,docs/dream_system/components/DS-24_independent_five_minute_selector/stage_outputs/ds24_p8_r14_e3g_c2_20260824T000000Z/R53B_13_completed_terminal_authority_recovery/R53B_candidate_result_inventory.csv,c2d0838f916e260f1d787d88362e46ec7f61c6274ffac329c072aa9dbe788719,OLDER_DS24_CAMPAIGN,,DELL,,,False,,INELIGIBLE_WRONG_OR_LOWER_AUTHORITY_CLASS,REJECTED,No eligible terminal tournament authority; lower-authority source rejected.
extra_trees,docs/dream_system/components/DS-24_independent_five_minute_selector/stage_outputs/ds24_p8_r14_e3g_c2_20260824T000000Z/R53B_13_completed_terminal_authority_recovery/R53B_candidate_result_inventory.csv,c2d0838f916e260f1d787d88362e46ec7f61c6274ffac329c072aa9dbe788719,OLDER_DS24_CAMPAIGN,,DELL,,,False,,INELIGIBLE_WRONG_OR_LOWER_AUTHORITY_CLASS,REJECTED,No eligible terminal tournament authority; lower-authority source rejected.
extra_trees,docs/dream_system/components/DS-24_independent_five_minute_selector/stage_outputs/ds24_p8_r14_e3g_c2_20260824T000000Z/R53B_13_completed_terminal_authority_recovery/R53B_candidate_result_inventory.csv,c2d0838f916e260f1d787d88362e46ec7f61c6274ffac329c072aa9dbe788719,OLDER_DS24_CAMPAIGN,,DELL,,,False,,INELIGIBLE_WRONG_OR_LOWER_AUTHORITY_CLASS,REJECTED,No eligible terminal tournament authority; lower-authority source rejected.
extra_trees,docs/dream_system/components/DS-24_independent_five_minute_selector/stage_outputs/ds24_p8_r14_e3g_c2_20260824T000000Z/R53B_13_completed_terminal_authority_recovery/R53B_candidate_result_inventory.csv,c2d0838f916e260f1d787d88362e46ec7f61c6274ffac329c072aa9dbe788719,OLDER_DS24_CAMPAIGN,,DELL,,,False,,INELIGIBLE_WRONG_OR_LOWER_AUTHORITY_CLASS,REJECTED,No eligible terminal tournament authority; lower-authority source rejected.
extra_trees,docs/dream_system/components/DS-24_independent_five_minute_selector/stage_outputs/ds24_p8_r14_e3g_c2_20260824T000000Z/R53B_13_completed_terminal_authority_recovery/R53B_candidate_result_inventory.csv,c2d0838f916e260f1d787d88362e46ec7f61c6274ffac329c072aa9dbe788719,OLDER_DS24_CAMPAIGN,,DELL,,,False,,INELIGIBLE_WRONG_OR_LOWER_AUTHORITY_CLASS,REJECTED,No eligible terminal tournament authority; lower-authority source rejected.
extra_trees,docs/dream_system/components/DS-24_independent_five_minute_selector/stage_outputs/ds24_p8_r14_e3g_c2_20260824T000000Z/R53B_13_completed_terminal_authority_recovery/R53B_candidate_result_inventory.csv,c2d0838f916e260f1d787d88362e46ec7f61c6274ffac329c072aa9dbe788719,OLDER_DS24_CAMPAIGN,,DELL,,,False,,INELIGIBLE_WRONG_OR_LOWER_AUTHORITY_CLASS,REJECTED,No eligible terminal tournament authority; lower-authority source rejected.
extra_trees,docs/dream_system/components/DS-24_independent_five_minute_selector/stage_outputs/ds24_p8_r14_e3g_c2_20260824T000000Z/R53B_13_completed_terminal_authority_recovery/R53B_candidate_result_inventory.csv,c2d0838f916e260f1d787d88362e46ec7f61c6274ffac329c072aa9dbe788719,OLDER_DS24_CAMPAIGN,,DELL,,,False,,INELIGIBLE_WRONG_OR_LOWER_AUTHORITY_CLASS,REJECTED,No eligible terminal tournament authority; lower-authority source rejected.
extra_trees,docs/dream_system/components/DS-24_independent_five_minute_selector/stage_outputs/ds24_p8_r14_e3g_c2_20260824T000000Z/R53B_13_completed_terminal_authority_recovery/R53B_candidate_result_inventory.csv,c2d0838f916e260f1d787d88362e46ec7f61c6274ffac329c072aa9dbe788719,OLDER_DS24_CAMPAIGN,,DELL,,,False,,INELIGIBLE_WRONG_OR_LOWER_AUTHORITY_CLASS,REJECTED,No eligible terminal tournament authority; lower-authority source rejected.
extra_trees,docs/dream_system/components/DS-24_independent_five_minute_selector/stage_outputs/ds24_p8_r14_e3g_c2_20260824T000000Z/R53B_13_completed_terminal_authority_recovery/R53B_candidate_result_inventory.csv,c2d0838f916e260f1d787d88362e46ec7f61c6274ffac329c072aa9dbe788719,OLDER_DS24_CAMPAIGN,,DELL,,,False,,INELIGIBLE_WRONG_OR_LOWER_AUTHORITY_CLASS,REJECTED,No eligible terminal tournament authority; lower-authority source rejected.
extra_trees,docs/dream_system/components/DS-24_independent_five_minute_selector/stage_outputs/ds24_p8_r14_e3g_c2_20260824T000000Z/R53B_13_completed_terminal_authority_recovery/R53B_candidate_result_inventory.csv,c2d0838f916e260f1d787d88362e46ec7f61c6274ffac329c072aa9dbe788719,OLDER_DS24_CAMPAIGN,,DELL,,,False,,INELIGIBLE_WRONG_OR_LOWER_AUTHORITY_CLASS,REJECTED,No eligible terminal tournament authority; lower-authority source rejected.
extra_trees,docs/dream_system/components/DS-24_independent_five_minute_selector/stage_outputs/ds24_p8_r14_e3g_c2_20260824T000000Z/R53B_13_completed_terminal_authority_recovery/R53B_candidate_result_inventory.csv,c2d0838f916e260f1d787d88362e46ec7f61c6274ffac329c072aa9dbe788719,OLDER_DS24_CAMPAIGN,,DELL,,,False,,INELIGIBLE_WRONG_OR_LOWER_AUTHORITY_CLASS,REJECTED,No eligible terminal tournament authority; lower-authority source rejected.
extra_trees,docs/dream_system/components/DS-24_independent_five_minute_selector/stage_outputs/ds24_p8_r14_e3g_c2_20260824T000000Z/R53B_13_completed_terminal_authority_recovery/R53B_candidate_result_inventory.csv,c2d0838f916e260f1d787d88362e46ec7f61c6274ffac329c072aa9dbe788719,OLDER_DS24_CAMPAIGN,,DELL,,,False,,INELIGIBLE_TRANSFER_NOT_LOCAL,REJECTED,Transfer or source estate missing locally.
extra_trees,docs/dream_system/components/DS-24_independent_five_minute_selector/stage_outputs/ds24_p8_r14_e3g_c2_20260824T000000Z/R53B_13_completed_terminal_authority_recovery/R53B_candidate_result_inventory.csv,c2d0838f916e260f1d787d88362e46ec7f61c6274ffac329c072aa9dbe788719,OLDER_DS24_CAMPAIGN,,DELL,,,False,,INELIGIBLE_WRONG_OR_LOWER_AUTHORITY_CLASS,REJECTED,No eligible terminal tournament authority; lower-authority source rejected.
extra_trees,docs/dream_system/components/DS-24_independent_five_minute_selector/stage_outputs/ds24_p8_r14_e3g_c2_20260824T000000Z/R53B_13_completed_terminal_authority_recovery/R53B_candidate_result_inventory.csv,c2d0838f916e260f1d787d88362e46ec7f61c6274ffac329c072aa9dbe788719,OLDER_DS24_CAMPAIGN,,DELL,,,False,,INELIGIBLE_WRONG_OR_LOWER_AUTHORITY_CLASS,REJECTED,No eligible terminal tournament authority; lower-authority source rejected.
extra_trees,docs/dream_system/components/DS-24_independent_five_minute_selector/stage_outputs/ds24_p8_r14_e3g_c2_20260824T000000Z/R53B_13_completed_terminal_authority_recovery/R53B_candidate_result_inventory.csv,c2d0838f916e260f1d787d88362e46ec7f61c6274ffac329c072aa9dbe788719,OLDER_DS24_CAMPAIGN,,DELL,,,False,,INELIGIBLE_WRONG_OR_LOWER_AUTHORITY_CLASS,REJECTED,No eligible terminal tournament authority; lower-authority source rejected.
extra_trees,docs/dream_system/components/DS-24_independent_five_minute_selector/stage_outputs/ds24_p8_r14_e3g_c2_20260824T000000Z/R53B_13_completed_terminal_authority_recovery/R53B_candidate_result_inventory.csv,c2d0838f916e260f1d787d88362e46ec7f61c6274ffac329c072aa9dbe788719,OLDER_DS24_CAMPAIGN,,DELL,,,False,,INELIGIBLE_WRONG_OR_LOWER_AUTHORITY_CLASS,REJECTED,No eligible terminal tournament authority; lower-authority source rejected.
extra_trees,docs/dream_system/components/DS-24_independent_five_minute_selector/stage_outputs/ds24_p8_r14_e3g_c2_20260824T000000Z/R53B_13_completed_terminal_authority_recovery/R53B_candidate_result_inventory.csv,c2d0838f916e260f1d787d88362e46ec7f61c6274ffac329c072aa9dbe788719,OLDER_DS24_CAMPAIGN,,DELL,,,False,,INELIGIBLE_WRONG_OR_LOWER_AUTHORITY_CLASS,REJECTED,No eligible terminal tournament authority; lower-authority source rejected.
extra_trees,docs/dream_system/components/DS-24_independent_five_minute_selector/stage_outputs/ds24_p8_r14_e3g_c2_20260824T000000Z/R53B_13_completed_terminal_authority_recovery/R53B_candidate_result_inventory.csv,c2d0838f916e260f1d787d88362e46ec7f61c6274ffac329c072aa9dbe788719,OLDER_DS24_CAMPAIGN,,DELL,,,False,,INELIGIBLE_TRANSFER_NOT_LOCAL,REJECTED,Transfer or source estate missing locally.
extra_trees,docs/dream_system/components/DS-24_independent_five_minute_selector/stage_outputs/ds24_p8_r14_e3g_c2_20260824T000000Z/R53B_13_completed_terminal_authority_recovery/R53B_candidate_result_inventory.csv,c2d0838f916e260f1d787d88362e46ec7f61c6274ffac329c072aa9dbe788719,OLDER_DS24_CAMPAIGN,,DELL,,,False,,INELIGIBLE_WRONG_OR_LOWER_AUTHORITY_CLASS,REJECTED,No eligible terminal tournament authority; lower-authority source rejected.
extra_trees,docs/dream_system/components/DS-24_independent_five_minute_selector/stage_outputs/ds24_p8_r14_e3g_c2_20260824T000000Z/R53B_13_completed_terminal_authority_recovery/R53B_candidate_result_inventory.csv,c2d0838f916e260f1d787d88362e46ec7f61c6274ffac329c072aa9dbe788719,OLDER_DS24_CAMPAIGN,,DELL,,,False,,INELIGIBLE_WRONG_OR_LOWER_AUTHORITY_CLASS,REJECTED,No eligible terminal tournament authority; lower-authority source rejected.
extra_trees,docs/dream_system/components/DS-24_independent_five_minute_selector/stage_outputs/ds24_p8_r14_e3g_c2_20260824T000000Z/r7_r14_policy_workers/extra_trees/metrics_only_v3_r40_extra_trees/checkpoint.json,3ca763602d89f04f33360314c1882e2dd94be43d03f1e7e26139fe1efb55848d,UNKNOWN,,DELL,,,False,,INELIGIBLE_WRONG_OR_LOWER_AUTHORITY_CLASS,REJECTED,No eligible terminal tournament authority; lower-authority source rejected.
extra_trees,docs/dream_system/components/DS-24_independent_five_minute_selector/stage_outputs/ds24_p8_r14_e3g_c2_20260824T000000Z/r7_r14_policy_workers/extra_trees/metrics_only_v3_r40_extra_trees/daily_portfolio_returns_v3_manifest.json,2aa7a7ad99c020cee0e69fa4d4b3c32ce1f6f76899920a475c9889f3261287ca,UNKNOWN,,DELL,,,False,,INELIGIBLE_WRONG_OR_LOWER_AUTHORITY_CLASS,REJECTED,No eligible terminal tournament authority; lower-authority source rejected.
extra_trees,docs/dream_system/components/DS-24_independent_five_minute_selector/stage_outputs/ds24_p8_r14_e3g_c2_20260824T000000Z/r7_r14_policy_workers/extra_trees/metrics_only_v3_r40_extra_trees/rank_ic_v3_manifest.json,1d0e9de6df6a6123ba5230294f2c4fa95723cc3ad6db1fa23da81091d29c5aa4,UNKNOWN,,DELL,,,False,,INELIGIBLE_WRONG_OR_LOWER_AUTHORITY_CLASS,REJECTED,No eligible terminal tournament authority; lower-authority source rejected.
extra_trees,docs/dream_system/components/DS-24_independent_five_minute_selector/stage_outputs/ds24_p8_r14_e3g_c2_20260824T000000Z/r7_r14_policy_workers/extra_trees/metrics_only_v3_r40_extra_trees/resolved_performance_checkpoint_v3.json,85ba94ecc7d8d4842b1175003e2a8340a59f007d167f751bf884e617b4ca2b51,UNKNOWN,,DELL,,,False,,INELIGIBLE_TRANSFER_NOT_LOCAL,REJECTED,Transfer or source estate missing locally.
extra_trees,docs/dream_system/components/DS-24_independent_five_minute_selector/stage_outputs/ds24_p8_r14_e3g_c2_20260824T000000Z/r7_r14_policy_workers/extra_trees/metrics_only_v3_r40_extra_trees/transaction_costs_v3_manifest.json,25d1cd5569afc0ce098676b9d009a800881c239b86deb79537a482a7941c3ccc,UNKNOWN,,DELL,,,False,,INELIGIBLE_WRONG_OR_LOWER_AUTHORITY_CLASS,REJECTED,No eligible terminal tournament authority; lower-authority source rejected.
extra_trees,docs/dream_system/components/DS-24_independent_five_minute_selector/stage_outputs/ds24_p8_r14_e3g_c2_20260824T000000Z/r7_r14_policy_workers/extra_trees/progress.json,700929bd054918b627f17e83eb152f3f6942b063cf998328df70980976c4affc,UNKNOWN,ds24_p8_r14_e3g_c2_r7_r14_20260824T000000Z,DELL,,,False,,INELIGIBLE_WRONG_OR_LOWER_AUTHORITY_CLASS,REJECTED,No eligible terminal tournament authority; lower-authority source rejected.
gradient_boosting,docs/dream_system/components/DS-24_independent_five_minute_selector/stage_outputs/ds24_p8_r14_e2_20260823T000000Z/22_fidelity1_results.csv,ceed978b8539797630028ebe29c8bf312071533d66725eb2e08dfb15f17269d8,OLDER_DS24_CAMPAIGN,,DELL,,,False,mean_spearman_rank_ic,INELIGIBLE_WRONG_OR_LOWER_AUTHORITY_CLASS,REJECTED,No eligible terminal tournament authority; lower-authority source rejected.
gradient_boosting,docs/dream_system/components/DS-24_independent_five_minute_selector/stage_outputs/ds24_p8_r14_e2_20260823T000000Z/22_fidelity1_results.csv,ceed978b8539797630028ebe29c8bf312071533d66725eb2e08dfb15f17269d8,OLDER_DS24_CAMPAIGN,,DELL,,,False,mean_spearman_rank_ic,INELIGIBLE_WRONG_OR_LOWER_AUTHORITY_CLASS,REJECTED,No eligible terminal tournament authority; lower-authority source rejected.
gradient_boosting,docs/dream_system/components/DS-24_independent_five_minute_selector/stage_outputs/ds24_p8_r14_e2_20260823T000000Z/22_fidelity1_results.csv,ceed978b8539797630028ebe29c8bf312071533d66725eb2e08dfb15f17269d8,OLDER_DS24_CAMPAIGN,,DELL,,,False,mean_spearman_rank_ic,INELIGIBLE_WRONG_OR_LOWER_AUTHORITY_CLASS,REJECTED,No eligible terminal tournament authority; lower-authority source rejected.
gradient_boosting,docs/dream_system/components/DS-24_independent_five_minute_selector/stage_outputs/ds24_p8_r14_e2_20260823T000000Z/22_fidelity1_results.csv,ceed978b8539797630028ebe29c8bf312071533d66725eb2e08dfb15f17269d8,OLDER_DS24_CAMPAIGN,,DELL,,,False,mean_spearman_rank_ic,INELIGIBLE_WRONG_OR_LOWER_AUTHORITY_CLASS,REJECTED,No eligible terminal tournament authority; lower-authority source rejected.
gradient_boosting,docs/dream_system/components/DS-24_independent_five_minute_selector/stage_outputs/ds24_p8_r14_e3_20260823T000000Z/17_fidelity1_results.csv,ceed978b8539797630028ebe29c8bf312071533d66725eb2e08dfb15f17269d8,OLDER_DS24_CAMPAIGN,,DELL,,,False,mean_spearman_rank_ic,INELIGIBLE_WRONG_OR_LOWER_AUTHORITY_CLASS,REJECTED,No eligible terminal tournament authority; lower-authority source rejected.
gradient_boosting,docs/dream_system/components/DS-24_independent_five_minute_selector/stage_outputs/ds24_p8_r14_e3_20260823T000000Z/17_fidelity1_results.csv,ceed978b8539797630028ebe29c8bf312071533d66725eb2e08dfb15f17269d8,OLDER_DS24_CAMPAIGN,,DELL,,,False,mean_spearman_rank_ic,INELIGIBLE_WRONG_OR_LOWER_AUTHORITY_CLASS,REJECTED,No eligible terminal tournament authority; lower-authority source rejected.
gradient_boosting,docs/dream_system/components/DS-24_independent_five_minute_selector/stage_outputs/ds24_p8_r14_e3_20260823T000000Z/17_fidelity1_results.csv,ceed978b8539797630028ebe29c8bf312071533d66725eb2e08dfb15f17269d8,OLDER_DS24_CAMPAIGN,,DELL,,,False,mean_spearman_rank_ic,INELIGIBLE_WRONG_OR_LOWER_AUTHORITY_CLASS,REJECTED,No eligible terminal tournament authority; lower-authority source rejected.
gradient_boosting,docs/dream_system/components/DS-24_independent_five_minute_selector/stage_outputs/ds24_p8_r14_e3_20260823T000000Z/17_fidelity1_results.csv,ceed978b8539797630028ebe29c8bf312071533d66725eb2e08dfb15f17269d8,OLDER_DS24_CAMPAIGN,,DELL,,,False,mean_spearman_rank_ic,INELIGIBLE_WRONG_OR_LOWER_AUTHORITY_CLASS,REJECTED,No eligible terminal tournament authority; lower-authority source rejected.
gradient_boosting,docs/dream_system/components/DS-24_independent_five_minute_selector/stage_outputs/ds24_p8_r14_e3_20260823T000000Z/19_fidelity2_results.csv,492349deb0302764868a023403ca08b8a1b80d03694b987417b3ee4394350345,OLDER_DS24_CAMPAIGN,,DELL,,,False,mean_spearman_rank_ic,INELIGIBLE_WRONG_OR_LOWER_AUTHORITY_CLASS,REJECTED,No eligible terminal tournament authority; lower-authority source rejected.
gradient_boosting,docs/dream_system/components/DS-24_independent_five_minute_selector/stage_outputs/ds24_p8_r14_e3_20260823T000000Z/19_fidelity2_results.csv,492349deb0302764868a023403ca08b8a1b80d03694b987417b3ee4394350345,OLDER_DS24_CAMPAIGN,,DELL,,,False,mean_spearman_rank_ic,INELIGIBLE_WRONG_OR_LOWER_AUTHORITY_CLASS,REJECTED,No eligible terminal tournament authority; lower-authority source rejected.
gradient_boosting,docs/dream_system/components/DS-24_independent_five_minute_selector/stage_outputs/ds24_p8_r14_e3_20260823T000000Z/19_fidelity2_results.csv,492349deb0302764868a023403ca08b8a1b80d03694b987417b3ee4394350345,OLDER_DS24_CAMPAIGN,,DELL,,,False,mean_spearman_rank_ic,INELIGIBLE_WRONG_OR_LOWER_AUTHORITY_CLASS,REJECTED,No eligible terminal tournament authority; lower-authority source rejected.
gradient_boosting,docs/dream_system/components/DS-24_independent_five_minute_selector/stage_outputs/ds24_p8_r14_e3_20260823T000000Z/21_fidelity3_results.csv,6887f617593ae8c74448f300bc7fbf6b943ef8e10d57e827a9734a6512576af2,OLDER_DS24_CAMPAIGN,,DELL,,,False,mean_spearman_rank_ic,INELIGIBLE_WRONG_OR_LOWER_AUTHORITY_CLASS,REJECTED,No eligible terminal tournament authority; lower-authority source rejected.
gradient_boosting,docs/dream_system/components/DS-24_independent_five_minute_selector/stage_outputs/ds24_p8_r14_e3_20260823T000000Z/21_fidelity3_results.csv,6887f617593ae8c74448f300bc7fbf6b943ef8e10d57e827a9734a6512576af2,OLDER_DS24_CAMPAIGN,,DELL,,,False,mean_spearman_rank_ic,INELIGIBLE_WRONG_OR_LOWER_AUTHORITY_CLASS,REJECTED,No eligible terminal tournament authority; lower-authority source rejected.
gradient_boosting,docs/dream_system/components/DS-24_independent_five_minute_selector/stage_outputs/ds24_p8_r14_e3e_20260823T000000Z/20_f1_results_v2.csv,e53c180bbc1d1500efcf5cf382125ecda1ac3233dc36d25fa9c752a6bbc22d88,OLDER_DS24_CAMPAIGN,,DELL,,,False,mean_spearman_rank_ic,INELIGIBLE_WRONG_OR_LOWER_AUTHORITY_CLASS,REJECTED,No eligible terminal tournament authority; lower-authority source rejected.
gradient_boosting,docs/dream_system/components/DS-24_independent_five_minute_selector/stage_outputs/ds24_p8_r14_e3e_20260823T000000Z/22_f2_results_v2.csv,fd92bdf3ddb92ef8a65dde84ed781fbf466f3decd5705bd5f78a06af0beb177c,OLDER_DS24_CAMPAIGN,,DELL,,,False,mean_spearman_rank_ic,INELIGIBLE_WRONG_OR_LOWER_AUTHORITY_CLASS,REJECTED,No eligible terminal tournament authority; lower-authority source rejected.
gradient_boosting,docs/dream_system/components/DS-24_independent_five_minute_selector/stage_outputs/ds24_p8_r14_e3e_20260823T000000Z/24_f3_results_v2.csv,c6e286496a3a2b452561610b54f52d5951085c5bf192c00439e739790f915e46,OLDER_DS24_CAMPAIGN,,DELL,,,False,mean_spearman_rank_ic,INELIGIBLE_WRONG_OR_LOWER_AUTHORITY_CLASS,REJECTED,No eligible terminal tournament authority; lower-authority source rejected.
gradient_boosting,docs/dream_system/components/DS-24_independent_five_minute_selector/stage_outputs/ds24_p8_r14_e3f_20260823T000000Z/40_f1_results_v2.csv,feb365eb49e3390b2983cd3449e8f1f06d6f12b94f5257740cf78508bf5fea3f,OLDER_DS24_CAMPAIGN,,DELL,2021-01-01T00:00:00+00:00,2022-12-31T23:59:59+00:00,False,mean_spearman_rank_ic,INELIGIBLE_WRONG_OR_LOWER_AUTHORITY_CLASS,REJECTED,No eligible terminal tournament authority; lower-authority source rejected.
gradient_boosting,docs/dream_system/components/DS-24_independent_five_minute_selector/stage_outputs/ds24_p8_r14_e3f_20260823T000000Z/42_f2_results_v2.csv,21750ed8b8eb01b9106ba22de19872d3459e5cd11c4d6a0cd4db73723dc406c1,OLDER_DS24_CAMPAIGN,,DELL,2021-01-01T00:00:00+00:00,2022-12-31T23:59:59+00:00,False,mean_spearman_rank_ic,INELIGIBLE_WRONG_OR_LOWER_AUTHORITY_CLASS,REJECTED,No eligible terminal tournament authority; lower-authority source rejected.
gradient_boosting,docs/dream_system/components/DS-24_independent_five_minute_selector/stage_outputs/ds24_p8_r14_e3f_20260823T000000Z/44_f3_results_v2.csv,87035330c8850d97a10091e430c2b35b44cb50d169a308ff55585e0f93c58f6a,OLDER_DS24_CAMPAIGN,,DELL,2021-01-01T00:00:00+00:00,2023-12-31T23:59:59+00:00,False,mean_spearman_rank_ic,INELIGIBLE_WRONG_OR_LOWER_AUTHORITY_CLASS,REJECTED,No eligible terminal tournament authority; lower-authority source rejected.
gradient_boosting,docs/dream_system/components/DS-24_independent_five_minute_selector/stage_outputs/ds24_p8_r14_e3g_c1_20260823T000000Z/19_tabular_scale_results.csv,5c1378aba59a29ffd71efb53581720ce871950c28bfe8f60d45f531d5f86dd0a,OLDER_DS24_CAMPAIGN,,DELL,2019-01-01T00:00:00+00:00,2019-12-31T23:59:59+00:00,False,mean_spearman_rank_ic,INELIGIBLE_WRONG_OR_LOWER_AUTHORITY_CLASS,REJECTED,No eligible terminal tournament authority; lower-authority source rejected.
gradient_boosting,docs/dream_system/components/DS-24_independent_five_minute_selector/stage_outputs/ds24_p8_r14_e3g_c1_20260823T000000Z/31_scale_stability_results.csv,c27931c0584338c1ee8b1a0997735945023986bbd3e95bc21696d6b5c6ff8b3a,OLDER_DS24_CAMPAIGN,,DELL,,,False,mean_spearman_rank_ic,INELIGIBLE_WRONG_OR_LOWER_AUTHORITY_CLASS,REJECTED,No eligible terminal tournament authority; lower-authority source rejected.
gradient_boosting,docs/dream_system/components/DS-24_independent_five_minute_selector/stage_outputs/ds24_p8_r14_e3g_c2_20260824T000000Z/R53B_13_completed_terminal_authority_recovery/R53B_FINAL_13_COMPLETED_MODEL_SCORECARD.csv,d2167474fb815d530ec447f8e8f45f8f555c6dd2fba3b79750cc42386e6c5b40,OLDER_DS24_CAMPAIGN,,DELL,,,False,,INELIGIBLE_TRANSFER_NOT_LOCAL,REJECTED,Transfer or source estate missing locally.
gradient_boosting,docs/dream_system/components/DS-24_independent_five_minute_selector/stage_outputs/ds24_p8_r14_e3g_c2_20260824T000000Z/R53B_13_completed_terminal_authority_recovery/R53B_candidate_result_inventory.csv,c2d0838f916e260f1d787d88362e46ec7f61c6274ffac329c072aa9dbe788719,OLDER_DS24_CAMPAIGN,,DELL,,,False,,INELIGIBLE_WRONG_OR_LOWER_AUTHORITY_CLASS,REJECTED,No eligible terminal tournament authority; lower-authority source rejected.
gradient_boosting,docs/dream_system/components/DS-24_independent_five_minute_selector/stage_outputs/ds24_p8_r14_e3g_c2_20260824T000000Z/R53B_13_completed_terminal_authority_recovery/R53B_candidate_result_inventory.csv,c2d0838f916e260f1d787d88362e46ec7f61c6274ffac329c072aa9dbe788719,OLDER_DS24_CAMPAIGN,,DELL,,,False,,INELIGIBLE_WRONG_OR_LOWER_AUTHORITY_CLASS,REJECTED,No eligible terminal tournament authority; lower-authority source rejected.
gradient_boosting,docs/dream_system/components/DS-24_independent_five_minute_selector/stage_outputs/ds24_p8_r14_e3g_c2_20260824T000000Z/R53B_13_completed_terminal_authority_recovery/R53B_candidate_result_inventory.csv,c2d0838f916e260f1d787d88362e46ec7f61c6274ffac329c072aa9dbe788719,OLDER_DS24_CAMPAIGN,,DELL,,,False,,INELIGIBLE_WRONG_OR_LOWER_AUTHORITY_CLASS,REJECTED,No eligible terminal tournament authority; lower-authority source rejected.
gradient_boosting,docs/dream_system/components/DS-24_independent_five_minute_selector/stage_outputs/ds24_p8_r14_e3g_c2_20260824T000000Z/R53B_13_completed_terminal_authority_recovery/R53B_candidate_result_inventory.csv,c2d0838f916e260f1d787d88362e46ec7f61c6274ffac329c072aa9dbe788719,OLDER_DS24_CAMPAIGN,,DELL,,,False,,INELIGIBLE_WRONG_OR_LOWER_AUTHORITY_CLASS,REJECTED,No eligible terminal tournament authority; lower-authority source rejected.
gradient_boosting,docs/dream_system/components/DS-24_independent_five_minute_selector/stage_outputs/ds24_p8_r14_e3g_c2_20260824T000000Z/R53B_13_completed_terminal_authority_recovery/R53B_candidate_result_inventory.csv,c2d0838f916e260f1d787d88362e46ec7f61c6274ffac329c072aa9dbe788719,OLDER_DS24_CAMPAIGN,,DELL,,,False,,INELIGIBLE_WRONG_OR_LOWER_AUTHORITY_CLASS,REJECTED,No eligible terminal tournament authority; lower-authority source rejected.
gradient_boosting,docs/dream_system/components/DS-24_independent_five_minute_selector/stage_outputs/ds24_p8_r14_e3g_c2_20260824T000000Z/R53B_13_completed_terminal_authority_recovery/R53B_candidate_result_inventory.csv,c2d0838f916e260f1d787d88362e46ec7f61c6274ffac329c072aa9dbe788719,OLDER_DS24_CAMPAIGN,,DELL,,,False,,INELIGIBLE_WRONG_OR_LOWER_AUTHORITY_CLASS,REJECTED,No eligible terminal tournament authority; lower-authority source rejected.
gradient_boosting,docs/dream_system/components/DS-24_independent_five_minute_selector/stage_outputs/ds24_p8_r14_e3g_c2_20260824T000000Z/R53B_13_completed_terminal_authority_recovery/R53B_candidate_result_inventory.csv,c2d0838f916e260f1d787d88362e46ec7f61c6274ffac329c072aa9dbe788719,OLDER_DS24_CAMPAIGN,,DELL,,,False,,INELIGIBLE_WRONG_OR_LOWER_AUTHORITY_CLASS,REJECTED,No eligible terminal tournament authority; lower-authority source rejected.
gradient_boosting,docs/dream_system/components/DS-24_independent_five_minute_selector/stage_outputs/ds24_p8_r14_e3g_c2_20260824T000000Z/R53B_13_completed_terminal_authority_recovery/R53B_candidate_result_inventory.csv,c2d0838f916e260f1d787d88362e46ec7f61c6274ffac329c072aa9dbe788719,OLDER_DS24_CAMPAIGN,,DELL,,,False,,INELIGIBLE_WRONG_OR_LOWER_AUTHORITY_CLASS,REJECTED,No eligible terminal tournament authority; lower-authority source rejected.
gradient_boosting,docs/dream_system/components/DS-24_independent_five_minute_selector/stage_outputs/ds24_p8_r14_e3g_c2_20260824T000000Z/R53B_13_completed_terminal_authority_recovery/R53B_candidate_result_inventory.csv,c2d0838f916e260f1d787d88362e46ec7f61c6274ffac329c072aa9dbe788719,OLDER_DS24_CAMPAIGN,,DELL,,,False,,INELIGIBLE_WRONG_OR_LOWER_AUTHORITY_CLASS,REJECTED,No eligible terminal tournament authority; lower-authority source rejected.
gradient_boosting,docs/dream_system/components/DS-24_independent_five_minute_selector/stage_outputs/ds24_p8_r14_e3g_c2_20260824T000000Z/R53B_13_completed_terminal_authority_recovery/R53B_candidate_result_inventory.csv,c2d0838f916e260f1d787d88362e46ec7f61c6274ffac329c072aa9dbe788719,OLDER_DS24_CAMPAIGN,,DELL,,,False,,INELIGIBLE_WRONG_OR_LOWER_AUTHORITY_CLASS,REJECTED,No eligible terminal tournament authority; lower-authority source rejected.
gradient_boosting,docs/dream_system/components/DS-24_independent_five_minute_selector/stage_outputs/ds24_p8_r14_e3g_c2_20260824T000000Z/R53B_13_completed_terminal_authority_recovery/R53B_candidate_result_inventory.csv,c2d0838f916e260f1d787d88362e46ec7f61c6274ffac329c072aa9dbe788719,OLDER_DS24_CAMPAIGN,,DELL,,,False,,INELIGIBLE_WRONG_OR_LOWER_AUTHORITY_CLASS,REJECTED,No eligible terminal tournament authority; lower-authority source rejected.
gradient_boosting,docs/dream_system/components/DS-24_independent_five_minute_selector/stage_outputs/ds24_p8_r14_e3g_c2_20260824T000000Z/R53B_13_completed_terminal_authority_recovery/R53B_candidate_result_inventory.csv,c2d0838f916e260f1d787d88362e46ec7f61c6274ffac329c072aa9dbe788719,OLDER_DS24_CAMPAIGN,,DELL,,,False,,INELIGIBLE_WRONG_OR_LOWER_AUTHORITY_CLASS,REJECTED,No eligible terminal tournament authority; lower-authority source rejected.
gradient_boosting,docs/dream_system/components/DS-24_independent_five_minute_selector/stage_outputs/ds24_p8_r14_e3g_c2_20260824T000000Z/R53B_13_completed_terminal_authority_recovery/R53B_candidate_result_inventory.csv,c2d0838f916e260f1d787d88362e46ec7f61c6274ffac329c072aa9dbe788719,OLDER_DS24_CAMPAIGN,,DELL,,,False,,INELIGIBLE_WRONG_OR_LOWER_AUTHORITY_CLASS,REJECTED,No eligible terminal tournament authority; lower-authority source rejected.
gradient_boosting,docs/dream_system/components/DS-24_independent_five_minute_selector/stage_outputs/ds24_p8_r14_e3g_c2_20260824T000000Z/R53B_13_completed_terminal_authority_recovery/R53B_candidate_result_inventory.csv,c2d0838f916e260f1d787d88362e46ec7f61c6274ffac329c072aa9dbe788719,OLDER_DS24_CAMPAIGN,,DELL,,,False,,INELIGIBLE_WRONG_OR_LOWER_AUTHORITY_CLASS,REJECTED,No eligible terminal tournament authority; lower-authority source rejected.
gradient_boosting,docs/dream_system/components/DS-24_independent_five_minute_selector/stage_outputs/ds24_p8_r14_e3g_c2_20260824T000000Z/R53B_13_completed_terminal_authority_recovery/R53B_candidate_result_inventory.csv,c2d0838f916e260f1d787d88362e46ec7f61c6274ffac329c072aa9dbe788719,OLDER_DS24_CAMPAIGN,,DELL,,,False,,INELIGIBLE_WRONG_OR_LOWER_AUTHORITY_CLASS,REJECTED,No eligible terminal tournament authority; lower-authority source rejected.
gradient_boosting,docs/dream_system/components/DS-24_independent_five_minute_selector/stage_outputs/ds24_p8_r14_e3g_c2_20260824T000000Z/R53B_13_completed_terminal_authority_recovery/R53B_candidate_result_inventory.csv,c2d0838f916e260f1d787d88362e46ec7f61c6274ffac329c072aa9dbe788719,OLDER_DS24_CAMPAIGN,,DELL,,,False,,INELIGIBLE_WRONG_OR_LOWER_AUTHORITY_CLASS,REJECTED,No eligible terminal tournament authority; lower-authority source rejected.
gradient_boosting,docs/dream_system/components/DS-24_independent_five_minute_selector/stage_outputs/ds24_p8_r14_e3g_c2_20260824T000000Z/R53B_13_completed_terminal_authority_recovery/R53B_candidate_result_inventory.csv,c2d0838f916e260f1d787d88362e46ec7f61c6274ffac329c072aa9dbe788719,OLDER_DS24_CAMPAIGN,,DELL,,,False,,INELIGIBLE_WRONG_OR_LOWER_AUTHORITY_CLASS,REJECTED,No eligible terminal tournament authority; lower-authority source rejected.
gradient_boosting,docs/dream_system/components/DS-24_independent_five_minute_selector/stage_outputs/ds24_p8_r14_e3g_c2_20260824T000000Z/R53B_13_completed_terminal_authority_recovery/R53B_candidate_result_inventory.csv,c2d0838f916e260f1d787d88362e46ec7f61c6274ffac329c072aa9dbe788719,OLDER_DS24_CAMPAIGN,,DELL,,,False,,INELIGIBLE_WRONG_OR_LOWER_AUTHORITY_CLASS,REJECTED,No eligible terminal tournament authority; lower-authority source rejected.
gradient_boosting,docs/dream_system/components/DS-24_independent_five_minute_selector/stage_outputs/ds24_p8_r14_e3g_c2_20260824T000000Z/R53B_13_completed_terminal_authority_recovery/R53B_candidate_result_inventory.csv,c2d0838f916e260f1d787d88362e46ec7f61c6274ffac329c072aa9dbe788719,OLDER_DS24_CAMPAIGN,,DELL,,,False,,INELIGIBLE_WRONG_OR_LOWER_AUTHORITY_CLASS,REJECTED,No eligible terminal tournament authority; lower-authority source rejected.
gradient_boosting,docs/dream_system/components/DS-24_independent_five_minute_selector/stage_outputs/ds24_p8_r14_e3g_c2_20260824T000000Z/R53B_13_completed_terminal_authority_recovery/R53B_candidate_result_inventory.csv,c2d0838f916e260f1d787d88362e46ec7f61c6274ffac329c072aa9dbe788719,OLDER_DS24_CAMPAIGN,,DELL,,,False,,INELIGIBLE_WRONG_OR_LOWER_AUTHORITY_CLASS,REJECTED,No eligible terminal tournament authority; lower-authority source rejected.
gradient_boosting,docs/dream_system/components/DS-24_independent_five_minute_selector/stage_outputs/ds24_p8_r14_e3g_c2_20260824T000000Z/R53B_13_completed_terminal_authority_recovery/R53B_candidate_result_inventory.csv,c2d0838f916e260f1d787d88362e46ec7f61c6274ffac329c072aa9dbe788719,OLDER_DS24_CAMPAIGN,,DELL,,,False,,INELIGIBLE_WRONG_OR_LOWER_AUTHORITY_CLASS,REJECTED,No eligible terminal tournament authority; lower-authority source rejected.
gradient_boosting,docs/dream_system/components/DS-24_independent_five_minute_selector/stage_outputs/ds24_p8_r14_e3g_c2_20260824T000000Z/R53B_13_completed_terminal_authority_recovery/R53B_candidate_result_inventory.csv,c2d0838f916e260f1d787d88362e46ec7f61c6274ffac329c072aa9dbe788719,OLDER_DS24_CAMPAIGN,,DELL,,,False,,INELIGIBLE_TRANSFER_NOT_LOCAL,REJECTED,Transfer or source estate missing locally.
gradient_boosting,docs/dream_system/components/DS-24_independent_five_minute_selector/stage_outputs/ds24_p8_r14_e3g_c2_20260824T000000Z/R53B_13_completed_terminal_authority_recovery/R53B_candidate_result_inventory.csv,c2d0838f916e260f1d787d88362e46ec7f61c6274ffac329c072aa9dbe788719,OLDER_DS24_CAMPAIGN,,DELL,,,False,,INELIGIBLE_WRONG_OR_LOWER_AUTHORITY_CLASS,REJECTED,No eligible terminal tournament authority; lower-authority source rejected.
gradient_boosting,docs/dream_system/components/DS-24_independent_five_minute_selector/stage_outputs/ds24_p8_r14_e3g_c2_20260824T000000Z/R53B_13_completed_terminal_authority_recovery/R53B_candidate_result_inventory.csv,c2d0838f916e260f1d787d88362e46ec7f61c6274ffac329c072aa9dbe788719,OLDER_DS24_CAMPAIGN,,DELL,,,False,,INELIGIBLE_WRONG_OR_LOWER_AUTHORITY_CLASS,REJECTED,No eligible terminal tournament authority; lower-authority source rejected.
gradient_boosting,docs/dream_system/components/DS-24_independent_five_minute_selector/stage_outputs/ds24_p8_r14_e3g_c2_20260824T000000Z/R53B_13_completed_terminal_authority_recovery/R53B_candidate_result_inventory.csv,c2d0838f916e260f1d787d88362e46ec7f61c6274ffac329c072aa9dbe788719,OLDER_DS24_CAMPAIGN,,DELL,,,False,,INELIGIBLE_WRONG_OR_LOWER_AUTHORITY_CLASS,REJECTED,No eligible terminal tournament authority; lower-authority source rejected.
gradient_boosting,docs/dream_system/components/DS-24_independent_five_minute_selector/stage_outputs/ds24_p8_r14_e3g_c2_20260824T000000Z/R53B_13_completed_terminal_authority_recovery/R53B_candidate_result_inventory.csv,c2d0838f916e260f1d787d88362e46ec7f61c6274ffac329c072aa9dbe788719,OLDER_DS24_CAMPAIGN,,DELL,,,False,,INELIGIBLE_WRONG_OR_LOWER_AUTHORITY_CLASS,REJECTED,No eligible terminal tournament authority; lower-authority source rejected.
gradient_boosting,docs/dream_system/components/DS-24_independent_five_minute_selector/stage_outputs/ds24_p8_r14_e3g_c2_20260824T000000Z/R53B_13_completed_terminal_authority_recovery/R53B_candidate_result_inventory.csv,c2d0838f916e260f1d787d88362e46ec7f61c6274ffac329c072aa9dbe788719,OLDER_DS24_CAMPAIGN,,DELL,,,False,,INELIGIBLE_WRONG_OR_LOWER_AUTHORITY_CLASS,REJECTED,No eligible terminal tournament authority; lower-authority source rejected.
gradient_boosting,docs/dream_system/components/DS-24_independent_five_minute_selector/stage_outputs/ds24_p8_r14_e3g_c2_20260824T000000Z/R53B_13_completed_terminal_authority_recovery/R53B_candidate_result_inventory.csv,c2d0838f916e260f1d787d88362e46ec7f61c6274ffac329c072aa9dbe788719,OLDER_DS24_CAMPAIGN,,DELL,,,False,,INELIGIBLE_WRONG_OR_LOWER_AUTHORITY_CLASS,REJECTED,No eligible terminal tournament authority; lower-authority source rejected.
gradient_boosting,docs/dream_system/components/DS-24_independent_five_minute_selector/stage_outputs/ds24_p8_r14_e3g_c2_20260824T000000Z/R53B_13_completed_terminal_authority_recovery/R53B_candidate_result_inventory.csv,c2d0838f916e260f1d787d88362e46ec7f61c6274ffac329c072aa9dbe788719,OLDER_DS24_CAMPAIGN,,DELL,,,False,,INELIGIBLE_WRONG_OR_LOWER_AUTHORITY_CLASS,REJECTED,No eligible terminal tournament authority; lower-authority source rejected.
gradient_boosting,docs/dream_system/components/DS-24_independent_five_minute_selector/stage_outputs/ds24_p8_r14_e3g_c2_20260824T000000Z/R53B_13_completed_terminal_authority_recovery/R53B_candidate_result_inventory.csv,c2d0838f916e260f1d787d88362e46ec7f61c6274ffac329c072aa9dbe788719,OLDER_DS24_CAMPAIGN,,DELL,,,False,,INELIGIBLE_WRONG_OR_LOWER_AUTHORITY_CLASS,REJECTED,No eligible terminal tournament authority; lower-authority source rejected.
gradient_boosting,docs/dream_system/components/DS-24_independent_five_minute_selector/stage_outputs/ds24_p8_r14_e3g_c2_20260824T000000Z/R53B_13_completed_terminal_authority_recovery/R53B_candidate_result_inventory.csv,c2d0838f916e260f1d787d88362e46ec7f61c6274ffac329c072aa9dbe788719,OLDER_DS24_CAMPAIGN,,DELL,,,False,,INELIGIBLE_WRONG_OR_LOWER_AUTHORITY_CLASS,REJECTED,No eligible terminal tournament authority; lower-authority source rejected.
gradient_boosting,docs/dream_system/components/DS-24_independent_five_minute_selector/stage_outputs/ds24_p8_r14_e3g_c2_20260824T000000Z/R53B_13_completed_terminal_authority_recovery/R53B_candidate_result_inventory.csv,c2d0838f916e260f1d787d88362e46ec7f61c6274ffac329c072aa9dbe788719,OLDER_DS24_CAMPAIGN,,DELL,,,False,,INELIGIBLE_WRONG_OR_LOWER_AUTHORITY_CLASS,REJECTED,No eligible terminal tournament authority; lower-authority source rejected.
gradient_boosting,docs/dream_system/components/DS-24_independent_five_minute_selector/stage_outputs/ds24_p8_r14_e3g_c2_20260824T000000Z/R53B_13_completed_terminal_authority_recovery/R53B_candidate_result_inventory.csv,c2d0838f916e260f1d787d88362e46ec7f61c6274ffac329c072aa9dbe788719,OLDER_DS24_CAMPAIGN,,DELL,,,False,,INELIGIBLE_WRONG_OR_LOWER_AUTHORITY_CLASS,REJECTED,No eligible terminal tournament authority; lower-authority source rejected.
gradient_boosting,docs/dream_system/components/DS-24_independent_five_minute_selector/stage_outputs/ds24_p8_r14_e3g_c2_20260824T000000Z/R53B_13_completed_terminal_authority_recovery/R53B_candidate_result_inventory.csv,c2d0838f916e260f1d787d88362e46ec7f61c6274ffac329c072aa9dbe788719,OLDER_DS24_CAMPAIGN,,DELL,,,False,,INELIGIBLE_WRONG_OR_LOWER_AUTHORITY_CLASS,REJECTED,No eligible terminal tournament authority; lower-authority source rejected.
gradient_boosting,docs/dream_system/components/DS-24_independent_five_minute_selector/stage_outputs/ds24_p8_r14_e3g_c2_20260824T000000Z/R53B_13_completed_terminal_authority_recovery/R53B_candidate_result_inventory.csv,c2d0838f916e260f1d787d88362e46ec7f61c6274ffac329c072aa9dbe788719,OLDER_DS24_CAMPAIGN,,DELL,,,False,,INELIGIBLE_WRONG_OR_LOWER_AUTHORITY_CLASS,REJECTED,No eligible terminal tournament authority; lower-authority source rejected.
gradient_boosting,docs/dream_system/components/DS-24_independent_five_minute_selector/stage_outputs/ds24_p8_r14_e3g_c2_20260824T000000Z/R53B_13_completed_terminal_authority_recovery/R53B_candidate_result_inventory.csv,c2d0838f916e260f1d787d88362e46ec7f61c6274ffac329c072aa9dbe788719,OLDER_DS24_CAMPAIGN,,DELL,,,False,,INELIGIBLE_WRONG_OR_LOWER_AUTHORITY_CLASS,REJECTED,No eligible terminal tournament authority; lower-authority source rejected.
gradient_boosting,docs/dream_system/components/DS-24_independent_five_minute_selector/stage_outputs/ds24_p8_r14_e3g_c2_20260824T000000Z/R53B_13_completed_terminal_authority_recovery/R53B_candidate_result_inventory.csv,c2d0838f916e260f1d787d88362e46ec7f61c6274ffac329c072aa9dbe788719,OLDER_DS24_CAMPAIGN,,DELL,,,False,,INELIGIBLE_WRONG_OR_LOWER_AUTHORITY_CLASS,REJECTED,No eligible terminal tournament authority; lower-authority source rejected.
gradient_boosting,docs/dream_system/components/DS-24_independent_five_minute_selector/stage_outputs/ds24_p8_r14_e3g_c2_20260824T000000Z/R53B_13_completed_terminal_authority_recovery/R53B_candidate_result_inventory.csv,c2d0838f916e260f1d787d88362e46ec7f61c6274ffac329c072aa9dbe788719,OLDER_DS24_CAMPAIGN,,DELL,,,False,,INELIGIBLE_WRONG_OR_LOWER_AUTHORITY_CLASS,REJECTED,No eligible terminal tournament authority; lower-authority source rejected.
gradient_boosting,docs/dream_system/components/DS-24_independent_five_minute_selector/stage_outputs/ds24_p8_r14_e3g_c2_20260824T000000Z/R53B_13_completed_terminal_authority_recovery/R53B_candidate_result_inventory.csv,c2d0838f916e260f1d787d88362e46ec7f61c6274ffac329c072aa9dbe788719,OLDER_DS24_CAMPAIGN,,DELL,,,False,,INELIGIBLE_WRONG_OR_LOWER_AUTHORITY_CLASS,REJECTED,No eligible terminal tournament authority; lower-authority source rejected.
gradient_boosting,docs/dream_system/components/DS-24_independent_five_minute_selector/stage_outputs/ds24_p8_r14_e3g_c2_20260824T000000Z/R53B_13_completed_terminal_authority_recovery/R53B_candidate_result_inventory.csv,c2d0838f916e260f1d787d88362e46ec7f61c6274ffac329c072aa9dbe788719,OLDER_DS24_CAMPAIGN,,DELL,,,False,,INELIGIBLE_WRONG_OR_LOWER_AUTHORITY_CLASS,REJECTED,No eligible terminal tournament authority; lower-authority source rejected.
gradient_boosting,docs/dream_system/components/DS-24_independent_five_minute_selector/stage_outputs/ds24_p8_r14_e3g_c2_20260824T000000Z/R53B_13_completed_terminal_authority_recovery/R53B_candidate_result_inventory.csv,c2d0838f916e260f1d787d88362e46ec7f61c6274ffac329c072aa9dbe788719,OLDER_DS24_CAMPAIGN,,DELL,,,False,,INELIGIBLE_WRONG_OR_LOWER_AUTHORITY_CLASS,REJECTED,No eligible terminal tournament authority; lower-authority source rejected.
gradient_boosting,docs/dream_system/components/DS-24_independent_five_minute_selector/stage_outputs/ds24_p8_r14_e3g_c2_20260824T000000Z/R53B_13_completed_terminal_authority_recovery/R53B_candidate_result_inventory.csv,c2d0838f916e260f1d787d88362e46ec7f61c6274ffac329c072aa9dbe788719,OLDER_DS24_CAMPAIGN,,DELL,,,False,,INELIGIBLE_WRONG_OR_LOWER_AUTHORITY_CLASS,REJECTED,No eligible terminal tournament authority; lower-authority source rejected.
gradient_boosting,docs/dream_system/components/DS-24_independent_five_minute_selector/stage_outputs/ds24_p8_r14_e3g_c2_20260824T000000Z/R53B_13_completed_terminal_authority_recovery/R53B_candidate_result_inventory.csv,c2d0838f916e260f1d787d88362e46ec7f61c6274ffac329c072aa9dbe788719,OLDER_DS24_CAMPAIGN,,DELL,,,False,,INELIGIBLE_WRONG_OR_LOWER_AUTHORITY_CLASS,REJECTED,No eligible terminal tournament authority; lower-authority source rejected.
gradient_boosting,docs/dream_system/components/DS-24_independent_five_minute_selector/stage_outputs/ds24_p8_r14_e3g_c2_20260824T000000Z/R53B_13_completed_terminal_authority_recovery/R53B_candidate_result_inventory.csv,c2d0838f916e260f1d787d88362e46ec7f61c6274ffac329c072aa9dbe788719,OLDER_DS24_CAMPAIGN,,DELL,,,False,,INELIGIBLE_WRONG_OR_LOWER_AUTHORITY_CLASS,REJECTED,No eligible terminal tournament authority; lower-authority source rejected.
gradient_boosting,docs/dream_system/components/DS-24_independent_five_minute_selector/stage_outputs/ds24_p8_r14_e3g_c2_20260824T000000Z/R53B_13_completed_terminal_authority_recovery/R53B_candidate_result_inventory.csv,c2d0838f916e260f1d787d88362e46ec7f61c6274ffac329c072aa9dbe788719,OLDER_DS24_CAMPAIGN,,DELL,,,False,,INELIGIBLE_WRONG_OR_LOWER_AUTHORITY_CLASS,REJECTED,No eligible terminal tournament authority; lower-authority source rejected.
gradient_boosting,docs/dream_system/components/DS-24_independent_five_minute_selector/stage_outputs/ds24_p8_r14_e3g_c2_20260824T000000Z/R53B_13_completed_terminal_authority_recovery/R53B_candidate_result_inventory.csv,c2d0838f916e260f1d787d88362e46ec7f61c6274ffac329c072aa9dbe788719,OLDER_DS24_CAMPAIGN,,DELL,,,False,,INELIGIBLE_WRONG_OR_LOWER_AUTHORITY_CLASS,REJECTED,No eligible terminal tournament authority; lower-authority source rejected.
gradient_boosting,docs/dream_system/components/DS-24_independent_five_minute_selector/stage_outputs/ds24_p8_r14_e3g_c2_20260824T000000Z/R53B_13_completed_terminal_authority_recovery/R53B_candidate_result_inventory.csv,c2d0838f916e260f1d787d88362e46ec7f61c6274ffac329c072aa9dbe788719,OLDER_DS24_CAMPAIGN,,DELL,,,False,,INELIGIBLE_WRONG_OR_LOWER_AUTHORITY_CLASS,REJECTED,No eligible terminal tournament authority; lower-authority source rejected.
gradient_boosting,docs/dream_system/components/DS-24_independent_five_minute_selector/stage_outputs/ds24_p8_r14_e3g_c2_20260824T000000Z/R53B_13_completed_terminal_authority_recovery/R53B_candidate_result_inventory.csv,c2d0838f916e260f1d787d88362e46ec7f61c6274ffac329c072aa9dbe788719,OLDER_DS24_CAMPAIGN,,DELL,,,False,,INELIGIBLE_WRONG_OR_LOWER_AUTHORITY_CLASS,REJECTED,No eligible terminal tournament authority; lower-authority source rejected.
gradient_boosting,docs/dream_system/components/DS-24_independent_five_minute_selector/stage_outputs/ds24_p8_r14_e3g_c2_20260824T000000Z/R53B_13_completed_terminal_authority_recovery/R53B_candidate_result_inventory.csv,c2d0838f916e260f1d787d88362e46ec7f61c6274ffac329c072aa9dbe788719,OLDER_DS24_CAMPAIGN,,DELL,,,False,,INELIGIBLE_WRONG_OR_LOWER_AUTHORITY_CLASS,REJECTED,No eligible terminal tournament authority; lower-authority source rejected.
gradient_boosting,docs/dream_system/components/DS-24_independent_five_minute_selector/stage_outputs/ds24_p8_r14_e3g_c2_20260824T000000Z/R53B_13_completed_terminal_authority_recovery/R53B_candidate_result_inventory.csv,c2d0838f916e260f1d787d88362e46ec7f61c6274ffac329c072aa9dbe788719,OLDER_DS24_CAMPAIGN,,DELL,,,False,,INELIGIBLE_WRONG_OR_LOWER_AUTHORITY_CLASS,REJECTED,No eligible terminal tournament authority; lower-authority source rejected.
gradient_boosting,docs/dream_system/components/DS-24_independent_five_minute_selector/stage_outputs/ds24_p8_r14_e3g_c2_20260824T000000Z/R53B_13_completed_terminal_authority_recovery/R53B_candidate_result_inventory.csv,c2d0838f916e260f1d787d88362e46ec7f61c6274ffac329c072aa9dbe788719,OLDER_DS24_CAMPAIGN,,DELL,,,False,,INELIGIBLE_WRONG_OR_LOWER_AUTHORITY_CLASS,REJECTED,No eligible terminal tournament authority; lower-authority source rejected.
gradient_boosting,docs/dream_system/components/DS-24_independent_five_minute_selector/stage_outputs/ds24_p8_r3_20260822T000000Z/53_uncertainty_results.csv,c1eb136defadfd8d1ad3a91a88ba44f4478af669db8f715dec5f6ce2084a1f35,OLDER_DS24_CAMPAIGN,,DELL,,,False,,INELIGIBLE_WRONG_OR_LOWER_AUTHORITY_CLASS,REJECTED,No eligible terminal tournament authority; lower-authority source rejected.
gradient_boosting,docs/dream_system/components/DS-24_independent_five_minute_selector/stage_outputs/ds24_p8_r14_e3g_c2_20260824T000000Z/r7_r14_policy_workers/gradient_boosting/metrics_only_v3_r40_gradient_boosting/checkpoint.json,064cf282f1f97ccd7638c35026acac4438faaf672e956536be6d7564323d16bb,UNKNOWN,,DELL,,,False,,INELIGIBLE_WRONG_OR_LOWER_AUTHORITY_CLASS,REJECTED,No eligible terminal tournament authority; lower-authority source rejected.
gradient_boosting,docs/dream_system/components/DS-24_independent_five_minute_selector/stage_outputs/ds24_p8_r14_e3g_c2_20260824T000000Z/r7_r14_policy_workers/gradient_boosting/metrics_only_v3_r40_gradient_boosting/rank_ic_v3_manifest.json,25defaa1bccc52bd488d0936f5d9da73a918d171ea6be94490b19e9b9a91088b,UNKNOWN,,DELL,,,False,,INELIGIBLE_WRONG_OR_LOWER_AUTHORITY_CLASS,REJECTED,No eligible terminal tournament authority; lower-authority source rejected.
gradient_boosting,docs/dream_system/components/DS-24_independent_five_minute_selector/stage_outputs/ds24_p8_r14_e3g_c2_20260824T000000Z/r7_r14_policy_workers/gradient_boosting/progress.json,13bc0f8a606daefb50922089ba9668100d19451367f0da09bf1506b543ca2bfe,UNKNOWN,ds24_p8_r14_e3g_c2_r7_r14_20260824T000000Z,DELL,,,False,,INELIGIBLE_WRONG_OR_LOWER_AUTHORITY_CLASS,REJECTED,No eligible terminal tournament authority; lower-authority source rejected.
lightgbm_rank_xendcg,docs/dream_system/components/DS-24_independent_five_minute_selector/stage_outputs/ds24_p8_r14_e3g_c2_20260824T000000Z/R47A_xendcg_import_authority.json,e2fdb969741605232f2f80f905219efdf070de191f6a22860a02aa0ef26d9db6,CURRENT_DS24_IMPORTED_MAC_TERMINAL,MAC_LIGHTGBM_RANK_XENDCG_COMPLETE_TRANSFERRED_AUTHORITY,MAC,2016-01-05T14:35:00+00:00,2024-12-31T20:00:00+00:00,True,mean_spearman_rank_ic|pearson_ic|ndcg|ndcg_at_20|directional_accuracy|top_n_hit_rate|annualized_return|annualized_volatility|sharpe|maximum_drawdown,ELIGIBLE_TERMINAL_AUTHORITY,SELECTED,
lightgbm_rank_xendcg,mac_aux_runs/queue=DS24_MAC_AUX_NINE_FAMILY_R1/family=lightgbm_rank_xendcg/family_execution_summary.json,bb68578b0a75d952def54ef3d6de800a1ff4fe99c0db7da0a38e691749006a06,CURRENT_DS24_MAC_TERMINAL,,MAC,,,True,,ELIGIBLE_TERMINAL_AUTHORITY,REJECTED,Lower-precedence or wrong lineage source rejected.
lightgbm_rank_xendcg,mac_aux_runs/queue=DS24_MAC_AUX_NINE_FAMILY_R1/family=lightgbm_rank_xendcg/metrics_only_v3/resolved_performance_summary_v3.json,95d86023e1c50fe8b2599668d7d8f3313eff8ce178e16e2c425601296c8c1a7c,CURRENT_DS24_PARTIAL_PROGRESS,,MAC,,,False,mean_spearman_rank_ic,INELIGIBLE_PARTIAL_WINDOW_NOT_TERMINAL,REJECTED,PARTIAL_WINDOW_NOT_TERMINAL; selected terminal authority supersedes this source.
lightgbm_rank_xendcg,docs/dream_system/components/DS-24_independent_five_minute_selector/stage_outputs/ds24_p8_r14_e3g_c2_20260824T000000Z/R53B_13_completed_terminal_authority_recovery/R53B_FINAL_13_COMPLETED_MODEL_SCORECARD.csv,d2167474fb815d530ec447f8e8f45f8f555c6dd2fba3b79750cc42386e6c5b40,OLDER_DS24_CAMPAIGN,,DELL,,,False,mean_spearman_rank_ic|sharpe,INELIGIBLE_TRANSFER_NOT_LOCAL,REJECTED,Transfer or source estate missing locally.
lightgbm_rank_xendcg,docs/dream_system/components/DS-24_independent_five_minute_selector/stage_outputs/ds24_p8_r14_e3g_c2_20260824T000000Z/R53B_13_completed_terminal_authority_recovery/R53B_accepted_rank_ic_leaderboard.csv,b9f4385a40dce32d44b3e4a2ad01806278054801f1d91734385b3cf61fcda4ff,OLDER_DS24_CAMPAIGN,,DELL,,,False,mean_spearman_rank_ic|sharpe,INELIGIBLE_TRANSFER_NOT_LOCAL,REJECTED,Transfer or source estate missing locally.
lightgbm_rank_xendcg,docs/dream_system/components/DS-24_independent_five_minute_selector/stage_outputs/ds24_p8_r14_e3f_20260823T000000Z/40_f1_results_v2.csv,feb365eb49e3390b2983cd3449e8f1f06d6f12b94f5257740cf78508bf5fea3f,OLDER_DS24_CAMPAIGN,,DELL,,,False,mean_spearman_rank_ic,INELIGIBLE_WRONG_OR_LOWER_AUTHORITY_CLASS,REJECTED,Lower-precedence or wrong lineage source rejected.
lightgbm_rank_xendcg,docs/dream_system/components/DS-24_independent_five_minute_selector/stage_outputs/ds24_p8_r14_e3g_c1_20260823T000000Z/23_ranking_scale_results.csv,18f673fa61da2d578ee3e40c281353b9b8e8961aeaaa2401955c6138ffa11f9d,OLDER_DS24_CAMPAIGN,,DELL,2019-01-01T00:00:00+00:00,2023-12-31T23:59:59+00:00,False,mean_spearman_rank_ic,INELIGIBLE_WRONG_OR_LOWER_AUTHORITY_CLASS,REJECTED,Lower-precedence or wrong lineage source rejected.
lightgbm_rank_xendcg,docs/dream_system/components/DS-24_independent_five_minute_selector/stage_outputs/ds24_p8_r14_e3g_c1_20260823T000000Z/31_scale_stability_results.csv,c27931c0584338c1ee8b1a0997735945023986bbd3e95bc21696d6b5c6ff8b3a,OLDER_DS24_CAMPAIGN,,DELL,,,False,mean_spearman_rank_ic,INELIGIBLE_WRONG_OR_LOWER_AUTHORITY_CLASS,REJECTED,Lower-precedence or wrong lineage source rejected.
lightgbm_rank_xendcg,docs/dream_system/components/DS-24_independent_five_minute_selector/stage_outputs/ds24_p8_r14_e3g_c2_20260824T000000Z/R53B_13_completed_terminal_authority_recovery/R53B_candidate_result_inventory.csv,c2d0838f916e260f1d787d88362e46ec7f61c6274ffac329c072aa9dbe788719,OLDER_DS24_CAMPAIGN,,DELL,,,False,,INELIGIBLE_WRONG_OR_LOWER_AUTHORITY_CLASS,REJECTED,Lower-precedence or wrong lineage source rejected.
lightgbm_rank_xendcg,docs/dream_system/components/DS-24_independent_five_minute_selector/stage_outputs/ds24_p8_r14_e3g_c2_20260824T000000Z/R53B_13_completed_terminal_authority_recovery/R53B_candidate_result_inventory.csv,c2d0838f916e260f1d787d88362e46ec7f61c6274ffac329c072aa9dbe788719,OLDER_DS24_CAMPAIGN,,DELL,,,False,,INELIGIBLE_WRONG_OR_LOWER_AUTHORITY_CLASS,REJECTED,Lower-precedence or wrong lineage source rejected.
lightgbm_rank_xendcg,docs/dream_system/components/DS-24_independent_five_minute_selector/stage_outputs/ds24_p8_r14_e3g_c2_20260824T000000Z/R53B_13_completed_terminal_authority_recovery/R53B_candidate_result_inventory.csv,c2d0838f916e260f1d787d88362e46ec7f61c6274ffac329c072aa9dbe788719,OLDER_DS24_CAMPAIGN,,DELL,,,False,,INELIGIBLE_WRONG_OR_LOWER_AUTHORITY_CLASS,REJECTED,Lower-precedence or wrong lineage source rejected.
lightgbm_rank_xendcg,docs/dream_system/components/DS-24_independent_five_minute_selector/stage_outputs/ds24_p8_r14_e3g_c2_20260824T000000Z/R53B_13_completed_terminal_authority_recovery/R53B_candidate_result_inventory.csv,c2d0838f916e260f1d787d88362e46ec7f61c6274ffac329c072aa9dbe788719,OLDER_DS24_CAMPAIGN,,DELL,,,False,,INELIGIBLE_TRANSFER_NOT_LOCAL,REJECTED,Transfer or source estate missing locally.
lightgbm_rank_xendcg,docs/dream_system/components/DS-24_independent_five_minute_selector/stage_outputs/ds24_p8_r14_e3g_c2_20260824T000000Z/R53B_13_completed_terminal_authority_recovery/R53B_candidate_result_inventory.csv,c2d0838f916e260f1d787d88362e46ec7f61c6274ffac329c072aa9dbe788719,OLDER_DS24_CAMPAIGN,,DELL,,,False,,INELIGIBLE_TRANSFER_NOT_LOCAL,REJECTED,Transfer or source estate missing locally.
lightgbm_rank_xendcg,docs/dream_system/components/DS-24_independent_five_minute_selector/stage_outputs/ds24_p8_r14_e3g_c2_20260824T000000Z/R53B_13_completed_terminal_authority_recovery/R53B_candidate_result_inventory.csv,c2d0838f916e260f1d787d88362e46ec7f61c6274ffac329c072aa9dbe788719,OLDER_DS24_CAMPAIGN,,DELL,,,False,,INELIGIBLE_WRONG_OR_LOWER_AUTHORITY_CLASS,REJECTED,Lower-precedence or wrong lineage source rejected.
lightgbm_rank_xendcg,docs/dream_system/components/DS-24_independent_five_minute_selector/stage_outputs/ds24_p8_r14_e3g_c2_20260824T000000Z/R53B_13_completed_terminal_authority_recovery/R53B_candidate_result_inventory.csv,c2d0838f916e260f1d787d88362e46ec7f61c6274ffac329c072aa9dbe788719,OLDER_DS24_CAMPAIGN,,DELL,,,False,,INELIGIBLE_WRONG_OR_LOWER_AUTHORITY_CLASS,REJECTED,Lower-precedence or wrong lineage source rejected.
lightgbm_rank_xendcg,docs/dream_system/components/DS-24_independent_five_minute_selector/stage_outputs/ds24_p8_r14_e3g_c2_20260824T000000Z/R53B_13_completed_terminal_authority_recovery/R53B_candidate_result_inventory.csv,c2d0838f916e260f1d787d88362e46ec7f61c6274ffac329c072aa9dbe788719,OLDER_DS24_CAMPAIGN,,DELL,,,False,,INELIGIBLE_WRONG_OR_LOWER_AUTHORITY_CLASS,REJECTED,Lower-precedence or wrong lineage source rejected.
lightgbm_rank_xendcg,docs/dream_system/components/DS-24_independent_five_minute_selector/stage_outputs/ds24_p8_r14_e3g_c2_20260824T000000Z/R53B_13_completed_terminal_authority_recovery/R53B_candidate_result_inventory.csv,c2d0838f916e260f1d787d88362e46ec7f61c6274ffac329c072aa9dbe788719,OLDER_DS24_CAMPAIGN,,DELL,,,False,,INELIGIBLE_WRONG_OR_LOWER_AUTHORITY_CLASS,REJECTED,Lower-precedence or wrong lineage source rejected.
lightgbm_rank_xendcg,docs/dream_system/components/DS-24_independent_five_minute_selector/stage_outputs/ds24_p8_r14_e3g_c2_20260824T000000Z/R53B_13_completed_terminal_authority_recovery/R53B_candidate_result_inventory.csv,c2d0838f916e260f1d787d88362e46ec7f61c6274ffac329c072aa9dbe788719,OLDER_DS24_CAMPAIGN,,DELL,,,False,,INELIGIBLE_WRONG_OR_LOWER_AUTHORITY_CLASS,REJECTED,Lower-precedence or wrong lineage source rejected.
lightgbm_rank_xendcg,docs/dream_system/components/DS-24_independent_five_minute_selector/stage_outputs/ds24_p8_r14_e3g_c2_20260824T000000Z/R53B_13_completed_terminal_authority_recovery/R53B_candidate_result_inventory.csv,c2d0838f916e260f1d787d88362e46ec7f61c6274ffac329c072aa9dbe788719,OLDER_DS24_CAMPAIGN,,DELL,,,False,,INELIGIBLE_WRONG_OR_LOWER_AUTHORITY_CLASS,REJECTED,Lower-precedence or wrong lineage source rejected.
lightgbm_rank_xendcg,docs/dream_system/components/DS-24_independent_five_minute_selector/stage_outputs/ds24_p8_r14_e3g_c2_20260824T000000Z/R53B_13_completed_terminal_authority_recovery/R53B_candidate_result_inventory.csv,c2d0838f916e260f1d787d88362e46ec7f61c6274ffac329c072aa9dbe788719,OLDER_DS24_CAMPAIGN,,DELL,,,False,,INELIGIBLE_WRONG_OR_LOWER_AUTHORITY_CLASS,REJECTED,Lower-precedence or wrong lineage source rejected.
lightgbm_rank_xendcg,docs/dream_system/components/DS-24_independent_five_minute_selector/stage_outputs/ds24_p8_r14_e3g_c2_20260824T000000Z/R53B_13_completed_terminal_authority_recovery/R53B_candidate_result_inventory.csv,c2d0838f916e260f1d787d88362e46ec7f61c6274ffac329c072aa9dbe788719,OLDER_DS24_CAMPAIGN,,DELL,,,False,,INELIGIBLE_WRONG_OR_LOWER_AUTHORITY_CLASS,REJECTED,Lower-precedence or wrong lineage source rejected.
lightgbm_rank_xendcg,docs/dream_system/components/DS-24_independent_five_minute_selector/stage_outputs/ds24_p8_r14_e3g_c2_20260824T000000Z/R53B_13_completed_terminal_authority_recovery/R53B_candidate_result_inventory.csv,c2d0838f916e260f1d787d88362e46ec7f61c6274ffac329c072aa9dbe788719,OLDER_DS24_CAMPAIGN,,DELL,,,False,,INELIGIBLE_WRONG_OR_LOWER_AUTHORITY_CLASS,REJECTED,Lower-precedence or wrong lineage source rejected.
lightgbm_rank_xendcg,docs/dream_system/components/DS-24_independent_five_minute_selector/stage_outputs/ds24_p8_r14_e3g_c2_20260824T000000Z/R53B_13_completed_terminal_authority_recovery/R53B_candidate_result_inventory.csv,c2d0838f916e260f1d787d88362e46ec7f61c6274ffac329c072aa9dbe788719,OLDER_DS24_CAMPAIGN,,DELL,,,False,,INELIGIBLE_WRONG_OR_LOWER_AUTHORITY_CLASS,REJECTED,Lower-precedence or wrong lineage source rejected.
lightgbm_rank_xendcg,docs/dream_system/components/DS-24_independent_five_minute_selector/stage_outputs/ds24_p8_r14_e3g_c2_20260824T000000Z/R53B_13_completed_terminal_authority_recovery/R53B_candidate_result_inventory.csv,c2d0838f916e260f1d787d88362e46ec7f61c6274ffac329c072aa9dbe788719,OLDER_DS24_CAMPAIGN,,DELL,,,False,,INELIGIBLE_TRANSFER_NOT_LOCAL,REJECTED,Transfer or source estate missing locally.
lightgbm_rank_xendcg,docs/dream_system/components/DS-24_independent_five_minute_selector/stage_outputs/ds24_p8_r14_e3g_c2_20260824T000000Z/R53B_13_completed_terminal_authority_recovery/R53B_candidate_result_inventory.csv,c2d0838f916e260f1d787d88362e46ec7f61c6274ffac329c072aa9dbe788719,OLDER_DS24_CAMPAIGN,,DELL,,,False,,INELIGIBLE_WRONG_OR_LOWER_AUTHORITY_CLASS,REJECTED,Lower-precedence or wrong lineage source rejected.
lightgbm_rank_xendcg,docs/dream_system/components/DS-24_independent_five_minute_selector/stage_outputs/ds24_p8_r14_e3g_c2_20260824T000000Z/R53B_13_completed_terminal_authority_recovery/R53B_candidate_result_inventory.csv,c2d0838f916e260f1d787d88362e46ec7f61c6274ffac329c072aa9dbe788719,OLDER_DS24_CAMPAIGN,,DELL,,,False,,INELIGIBLE_WRONG_OR_LOWER_AUTHORITY_CLASS,REJECTED,Lower-precedence or wrong lineage source rejected.
lightgbm_rank_xendcg,docs/dream_system/components/DS-24_independent_five_minute_selector/stage_outputs/ds24_p8_r14_e3g_c2_20260824T000000Z/R53B_13_completed_terminal_authority_recovery/R53B_candidate_result_inventory.csv,c2d0838f916e260f1d787d88362e46ec7f61c6274ffac329c072aa9dbe788719,OLDER_DS24_CAMPAIGN,,DELL,,,False,,INELIGIBLE_WRONG_OR_LOWER_AUTHORITY_CLASS,REJECTED,Lower-precedence or wrong lineage source rejected.
lightgbm_rank_xendcg,docs/dream_system/components/DS-24_independent_five_minute_selector/stage_outputs/ds24_p8_r14_e3g_c2_20260824T000000Z/R53B_13_completed_terminal_authority_recovery/R53B_candidate_result_inventory.csv,c2d0838f916e260f1d787d88362e46ec7f61c6274ffac329c072aa9dbe788719,OLDER_DS24_CAMPAIGN,,DELL,,,False,,INELIGIBLE_WRONG_OR_LOWER_AUTHORITY_CLASS,REJECTED,Lower-precedence or wrong lineage source rejected.
lightgbm_rank_xendcg,docs/dream_system/components/DS-24_independent_five_minute_selector/stage_outputs/ds24_p8_r14_e3g_c2_20260824T000000Z/R53B_13_completed_terminal_authority_recovery/R53B_candidate_result_inventory.csv,c2d0838f916e260f1d787d88362e46ec7f61c6274ffac329c072aa9dbe788719,OLDER_DS24_CAMPAIGN,,DELL,,,False,,INELIGIBLE_WRONG_OR_LOWER_AUTHORITY_CLASS,REJECTED,Lower-precedence or wrong lineage source rejected.
lightgbm_rank_xendcg,docs/dream_system/components/DS-24_independent_five_minute_selector/stage_outputs/ds24_p8_r14_e3g_c2_20260824T000000Z/R53B_13_completed_terminal_authority_recovery/R53B_candidate_result_inventory.csv,c2d0838f916e260f1d787d88362e46ec7f61c6274ffac329c072aa9dbe788719,OLDER_DS24_CAMPAIGN,,DELL,,,False,,INELIGIBLE_TRANSFER_NOT_LOCAL,REJECTED,Transfer or source estate missing locally.
lightgbm_rank_xendcg,docs/dream_system/components/DS-24_independent_five_minute_selector/stage_outputs/ds24_p8_r14_e3g_c2_20260824T000000Z/R53B_13_completed_terminal_authority_recovery/R53B_candidate_result_inventory.csv,c2d0838f916e260f1d787d88362e46ec7f61c6274ffac329c072aa9dbe788719,OLDER_DS24_CAMPAIGN,,DELL,,,False,,INELIGIBLE_WRONG_OR_LOWER_AUTHORITY_CLASS,REJECTED,Lower-precedence or wrong lineage source rejected.
lightgbm_rank_xendcg,docs/dream_system/components/DS-24_independent_five_minute_selector/stage_outputs/ds24_p8_r14_e3g_c2_20260824T000000Z/R53B_13_completed_terminal_authority_recovery/R53B_candidate_result_inventory.csv,c2d0838f916e260f1d787d88362e46ec7f61c6274ffac329c072aa9dbe788719,OLDER_DS24_CAMPAIGN,,DELL,,,False,,INELIGIBLE_WRONG_OR_LOWER_AUTHORITY_CLASS,REJECTED,Lower-precedence or wrong lineage source rejected.
lightgbm_rank_xendcg,docs/dream_system/components/DS-24_independent_five_minute_selector/stage_outputs/ds24_p8_r14_e3g_c2_20260824T000000Z/R53B_13_completed_terminal_authority_recovery/R53B_candidate_result_inventory.csv,c2d0838f916e260f1d787d88362e46ec7f61c6274ffac329c072aa9dbe788719,OLDER_DS24_CAMPAIGN,,DELL,,,False,,INELIGIBLE_WRONG_OR_LOWER_AUTHORITY_CLASS,REJECTED,Lower-precedence or wrong lineage source rejected.
lightgbm_rank_xendcg,docs/dream_system/components/DS-24_independent_five_minute_selector/stage_outputs/ds24_p8_r14_e3g_c2_20260824T000000Z/R53B_13_completed_terminal_authority_recovery/R53B_candidate_result_inventory.csv,c2d0838f916e260f1d787d88362e46ec7f61c6274ffac329c072aa9dbe788719,OLDER_DS24_CAMPAIGN,,DELL,,,False,,INELIGIBLE_WRONG_OR_LOWER_AUTHORITY_CLASS,REJECTED,Lower-precedence or wrong lineage source rejected.
lightgbm_rank_xendcg,docs/dream_system/components/DS-24_independent_five_minute_selector/stage_outputs/ds24_p8_r14_e3g_c2_20260824T000000Z/54_rankxendcg_status.json,851c8c4ce230a9d421ccd2f0eaf29ce8702afd8e61b8cf687128efd913ab4b30,UNKNOWN,,MAC,,,False,,INELIGIBLE_WRONG_OR_LOWER_AUTHORITY_CLASS,REJECTED,Lower-precedence or wrong lineage source rejected.
lightgbm_rank_xendcg,docs/dream_system/components/DS-24_independent_five_minute_selector/stage_outputs/ds24_p8_r14_e3g_c2_20260824T000000Z/R47A_xendcg_artifact_validation.json,5313bc2e42c1cce47ca6ec2a00e827060fcc2feb879fd37809bb6d101e3e808c,UNKNOWN,,MAC,,,False,,INELIGIBLE_TRANSFER_NOT_LOCAL,REJECTED,Transfer or source estate missing locally.
lightgbm_rank_xendcg,docs/dream_system/components/DS-24_independent_five_minute_selector/stage_outputs/ds24_p8_r14_e3g_c2_20260824T000000Z/R47A_xendcg_import_result.json,8b81abd0fdc7165be141cf7c1c438829e2e3f9b42454d7fd805c9266a798d981,UNKNOWN,MAC_LIGHTGBM_RANK_XENDCG_COMPLETE_TRANSFERRED_AUTHORITY,MAC,,,False,,INELIGIBLE_WRONG_OR_LOWER_AUTHORITY_CLASS,REJECTED,Lower-precedence or wrong lineage source rejected.
lightgbm_rank_xendcg,docs/dream_system/components/DS-24_independent_five_minute_selector/stage_outputs/ds24_p8_r14_e3g_c2_20260824T000000Z/R47A_xendcg_source_discovery.json,a3d20a5251b1075b854d98a7dcab9bfc2fdfec14be9b6b3f048d5342b949c673,UNKNOWN,DS24_MAC_AUX_NINE_FAMILY_R1,MAC,,,True,,INELIGIBLE_WRONG_OR_LOWER_AUTHORITY_CLASS,REJECTED,Lower-precedence or wrong lineage source rejected.
lightgbm_rank_xendcg,mac_aux_runs/queue=DS24_MAC_AUX_NINE_FAMILY_R1/family=lightgbm_rank_xendcg/ensemble_oof_scores_manifest_v2.json,65a49db5d67c0e6b165a00c432e5f75c68a47f6fccfbbeb90d6bdfa1a82514f6,UNKNOWN,DS24_MAC_AUX_NINE_FAMILY_R1,MAC,,,False,,INELIGIBLE_WRONG_OR_LOWER_AUTHORITY_CLASS,REJECTED,Lower-precedence or wrong lineage source rejected.
lightgbm_rank_xendcg,mac_aux_runs/queue=DS24_MAC_AUX_NINE_FAMILY_R1/family=lightgbm_rank_xendcg/metrics_only_v3/checkpoint.json,e380f3354cb751566be5c5d97c0b2108a32e239da6a0eca7353306bcc5ca291f,UNKNOWN,,MAC,,,False,,INELIGIBLE_WRONG_OR_LOWER_AUTHORITY_CLASS,REJECTED,Lower-precedence or wrong lineage source rejected.
lightgbm_lambdarank,docs/dream_system/components/DS-24_independent_five_minute_selector/stage_outputs/ds24_p8_r14_e3f_20260823T000000Z/40_f1_results_v2.csv,feb365eb49e3390b2983cd3449e8f1f06d6f12b94f5257740cf78508bf5fea3f,OLDER_DS24_CAMPAIGN,,DELL,,,False,mean_spearman_rank_ic,INELIGIBLE_WRONG_OR_LOWER_AUTHORITY_CLASS,REJECTED,No eligible terminal tournament authority; lower-authority source rejected.
lightgbm_lambdarank,docs/dream_system/components/DS-24_independent_five_minute_selector/stage_outputs/ds24_p8_r14_e3g_c1_20260823T000000Z/23_ranking_scale_results.csv,18f673fa61da2d578ee3e40c281353b9b8e8961aeaaa2401955c6138ffa11f9d,OLDER_DS24_CAMPAIGN,,DELL,2019-01-01T00:00:00+00:00,2023-12-31T23:59:59+00:00,False,mean_spearman_rank_ic,INELIGIBLE_WRONG_OR_LOWER_AUTHORITY_CLASS,REJECTED,No eligible terminal tournament authority; lower-authority source rejected.
lightgbm_lambdarank,docs/dream_system/components/DS-24_independent_five_minute_selector/stage_outputs/ds24_p8_r14_e3g_c1_20260823T000000Z/31_scale_stability_results.csv,c27931c0584338c1ee8b1a0997735945023986bbd3e95bc21696d6b5c6ff8b3a,OLDER_DS24_CAMPAIGN,,DELL,,,False,mean_spearman_rank_ic,INELIGIBLE_WRONG_OR_LOWER_AUTHORITY_CLASS,REJECTED,No eligible terminal tournament authority; lower-authority source rejected.
lightgbm_lambdarank,docs/dream_system/components/DS-24_independent_five_minute_selector/stage_outputs/ds24_p8_r14_e3g_c2_20260824T000000Z/R53B_13_completed_terminal_authority_recovery/R53B_FINAL_13_COMPLETED_MODEL_SCORECARD.csv,d2167474fb815d530ec447f8e8f45f8f555c6dd2fba3b79750cc42386e6c5b40,OLDER_DS24_CAMPAIGN,,DELL,,,False,,INELIGIBLE_TRANSFER_NOT_LOCAL,REJECTED,Transfer or source estate missing locally.
lightgbm_lambdarank,docs/dream_system/components/DS-24_independent_five_minute_selector/stage_outputs/ds24_p8_r14_e3g_c2_20260824T000000Z/R53B_13_completed_terminal_authority_recovery/R53B_candidate_result_inventory.csv,c2d0838f916e260f1d787d88362e46ec7f61c6274ffac329c072aa9dbe788719,OLDER_DS24_CAMPAIGN,,DELL,,,False,,INELIGIBLE_WRONG_OR_LOWER_AUTHORITY_CLASS,REJECTED,No eligible terminal tournament authority; lower-authority source rejected.
lightgbm_lambdarank,docs/dream_system/components/DS-24_independent_five_minute_selector/stage_outputs/ds24_p8_r14_e3g_c2_20260824T000000Z/R53B_13_completed_terminal_authority_recovery/R53B_candidate_result_inventory.csv,c2d0838f916e260f1d787d88362e46ec7f61c6274ffac329c072aa9dbe788719,OLDER_DS24_CAMPAIGN,,DELL,,,False,,INELIGIBLE_WRONG_OR_LOWER_AUTHORITY_CLASS,REJECTED,No eligible terminal tournament authority; lower-authority source rejected.
lightgbm_lambdarank,docs/dream_system/components/DS-24_independent_five_minute_selector/stage_outputs/ds24_p8_r14_e3g_c2_20260824T000000Z/R53B_13_completed_terminal_authority_recovery/R53B_candidate_result_inventory.csv,c2d0838f916e260f1d787d88362e46ec7f61c6274ffac329c072aa9dbe788719,OLDER_DS24_CAMPAIGN,,DELL,,,False,,INELIGIBLE_WRONG_OR_LOWER_AUTHORITY_CLASS,REJECTED,No eligible terminal tournament authority; lower-authority source rejected.
lightgbm_lambdarank,docs/dream_system/components/DS-24_independent_five_minute_selector/stage_outputs/ds24_p8_r14_e3g_c2_20260824T000000Z/R53B_13_completed_terminal_authority_recovery/R53B_candidate_result_inventory.csv,c2d0838f916e260f1d787d88362e46ec7f61c6274ffac329c072aa9dbe788719,OLDER_DS24_CAMPAIGN,,DELL,,,False,,INELIGIBLE_TRANSFER_NOT_LOCAL,REJECTED,Transfer or source estate missing locally.
lightgbm_lambdarank,docs/dream_system/components/DS-24_independent_five_minute_selector/stage_outputs/ds24_p8_r14_e3g_c2_20260824T000000Z/R53B_13_completed_terminal_authority_recovery/R53B_candidate_result_inventory.csv,c2d0838f916e260f1d787d88362e46ec7f61c6274ffac329c072aa9dbe788719,OLDER_DS24_CAMPAIGN,,DELL,,,False,,INELIGIBLE_WRONG_OR_LOWER_AUTHORITY_CLASS,REJECTED,No eligible terminal tournament authority; lower-authority source rejected.
lightgbm_lambdarank,docs/dream_system/components/DS-24_independent_five_minute_selector/stage_outputs/ds24_p8_r14_e3g_c2_20260824T000000Z/R53B_13_completed_terminal_authority_recovery/R53B_candidate_result_inventory.csv,c2d0838f916e260f1d787d88362e46ec7f61c6274ffac329c072aa9dbe788719,OLDER_DS24_CAMPAIGN,,DELL,,,False,,INELIGIBLE_WRONG_OR_LOWER_AUTHORITY_CLASS,REJECTED,No eligible terminal tournament authority; lower-authority source rejected.
lightgbm_lambdarank,docs/dream_system/components/DS-24_independent_five_minute_selector/stage_outputs/ds24_p8_r14_e3g_c2_20260824T000000Z/R53B_13_completed_terminal_authority_recovery/R53B_candidate_result_inventory.csv,c2d0838f916e260f1d787d88362e46ec7f61c6274ffac329c072aa9dbe788719,OLDER_DS24_CAMPAIGN,,DELL,,,False,,INELIGIBLE_WRONG_OR_LOWER_AUTHORITY_CLASS,REJECTED,No eligible terminal tournament authority; lower-authority source rejected.
lightgbm_lambdarank,docs/dream_system/components/DS-24_independent_five_minute_selector/stage_outputs/ds24_p8_r14_e3g_c2_20260824T000000Z/R53B_13_completed_terminal_authority_recovery/R53B_candidate_result_inventory.csv,c2d0838f916e260f1d787d88362e46ec7f61c6274ffac329c072aa9dbe788719,OLDER_DS24_CAMPAIGN,,DELL,,,False,,INELIGIBLE_TRANSFER_NOT_LOCAL,REJECTED,Transfer or source estate missing locally.
lightgbm_lambdarank,docs/dream_system/components/DS-24_independent_five_minute_selector/stage_outputs/ds24_p8_r14_e3g_c2_20260824T000000Z/R53B_13_completed_terminal_authority_recovery/R53B_candidate_result_inventory.csv,c2d0838f916e260f1d787d88362e46ec7f61c6274ffac329c072aa9dbe788719,OLDER_DS24_CAMPAIGN,,DELL,,,False,,INELIGIBLE_TRANSFER_NOT_LOCAL,REJECTED,Transfer or source estate missing locally.
lightgbm_lambdarank,docs/dream_system/components/DS-24_independent_five_minute_selector/stage_outputs/ds24_p8_r14_e3g_c2_20260824T000000Z/R53B_13_completed_terminal_authority_recovery/R53B_candidate_result_inventory.csv,c2d0838f916e260f1d787d88362e46ec7f61c6274ffac329c072aa9dbe788719,OLDER_DS24_CAMPAIGN,,DELL,,,False,,INELIGIBLE_TRANSFER_NOT_LOCAL,REJECTED,Transfer or source estate missing locally.
lightgbm_lambdarank,docs/dream_system/components/DS-24_independent_five_minute_selector/stage_outputs/ds24_p8_r14_e3g_c2_20260824T000000Z/R53B_13_completed_terminal_authority_recovery/R53B_candidate_result_inventory.csv,c2d0838f916e260f1d787d88362e46ec7f61c6274ffac329c072aa9dbe788719,OLDER_DS24_CAMPAIGN,,DELL,,,False,,INELIGIBLE_TRANSFER_NOT_LOCAL,REJECTED,Transfer or source estate missing locally.
lightgbm_lambdarank,docs/dream_system/components/DS-24_independent_five_minute_selector/stage_outputs/ds24_p8_r14_e3g_c2_20260824T000000Z/R53B_13_completed_terminal_authority_recovery/R53B_candidate_result_inventory.csv,c2d0838f916e260f1d787d88362e46ec7f61c6274ffac329c072aa9dbe788719,OLDER_DS24_CAMPAIGN,,DELL,,,False,,INELIGIBLE_TRANSFER_NOT_LOCAL,REJECTED,Transfer or source estate missing locally.
lightgbm_lambdarank,docs/dream_system/components/DS-24_independent_five_minute_selector/stage_outputs/ds24_p8_r14_e3g_c2_20260824T000000Z/R53B_13_completed_terminal_authority_recovery/R53B_candidate_result_inventory.csv,c2d0838f916e260f1d787d88362e46ec7f61c6274ffac329c072aa9dbe788719,OLDER_DS24_CAMPAIGN,,DELL,,,False,,INELIGIBLE_TRANSFER_NOT_LOCAL,REJECTED,Transfer or source estate missing locally.
lightgbm_lambdarank,docs/dream_system/components/DS-24_independent_five_minute_selector/stage_outputs/ds24_p8_r14_e3g_c2_20260824T000000Z/R53B_13_completed_terminal_authority_recovery/R53B_candidate_result_inventory.csv,c2d0838f916e260f1d787d88362e46ec7f61c6274ffac329c072aa9dbe788719,OLDER_DS24_CAMPAIGN,,DELL,,,False,,INELIGIBLE_WRONG_OR_LOWER_AUTHORITY_CLASS,REJECTED,No eligible terminal tournament authority; lower-authority source rejected.
lightgbm_lambdarank,docs/dream_system/components/DS-24_independent_five_minute_selector/stage_outputs/ds24_p8_r14_e3g_c2_20260824T000000Z/R53B_13_completed_terminal_authority_recovery/R53B_candidate_result_inventory.csv,c2d0838f916e260f1d787d88362e46ec7f61c6274ffac329c072aa9dbe788719,OLDER_DS24_CAMPAIGN,,DELL,,,False,,INELIGIBLE_TRANSFER_NOT_LOCAL,REJECTED,Transfer or source estate missing locally.
lightgbm_lambdarank,docs/dream_system/components/DS-24_independent_five_minute_selector/stage_outputs/ds24_p8_r14_e3g_c2_20260824T000000Z/R53B_13_completed_terminal_authority_recovery/R53B_candidate_result_inventory.csv,c2d0838f916e260f1d787d88362e46ec7f61c6274ffac329c072aa9dbe788719,OLDER_DS24_CAMPAIGN,,DELL,,,False,,INELIGIBLE_TRANSFER_NOT_LOCAL,REJECTED,Transfer or source estate missing locally.
lightgbm_lambdarank,docs/dream_system/components/DS-24_independent_five_minute_selector/stage_outputs/ds24_p8_r14_e3g_c2_20260824T000000Z/R53B_13_completed_terminal_authority_recovery/R53B_candidate_result_inventory.csv,c2d0838f916e260f1d787d88362e46ec7f61c6274ffac329c072aa9dbe788719,OLDER_DS24_CAMPAIGN,,DELL,,,False,,INELIGIBLE_TRANSFER_NOT_LOCAL,REJECTED,Transfer or source estate missing locally.
lightgbm_lambdarank,docs/dream_system/components/DS-24_independent_five_minute_selector/stage_outputs/ds24_p8_r14_e3g_c2_20260824T000000Z/R53B_13_completed_terminal_authority_recovery/R53B_candidate_result_inventory.csv,c2d0838f916e260f1d787d88362e46ec7f61c6274ffac329c072aa9dbe788719,OLDER_DS24_CAMPAIGN,,DELL,,,False,,INELIGIBLE_TRANSFER_NOT_LOCAL,REJECTED,Transfer or source estate missing locally.
lightgbm_lambdarank,docs/dream_system/components/DS-24_independent_five_minute_selector/stage_outputs/ds24_p8_r14_e3g_c2_20260824T000000Z/R53B_13_completed_terminal_authority_recovery/R53B_candidate_result_inventory.csv,c2d0838f916e260f1d787d88362e46ec7f61c6274ffac329c072aa9dbe788719,OLDER_DS24_CAMPAIGN,,DELL,,,False,,INELIGIBLE_TRANSFER_NOT_LOCAL,REJECTED,Transfer or source estate missing locally.
lightgbm_lambdarank,docs/dream_system/components/DS-24_independent_five_minute_selector/stage_outputs/ds24_p8_r14_e3g_c2_20260824T000000Z/R53B_13_completed_terminal_authority_recovery/R53B_candidate_result_inventory.csv,c2d0838f916e260f1d787d88362e46ec7f61c6274ffac329c072aa9dbe788719,OLDER_DS24_CAMPAIGN,,DELL,,,False,,INELIGIBLE_TRANSFER_NOT_LOCAL,REJECTED,Transfer or source estate missing locally.
lightgbm_lambdarank,docs/dream_system/components/DS-24_independent_five_minute_selector/stage_outputs/ds24_p8_r14_e3g_c2_20260824T000000Z/R53B_13_completed_terminal_authority_recovery/R53B_candidate_result_inventory.csv,c2d0838f916e260f1d787d88362e46ec7f61c6274ffac329c072aa9dbe788719,OLDER_DS24_CAMPAIGN,,DELL,,,False,,INELIGIBLE_WRONG_OR_LOWER_AUTHORITY_CLASS,REJECTED,No eligible terminal tournament authority; lower-authority source rejected.
lightgbm_lambdarank,docs/dream_system/components/DS-24_independent_five_minute_selector/stage_outputs/ds24_p8_r14_e3g_c2_20260824T000000Z/R49_lambdarank_import_authority.json,91a1fddac3696100d01b95a89a817cd8a9648a514898dfdbaf7a60d81cad68fa,SUPERSEDED_RESULT,MAC_LIGHTGBM_LAMBDARANK_COMPLETE_TRANSFER_READY,MAC,,,False,,INELIGIBLE_TRANSFER_NOT_LOCAL,REJECTED,Transfer or source estate missing locally.
lightgbm_lambdarank,docs/dream_system/components/DS-24_independent_five_minute_selector/stage_outputs/ds24_p8_r14_e3g_c2_20260824T000000Z/R49_lambdarank_artifact_validation.json,9412e841bccae668ab6e321b6b68f89e8ccf6f9fa8c769a2f9dc7f7aace64e67,SUPERSEDED_RESULT,,MAC,,,False,,INELIGIBLE_TRANSFER_NOT_LOCAL,REJECTED,Transfer or source estate missing locally.
lightgbm_lambdarank,docs/dream_system/components/DS-24_independent_five_minute_selector/stage_outputs/ds24_p8_r14_e3g_c2_20260824T000000Z/R49_lambdarank_import_result.json,ed93f118fb4dc72d7539ef3ec2086ae6a5cff6b22aa111a9eb2e62450700e90a,SUPERSEDED_RESULT,MAC_LIGHTGBM_LAMBDARANK_COMPLETE_TRANSFER_READY,MAC,,,False,,INELIGIBLE_TRANSFER_NOT_LOCAL,REJECTED,Transfer or source estate missing locally.
lightgbm_lambdarank,docs/dream_system/components/DS-24_independent_five_minute_selector/stage_outputs/ds24_p8_r14_e3g_c2_20260824T000000Z/R49_lambdarank_transfer_validation.json,82a648c1f5798ebd8a4a6238f7c3a831c463f0f13d7ca6195b05925abda24e87,SUPERSEDED_RESULT,,MAC,,,False,,INELIGIBLE_TRANSFER_NOT_LOCAL,REJECTED,Transfer or source estate missing locally.
lightgbm_lambdarank,docs/dream_system/components/DS-24_independent_five_minute_selector/stage_outputs/ds24_p8_r14_e3g_c2_20260824T000000Z/R51_lambdarank_import_result.json,282fefe253ffe804965d5fef23e8a056bb9384a67af42123e42068661b011057,SUPERSEDED_RESULT,MAC_LIGHTGBM_LAMBDARANK_COMPLETE_TRANSFER_READY,MAC,,,False,,INELIGIBLE_TRANSFER_NOT_LOCAL,REJECTED,Transfer or source estate missing locally.
lightgbm_lambdarank,docs/dream_system/components/DS-24_independent_five_minute_selector/stage_outputs/ds24_p8_r14_e3g_c2_20260824T000000Z/R51_lambdarank_transfer_validation.json,79d23bdd83b5d331bb85a642b18f0a3d85436d0577df4c3d3c35b61890c875d5,SUPERSEDED_RESULT,,MAC,,,False,,INELIGIBLE_TRANSFER_NOT_LOCAL,REJECTED,Transfer or source estate missing locally.
lightgbm_lambdarank,docs/dream_system/components/DS-24_independent_five_minute_selector/stage_outputs/ds24_p8_r14_e3g_c2_20260824T000000Z/55_lambdarank_status.json,8b1d3c1a906c01879a6fdbfcaaa924d3ba70568fb3128bd69b5d3b1b50c17dca,UNKNOWN,,MAC,,,False,,INELIGIBLE_WRONG_OR_LOWER_AUTHORITY_CLASS,REJECTED,No eligible terminal tournament authority; lower-authority source rejected.
DLinear,docs/dream_system/components/DS-24_independent_five_minute_selector/stage_outputs/ds24_p8_r14_e3f_20260823T000000Z/40_f1_results_v2.csv,feb365eb49e3390b2983cd3449e8f1f06d6f12b94f5257740cf78508bf5fea3f,OLDER_DS24_CAMPAIGN,,DELL,,,False,mean_spearman_rank_ic,INELIGIBLE_WRONG_OR_LOWER_AUTHORITY_CLASS,REJECTED,No eligible terminal tournament authority; lower-authority source rejected.
DLinear,docs/dream_system/components/DS-24_independent_five_minute_selector/stage_outputs/ds24_p8_r14_e3g_c1_20260823T000000Z/21_sequence_scale_results.csv,85943af6cf18e03c471ce1e9b8c2a9ef905c22b315ddb6ad7330721e89a51ba5,OLDER_DS24_CAMPAIGN,,DELL,2019-01-01T00:00:00+00:00,2024-12-31T23:59:59+00:00,False,mean_spearman_rank_ic,INELIGIBLE_WRONG_OR_LOWER_AUTHORITY_CLASS,REJECTED,No eligible terminal tournament authority; lower-authority source rejected.
DLinear,docs/dream_system/components/DS-24_independent_five_minute_selector/stage_outputs/ds24_p8_r14_e3g_c1_20260823T000000Z/31_scale_stability_results.csv,c27931c0584338c1ee8b1a0997735945023986bbd3e95bc21696d6b5c6ff8b3a,OLDER_DS24_CAMPAIGN,,DELL,,,False,mean_spearman_rank_ic,INELIGIBLE_WRONG_OR_LOWER_AUTHORITY_CLASS,REJECTED,No eligible terminal tournament authority; lower-authority source rejected.
DLinear,docs/dream_system/components/DS-24_independent_five_minute_selector/stage_outputs/ds24_p8_r14_e3g_c2_20260824T000000Z/R53B_13_completed_terminal_authority_recovery/R53B_FINAL_13_COMPLETED_MODEL_SCORECARD.csv,d2167474fb815d530ec447f8e8f45f8f555c6dd2fba3b79750cc42386e6c5b40,OLDER_DS24_CAMPAIGN,,DELL,,,False,,INELIGIBLE_TRANSFER_NOT_LOCAL,REJECTED,Transfer or source estate missing locally.
DLinear,docs/dream_system/components/DS-24_independent_five_minute_selector/stage_outputs/ds24_p8_r14_e3g_c2_20260824T000000Z/R53B_13_completed_terminal_authority_recovery/R53B_candidate_result_inventory.csv,c2d0838f916e260f1d787d88362e46ec7f61c6274ffac329c072aa9dbe788719,OLDER_DS24_CAMPAIGN,,DELL,,,False,,INELIGIBLE_WRONG_OR_LOWER_AUTHORITY_CLASS,REJECTED,No eligible terminal tournament authority; lower-authority source rejected.
DLinear,docs/dream_system/components/DS-24_independent_five_minute_selector/stage_outputs/ds24_p8_r14_e3g_c2_20260824T000000Z/R53B_13_completed_terminal_authority_recovery/R53B_candidate_result_inventory.csv,c2d0838f916e260f1d787d88362e46ec7f61c6274ffac329c072aa9dbe788719,OLDER_DS24_CAMPAIGN,,DELL,,,False,,INELIGIBLE_WRONG_OR_LOWER_AUTHORITY_CLASS,REJECTED,No eligible terminal tournament authority; lower-authority source rejected.
DLinear,docs/dream_system/components/DS-24_independent_five_minute_selector/stage_outputs/ds24_p8_r14_e3g_c2_20260824T000000Z/R53B_13_completed_terminal_authority_recovery/R53B_candidate_result_inventory.csv,c2d0838f916e260f1d787d88362e46ec7f61c6274ffac329c072aa9dbe788719,OLDER_DS24_CAMPAIGN,,DELL,,,False,,INELIGIBLE_WRONG_OR_LOWER_AUTHORITY_CLASS,REJECTED,No eligible terminal tournament authority; lower-authority source rejected.
DLinear,docs/dream_system/components/DS-24_independent_five_minute_selector/stage_outputs/ds24_p8_r14_e3g_c2_20260824T000000Z/R53B_13_completed_terminal_authority_recovery/R53B_candidate_result_inventory.csv,c2d0838f916e260f1d787d88362e46ec7f61c6274ffac329c072aa9dbe788719,OLDER_DS24_CAMPAIGN,,DELL,,,False,,INELIGIBLE_TRANSFER_NOT_LOCAL,REJECTED,Transfer or source estate missing locally.
DLinear,docs/dream_system/components/DS-24_independent_five_minute_selector/stage_outputs/ds24_p8_r14_e3g_c2_20260824T000000Z/R53B_13_completed_terminal_authority_recovery/R53B_candidate_result_inventory.csv,c2d0838f916e260f1d787d88362e46ec7f61c6274ffac329c072aa9dbe788719,OLDER_DS24_CAMPAIGN,,DELL,,,False,,INELIGIBLE_WRONG_OR_LOWER_AUTHORITY_CLASS,REJECTED,No eligible terminal tournament authority; lower-authority source rejected.
DLinear,docs/dream_system/components/DS-24_independent_five_minute_selector/stage_outputs/ds24_p8_r14_e3g_c2_20260824T000000Z/R53B_13_completed_terminal_authority_recovery/R53B_candidate_result_inventory.csv,c2d0838f916e260f1d787d88362e46ec7f61c6274ffac329c072aa9dbe788719,OLDER_DS24_CAMPAIGN,,DELL,,,False,,INELIGIBLE_WRONG_OR_LOWER_AUTHORITY_CLASS,REJECTED,No eligible terminal tournament authority; lower-authority source rejected.
DLinear,docs/dream_system/components/DS-24_independent_five_minute_selector/stage_outputs/ds24_p8_r14_e3g_c2_20260824T000000Z/R53B_13_completed_terminal_authority_recovery/R53B_candidate_result_inventory.csv,c2d0838f916e260f1d787d88362e46ec7f61c6274ffac329c072aa9dbe788719,OLDER_DS24_CAMPAIGN,,DELL,,,False,,INELIGIBLE_WRONG_OR_LOWER_AUTHORITY_CLASS,REJECTED,No eligible terminal tournament authority; lower-authority source rejected.
DLinear,docs/dream_system/components/DS-24_independent_five_minute_selector/stage_outputs/ds24_p8_r14_e3g_c2_20260824T000000Z/R53B_13_completed_terminal_authority_recovery/R53B_candidate_result_inventory.csv,c2d0838f916e260f1d787d88362e46ec7f61c6274ffac329c072aa9dbe788719,OLDER_DS24_CAMPAIGN,,DELL,,,False,,INELIGIBLE_WRONG_OR_LOWER_AUTHORITY_CLASS,REJECTED,No eligible terminal tournament authority; lower-authority source rejected.
DLinear,docs/dream_system/components/DS-24_independent_five_minute_selector/stage_outputs/ds24_p8_r14_e3g_c2_20260824T000000Z/R53B_13_completed_terminal_authority_recovery/R53B_candidate_result_inventory.csv,c2d0838f916e260f1d787d88362e46ec7f61c6274ffac329c072aa9dbe788719,OLDER_DS24_CAMPAIGN,,DELL,,,False,,INELIGIBLE_WRONG_OR_LOWER_AUTHORITY_CLASS,REJECTED,No eligible terminal tournament authority; lower-authority source rejected.
DLinear,docs/dream_system/components/DS-24_independent_five_minute_selector/stage_outputs/ds24_p8_r14_e3g_c2_20260824T000000Z/46_dlinear_status.json,1378eaa24613e83b1c7fc083e7250dc8cc0b27c676ad99d7e38349dd3fe0483a,UNKNOWN,,MAC,,,False,,INELIGIBLE_WRONG_OR_LOWER_AUTHORITY_CLASS,REJECTED,No eligible terminal tournament authority; lower-authority source rejected.
PatchTST,docs/dream_system/components/DS-24_independent_five_minute_selector/stage_outputs/ds24_p8_r14_e3g_c2_20260824T000000Z/r7_r14_policy_workers/PatchTST/metrics_only_v3_r40_patchtst/resolved_performance_summary_v3.json,80b13a4e765a7353764b76a7337f88b5738aaeded9fadfec0aab3998829c5861,CURRENT_DS24_PARTIAL_PROGRESS,,DELL,2016-02-02T14:35:00+00:00,2019-08-01T18:00:00+00:00,False,mean_spearman_rank_ic|hac_lower_95|hac_upper_95|annualized_return|annualized_volatility|sharpe|maximum_drawdown|win_rate|turnover|total_estimated_transaction_costs,INELIGIBLE_PARTIAL_WINDOW_NOT_TERMINAL,REJECTED,R53B lifecycle marks family open; historical metrics cannot imply completion.
PatchTST,docs/dream_system/components/DS-24_independent_five_minute_selector/stage_outputs/ds24_p8_r14_e3g_c2_20260824T000000Z/R52_patchtst_real_path_smoke/PatchTST/metrics_only_v3_r52_smoke/resolved_performance_summary_v3.json,b2aa8ee29af7747095d12de7b693abd1ae751241392957cef94f42b9f1b8f307,CURRENT_DS24_PARTIAL_PROGRESS,,DELL,,,False,total_estimated_transaction_costs,INELIGIBLE_PARTIAL_WINDOW_NOT_TERMINAL,REJECTED,R53B lifecycle marks family open; historical metrics cannot imply completion.
PatchTST,docs/dream_system/components/DS-24_independent_five_minute_selector/stage_outputs/ds24_p8_r14_e3f_20260823T000000Z/40_f1_results_v2.csv,feb365eb49e3390b2983cd3449e8f1f06d6f12b94f5257740cf78508bf5fea3f,OLDER_DS24_CAMPAIGN,,DELL,,,False,mean_spearman_rank_ic,INELIGIBLE_WRONG_OR_LOWER_AUTHORITY_CLASS,REJECTED,R53B lifecycle marks family open; historical metrics cannot imply completion.
PatchTST,docs/dream_system/components/DS-24_independent_five_minute_selector/stage_outputs/ds24_p8_r14_e3g_c1_20260823T000000Z/21_sequence_scale_results.csv,85943af6cf18e03c471ce1e9b8c2a9ef905c22b315ddb6ad7330721e89a51ba5,OLDER_DS24_CAMPAIGN,,DELL,2019-01-01T00:00:00+00:00,2024-12-31T23:59:59+00:00,False,mean_spearman_rank_ic,INELIGIBLE_WRONG_OR_LOWER_AUTHORITY_CLASS,REJECTED,R53B lifecycle marks family open; historical metrics cannot imply completion.
PatchTST,docs/dream_system/components/DS-24_independent_five_minute_selector/stage_outputs/ds24_p8_r14_e3g_c1_20260823T000000Z/31_scale_stability_results.csv,c27931c0584338c1ee8b1a0997735945023986bbd3e95bc21696d6b5c6ff8b3a,OLDER_DS24_CAMPAIGN,,DELL,,,False,mean_spearman_rank_ic,INELIGIBLE_WRONG_OR_LOWER_AUTHORITY_CLASS,REJECTED,R53B lifecycle marks family open; historical metrics cannot imply completion.
PatchTST,docs/dream_system/components/DS-24_independent_five_minute_selector/stage_outputs/ds24_p8_r14_e3g_c2_20260824T000000Z/R53B_13_completed_terminal_authority_recovery/R53B_candidate_result_inventory.csv,c2d0838f916e260f1d787d88362e46ec7f61c6274ffac329c072aa9dbe788719,OLDER_DS24_CAMPAIGN,,DELL,,,False,,INELIGIBLE_WRONG_OR_LOWER_AUTHORITY_CLASS,REJECTED,R53B lifecycle marks family open; historical metrics cannot imply completion.
PatchTST,docs/dream_system/components/DS-24_independent_five_minute_selector/stage_outputs/ds24_p8_r14_e3g_c2_20260824T000000Z/R53B_13_completed_terminal_authority_recovery/R53B_candidate_result_inventory.csv,c2d0838f916e260f1d787d88362e46ec7f61c6274ffac329c072aa9dbe788719,OLDER_DS24_CAMPAIGN,,DELL,,,False,,INELIGIBLE_WRONG_OR_LOWER_AUTHORITY_CLASS,REJECTED,R53B lifecycle marks family open; historical metrics cannot imply completion.
PatchTST,docs/dream_system/components/DS-24_independent_five_minute_selector/stage_outputs/ds24_p8_r14_e3g_c2_20260824T000000Z/R53B_13_completed_terminal_authority_recovery/R53B_candidate_result_inventory.csv,c2d0838f916e260f1d787d88362e46ec7f61c6274ffac329c072aa9dbe788719,OLDER_DS24_CAMPAIGN,,DELL,,,False,,INELIGIBLE_WRONG_OR_LOWER_AUTHORITY_CLASS,REJECTED,R53B lifecycle marks family open; historical metrics cannot imply completion.
PatchTST,docs/dream_system/components/DS-24_independent_five_minute_selector/stage_outputs/ds24_p8_r14_e3g_c2_20260824T000000Z/R53B_13_completed_terminal_authority_recovery/R53B_candidate_result_inventory.csv,c2d0838f916e260f1d787d88362e46ec7f61c6274ffac329c072aa9dbe788719,OLDER_DS24_CAMPAIGN,,DELL,,,False,,INELIGIBLE_WRONG_OR_LOWER_AUTHORITY_CLASS,REJECTED,R53B lifecycle marks family open; historical metrics cannot imply completion.
PatchTST,docs/dream_system/components/DS-24_independent_five_minute_selector/stage_outputs/ds24_p8_r14_e3g_c2_20260824T000000Z/R53B_13_completed_terminal_authority_recovery/R53B_candidate_result_inventory.csv,c2d0838f916e260f1d787d88362e46ec7f61c6274ffac329c072aa9dbe788719,OLDER_DS24_CAMPAIGN,,DELL,,,False,,INELIGIBLE_WRONG_OR_LOWER_AUTHORITY_CLASS,REJECTED,R53B lifecycle marks family open; historical metrics cannot imply completion.
PatchTST,docs/dream_system/components/DS-24_independent_five_minute_selector/stage_outputs/ds24_p8_r14_e3g_c2_20260824T000000Z/R53B_13_completed_terminal_authority_recovery/R53B_candidate_result_inventory.csv,c2d0838f916e260f1d787d88362e46ec7f61c6274ffac329c072aa9dbe788719,OLDER_DS24_CAMPAIGN,,DELL,,,False,,INELIGIBLE_WRONG_OR_LOWER_AUTHORITY_CLASS,REJECTED,R53B lifecycle marks family open; historical metrics cannot imply completion.
PatchTST,docs/dream_system/components/DS-24_independent_five_minute_selector/stage_outputs/ds24_p8_r14_e3g_c2_20260824T000000Z/R53B_13_completed_terminal_authority_recovery/R53B_candidate_result_inventory.csv,c2d0838f916e260f1d787d88362e46ec7f61c6274ffac329c072aa9dbe788719,OLDER_DS24_CAMPAIGN,,DELL,,,False,,INELIGIBLE_WRONG_OR_LOWER_AUTHORITY_CLASS,REJECTED,R53B lifecycle marks family open; historical metrics cannot imply completion.
PatchTST,docs/dream_system/components/DS-24_independent_five_minute_selector/stage_outputs/ds24_p8_r14_e3g_c2_20260824T000000Z/R53B_13_completed_terminal_authority_recovery/R53B_candidate_result_inventory.csv,c2d0838f916e260f1d787d88362e46ec7f61c6274ffac329c072aa9dbe788719,OLDER_DS24_CAMPAIGN,,DELL,,,False,,INELIGIBLE_WRONG_OR_LOWER_AUTHORITY_CLASS,REJECTED,R53B lifecycle marks family open; historical metrics cannot imply completion.
PatchTST,docs/dream_system/components/DS-24_independent_five_minute_selector/stage_outputs/ds24_p8_r14_e3g_c2_20260824T000000Z/R53B_13_completed_terminal_authority_recovery/R53B_candidate_result_inventory.csv,c2d0838f916e260f1d787d88362e46ec7f61c6274ffac329c072aa9dbe788719,OLDER_DS24_CAMPAIGN,,DELL,,,False,,INELIGIBLE_WRONG_OR_LOWER_AUTHORITY_CLASS,REJECTED,R53B lifecycle marks family open; historical metrics cannot imply completion.
PatchTST,docs/dream_system/components/DS-24_independent_five_minute_selector/stage_outputs/ds24_p8_r14_e3g_c2_20260824T000000Z/R53B_13_completed_terminal_authority_recovery/R53B_candidate_result_inventory.csv,c2d0838f916e260f1d787d88362e46ec7f61c6274ffac329c072aa9dbe788719,OLDER_DS24_CAMPAIGN,,DELL,,,False,,INELIGIBLE_WRONG_OR_LOWER_AUTHORITY_CLASS,REJECTED,R53B lifecycle marks family open; historical metrics cannot imply completion.
PatchTST,docs/dream_system/components/DS-24_independent_five_minute_selector/stage_outputs/ds24_p8_r14_e3g_c2_20260824T000000Z/R53B_13_completed_terminal_authority_recovery/R53B_candidate_result_inventory.csv,c2d0838f916e260f1d787d88362e46ec7f61c6274ffac329c072aa9dbe788719,OLDER_DS24_CAMPAIGN,,DELL,,,False,,INELIGIBLE_WRONG_OR_LOWER_AUTHORITY_CLASS,REJECTED,R53B lifecycle marks family open; historical metrics cannot imply completion.
PatchTST,docs/dream_system/components/DS-24_independent_five_minute_selector/stage_outputs/ds24_p8_r14_e3g_c2_20260824T000000Z/R53B_13_completed_terminal_authority_recovery/R53B_candidate_result_inventory.csv,c2d0838f916e260f1d787d88362e46ec7f61c6274ffac329c072aa9dbe788719,OLDER_DS24_CAMPAIGN,,DELL,,,False,,INELIGIBLE_WRONG_OR_LOWER_AUTHORITY_CLASS,REJECTED,R53B lifecycle marks family open; historical metrics cannot imply completion.
PatchTST,docs/dream_system/components/DS-24_independent_five_minute_selector/stage_outputs/ds24_p8_r14_e3g_c2_20260824T000000Z/R53B_13_completed_terminal_authority_recovery/R53B_candidate_result_inventory.csv,c2d0838f916e260f1d787d88362e46ec7f61c6274ffac329c072aa9dbe788719,OLDER_DS24_CAMPAIGN,,DELL,,,False,,INELIGIBLE_WRONG_OR_LOWER_AUTHORITY_CLASS,REJECTED,R53B lifecycle marks family open; historical metrics cannot imply completion.
PatchTST,docs/dream_system/components/DS-24_independent_five_minute_selector/stage_outputs/ds24_p8_r14_e3g_c2_20260824T000000Z/R53B_13_completed_terminal_authority_recovery/R53B_candidate_result_inventory.csv,c2d0838f916e260f1d787d88362e46ec7f61c6274ffac329c072aa9dbe788719,OLDER_DS24_CAMPAIGN,,DELL,,,False,,INELIGIBLE_WRONG_OR_LOWER_AUTHORITY_CLASS,REJECTED,R53B lifecycle marks family open; historical metrics cannot imply completion.
PatchTST,docs/dream_system/components/DS-24_independent_five_minute_selector/stage_outputs/ds24_p8_r14_e3g_c2_20260824T000000Z/R53B_13_completed_terminal_authority_recovery/R53B_candidate_result_inventory.csv,c2d0838f916e260f1d787d88362e46ec7f61c6274ffac329c072aa9dbe788719,OLDER_DS24_CAMPAIGN,,DELL,,,False,,INELIGIBLE_WRONG_OR_LOWER_AUTHORITY_CLASS,REJECTED,R53B lifecycle marks family open; historical metrics cannot imply completion.
PatchTST,docs/dream_system/components/DS-24_independent_five_minute_selector/stage_outputs/ds24_p8_r14_e3g_c2_20260824T000000Z/R53B_13_completed_terminal_authority_recovery/R53B_candidate_result_inventory.csv,c2d0838f916e260f1d787d88362e46ec7f61c6274ffac329c072aa9dbe788719,OLDER_DS24_CAMPAIGN,,DELL,,,False,,INELIGIBLE_WRONG_OR_LOWER_AUTHORITY_CLASS,REJECTED,R53B lifecycle marks family open; historical metrics cannot imply completion.
PatchTST,docs/dream_system/components/DS-24_independent_five_minute_selector/stage_outputs/ds24_p8_r14_e3g_c2_20260824T000000Z/R53B_13_completed_terminal_authority_recovery/R53B_candidate_result_inventory.csv,c2d0838f916e260f1d787d88362e46ec7f61c6274ffac329c072aa9dbe788719,OLDER_DS24_CAMPAIGN,,DELL,,,False,,INELIGIBLE_WRONG_OR_LOWER_AUTHORITY_CLASS,REJECTED,R53B lifecycle marks family open; historical metrics cannot imply completion.
PatchTST,docs/dream_system/components/DS-24_independent_five_minute_selector/stage_outputs/ds24_p8_r14_e3g_c2_20260824T000000Z/R53B_13_completed_terminal_authority_recovery/R53B_candidate_result_inventory.csv,c2d0838f916e260f1d787d88362e46ec7f61c6274ffac329c072aa9dbe788719,OLDER_DS24_CAMPAIGN,,DELL,,,False,,INELIGIBLE_WRONG_OR_LOWER_AUTHORITY_CLASS,REJECTED,R53B lifecycle marks family open; historical metrics cannot imply completion.
PatchTST,docs/dream_system/components/DS-24_independent_five_minute_selector/stage_outputs/ds24_p8_r14_e3g_c2_20260824T000000Z/R53B_13_completed_terminal_authority_recovery/R53B_candidate_result_inventory.csv,c2d0838f916e260f1d787d88362e46ec7f61c6274ffac329c072aa9dbe788719,OLDER_DS24_CAMPAIGN,,DELL,,,False,,INELIGIBLE_WRONG_OR_LOWER_AUTHORITY_CLASS,REJECTED,R53B lifecycle marks family open; historical metrics cannot imply completion.
PatchTST,docs/dream_system/components/DS-24_independent_five_minute_selector/stage_outputs/ds24_p8_r14_e3g_c2_20260824T000000Z/R53B_13_completed_terminal_authority_recovery/R53B_candidate_result_inventory.csv,c2d0838f916e260f1d787d88362e46ec7f61c6274ffac329c072aa9dbe788719,OLDER_DS24_CAMPAIGN,,DELL,,,False,,INELIGIBLE_WRONG_OR_LOWER_AUTHORITY_CLASS,REJECTED,R53B lifecycle marks family open; historical metrics cannot imply completion.
PatchTST,docs/dream_system/components/DS-24_independent_five_minute_selector/stage_outputs/ds24_p8_r14_e3g_c2_20260824T000000Z/R53B_13_completed_terminal_authority_recovery/R53B_candidate_result_inventory.csv,c2d0838f916e260f1d787d88362e46ec7f61c6274ffac329c072aa9dbe788719,OLDER_DS24_CAMPAIGN,,DELL,,,False,,INELIGIBLE_WRONG_OR_LOWER_AUTHORITY_CLASS,REJECTED,R53B lifecycle marks family open; historical metrics cannot imply completion.
PatchTST,docs/dream_system/components/DS-24_independent_five_minute_selector/stage_outputs/ds24_p8_r14_e3g_c2_20260824T000000Z/R53B_13_completed_terminal_authority_recovery/R53B_candidate_result_inventory.csv,c2d0838f916e260f1d787d88362e46ec7f61c6274ffac329c072aa9dbe788719,OLDER_DS24_CAMPAIGN,,DELL,,,False,,INELIGIBLE_WRONG_OR_LOWER_AUTHORITY_CLASS,REJECTED,R53B lifecycle marks family open; historical metrics cannot imply completion.
PatchTST,docs/dream_system/components/DS-24_independent_five_minute_selector/stage_outputs/ds24_p8_r14_e3g_c2_20260824T000000Z/R53B_13_completed_terminal_authority_recovery/R53B_candidate_result_inventory.csv,c2d0838f916e260f1d787d88362e46ec7f61c6274ffac329c072aa9dbe788719,OLDER_DS24_CAMPAIGN,,DELL,,,False,,INELIGIBLE_WRONG_OR_LOWER_AUTHORITY_CLASS,REJECTED,R53B lifecycle marks family open; historical metrics cannot imply completion.
PatchTST,docs/dream_system/components/DS-24_independent_five_minute_selector/stage_outputs/ds24_p8_r14_e3g_c2_20260824T000000Z/R53B_13_completed_terminal_authority_recovery/R53B_candidate_result_inventory.csv,c2d0838f916e260f1d787d88362e46ec7f61c6274ffac329c072aa9dbe788719,OLDER_DS24_CAMPAIGN,,DELL,,,False,,INELIGIBLE_WRONG_OR_LOWER_AUTHORITY_CLASS,REJECTED,R53B lifecycle marks family open; historical metrics cannot imply completion.
PatchTST,docs/dream_system/components/DS-24_independent_five_minute_selector/stage_outputs/ds24_p8_r14_e3g_c2_20260824T000000Z/R53B_13_completed_terminal_authority_recovery/R53B_candidate_result_inventory.csv,c2d0838f916e260f1d787d88362e46ec7f61c6274ffac329c072aa9dbe788719,OLDER_DS24_CAMPAIGN,,DELL,,,False,,INELIGIBLE_WRONG_OR_LOWER_AUTHORITY_CLASS,REJECTED,R53B lifecycle marks family open; historical metrics cannot imply completion.
PatchTST,docs/dream_system/components/DS-24_independent_five_minute_selector/stage_outputs/ds24_p8_r14_e3g_c2_20260824T000000Z/R53B_13_completed_terminal_authority_recovery/R53B_candidate_result_inventory.csv,c2d0838f916e260f1d787d88362e46ec7f61c6274ffac329c072aa9dbe788719,OLDER_DS24_CAMPAIGN,,DELL,,,False,,INELIGIBLE_WRONG_OR_LOWER_AUTHORITY_CLASS,REJECTED,R53B lifecycle marks family open; historical metrics cannot imply completion.
PatchTST,docs/dream_system/components/DS-24_independent_five_minute_selector/stage_outputs/ds24_p8_r14_e3g_c2_20260824T000000Z/R53B_13_completed_terminal_authority_recovery/R53B_candidate_result_inventory.csv,c2d0838f916e260f1d787d88362e46ec7f61c6274ffac329c072aa9dbe788719,OLDER_DS24_CAMPAIGN,,DELL,,,False,,INELIGIBLE_WRONG_OR_LOWER_AUTHORITY_CLASS,REJECTED,R53B lifecycle marks family open; historical metrics cannot imply completion.
PatchTST,docs/dream_system/components/DS-24_independent_five_minute_selector/stage_outputs/ds24_p8_r14_e3g_c2_20260824T000000Z/R53B_13_completed_terminal_authority_recovery/R53B_candidate_result_inventory.csv,c2d0838f916e260f1d787d88362e46ec7f61c6274ffac329c072aa9dbe788719,OLDER_DS24_CAMPAIGN,,DELL,,,False,,INELIGIBLE_WRONG_OR_LOWER_AUTHORITY_CLASS,REJECTED,R53B lifecycle marks family open; historical metrics cannot imply completion.
PatchTST,docs/dream_system/components/DS-24_independent_five_minute_selector/stage_outputs/ds24_p8_r14_e3g_c2_20260824T000000Z/R52_patchtst_real_path_smoke/PatchTST/metrics_only_v3_r52_smoke/checkpoint.json,45945427b222b221a7ba576a47d57f10e57d202d3b0dce165cf2da1fce480ed3,UNKNOWN,,DELL,,,False,,INELIGIBLE_WRONG_OR_LOWER_AUTHORITY_CLASS,REJECTED,R53B lifecycle marks family open; historical metrics cannot imply completion.
PatchTST,docs/dream_system/components/DS-24_independent_five_minute_selector/stage_outputs/ds24_p8_r14_e3g_c2_20260824T000000Z/R52_patchtst_real_path_smoke/PatchTST/metrics_only_v3_r52_smoke/resolved_performance_checkpoint_v3.json,002f29b2586c6e00d4807fb69ff87071f2f3c37bfce99aeb1c556ed33602c045,UNKNOWN,,DELL,,,False,,INELIGIBLE_TRANSFER_NOT_LOCAL,REJECTED,R53B lifecycle marks family open; historical metrics cannot imply completion.
PatchTST,docs/dream_system/components/DS-24_independent_five_minute_selector/stage_outputs/ds24_p8_r14_e3g_c2_20260824T000000Z/R52_patchtst_real_path_smoke/PatchTST/progress.json,a63b921a6b7baa1ac4055349365c54089f1c033c230129d25c7708092df84e3f,UNKNOWN,,DELL,,,False,,INELIGIBLE_TRANSFER_NOT_LOCAL,REJECTED,R53B lifecycle marks family open; historical metrics cannot imply completion.
PatchTST,docs/dream_system/components/DS-24_independent_five_minute_selector/stage_outputs/ds24_p8_r14_e3g_c2_20260824T000000Z/r7_r14_policy_workers/PatchTST/metrics_only_v3_r40_patchtst/checkpoint.json,54d2dd73b8410e0edf7a88f7757b71ffebf37c2a974acdcee21de4f787c32b32,UNKNOWN,,DELL,,,False,,INELIGIBLE_WRONG_OR_LOWER_AUTHORITY_CLASS,REJECTED,R53B lifecycle marks family open; historical metrics cannot imply completion.
PatchTST,docs/dream_system/components/DS-24_independent_five_minute_selector/stage_outputs/ds24_p8_r14_e3g_c2_20260824T000000Z/r7_r14_policy_workers/PatchTST/metrics_only_v3_r40_patchtst/daily_portfolio_returns_v3_manifest.json,7ca6aa4785d6179f9a852fe14f57d355ab49b9063abf97f35d632799e8693664,UNKNOWN,,DELL,,,False,,INELIGIBLE_WRONG_OR_LOWER_AUTHORITY_CLASS,REJECTED,R53B lifecycle marks family open; historical metrics cannot imply completion.
PatchTST,docs/dream_system/components/DS-24_independent_five_minute_selector/stage_outputs/ds24_p8_r14_e3g_c2_20260824T000000Z/r7_r14_policy_workers/PatchTST/metrics_only_v3_r40_patchtst/rank_ic_v3_manifest.json,00076ff9570b740a6f181e46bc0fc7f5f135b8509d7ebd5913febdada49d92cd,UNKNOWN,,DELL,,,False,,INELIGIBLE_WRONG_OR_LOWER_AUTHORITY_CLASS,REJECTED,R53B lifecycle marks family open; historical metrics cannot imply completion.
PatchTST,docs/dream_system/components/DS-24_independent_five_minute_selector/stage_outputs/ds24_p8_r14_e3g_c2_20260824T000000Z/r7_r14_policy_workers/PatchTST/metrics_only_v3_r40_patchtst/resolved_performance_checkpoint_v3.json,2a6d77cdf6bfd19107fab956aeedf1732cc8c5161f7f32c78c5e08615f69ab2f,UNKNOWN,,DELL,,,False,,INELIGIBLE_TRANSFER_NOT_LOCAL,REJECTED,R53B lifecycle marks family open; historical metrics cannot imply completion.
PatchTST,docs/dream_system/components/DS-24_independent_five_minute_selector/stage_outputs/ds24_p8_r14_e3g_c2_20260824T000000Z/r7_r14_policy_workers/PatchTST/metrics_only_v3_r40_patchtst/transaction_costs_v3_manifest.json,aaf09f9bf2fd28b14e4440dfdf520955cbd0bf7cdd853a467eb598376fe28efb,UNKNOWN,,DELL,,,False,,INELIGIBLE_WRONG_OR_LOWER_AUTHORITY_CLASS,REJECTED,R53B lifecycle marks family open; historical metrics cannot imply completion.
PatchTST,docs/dream_system/components/DS-24_independent_five_minute_selector/stage_outputs/ds24_p8_r14_e3g_c2_20260824T000000Z/r7_r14_policy_workers/PatchTST/progress.json,de071da5360e5949cd3cf6cd18703eb95e9ef60a14a8757cde9e5bb87c77b454,UNKNOWN,,DELL,,,False,,INELIGIBLE_WRONG_OR_LOWER_AUTHORITY_CLASS,REJECTED,R53B lifecycle marks family open; historical metrics cannot imply completion.
Transformer,docs/dream_system/components/DS-24_independent_five_minute_selector/stage_outputs/ds24_p8_r14_e3g_c2_20260824T000000Z/r7_r14_policy_workers/Transformer/metrics_only_v3_r40_transformer/resolved_performance_summary_v3.json,cd56908c262c726c6b5be51642fcfd19a09680b413015a83fb1513f096412ddb,CURRENT_DS24_PARTIAL_PROGRESS,,DELL,2016-02-02T14:35:00+00:00,2019-01-08T19:00:00+00:00,False,mean_spearman_rank_ic|hac_lower_95|hac_upper_95|annualized_return|annualized_volatility|sharpe|maximum_drawdown|win_rate|turnover|total_estimated_transaction_costs,INELIGIBLE_PARTIAL_WINDOW_NOT_TERMINAL,REJECTED,R53B lifecycle marks family open; historical metrics cannot imply completion.
Transformer,docs/dream_system/components/DS-24_independent_five_minute_selector/stage_outputs/ds24_p8_r14_e3f_20260823T000000Z/40_f1_results_v2.csv,feb365eb49e3390b2983cd3449e8f1f06d6f12b94f5257740cf78508bf5fea3f,OLDER_DS24_CAMPAIGN,,DELL,,,False,mean_spearman_rank_ic,INELIGIBLE_WRONG_OR_LOWER_AUTHORITY_CLASS,REJECTED,R53B lifecycle marks family open; historical metrics cannot imply completion.
Transformer,docs/dream_system/components/DS-24_independent_five_minute_selector/stage_outputs/ds24_p8_r14_e3g_c1_20260823T000000Z/21_sequence_scale_results.csv,85943af6cf18e03c471ce1e9b8c2a9ef905c22b315ddb6ad7330721e89a51ba5,OLDER_DS24_CAMPAIGN,,DELL,2019-01-01T00:00:00+00:00,2024-12-31T23:59:59+00:00,False,mean_spearman_rank_ic,INELIGIBLE_WRONG_OR_LOWER_AUTHORITY_CLASS,REJECTED,R53B lifecycle marks family open; historical metrics cannot imply completion.
Transformer,docs/dream_system/components/DS-24_independent_five_minute_selector/stage_outputs/ds24_p8_r14_e3g_c1_20260823T000000Z/31_scale_stability_results.csv,c27931c0584338c1ee8b1a0997735945023986bbd3e95bc21696d6b5c6ff8b3a,OLDER_DS24_CAMPAIGN,,DELL,,,False,mean_spearman_rank_ic,INELIGIBLE_WRONG_OR_LOWER_AUTHORITY_CLASS,REJECTED,R53B lifecycle marks family open; historical metrics cannot imply completion.
Transformer,docs/dream_system/components/DS-24_independent_five_minute_selector/stage_outputs/ds24_p8_r14_e3g_c2_20260824T000000Z/R53B_13_completed_terminal_authority_recovery/R53B_candidate_result_inventory.csv,c2d0838f916e260f1d787d88362e46ec7f61c6274ffac329c072aa9dbe788719,OLDER_DS24_CAMPAIGN,,DELL,,,False,,INELIGIBLE_WRONG_OR_LOWER_AUTHORITY_CLASS,REJECTED,R53B lifecycle marks family open; historical metrics cannot imply completion.
Transformer,docs/dream_system/components/DS-24_independent_five_minute_selector/stage_outputs/ds24_p8_r14_e3g_c2_20260824T000000Z/R53B_13_completed_terminal_authority_recovery/R53B_candidate_result_inventory.csv,c2d0838f916e260f1d787d88362e46ec7f61c6274ffac329c072aa9dbe788719,OLDER_DS24_CAMPAIGN,,DELL,,,False,,INELIGIBLE_WRONG_OR_LOWER_AUTHORITY_CLASS,REJECTED,R53B lifecycle marks family open; historical metrics cannot imply completion.
Transformer,docs/dream_system/components/DS-24_independent_five_minute_selector/stage_outputs/ds24_p8_r14_e3g_c2_20260824T000000Z/R53B_13_completed_terminal_authority_recovery/R53B_candidate_result_inventory.csv,c2d0838f916e260f1d787d88362e46ec7f61c6274ffac329c072aa9dbe788719,OLDER_DS24_CAMPAIGN,,DELL,,,False,,INELIGIBLE_WRONG_OR_LOWER_AUTHORITY_CLASS,REJECTED,R53B lifecycle marks family open; historical metrics cannot imply completion.
Transformer,docs/dream_system/components/DS-24_independent_five_minute_selector/stage_outputs/ds24_p8_r14_e3g_c2_20260824T000000Z/R53B_13_completed_terminal_authority_recovery/R53B_candidate_result_inventory.csv,c2d0838f916e260f1d787d88362e46ec7f61c6274ffac329c072aa9dbe788719,OLDER_DS24_CAMPAIGN,,DELL,,,False,,INELIGIBLE_WRONG_OR_LOWER_AUTHORITY_CLASS,REJECTED,R53B lifecycle marks family open; historical metrics cannot imply completion.
Transformer,docs/dream_system/components/DS-24_independent_five_minute_selector/stage_outputs/ds24_p8_r14_e3g_c2_20260824T000000Z/R53B_13_completed_terminal_authority_recovery/R53B_candidate_result_inventory.csv,c2d0838f916e260f1d787d88362e46ec7f61c6274ffac329c072aa9dbe788719,OLDER_DS24_CAMPAIGN,,DELL,,,False,,INELIGIBLE_WRONG_OR_LOWER_AUTHORITY_CLASS,REJECTED,R53B lifecycle marks family open; historical metrics cannot imply completion.
Transformer,docs/dream_system/components/DS-24_independent_five_minute_selector/stage_outputs/ds24_p8_r14_e3g_c2_20260824T000000Z/R53B_13_completed_terminal_authority_recovery/R53B_candidate_result_inventory.csv,c2d0838f916e260f1d787d88362e46ec7f61c6274ffac329c072aa9dbe788719,OLDER_DS24_CAMPAIGN,,DELL,,,False,,INELIGIBLE_WRONG_OR_LOWER_AUTHORITY_CLASS,REJECTED,R53B lifecycle marks family open; historical metrics cannot imply completion.
Transformer,docs/dream_system/components/DS-24_independent_five_minute_selector/stage_outputs/ds24_p8_r14_e3g_c2_20260824T000000Z/R53B_13_completed_terminal_authority_recovery/R53B_candidate_result_inventory.csv,c2d0838f916e260f1d787d88362e46ec7f61c6274ffac329c072aa9dbe788719,OLDER_DS24_CAMPAIGN,,DELL,,,False,,INELIGIBLE_WRONG_OR_LOWER_AUTHORITY_CLASS,REJECTED,R53B lifecycle marks family open; historical metrics cannot imply completion.
Transformer,docs/dream_system/components/DS-24_independent_five_minute_selector/stage_outputs/ds24_p8_r14_e3g_c2_20260824T000000Z/R53B_13_completed_terminal_authority_recovery/R53B_candidate_result_inventory.csv,c2d0838f916e260f1d787d88362e46ec7f61c6274ffac329c072aa9dbe788719,OLDER_DS24_CAMPAIGN,,DELL,,,False,,INELIGIBLE_WRONG_OR_LOWER_AUTHORITY_CLASS,REJECTED,R53B lifecycle marks family open; historical metrics cannot imply completion.
Transformer,docs/dream_system/components/DS-24_independent_five_minute_selector/stage_outputs/ds24_p8_r14_e3g_c2_20260824T000000Z/R53B_13_completed_terminal_authority_recovery/R53B_candidate_result_inventory.csv,c2d0838f916e260f1d787d88362e46ec7f61c6274ffac329c072aa9dbe788719,OLDER_DS24_CAMPAIGN,,DELL,,,False,,INELIGIBLE_WRONG_OR_LOWER_AUTHORITY_CLASS,REJECTED,R53B lifecycle marks family open; historical metrics cannot imply completion.
Transformer,docs/dream_system/components/DS-24_independent_five_minute_selector/stage_outputs/ds24_p8_r14_e3g_c2_20260824T000000Z/R53B_13_completed_terminal_authority_recovery/R53B_candidate_result_inventory.csv,c2d0838f916e260f1d787d88362e46ec7f61c6274ffac329c072aa9dbe788719,OLDER_DS24_CAMPAIGN,,DELL,,,False,,INELIGIBLE_WRONG_OR_LOWER_AUTHORITY_CLASS,REJECTED,R53B lifecycle marks family open; historical metrics cannot imply completion.
Transformer,docs/dream_system/components/DS-24_independent_five_minute_selector/stage_outputs/ds24_p8_r14_e3g_c2_20260824T000000Z/R53B_13_completed_terminal_authority_recovery/R53B_candidate_result_inventory.csv,c2d0838f916e260f1d787d88362e46ec7f61c6274ffac329c072aa9dbe788719,OLDER_DS24_CAMPAIGN,,DELL,,,False,,INELIGIBLE_WRONG_OR_LOWER_AUTHORITY_CLASS,REJECTED,R53B lifecycle marks family open; historical metrics cannot imply completion.
Transformer,docs/dream_system/components/DS-24_independent_five_minute_selector/stage_outputs/ds24_p8_r14_e3g_c2_20260824T000000Z/R53B_13_completed_terminal_authority_recovery/R53B_candidate_result_inventory.csv,c2d0838f916e260f1d787d88362e46ec7f61c6274ffac329c072aa9dbe788719,OLDER_DS24_CAMPAIGN,,DELL,,,False,,INELIGIBLE_WRONG_OR_LOWER_AUTHORITY_CLASS,REJECTED,R53B lifecycle marks family open; historical metrics cannot imply completion.
Transformer,docs/dream_system/components/DS-24_independent_five_minute_selector/stage_outputs/ds24_p8_r14_e3g_c2_20260824T000000Z/R53B_13_completed_terminal_authority_recovery/R53B_candidate_result_inventory.csv,c2d0838f916e260f1d787d88362e46ec7f61c6274ffac329c072aa9dbe788719,OLDER_DS24_CAMPAIGN,,DELL,,,False,,INELIGIBLE_WRONG_OR_LOWER_AUTHORITY_CLASS,REJECTED,R53B lifecycle marks family open; historical metrics cannot imply completion.
Transformer,docs/dream_system/components/DS-24_independent_five_minute_selector/stage_outputs/ds24_p8_r14_e3g_c2_20260824T000000Z/R53B_13_completed_terminal_authority_recovery/R53B_candidate_result_inventory.csv,c2d0838f916e260f1d787d88362e46ec7f61c6274ffac329c072aa9dbe788719,OLDER_DS24_CAMPAIGN,,DELL,,,False,,INELIGIBLE_WRONG_OR_LOWER_AUTHORITY_CLASS,REJECTED,R53B lifecycle marks family open; historical metrics cannot imply completion.
Transformer,docs/dream_system/components/DS-24_independent_five_minute_selector/stage_outputs/ds24_p8_r14_e3g_c2_20260824T000000Z/R53B_13_completed_terminal_authority_recovery/R53B_candidate_result_inventory.csv,c2d0838f916e260f1d787d88362e46ec7f61c6274ffac329c072aa9dbe788719,OLDER_DS24_CAMPAIGN,,DELL,,,False,,INELIGIBLE_WRONG_OR_LOWER_AUTHORITY_CLASS,REJECTED,R53B lifecycle marks family open; historical metrics cannot imply completion.
Transformer,docs/dream_system/components/DS-24_independent_five_minute_selector/stage_outputs/ds24_p8_r14_e3g_c2_20260824T000000Z/R53B_13_completed_terminal_authority_recovery/R53B_candidate_result_inventory.csv,c2d0838f916e260f1d787d88362e46ec7f61c6274ffac329c072aa9dbe788719,OLDER_DS24_CAMPAIGN,,DELL,,,False,,INELIGIBLE_WRONG_OR_LOWER_AUTHORITY_CLASS,REJECTED,R53B lifecycle marks family open; historical metrics cannot imply completion.
Transformer,docs/dream_system/components/DS-24_independent_five_minute_selector/stage_outputs/ds24_p8_r14_e3g_c2_20260824T000000Z/R53B_13_completed_terminal_authority_recovery/R53B_candidate_result_inventory.csv,c2d0838f916e260f1d787d88362e46ec7f61c6274ffac329c072aa9dbe788719,OLDER_DS24_CAMPAIGN,,DELL,,,False,,INELIGIBLE_WRONG_OR_LOWER_AUTHORITY_CLASS,REJECTED,R53B lifecycle marks family open; historical metrics cannot imply completion.
Transformer,docs/dream_system/components/DS-24_independent_five_minute_selector/stage_outputs/ds24_p8_r14_e3g_c2_20260824T000000Z/R53B_13_completed_terminal_authority_recovery/R53B_candidate_result_inventory.csv,c2d0838f916e260f1d787d88362e46ec7f61c6274ffac329c072aa9dbe788719,OLDER_DS24_CAMPAIGN,,DELL,,,False,,INELIGIBLE_WRONG_OR_LOWER_AUTHORITY_CLASS,REJECTED,R53B lifecycle marks family open; historical metrics cannot imply completion.
Transformer,docs/dream_system/components/DS-24_independent_five_minute_selector/stage_outputs/ds24_p8_r14_e3g_c2_20260824T000000Z/R53B_13_completed_terminal_authority_recovery/R53B_candidate_result_inventory.csv,c2d0838f916e260f1d787d88362e46ec7f61c6274ffac329c072aa9dbe788719,OLDER_DS24_CAMPAIGN,,DELL,,,False,,INELIGIBLE_WRONG_OR_LOWER_AUTHORITY_CLASS,REJECTED,R53B lifecycle marks family open; historical metrics cannot imply completion.
Transformer,docs/dream_system/components/DS-24_independent_five_minute_selector/stage_outputs/ds24_p8_r14_e3g_c2_20260824T000000Z/R53B_13_completed_terminal_authority_recovery/R53B_candidate_result_inventory.csv,c2d0838f916e260f1d787d88362e46ec7f61c6274ffac329c072aa9dbe788719,OLDER_DS24_CAMPAIGN,,DELL,,,False,,INELIGIBLE_WRONG_OR_LOWER_AUTHORITY_CLASS,REJECTED,R53B lifecycle marks family open; historical metrics cannot imply completion.
Transformer,docs/dream_system/components/DS-24_independent_five_minute_selector/stage_outputs/ds24_p8_r14_e3g_c2_20260824T000000Z/r7_r14_policy_workers/Transformer/metrics_only_v3_r40_transformer/checkpoint.json,21bd283340c37a934613ab460d6de894b4bb483fb6cb80d7da0c6151b7174531,UNKNOWN,,DELL,,,False,,INELIGIBLE_WRONG_OR_LOWER_AUTHORITY_CLASS,REJECTED,R53B lifecycle marks family open; historical metrics cannot imply completion.
Transformer,docs/dream_system/components/DS-24_independent_five_minute_selector/stage_outputs/ds24_p8_r14_e3g_c2_20260824T000000Z/r7_r14_policy_workers/Transformer/metrics_only_v3_r40_transformer/daily_portfolio_returns_v3_manifest.json,6b59d82b2ab448a738d8380982a3897b7b06e4e019f0a644a6ae0d33cf56a599,UNKNOWN,,DELL,,,False,,INELIGIBLE_WRONG_OR_LOWER_AUTHORITY_CLASS,REJECTED,R53B lifecycle marks family open; historical metrics cannot imply completion.
Transformer,docs/dream_system/components/DS-24_independent_five_minute_selector/stage_outputs/ds24_p8_r14_e3g_c2_20260824T000000Z/r7_r14_policy_workers/Transformer/metrics_only_v3_r40_transformer/rank_ic_v3_manifest.json,ebfe7e819bb38760a5d3b2943013e3e2695fe68ba6a145a33ee1a09ecb116162,UNKNOWN,,DELL,,,False,,INELIGIBLE_WRONG_OR_LOWER_AUTHORITY_CLASS,REJECTED,R53B lifecycle marks family open; historical metrics cannot imply completion.
Transformer,docs/dream_system/components/DS-24_independent_five_minute_selector/stage_outputs/ds24_p8_r14_e3g_c2_20260824T000000Z/r7_r14_policy_workers/Transformer/metrics_only_v3_r40_transformer/resolved_performance_checkpoint_v3.json,17d0a4cc88c5f4d6d32d6957939856e5ef77f3c6b269403421ebf9075d3fb57e,UNKNOWN,,DELL,,,False,,INELIGIBLE_TRANSFER_NOT_LOCAL,REJECTED,R53B lifecycle marks family open; historical metrics cannot imply completion.
Transformer,docs/dream_system/components/DS-24_independent_five_minute_selector/stage_outputs/ds24_p8_r14_e3g_c2_20260824T000000Z/r7_r14_policy_workers/Transformer/metrics_only_v3_r40_transformer/transaction_costs_v3_manifest.json,f3922f2008294eafc69faf625f7f959c60c328439b5deff0911c6bb6053846fb,UNKNOWN,,DELL,,,False,,INELIGIBLE_WRONG_OR_LOWER_AUTHORITY_CLASS,REJECTED,R53B lifecycle marks family open; historical metrics cannot imply completion.
Transformer,docs/dream_system/components/DS-24_independent_five_minute_selector/stage_outputs/ds24_p8_r14_e3g_c2_20260824T000000Z/r7_r14_policy_workers/Transformer/progress.json,000bb7a114e4c7f5220913d0f7dabbaa4b694e78fad2e55f1def32efcc21e6a9,UNKNOWN,,DELL,,,False,,INELIGIBLE_WRONG_OR_LOWER_AUTHORITY_CLASS,REJECTED,R53B lifecycle marks family open; historical metrics cannot imply completion.
iTransformer,docs/dream_system/components/DS-24_independent_five_minute_selector/stage_outputs/ds24_p8_r14_e3f_20260823T000000Z/40_f1_results_v2.csv,feb365eb49e3390b2983cd3449e8f1f06d6f12b94f5257740cf78508bf5fea3f,OLDER_DS24_CAMPAIGN,,DELL,,,False,mean_spearman_rank_ic,INELIGIBLE_WRONG_OR_LOWER_AUTHORITY_CLASS,REJECTED,R53B lifecycle marks family open; historical metrics cannot imply completion.
iTransformer,docs/dream_system/components/DS-24_independent_five_minute_selector/stage_outputs/ds24_p8_r14_e3g_c1_20260823T000000Z/21_sequence_scale_results.csv,85943af6cf18e03c471ce1e9b8c2a9ef905c22b315ddb6ad7330721e89a51ba5,OLDER_DS24_CAMPAIGN,,DELL,2019-01-01T00:00:00+00:00,2024-12-31T23:59:59+00:00,False,mean_spearman_rank_ic,INELIGIBLE_WRONG_OR_LOWER_AUTHORITY_CLASS,REJECTED,R53B lifecycle marks family open; historical metrics cannot imply completion.
iTransformer,docs/dream_system/components/DS-24_independent_five_minute_selector/stage_outputs/ds24_p8_r14_e3g_c1_20260823T000000Z/31_scale_stability_results.csv,c27931c0584338c1ee8b1a0997735945023986bbd3e95bc21696d6b5c6ff8b3a,OLDER_DS24_CAMPAIGN,,DELL,,,False,mean_spearman_rank_ic,INELIGIBLE_WRONG_OR_LOWER_AUTHORITY_CLASS,REJECTED,R53B lifecycle marks family open; historical metrics cannot imply completion.
iTransformer,docs/dream_system/components/DS-24_independent_five_minute_selector/stage_outputs/ds24_p8_r14_e3g_c2_20260824T000000Z/R53B_13_completed_terminal_authority_recovery/R53B_candidate_result_inventory.csv,c2d0838f916e260f1d787d88362e46ec7f61c6274ffac329c072aa9dbe788719,OLDER_DS24_CAMPAIGN,,DELL,,,False,,INELIGIBLE_WRONG_OR_LOWER_AUTHORITY_CLASS,REJECTED,R53B lifecycle marks family open; historical metrics cannot imply completion.
iTransformer,docs/dream_system/components/DS-24_independent_five_minute_selector/stage_outputs/ds24_p8_r14_e3g_c2_20260824T000000Z/R53B_13_completed_terminal_authority_recovery/R53B_candidate_result_inventory.csv,c2d0838f916e260f1d787d88362e46ec7f61c6274ffac329c072aa9dbe788719,OLDER_DS24_CAMPAIGN,,DELL,,,False,,INELIGIBLE_WRONG_OR_LOWER_AUTHORITY_CLASS,REJECTED,R53B lifecycle marks family open; historical metrics cannot imply completion.
iTransformer,docs/dream_system/components/DS-24_independent_five_minute_selector/stage_outputs/ds24_p8_r14_e3g_c2_20260824T000000Z/R53B_13_completed_terminal_authority_recovery/R53B_candidate_result_inventory.csv,c2d0838f916e260f1d787d88362e46ec7f61c6274ffac329c072aa9dbe788719,OLDER_DS24_CAMPAIGN,,DELL,,,False,,INELIGIBLE_WRONG_OR_LOWER_AUTHORITY_CLASS,REJECTED,R53B lifecycle marks family open; historical metrics cannot imply completion.
iTransformer,docs/dream_system/components/DS-24_independent_five_minute_selector/stage_outputs/ds24_p8_r14_e3g_c2_20260824T000000Z/R53B_13_completed_terminal_authority_recovery/R53B_candidate_result_inventory.csv,c2d0838f916e260f1d787d88362e46ec7f61c6274ffac329c072aa9dbe788719,OLDER_DS24_CAMPAIGN,,DELL,,,False,,INELIGIBLE_WRONG_OR_LOWER_AUTHORITY_CLASS,REJECTED,R53B lifecycle marks family open; historical metrics cannot imply completion.
iTransformer,docs/dream_system/components/DS-24_independent_five_minute_selector/stage_outputs/ds24_p8_r14_e3g_c2_20260824T000000Z/R53B_13_completed_terminal_authority_recovery/R53B_candidate_result_inventory.csv,c2d0838f916e260f1d787d88362e46ec7f61c6274ffac329c072aa9dbe788719,OLDER_DS24_CAMPAIGN,,DELL,,,False,,INELIGIBLE_WRONG_OR_LOWER_AUTHORITY_CLASS,REJECTED,R53B lifecycle marks family open; historical metrics cannot imply completion.
iTransformer,docs/dream_system/components/DS-24_independent_five_minute_selector/stage_outputs/ds24_p8_r14_e3g_c2_20260824T000000Z/R53B_13_completed_terminal_authority_recovery/R53B_candidate_result_inventory.csv,c2d0838f916e260f1d787d88362e46ec7f61c6274ffac329c072aa9dbe788719,OLDER_DS24_CAMPAIGN,,DELL,,,False,,INELIGIBLE_WRONG_OR_LOWER_AUTHORITY_CLASS,REJECTED,R53B lifecycle marks family open; historical metrics cannot imply completion.
Momentum Transformer,docs/dream_system/components/DS-24_independent_five_minute_selector/stage_outputs/ds24_p8_r14_e3f_20260823T000000Z/40_f1_results_v2.csv,feb365eb49e3390b2983cd3449e8f1f06d6f12b94f5257740cf78508bf5fea3f,OLDER_DS24_CAMPAIGN,,DELL,,,False,mean_spearman_rank_ic,INELIGIBLE_WRONG_OR_LOWER_AUTHORITY_CLASS,REJECTED,R53B lifecycle marks family open; historical metrics cannot imply completion.
Momentum Transformer,docs/dream_system/components/DS-24_independent_five_minute_selector/stage_outputs/ds24_p8_r14_e3g_c1_20260823T000000Z/21_sequence_scale_results.csv,85943af6cf18e03c471ce1e9b8c2a9ef905c22b315ddb6ad7330721e89a51ba5,OLDER_DS24_CAMPAIGN,,DELL,2019-01-01T00:00:00+00:00,2024-12-31T23:59:59+00:00,False,mean_spearman_rank_ic,INELIGIBLE_WRONG_OR_LOWER_AUTHORITY_CLASS,REJECTED,R53B lifecycle marks family open; historical metrics cannot imply completion.
Momentum Transformer,docs/dream_system/components/DS-24_independent_five_minute_selector/stage_outputs/ds24_p8_r14_e3g_c1_20260823T000000Z/31_scale_stability_results.csv,c27931c0584338c1ee8b1a0997735945023986bbd3e95bc21696d6b5c6ff8b3a,OLDER_DS24_CAMPAIGN,,DELL,,,False,mean_spearman_rank_ic,INELIGIBLE_WRONG_OR_LOWER_AUTHORITY_CLASS,REJECTED,R53B lifecycle marks family open; historical metrics cannot imply completion.
Momentum Transformer,docs/dream_system/components/DS-24_independent_five_minute_selector/stage_outputs/ds24_p8_r14_e3g_c2_20260824T000000Z/R53B_13_completed_terminal_authority_recovery/R53B_candidate_result_inventory.csv,c2d0838f916e260f1d787d88362e46ec7f61c6274ffac329c072aa9dbe788719,OLDER_DS24_CAMPAIGN,,DELL,,,False,,INELIGIBLE_WRONG_OR_LOWER_AUTHORITY_CLASS,REJECTED,R53B lifecycle marks family open; historical metrics cannot imply completion.
Momentum Transformer,docs/dream_system/components/DS-24_independent_five_minute_selector/stage_outputs/ds24_p8_r14_e3g_c2_20260824T000000Z/R53B_13_completed_terminal_authority_recovery/R53B_candidate_result_inventory.csv,c2d0838f916e260f1d787d88362e46ec7f61c6274ffac329c072aa9dbe788719,OLDER_DS24_CAMPAIGN,,DELL,,,False,,INELIGIBLE_WRONG_OR_LOWER_AUTHORITY_CLASS,REJECTED,R53B lifecycle marks family open; historical metrics cannot imply completion.
Momentum Transformer,docs/dream_system/components/DS-24_independent_five_minute_selector/stage_outputs/ds24_p8_r14_e3g_c2_20260824T000000Z/R53B_13_completed_terminal_authority_recovery/R53B_candidate_result_inventory.csv,c2d0838f916e260f1d787d88362e46ec7f61c6274ffac329c072aa9dbe788719,OLDER_DS24_CAMPAIGN,,DELL,,,False,,INELIGIBLE_WRONG_OR_LOWER_AUTHORITY_CLASS,REJECTED,R53B lifecycle marks family open; historical metrics cannot imply completion.
Momentum Transformer,docs/dream_system/components/DS-24_independent_five_minute_selector/stage_outputs/ds24_p8_r14_e3g_c2_20260824T000000Z/R53B_13_completed_terminal_authority_recovery/R53B_candidate_result_inventory.csv,c2d0838f916e260f1d787d88362e46ec7f61c6274ffac329c072aa9dbe788719,OLDER_DS24_CAMPAIGN,,DELL,,,False,,INELIGIBLE_WRONG_OR_LOWER_AUTHORITY_CLASS,REJECTED,R53B lifecycle marks family open; historical metrics cannot imply completion.
Momentum Transformer,docs/dream_system/components/DS-24_independent_five_minute_selector/stage_outputs/ds24_p8_r14_e3g_c2_20260824T000000Z/R53B_13_completed_terminal_authority_recovery/R53B_candidate_result_inventory.csv,c2d0838f916e260f1d787d88362e46ec7f61c6274ffac329c072aa9dbe788719,OLDER_DS24_CAMPAIGN,,DELL,,,False,,INELIGIBLE_WRONG_OR_LOWER_AUTHORITY_CLASS,REJECTED,R53B lifecycle marks family open; historical metrics cannot imply completion.
Momentum Transformer,docs/dream_system/components/DS-24_independent_five_minute_selector/stage_outputs/ds24_p8_r14_e3g_c2_20260824T000000Z/R53B_13_completed_terminal_authority_recovery/R53B_candidate_result_inventory.csv,c2d0838f916e260f1d787d88362e46ec7f61c6274ffac329c072aa9dbe788719,OLDER_DS24_CAMPAIGN,,DELL,,,False,,INELIGIBLE_WRONG_OR_LOWER_AUTHORITY_CLASS,REJECTED,R53B lifecycle marks family open; historical metrics cannot imply completion.
Market Context Encoder,docs/dream_system/components/DS-24_independent_five_minute_selector/stage_outputs/ds24_p8_r14_e3f_20260823T000000Z/40_f1_results_v2.csv,feb365eb49e3390b2983cd3449e8f1f06d6f12b94f5257740cf78508bf5fea3f,OLDER_DS24_CAMPAIGN,,DELL,,,False,mean_spearman_rank_ic,INELIGIBLE_WRONG_OR_LOWER_AUTHORITY_CLASS,REJECTED,R53B lifecycle marks family open; historical metrics cannot imply completion.
Market Context Encoder,docs/dream_system/components/DS-24_independent_five_minute_selector/stage_outputs/ds24_p8_r14_e3g_c1_20260823T000000Z/21_sequence_scale_results.csv,85943af6cf18e03c471ce1e9b8c2a9ef905c22b315ddb6ad7330721e89a51ba5,OLDER_DS24_CAMPAIGN,,DELL,2019-01-01T00:00:00+00:00,2024-12-31T23:59:59+00:00,False,mean_spearman_rank_ic,INELIGIBLE_WRONG_OR_LOWER_AUTHORITY_CLASS,REJECTED,R53B lifecycle marks family open; historical metrics cannot imply completion.
Market Context Encoder,docs/dream_system/components/DS-24_independent_five_minute_selector/stage_outputs/ds24_p8_r14_e3g_c1_20260823T000000Z/31_scale_stability_results.csv,c27931c0584338c1ee8b1a0997735945023986bbd3e95bc21696d6b5c6ff8b3a,OLDER_DS24_CAMPAIGN,,DELL,,,False,mean_spearman_rank_ic,INELIGIBLE_WRONG_OR_LOWER_AUTHORITY_CLASS,REJECTED,R53B lifecycle marks family open; historical metrics cannot imply completion.
Market Context Encoder,docs/dream_system/components/DS-24_independent_five_minute_selector/stage_outputs/ds24_p8_r14_e3g_c2_20260824T000000Z/R53B_13_completed_terminal_authority_recovery/R53B_candidate_result_inventory.csv,c2d0838f916e260f1d787d88362e46ec7f61c6274ffac329c072aa9dbe788719,OLDER_DS24_CAMPAIGN,,DELL,,,False,,INELIGIBLE_WRONG_OR_LOWER_AUTHORITY_CLASS,REJECTED,R53B lifecycle marks family open; historical metrics cannot imply completion.
Market Context Encoder,docs/dream_system/components/DS-24_independent_five_minute_selector/stage_outputs/ds24_p8_r14_e3g_c2_20260824T000000Z/R53B_13_completed_terminal_authority_recovery/R53B_candidate_result_inventory.csv,c2d0838f916e260f1d787d88362e46ec7f61c6274ffac329c072aa9dbe788719,OLDER_DS24_CAMPAIGN,,DELL,,,False,,INELIGIBLE_WRONG_OR_LOWER_AUTHORITY_CLASS,REJECTED,R53B lifecycle marks family open; historical metrics cannot imply completion.
Market Context Encoder,docs/dream_system/components/DS-24_independent_five_minute_selector/stage_outputs/ds24_p8_r14_e3g_c2_20260824T000000Z/R53B_13_completed_terminal_authority_recovery/R53B_candidate_result_inventory.csv,c2d0838f916e260f1d787d88362e46ec7f61c6274ffac329c072aa9dbe788719,OLDER_DS24_CAMPAIGN,,DELL,,,False,,INELIGIBLE_WRONG_OR_LOWER_AUTHORITY_CLASS,REJECTED,R53B lifecycle marks family open; historical metrics cannot imply completion.
Market Context Encoder,docs/dream_system/components/DS-24_independent_five_minute_selector/stage_outputs/ds24_p8_r14_e3g_c2_20260824T000000Z/R53B_13_completed_terminal_authority_recovery/R53B_candidate_result_inventory.csv,c2d0838f916e260f1d787d88362e46ec7f61c6274ffac329c072aa9dbe788719,OLDER_DS24_CAMPAIGN,,DELL,,,False,,INELIGIBLE_WRONG_OR_LOWER_AUTHORITY_CLASS,REJECTED,R53B lifecycle marks family open; historical metrics cannot imply completion.
Market Context Encoder,docs/dream_system/components/DS-24_independent_five_minute_selector/stage_outputs/ds24_p8_r14_e3g_c2_20260824T000000Z/R53B_13_completed_terminal_authority_recovery/R53B_candidate_result_inventory.csv,c2d0838f916e260f1d787d88362e46ec7f61c6274ffac329c072aa9dbe788719,OLDER_DS24_CAMPAIGN,,DELL,,,False,,INELIGIBLE_WRONG_OR_LOWER_AUTHORITY_CLASS,REJECTED,R53B lifecycle marks family open; historical metrics cannot imply completion.
Market Context Encoder,docs/dream_system/components/DS-24_independent_five_minute_selector/stage_outputs/ds24_p8_r14_e3g_c2_20260824T000000Z/R53B_13_completed_terminal_authority_recovery/R53B_candidate_result_inventory.csv,c2d0838f916e260f1d787d88362e46ec7f61c6274ffac329c072aa9dbe788719,OLDER_DS24_CAMPAIGN,,DELL,,,False,,INELIGIBLE_WRONG_OR_LOWER_AUTHORITY_CLASS,REJECTED,R53B lifecycle marks family open; historical metrics cannot imply completion.
Temporal Fusion Transformer,docs/dream_system/components/DS-24_independent_five_minute_selector/stage_outputs/ds24_p8_r14_e3f_20260823T000000Z/40_f1_results_v2.csv,feb365eb49e3390b2983cd3449e8f1f06d6f12b94f5257740cf78508bf5fea3f,OLDER_DS24_CAMPAIGN,,DELL,,,False,mean_spearman_rank_ic,INELIGIBLE_WRONG_OR_LOWER_AUTHORITY_CLASS,REJECTED,R53B lifecycle marks family open; historical metrics cannot imply completion.
Temporal Fusion Transformer,docs/dream_system/components/DS-24_independent_five_minute_selector/stage_outputs/ds24_p8_r14_e3g_c1_20260823T000000Z/21_sequence_scale_results.csv,85943af6cf18e03c471ce1e9b8c2a9ef905c22b315ddb6ad7330721e89a51ba5,OLDER_DS24_CAMPAIGN,,DELL,2019-01-01T00:00:00+00:00,2024-12-31T23:59:59+00:00,False,mean_spearman_rank_ic,INELIGIBLE_WRONG_OR_LOWER_AUTHORITY_CLASS,REJECTED,R53B lifecycle marks family open; historical metrics cannot imply completion.
Temporal Fusion Transformer,docs/dream_system/components/DS-24_independent_five_minute_selector/stage_outputs/ds24_p8_r14_e3g_c1_20260823T000000Z/31_scale_stability_results.csv,c27931c0584338c1ee8b1a0997735945023986bbd3e95bc21696d6b5c6ff8b3a,OLDER_DS24_CAMPAIGN,,DELL,,,False,mean_spearman_rank_ic,INELIGIBLE_WRONG_OR_LOWER_AUTHORITY_CLASS,REJECTED,R53B lifecycle marks family open; historical metrics cannot imply completion.
Temporal Fusion Transformer,docs/dream_system/components/DS-24_independent_five_minute_selector/stage_outputs/ds24_p8_r14_e3g_c2_20260824T000000Z/R53B_13_completed_terminal_authority_recovery/R53B_candidate_result_inventory.csv,c2d0838f916e260f1d787d88362e46ec7f61c6274ffac329c072aa9dbe788719,OLDER_DS24_CAMPAIGN,,DELL,,,False,,INELIGIBLE_WRONG_OR_LOWER_AUTHORITY_CLASS,REJECTED,R53B lifecycle marks family open; historical metrics cannot imply completion.
Temporal Fusion Transformer,docs/dream_system/components/DS-24_independent_five_minute_selector/stage_outputs/ds24_p8_r14_e3g_c2_20260824T000000Z/R53B_13_completed_terminal_authority_recovery/R53B_candidate_result_inventory.csv,c2d0838f916e260f1d787d88362e46ec7f61c6274ffac329c072aa9dbe788719,OLDER_DS24_CAMPAIGN,,DELL,,,False,,INELIGIBLE_WRONG_OR_LOWER_AUTHORITY_CLASS,REJECTED,R53B lifecycle marks family open; historical metrics cannot imply completion.
Temporal Fusion Transformer,docs/dream_system/components/DS-24_independent_five_minute_selector/stage_outputs/ds24_p8_r14_e3g_c2_20260824T000000Z/R53B_13_completed_terminal_authority_recovery/R53B_candidate_result_inventory.csv,c2d0838f916e260f1d787d88362e46ec7f61c6274ffac329c072aa9dbe788719,OLDER_DS24_CAMPAIGN,,DELL,,,False,,INELIGIBLE_WRONG_OR_LOWER_AUTHORITY_CLASS,REJECTED,R53B lifecycle marks family open; historical metrics cannot imply completion.
Temporal Fusion Transformer,docs/dream_system/components/DS-24_independent_five_minute_selector/stage_outputs/ds24_p8_r14_e3g_c2_20260824T000000Z/R53B_13_completed_terminal_authority_recovery/R53B_candidate_result_inventory.csv,c2d0838f916e260f1d787d88362e46ec7f61c6274ffac329c072aa9dbe788719,OLDER_DS24_CAMPAIGN,,DELL,,,False,,INELIGIBLE_WRONG_OR_LOWER_AUTHORITY_CLASS,REJECTED,R53B lifecycle marks family open; historical metrics cannot imply completion.
Temporal Fusion Transformer,docs/dream_system/components/DS-24_independent_five_minute_selector/stage_outputs/ds24_p8_r14_e3g_c2_20260824T000000Z/R53B_13_completed_terminal_authority_recovery/R53B_candidate_result_inventory.csv,c2d0838f916e260f1d787d88362e46ec7f61c6274ffac329c072aa9dbe788719,OLDER_DS24_CAMPAIGN,,DELL,,,False,,INELIGIBLE_WRONG_OR_LOWER_AUTHORITY_CLASS,REJECTED,R53B lifecycle marks family open; historical metrics cannot imply completion.
Temporal Fusion Transformer,docs/dream_system/components/DS-24_independent_five_minute_selector/stage_outputs/ds24_p8_r14_e3g_c2_20260824T000000Z/R53B_13_completed_terminal_authority_recovery/R53B_candidate_result_inventory.csv,c2d0838f916e260f1d787d88362e46ec7f61c6274ffac329c072aa9dbe788719,OLDER_DS24_CAMPAIGN,,DELL,,,False,,INELIGIBLE_WRONG_OR_LOWER_AUTHORITY_CLASS,REJECTED,R53B lifecycle marks family open; historical metrics cannot imply completion.
