family,path,SHA256,mtime,artifact_schema_type,terminal_marker,result_status,evaluation_contract,metric_population,first_date,last_date,accepted_quarantined_provisional_status,superseded_by,selection_decision,rejection_reason
ridge_policy_v1_control,docs/dream_system/components/DS-24_independent_five_minute_selector/stage_outputs/ds24_p8_r14_e3g_c1_20260823T000000Z/19_tabular_scale_results.csv,5c1378aba59a29ffd71efb53581720ce871950c28bfe8f60d45f531d5f86dd0a,2026-08-23T21:44:36.481254+00:00,CSV_RESULT_ROW,False,FRONTIER_ACTIVE,,616000,,,QUARANTINED_AFTER_COMPLETION,,SELECTED,
ridge_policy_v1_control,docs/dream_system/components/DS-24_independent_five_minute_selector/stage_outputs/ds24_p8_r14_e3g_c2_20260824T000000Z/r7_r14_policy_workers/ridge_policy_v1_control/r31_performance_summary.json,be79de7331fdd53291393ff8025f4d86fb3ffb80009f58af43f5876a1da8015b,2026-08-28T12:05:11.247416+00:00,r31_performance_summary.json,False,PROVISIONAL_UNVALIDATED_R33,,2097,2024-12-31T14:45:00+00:00,2026-06-30T19:00:00+00:00,,docs/dream_system/components/DS-24_independent_five_minute_selector/stage_outputs/ds24_p8_r14_e3g_c1_20260823T000000Z/19_tabular_scale_results.csv,REJECTED,Stronger R53A source precedence selected.
ridge_policy_v1_control,docs/dream_system/components/DS-24_independent_five_minute_selector/stage_outputs/ds24_p8_r14_e3g_c1_20260823T000000Z/31_scale_stability_results.csv,c27931c0584338c1ee8b1a0997735945023986bbd3e95bc21696d6b5c6ff8b3a,2026-08-23T21:44:36.489288+00:00,CSV_RESULT_ROW,False,,,,,,,docs/dream_system/components/DS-24_independent_five_minute_selector/stage_outputs/ds24_p8_r14_e3g_c1_20260823T000000Z/19_tabular_scale_results.csv,REJECTED,Stronger R53A source precedence selected.
ridge_policy_v1_control,docs/dream_system/components/DS-24_independent_five_minute_selector/stage_outputs/ds24_p8_r14_e3f_20260823T000000Z/44_f3_results_v2.csv,87035330c8850d97a10091e430c2b35b44cb50d169a308ff55585e0f93c58f6a,2026-08-23T20:15:35.150126+00:00,CSV_RESULT_ROW,False,,,42000,,,,docs/dream_system/components/DS-24_independent_five_minute_selector/stage_outputs/ds24_p8_r14_e3g_c1_20260823T000000Z/19_tabular_scale_results.csv,REJECTED,Stronger R53A source precedence selected.
ridge_policy_v1_control,docs/dream_system/components/DS-24_independent_five_minute_selector/stage_outputs/ds24_p8_r14_e3f_20260823T000000Z/42_f2_results_v2.csv,21750ed8b8eb01b9106ba22de19872d3459e5cd11c4d6a0cd4db73723dc406c1,2026-08-23T20:15:35.149120+00:00,CSV_RESULT_ROW,False,,,30800,,,,docs/dream_system/components/DS-24_independent_five_minute_selector/stage_outputs/ds24_p8_r14_e3g_c1_20260823T000000Z/19_tabular_scale_results.csv,REJECTED,Stronger R53A source precedence selected.
ridge_policy_v1_control,docs/dream_system/components/DS-24_independent_five_minute_selector/stage_outputs/ds24_p8_r14_e3f_20260823T000000Z/40_f1_results_v2.csv,feb365eb49e3390b2983cd3449e8f1f06d6f12b94f5257740cf78508bf5fea3f,2026-08-23T20:15:35.148122+00:00,CSV_RESULT_ROW,False,,,19600,,,,docs/dream_system/components/DS-24_independent_five_minute_selector/stage_outputs/ds24_p8_r14_e3g_c1_20260823T000000Z/19_tabular_scale_results.csv,REJECTED,Stronger R53A source precedence selected.
ridge_policy_v1_control,docs/dream_system/components/DS-24_independent_five_minute_selector/stage_outputs/ds24_p8_r14_e3e_20260823T000000Z/24_f3_results_v2.csv,c6e286496a3a2b452561610b54f52d5951085c5bf192c00439e739790f915e46,2026-08-23T19:25:48.244106+00:00,CSV_RESULT_ROW,False,,,21000,,,,docs/dream_system/components/DS-24_independent_five_minute_selector/stage_outputs/ds24_p8_r14_e3g_c1_20260823T000000Z/19_tabular_scale_results.csv,REJECTED,Stronger R53A source precedence selected.
ridge_policy_v1_control,docs/dream_system/components/DS-24_independent_five_minute_selector/stage_outputs/ds24_p8_r14_e3e_20260823T000000Z/22_f2_results_v2.csv,fd92bdf3ddb92ef8a65dde84ed781fbf466f3decd5705bd5f78a06af0beb177c,2026-08-23T19:25:48.243066+00:00,CSV_RESULT_ROW,False,,,13501,,,,docs/dream_system/components/DS-24_independent_five_minute_selector/stage_outputs/ds24_p8_r14_e3g_c1_20260823T000000Z/19_tabular_scale_results.csv,REJECTED,Stronger R53A source precedence selected.
ridge_policy_v1_control,docs/dream_system/components/DS-24_independent_five_minute_selector/stage_outputs/ds24_p8_r14_e3e_20260823T000000Z/20_f1_results_v2.csv,e53c180bbc1d1500efcf5cf382125ecda1ac3233dc36d25fa9c752a6bbc22d88,2026-08-23T19:25:48.240916+00:00,CSV_RESULT_ROW,False,,,6000,,,,docs/dream_system/components/DS-24_independent_five_minute_selector/stage_outputs/ds24_p8_r14_e3g_c1_20260823T000000Z/19_tabular_scale_results.csv,REJECTED,Stronger R53A source precedence selected.
ridge_policy_v1_control,docs/dream_system/components/DS-24_independent_five_minute_selector/stage_outputs/ds24_p8_r14_e3_20260823T000000Z/21_fidelity3_results.csv,6887f617593ae8c74448f300bc7fbf6b943ef8e10d57e827a9734a6512576af2,2026-08-23T16:48:26.749840+00:00,CSV_RESULT_ROW,False,COMPLETED,,,,,,docs/dream_system/components/DS-24_independent_five_minute_selector/stage_outputs/ds24_p8_r14_e3g_c1_20260823T000000Z/19_tabular_scale_results.csv,REJECTED,Stronger R53A source precedence selected.
ridge_policy_v1_control,docs/dream_system/components/DS-24_independent_five_minute_selector/stage_outputs/ds24_p8_r14_e3_20260823T000000Z/21_fidelity3_results.csv,6887f617593ae8c74448f300bc7fbf6b943ef8e10d57e827a9734a6512576af2,2026-08-23T16:48:26.749840+00:00,CSV_RESULT_ROW,False,COMPLETED,,,,,,docs/dream_system/components/DS-24_independent_five_minute_selector/stage_outputs/ds24_p8_r14_e3g_c1_20260823T000000Z/19_tabular_scale_results.csv,REJECTED,Stronger R53A source precedence selected.
ridge_policy_v1_control,docs/dream_system/components/DS-24_independent_five_minute_selector/stage_outputs/ds24_p8_r14_e3_20260823T000000Z/19_fidelity2_results.csv,492349deb0302764868a023403ca08b8a1b80d03694b987417b3ee4394350345,2026-08-23T16:48:26.748840+00:00,CSV_RESULT_ROW,False,COMPLETED,,,,,,docs/dream_system/components/DS-24_independent_five_minute_selector/stage_outputs/ds24_p8_r14_e3g_c1_20260823T000000Z/19_tabular_scale_results.csv,REJECTED,Stronger R53A source precedence selected.
ridge_policy_v1_control,docs/dream_system/components/DS-24_independent_five_minute_selector/stage_outputs/ds24_p8_r14_e3_20260823T000000Z/19_fidelity2_results.csv,492349deb0302764868a023403ca08b8a1b80d03694b987417b3ee4394350345,2026-08-23T16:48:26.748840+00:00,CSV_RESULT_ROW,False,COMPLETED,,,,,,docs/dream_system/components/DS-24_independent_five_minute_selector/stage_outputs/ds24_p8_r14_e3g_c1_20260823T000000Z/19_tabular_scale_results.csv,REJECTED,Stronger R53A source precedence selected.
ridge_policy_v1_control,docs/dream_system/components/DS-24_independent_five_minute_selector/stage_outputs/ds24_p8_r14_e3_20260823T000000Z/19_fidelity2_results.csv,492349deb0302764868a023403ca08b8a1b80d03694b987417b3ee4394350345,2026-08-23T16:48:26.748840+00:00,CSV_RESULT_ROW,False,COMPLETED,,,,,,docs/dream_system/components/DS-24_independent_five_minute_selector/stage_outputs/ds24_p8_r14_e3g_c1_20260823T000000Z/19_tabular_scale_results.csv,REJECTED,Stronger R53A source precedence selected.
ridge_policy_v1_control,docs/dream_system/components/DS-24_independent_five_minute_selector/stage_outputs/ds24_p8_r14_e3_20260823T000000Z/17_fidelity1_results.csv,ceed978b8539797630028ebe29c8bf312071533d66725eb2e08dfb15f17269d8,2026-08-23T16:48:26.746840+00:00,CSV_RESULT_ROW,False,,,,,,,docs/dream_system/components/DS-24_independent_five_minute_selector/stage_outputs/ds24_p8_r14_e3g_c1_20260823T000000Z/19_tabular_scale_results.csv,REJECTED,Stronger R53A source precedence selected.
ridge_policy_v1_control,docs/dream_system/components/DS-24_independent_five_minute_selector/stage_outputs/ds24_p8_r14_e3_20260823T000000Z/17_fidelity1_results.csv,ceed978b8539797630028ebe29c8bf312071533d66725eb2e08dfb15f17269d8,2026-08-23T16:48:26.746840+00:00,CSV_RESULT_ROW,False,,,,,,,docs/dream_system/components/DS-24_independent_five_minute_selector/stage_outputs/ds24_p8_r14_e3g_c1_20260823T000000Z/19_tabular_scale_results.csv,REJECTED,Stronger R53A source precedence selected.
ridge_policy_v1_control,docs/dream_system/components/DS-24_independent_five_minute_selector/stage_outputs/ds24_p8_r14_e3_20260823T000000Z/17_fidelity1_results.csv,ceed978b8539797630028ebe29c8bf312071533d66725eb2e08dfb15f17269d8,2026-08-23T16:48:26.746840+00:00,CSV_RESULT_ROW,False,,,,,,,docs/dream_system/components/DS-24_independent_five_minute_selector/stage_outputs/ds24_p8_r14_e3g_c1_20260823T000000Z/19_tabular_scale_results.csv,REJECTED,Stronger R53A source precedence selected.
ridge_policy_v1_control,docs/dream_system/components/DS-24_independent_five_minute_selector/stage_outputs/ds24_p8_r14_e3_20260823T000000Z/17_fidelity1_results.csv,ceed978b8539797630028ebe29c8bf312071533d66725eb2e08dfb15f17269d8,2026-08-23T16:48:26.746840+00:00,CSV_RESULT_ROW,False,,,,,,,docs/dream_system/components/DS-24_independent_five_minute_selector/stage_outputs/ds24_p8_r14_e3g_c1_20260823T000000Z/19_tabular_scale_results.csv,REJECTED,Stronger R53A source precedence selected.
ridge_policy_v1_control,docs/dream_system/components/DS-24_independent_five_minute_selector/stage_outputs/ds24_p8_r14_e3_20260823T000000Z/17_fidelity1_results.csv,ceed978b8539797630028ebe29c8bf312071533d66725eb2e08dfb15f17269d8,2026-08-23T16:48:26.746840+00:00,CSV_RESULT_ROW,False,,,,,,,docs/dream_system/components/DS-24_independent_five_minute_selector/stage_outputs/ds24_p8_r14_e3g_c1_20260823T000000Z/19_tabular_scale_results.csv,REJECTED,Stronger R53A source precedence selected.
ridge_policy_v1_control,docs/dream_system/components/DS-24_independent_five_minute_selector/stage_outputs/ds24_p8_r14_e3_20260823T000000Z/17_fidelity1_results.csv,ceed978b8539797630028ebe29c8bf312071533d66725eb2e08dfb15f17269d8,2026-08-23T16:48:26.746840+00:00,CSV_RESULT_ROW,False,,,,,,,docs/dream_system/components/DS-24_independent_five_minute_selector/stage_outputs/ds24_p8_r14_e3g_c1_20260823T000000Z/19_tabular_scale_results.csv,REJECTED,Stronger R53A source precedence selected.
ridge_policy_v1_control,docs/dream_system/components/DS-24_independent_five_minute_selector/stage_outputs/ds24_p8_r14_e2_20260823T000000Z/22_fidelity1_results.csv,ceed978b8539797630028ebe29c8bf312071533d66725eb2e08dfb15f17269d8,2026-08-23T12:00:47.317787+00:00,CSV_RESULT_ROW,False,,,,,,,docs/dream_system/components/DS-24_independent_five_minute_selector/stage_outputs/ds24_p8_r14_e3g_c1_20260823T000000Z/19_tabular_scale_results.csv,REJECTED,Stronger R53A source precedence selected.
ridge_policy_v1_control,docs/dream_system/components/DS-24_independent_five_minute_selector/stage_outputs/ds24_p8_r14_e2_20260823T000000Z/22_fidelity1_results.csv,ceed978b8539797630028ebe29c8bf312071533d66725eb2e08dfb15f17269d8,2026-08-23T12:00:47.317787+00:00,CSV_RESULT_ROW,False,,,,,,,docs/dream_system/components/DS-24_independent_five_minute_selector/stage_outputs/ds24_p8_r14_e3g_c1_20260823T000000Z/19_tabular_scale_results.csv,REJECTED,Stronger R53A source precedence selected.
ridge_policy_v1_control,docs/dream_system/components/DS-24_independent_five_minute_selector/stage_outputs/ds24_p8_r14_e2_20260823T000000Z/22_fidelity1_results.csv,ceed978b8539797630028ebe29c8bf312071533d66725eb2e08dfb15f17269d8,2026-08-23T12:00:47.317787+00:00,CSV_RESULT_ROW,False,,,,,,,docs/dream_system/components/DS-24_independent_five_minute_selector/stage_outputs/ds24_p8_r14_e3g_c1_20260823T000000Z/19_tabular_scale_results.csv,REJECTED,Stronger R53A source precedence selected.
ridge_policy_v1_control,docs/dream_system/components/DS-24_independent_five_minute_selector/stage_outputs/ds24_p8_r14_e2_20260823T000000Z/22_fidelity1_results.csv,ceed978b8539797630028ebe29c8bf312071533d66725eb2e08dfb15f17269d8,2026-08-23T12:00:47.317787+00:00,CSV_RESULT_ROW,False,,,,,,,docs/dream_system/components/DS-24_independent_five_minute_selector/stage_outputs/ds24_p8_r14_e3g_c1_20260823T000000Z/19_tabular_scale_results.csv,REJECTED,Stronger R53A source precedence selected.
ridge_policy_v1_control,docs/dream_system/components/DS-24_independent_five_minute_selector/stage_outputs/ds24_p8_r14_e2_20260823T000000Z/22_fidelity1_results.csv,ceed978b8539797630028ebe29c8bf312071533d66725eb2e08dfb15f17269d8,2026-08-23T12:00:47.317787+00:00,CSV_RESULT_ROW,False,,,,,,,docs/dream_system/components/DS-24_independent_five_minute_selector/stage_outputs/ds24_p8_r14_e3g_c1_20260823T000000Z/19_tabular_scale_results.csv,REJECTED,Stronger R53A source precedence selected.
ridge_policy_v1_control,docs/dream_system/components/DS-24_independent_five_minute_selector/stage_outputs/ds24_p8_r14_e2_20260823T000000Z/22_fidelity1_results.csv,ceed978b8539797630028ebe29c8bf312071533d66725eb2e08dfb15f17269d8,2026-08-23T12:00:47.317787+00:00,CSV_RESULT_ROW,False,,,,,,,docs/dream_system/components/DS-24_independent_five_minute_selector/stage_outputs/ds24_p8_r14_e3g_c1_20260823T000000Z/19_tabular_scale_results.csv,REJECTED,Stronger R53A source precedence selected.
ridge_policy_v1_control,docs/dream_system/components/DS-24_independent_five_minute_selector/stage_outputs/ds24_p8_r3_20260822T000000Z/53_uncertainty_results.csv,c1eb136defadfd8d1ad3a91a88ba44f4478af669db8f715dec5f6ce2084a1f35,2026-08-22T09:09:20.987725+00:00,CSV_RESULT_ROW,False,,,,,,,docs/dream_system/components/DS-24_independent_five_minute_selector/stage_outputs/ds24_p8_r14_e3g_c1_20260823T000000Z/19_tabular_scale_results.csv,REJECTED,Stronger R53A source precedence selected.
ridge_policy_v1_control,docs/dream_system/components/DS-24_independent_five_minute_selector/stage_outputs/ds24_p8_r14_e3g_c2_20260824T000000Z/r7_r14_policy_workers/ridge_policy_v1_control/progress.json,5a65adc148d1441a7b9f9420f5845ec072385fe93d48d21880878360f5dd932c,2026-08-27T17:24:38.186306+00:00,progress.json,False,,,,,,,docs/dream_system/components/DS-24_independent_five_minute_selector/stage_outputs/ds24_p8_r14_e3g_c1_20260823T000000Z/19_tabular_scale_results.csv,REJECTED,Stronger R53A source precedence selected.
ridge_policy_v1_control,docs/dream_system/components/DS-24_independent_five_minute_selector/stage_outputs/ds24_p8_r14_e3g_c2_20260824T000000Z/r7_r14_policy_workers/ridge_policy_v1_control/metrics_only/checkpoint.json,3b58589aa19ebbe559630c13e70c9a99ad1903aacd494d3bae984c0379862e4e,2026-08-27T17:24:38.025738+00:00,checkpoint.json,False,,,29220,,,,docs/dream_system/components/DS-24_independent_five_minute_selector/stage_outputs/ds24_p8_r14_e3g_c1_20260823T000000Z/19_tabular_scale_results.csv,REJECTED,Stronger R53A source precedence selected.
pca_ridge_policy_v1_control,docs/dream_system/components/DS-24_independent_five_minute_selector/stage_outputs/ds24_p8_r14_e3g_c2_20260824T000000Z/r7_r14_policy_workers/pca_ridge_policy_v1_control/r31_performance_summary.json,4a87fa2d2d4b55311f80474cebd12c0f5eb61600a13f867051b5e87e5b9fdab6,2026-08-28T12:05:11.258893+00:00,r31_performance_summary.json,False,PROVISIONAL_UNVALIDATED_R33,,7967,2020-05-11T18:50:00+00:00,2026-06-30T19:00:00+00:00,QUARANTINED_AFTER_COMPLETION,,SELECTED,
pca_ridge_policy_v1_control,docs/dream_system/components/DS-24_independent_five_minute_selector/stage_outputs/ds24_p8_r14_e3f_20260823T000000Z/44_f3_results_v2.csv,87035330c8850d97a10091e430c2b35b44cb50d169a308ff55585e0f93c58f6a,2026-08-23T20:15:35.150126+00:00,CSV_RESULT_ROW,False,,,42000,,,,docs/dream_system/components/DS-24_independent_five_minute_selector/stage_outputs/ds24_p8_r14_e3g_c2_20260824T000000Z/r7_r14_policy_workers/pca_ridge_policy_v1_control/r31_performance_summary.json,REJECTED,Stronger R53A source precedence selected.
pca_ridge_policy_v1_control,docs/dream_system/components/DS-24_independent_five_minute_selector/stage_outputs/ds24_p8_r14_e3f_20260823T000000Z/42_f2_results_v2.csv,21750ed8b8eb01b9106ba22de19872d3459e5cd11c4d6a0cd4db73723dc406c1,2026-08-23T20:15:35.149120+00:00,CSV_RESULT_ROW,False,,,30800,,,,docs/dream_system/components/DS-24_independent_five_minute_selector/stage_outputs/ds24_p8_r14_e3g_c2_20260824T000000Z/r7_r14_policy_workers/pca_ridge_policy_v1_control/r31_performance_summary.json,REJECTED,Stronger R53A source precedence selected.
pca_ridge_policy_v1_control,docs/dream_system/components/DS-24_independent_five_minute_selector/stage_outputs/ds24_p8_r14_e3f_20260823T000000Z/40_f1_results_v2.csv,feb365eb49e3390b2983cd3449e8f1f06d6f12b94f5257740cf78508bf5fea3f,2026-08-23T20:15:35.148122+00:00,CSV_RESULT_ROW,False,,,19600,,,,docs/dream_system/components/DS-24_independent_five_minute_selector/stage_outputs/ds24_p8_r14_e3g_c2_20260824T000000Z/r7_r14_policy_workers/pca_ridge_policy_v1_control/r31_performance_summary.json,REJECTED,Stronger R53A source precedence selected.
pca_ridge_policy_v1_control,docs/dream_system/components/DS-24_independent_five_minute_selector/stage_outputs/ds24_p8_r14_e3e_20260823T000000Z/24_f3_results_v2.csv,c6e286496a3a2b452561610b54f52d5951085c5bf192c00439e739790f915e46,2026-08-23T19:25:48.244106+00:00,CSV_RESULT_ROW,False,,,21000,,,,docs/dream_system/components/DS-24_independent_five_minute_selector/stage_outputs/ds24_p8_r14_e3g_c2_20260824T000000Z/r7_r14_policy_workers/pca_ridge_policy_v1_control/r31_performance_summary.json,REJECTED,Stronger R53A source precedence selected.
pca_ridge_policy_v1_control,docs/dream_system/components/DS-24_independent_five_minute_selector/stage_outputs/ds24_p8_r14_e3e_20260823T000000Z/22_f2_results_v2.csv,fd92bdf3ddb92ef8a65dde84ed781fbf466f3decd5705bd5f78a06af0beb177c,2026-08-23T19:25:48.243066+00:00,CSV_RESULT_ROW,False,,,13501,,,,docs/dream_system/components/DS-24_independent_five_minute_selector/stage_outputs/ds24_p8_r14_e3g_c2_20260824T000000Z/r7_r14_policy_workers/pca_ridge_policy_v1_control/r31_performance_summary.json,REJECTED,Stronger R53A source precedence selected.
pca_ridge_policy_v1_control,docs/dream_system/components/DS-24_independent_five_minute_selector/stage_outputs/ds24_p8_r14_e3e_20260823T000000Z/20_f1_results_v2.csv,e53c180bbc1d1500efcf5cf382125ecda1ac3233dc36d25fa9c752a6bbc22d88,2026-08-23T19:25:48.240916+00:00,CSV_RESULT_ROW,False,,,6000,,,,docs/dream_system/components/DS-24_independent_five_minute_selector/stage_outputs/ds24_p8_r14_e3g_c2_20260824T000000Z/r7_r14_policy_workers/pca_ridge_policy_v1_control/r31_performance_summary.json,REJECTED,Stronger R53A source precedence selected.
pca_ridge_policy_v1_control,docs/dream_system/components/DS-24_independent_five_minute_selector/stage_outputs/ds24_p8_r14_e3g_c2_20260824T000000Z/r7_r14_policy_workers/pca_ridge_policy_v1_control/progress.json,2ce16f2b69a8b4b16670866d3b5b237cb5e0cf4514818be3dee1280ee57a575b,2026-08-27T18:06:55.653919+00:00,progress.json,False,,,,,,,docs/dream_system/components/DS-24_independent_five_minute_selector/stage_outputs/ds24_p8_r14_e3g_c2_20260824T000000Z/r7_r14_policy_workers/pca_ridge_policy_v1_control/r31_performance_summary.json,REJECTED,Stronger R53A source precedence selected.
pca_ridge_policy_v1_control,docs/dream_system/components/DS-24_independent_five_minute_selector/stage_outputs/ds24_p8_r14_e3g_c2_20260824T000000Z/r7_r14_policy_workers/pca_ridge_policy_v1_control/metrics_only/checkpoint.json,403bd055256b897cc4d8f5b9a681fcb447e1d37e996f6d2a4d3a1a6d2bb7b830,2026-08-27T18:06:54.817748+00:00,checkpoint.json,False,,,119766,,,,docs/dream_system/components/DS-24_independent_five_minute_selector/stage_outputs/ds24_p8_r14_e3g_c2_20260824T000000Z/r7_r14_policy_workers/pca_ridge_policy_v1_control/r31_performance_summary.json,REJECTED,Stronger R53A source precedence selected.
spline_additive_ridge,docs/dream_system/components/DS-24_independent_five_minute_selector/stage_outputs/ds24_p8_r14_e3g_c2_20260824T000000Z/r7_r14_policy_workers/spline_additive_ridge/r31_performance_summary.json,04aa89388495eb00ee8c6c1b3abd55fc90bf3a3b37b269fbf4a3bd2184907e7b,2026-08-28T12:05:11.271388+00:00,r31_performance_summary.json,False,PROVISIONAL_UNVALIDATED_R33,,1593,2025-04-02T14:20:00+00:00,2026-06-29T15:35:00+00:00,QUARANTINED_AFTER_COMPLETION,,SELECTED,
spline_additive_ridge,docs/dream_system/components/DS-24_independent_five_minute_selector/stage_outputs/ds24_p8_r14_e3f_20260823T000000Z/44_f3_results_v2.csv,87035330c8850d97a10091e430c2b35b44cb50d169a308ff55585e0f93c58f6a,2026-08-23T20:15:35.150126+00:00,CSV_RESULT_ROW,False,,,42000,,,,docs/dream_system/components/DS-24_independent_five_minute_selector/stage_outputs/ds24_p8_r14_e3g_c2_20260824T000000Z/r7_r14_policy_workers/spline_additive_ridge/r31_performance_summary.json,REJECTED,Stronger R53A source precedence selected.
spline_additive_ridge,docs/dream_system/components/DS-24_independent_five_minute_selector/stage_outputs/ds24_p8_r14_e3f_20260823T000000Z/42_f2_results_v2.csv,21750ed8b8eb01b9106ba22de19872d3459e5cd11c4d6a0cd4db73723dc406c1,2026-08-23T20:15:35.149120+00:00,CSV_RESULT_ROW,False,,,30800,,,,docs/dream_system/components/DS-24_independent_five_minute_selector/stage_outputs/ds24_p8_r14_e3g_c2_20260824T000000Z/r7_r14_policy_workers/spline_additive_ridge/r31_performance_summary.json,REJECTED,Stronger R53A source precedence selected.
spline_additive_ridge,docs/dream_system/components/DS-24_independent_five_minute_selector/stage_outputs/ds24_p8_r14_e3f_20260823T000000Z/40_f1_results_v2.csv,feb365eb49e3390b2983cd3449e8f1f06d6f12b94f5257740cf78508bf5fea3f,2026-08-23T20:15:35.148122+00:00,CSV_RESULT_ROW,False,,,19600,,,,docs/dream_system/components/DS-24_independent_five_minute_selector/stage_outputs/ds24_p8_r14_e3g_c2_20260824T000000Z/r7_r14_policy_workers/spline_additive_ridge/r31_performance_summary.json,REJECTED,Stronger R53A source precedence selected.
spline_additive_ridge,docs/dream_system/components/DS-24_independent_five_minute_selector/stage_outputs/ds24_p8_r14_e3e_20260823T000000Z/24_f3_results_v2.csv,c6e286496a3a2b452561610b54f52d5951085c5bf192c00439e739790f915e46,2026-08-23T19:25:48.244106+00:00,CSV_RESULT_ROW,False,,,21000,,,,docs/dream_system/components/DS-24_independent_five_minute_selector/stage_outputs/ds24_p8_r14_e3g_c2_20260824T000000Z/r7_r14_policy_workers/spline_additive_ridge/r31_performance_summary.json,REJECTED,Stronger R53A source precedence selected.
spline_additive_ridge,docs/dream_system/components/DS-24_independent_five_minute_selector/stage_outputs/ds24_p8_r14_e3e_20260823T000000Z/22_f2_results_v2.csv,fd92bdf3ddb92ef8a65dde84ed781fbf466f3decd5705bd5f78a06af0beb177c,2026-08-23T19:25:48.243066+00:00,CSV_RESULT_ROW,False,,,13501,,,,docs/dream_system/components/DS-24_independent_five_minute_selector/stage_outputs/ds24_p8_r14_e3g_c2_20260824T000000Z/r7_r14_policy_workers/spline_additive_ridge/r31_performance_summary.json,REJECTED,Stronger R53A source precedence selected.
spline_additive_ridge,docs/dream_system/components/DS-24_independent_five_minute_selector/stage_outputs/ds24_p8_r14_e3e_20260823T000000Z/20_f1_results_v2.csv,e53c180bbc1d1500efcf5cf382125ecda1ac3233dc36d25fa9c752a6bbc22d88,2026-08-23T19:25:48.240916+00:00,CSV_RESULT_ROW,False,,,6000,,,,docs/dream_system/components/DS-24_independent_five_minute_selector/stage_outputs/ds24_p8_r14_e3g_c2_20260824T000000Z/r7_r14_policy_workers/spline_additive_ridge/r31_performance_summary.json,REJECTED,Stronger R53A source precedence selected.
spline_additive_ridge,docs/dream_system/components/DS-24_independent_five_minute_selector/stage_outputs/ds24_p8_r14_e3g_c2_20260824T000000Z/r7_r14_policy_workers/spline_additive_ridge/progress.json,402e38ba1b29f740c1991f7d793fb32fb0b4fb310d8b0b9dcb2460045d2e6a81,2026-08-27T17:14:44.480969+00:00,progress.json,False,,,,,,,docs/dream_system/components/DS-24_independent_five_minute_selector/stage_outputs/ds24_p8_r14_e3g_c2_20260824T000000Z/r7_r14_policy_workers/spline_additive_ridge/r31_performance_summary.json,REJECTED,Stronger R53A source precedence selected.
spline_additive_ridge,docs/dream_system/components/DS-24_independent_five_minute_selector/stage_outputs/ds24_p8_r14_e3g_c2_20260824T000000Z/r7_r14_policy_workers/spline_additive_ridge/metrics_only/checkpoint.json,5624ed12906f990b0d6003116c3a919ac8ca1734055b2ab875390ba9e4027996,2026-08-27T17:14:44.341972+00:00,checkpoint.json,False,,,24228,,,,docs/dream_system/components/DS-24_independent_five_minute_selector/stage_outputs/ds24_p8_r14_e3g_c2_20260824T000000Z/r7_r14_policy_workers/spline_additive_ridge/r31_performance_summary.json,REJECTED,Stronger R53A source precedence selected.
elastic_net,docs/dream_system/components/DS-24_independent_five_minute_selector/stage_outputs/ds24_p8_r14_e3g_c2_20260824T000000Z/r7_r14_policy_workers/elastic_net/metrics_only_v3_r40_elastic_net/resolved_performance_summary_v3.json,b31417b9b6165143cf6c5084f10d7b5a4e62fcf2922af47b95603cf060b7128d,2026-09-12T04:10:41.651606+00:00,resolved_performance_summary_v3.json,True,PROVISIONAL,DS24_RESOLVED_PERFORMANCE_V3_STAGGERED_SLEEVE_RANK_IC_CONTRACT,24216,2025-04-02T13:35:00+00:00,2026-06-30T19:00:00+00:00,COMPLETED_DIFFERENT_WINDOW,,SELECTED,
elastic_net,docs/dream_system/components/DS-24_independent_five_minute_selector/stage_outputs/ds24_p8_r14_e3g_c1_20260823T000000Z/19_tabular_scale_results.csv,5c1378aba59a29ffd71efb53581720ce871950c28bfe8f60d45f531d5f86dd0a,2026-08-23T21:44:36.481254+00:00,CSV_RESULT_ROW,False,FRONTIER_ACTIVE,,616000,,,,docs/dream_system/components/DS-24_independent_five_minute_selector/stage_outputs/ds24_p8_r14_e3g_c2_20260824T000000Z/r7_r14_policy_workers/elastic_net/metrics_only_v3_r40_elastic_net/resolved_performance_summary_v3.json,REJECTED,Stronger R53A source precedence selected.
elastic_net,docs/dream_system/components/DS-24_independent_five_minute_selector/stage_outputs/ds24_p8_r14_e3g_c1_20260823T000000Z/31_scale_stability_results.csv,c27931c0584338c1ee8b1a0997735945023986bbd3e95bc21696d6b5c6ff8b3a,2026-08-23T21:44:36.489288+00:00,CSV_RESULT_ROW,False,,,,,,,docs/dream_system/components/DS-24_independent_five_minute_selector/stage_outputs/ds24_p8_r14_e3g_c2_20260824T000000Z/r7_r14_policy_workers/elastic_net/metrics_only_v3_r40_elastic_net/resolved_performance_summary_v3.json,REJECTED,Stronger R53A source precedence selected.
elastic_net,docs/dream_system/components/DS-24_independent_five_minute_selector/stage_outputs/ds24_p8_r14_e3f_20260823T000000Z/44_f3_results_v2.csv,87035330c8850d97a10091e430c2b35b44cb50d169a308ff55585e0f93c58f6a,2026-08-23T20:15:35.150126+00:00,CSV_RESULT_ROW,False,,,42000,,,,docs/dream_system/components/DS-24_independent_five_minute_selector/stage_outputs/ds24_p8_r14_e3g_c2_20260824T000000Z/r7_r14_policy_workers/elastic_net/metrics_only_v3_r40_elastic_net/resolved_performance_summary_v3.json,REJECTED,Stronger R53A source precedence selected.
elastic_net,docs/dream_system/components/DS-24_independent_five_minute_selector/stage_outputs/ds24_p8_r14_e3f_20260823T000000Z/42_f2_results_v2.csv,21750ed8b8eb01b9106ba22de19872d3459e5cd11c4d6a0cd4db73723dc406c1,2026-08-23T20:15:35.149120+00:00,CSV_RESULT_ROW,False,,,30800,,,,docs/dream_system/components/DS-24_independent_five_minute_selector/stage_outputs/ds24_p8_r14_e3g_c2_20260824T000000Z/r7_r14_policy_workers/elastic_net/metrics_only_v3_r40_elastic_net/resolved_performance_summary_v3.json,REJECTED,Stronger R53A source precedence selected.
elastic_net,docs/dream_system/components/DS-24_independent_five_minute_selector/stage_outputs/ds24_p8_r14_e3f_20260823T000000Z/40_f1_results_v2.csv,feb365eb49e3390b2983cd3449e8f1f06d6f12b94f5257740cf78508bf5fea3f,2026-08-23T20:15:35.148122+00:00,CSV_RESULT_ROW,False,,,19600,,,,docs/dream_system/components/DS-24_independent_five_minute_selector/stage_outputs/ds24_p8_r14_e3g_c2_20260824T000000Z/r7_r14_policy_workers/elastic_net/metrics_only_v3_r40_elastic_net/resolved_performance_summary_v3.json,REJECTED,Stronger R53A source precedence selected.
elastic_net,docs/dream_system/components/DS-24_independent_five_minute_selector/stage_outputs/ds24_p8_r14_e3e_20260823T000000Z/24_f3_results_v2.csv,c6e286496a3a2b452561610b54f52d5951085c5bf192c00439e739790f915e46,2026-08-23T19:25:48.244106+00:00,CSV_RESULT_ROW,False,,,21000,,,,docs/dream_system/components/DS-24_independent_five_minute_selector/stage_outputs/ds24_p8_r14_e3g_c2_20260824T000000Z/r7_r14_policy_workers/elastic_net/metrics_only_v3_r40_elastic_net/resolved_performance_summary_v3.json,REJECTED,Stronger R53A source precedence selected.
elastic_net,docs/dream_system/components/DS-24_independent_five_minute_selector/stage_outputs/ds24_p8_r14_e3e_20260823T000000Z/22_f2_results_v2.csv,fd92bdf3ddb92ef8a65dde84ed781fbf466f3decd5705bd5f78a06af0beb177c,2026-08-23T19:25:48.243066+00:00,CSV_RESULT_ROW,False,,,13501,,,,docs/dream_system/components/DS-24_independent_five_minute_selector/stage_outputs/ds24_p8_r14_e3g_c2_20260824T000000Z/r7_r14_policy_workers/elastic_net/metrics_only_v3_r40_elastic_net/resolved_performance_summary_v3.json,REJECTED,Stronger R53A source precedence selected.
elastic_net,docs/dream_system/components/DS-24_independent_five_minute_selector/stage_outputs/ds24_p8_r14_e3e_20260823T000000Z/20_f1_results_v2.csv,e53c180bbc1d1500efcf5cf382125ecda1ac3233dc36d25fa9c752a6bbc22d88,2026-08-23T19:25:48.240916+00:00,CSV_RESULT_ROW,False,,,6000,,,,docs/dream_system/components/DS-24_independent_five_minute_selector/stage_outputs/ds24_p8_r14_e3g_c2_20260824T000000Z/r7_r14_policy_workers/elastic_net/metrics_only_v3_r40_elastic_net/resolved_performance_summary_v3.json,REJECTED,Stronger R53A source precedence selected.
elastic_net,docs/dream_system/components/DS-24_independent_five_minute_selector/stage_outputs/ds24_p8_r14_e3_20260823T000000Z/21_fidelity3_results.csv,6887f617593ae8c74448f300bc7fbf6b943ef8e10d57e827a9734a6512576af2,2026-08-23T16:48:26.749840+00:00,CSV_RESULT_ROW,False,COMPLETED,,,,,,docs/dream_system/components/DS-24_independent_five_minute_selector/stage_outputs/ds24_p8_r14_e3g_c2_20260824T000000Z/r7_r14_policy_workers/elastic_net/metrics_only_v3_r40_elastic_net/resolved_performance_summary_v3.json,REJECTED,Stronger R53A source precedence selected.
elastic_net,docs/dream_system/components/DS-24_independent_five_minute_selector/stage_outputs/ds24_p8_r14_e3_20260823T000000Z/21_fidelity3_results.csv,6887f617593ae8c74448f300bc7fbf6b943ef8e10d57e827a9734a6512576af2,2026-08-23T16:48:26.749840+00:00,CSV_RESULT_ROW,False,COMPLETED,,,,,,docs/dream_system/components/DS-24_independent_five_minute_selector/stage_outputs/ds24_p8_r14_e3g_c2_20260824T000000Z/r7_r14_policy_workers/elastic_net/metrics_only_v3_r40_elastic_net/resolved_performance_summary_v3.json,REJECTED,Stronger R53A source precedence selected.
elastic_net,docs/dream_system/components/DS-24_independent_five_minute_selector/stage_outputs/ds24_p8_r14_e3_20260823T000000Z/19_fidelity2_results.csv,492349deb0302764868a023403ca08b8a1b80d03694b987417b3ee4394350345,2026-08-23T16:48:26.748840+00:00,CSV_RESULT_ROW,False,COMPLETED,,,,,,docs/dream_system/components/DS-24_independent_five_minute_selector/stage_outputs/ds24_p8_r14_e3g_c2_20260824T000000Z/r7_r14_policy_workers/elastic_net/metrics_only_v3_r40_elastic_net/resolved_performance_summary_v3.json,REJECTED,Stronger R53A source precedence selected.
elastic_net,docs/dream_system/components/DS-24_independent_five_minute_selector/stage_outputs/ds24_p8_r14_e3_20260823T000000Z/19_fidelity2_results.csv,492349deb0302764868a023403ca08b8a1b80d03694b987417b3ee4394350345,2026-08-23T16:48:26.748840+00:00,CSV_RESULT_ROW,False,COMPLETED,,,,,,docs/dream_system/components/DS-24_independent_five_minute_selector/stage_outputs/ds24_p8_r14_e3g_c2_20260824T000000Z/r7_r14_policy_workers/elastic_net/metrics_only_v3_r40_elastic_net/resolved_performance_summary_v3.json,REJECTED,Stronger R53A source precedence selected.
elastic_net,docs/dream_system/components/DS-24_independent_five_minute_selector/stage_outputs/ds24_p8_r14_e3_20260823T000000Z/19_fidelity2_results.csv,492349deb0302764868a023403ca08b8a1b80d03694b987417b3ee4394350345,2026-08-23T16:48:26.748840+00:00,CSV_RESULT_ROW,False,COMPLETED,,,,,,docs/dream_system/components/DS-24_independent_five_minute_selector/stage_outputs/ds24_p8_r14_e3g_c2_20260824T000000Z/r7_r14_policy_workers/elastic_net/metrics_only_v3_r40_elastic_net/resolved_performance_summary_v3.json,REJECTED,Stronger R53A source precedence selected.
elastic_net,docs/dream_system/components/DS-24_independent_five_minute_selector/stage_outputs/ds24_p8_r14_e3_20260823T000000Z/17_fidelity1_results.csv,ceed978b8539797630028ebe29c8bf312071533d66725eb2e08dfb15f17269d8,2026-08-23T16:48:26.746840+00:00,CSV_RESULT_ROW,False,,,,,,,docs/dream_system/components/DS-24_independent_five_minute_selector/stage_outputs/ds24_p8_r14_e3g_c2_20260824T000000Z/r7_r14_policy_workers/elastic_net/metrics_only_v3_r40_elastic_net/resolved_performance_summary_v3.json,REJECTED,Stronger R53A source precedence selected.
elastic_net,docs/dream_system/components/DS-24_independent_five_minute_selector/stage_outputs/ds24_p8_r14_e3_20260823T000000Z/17_fidelity1_results.csv,ceed978b8539797630028ebe29c8bf312071533d66725eb2e08dfb15f17269d8,2026-08-23T16:48:26.746840+00:00,CSV_RESULT_ROW,False,,,,,,,docs/dream_system/components/DS-24_independent_five_minute_selector/stage_outputs/ds24_p8_r14_e3g_c2_20260824T000000Z/r7_r14_policy_workers/elastic_net/metrics_only_v3_r40_elastic_net/resolved_performance_summary_v3.json,REJECTED,Stronger R53A source precedence selected.
elastic_net,docs/dream_system/components/DS-24_independent_five_minute_selector/stage_outputs/ds24_p8_r14_e3_20260823T000000Z/17_fidelity1_results.csv,ceed978b8539797630028ebe29c8bf312071533d66725eb2e08dfb15f17269d8,2026-08-23T16:48:26.746840+00:00,CSV_RESULT_ROW,False,,,,,,,docs/dream_system/components/DS-24_independent_five_minute_selector/stage_outputs/ds24_p8_r14_e3g_c2_20260824T000000Z/r7_r14_policy_workers/elastic_net/metrics_only_v3_r40_elastic_net/resolved_performance_summary_v3.json,REJECTED,Stronger R53A source precedence selected.
elastic_net,docs/dream_system/components/DS-24_independent_five_minute_selector/stage_outputs/ds24_p8_r14_e3_20260823T000000Z/17_fidelity1_results.csv,ceed978b8539797630028ebe29c8bf312071533d66725eb2e08dfb15f17269d8,2026-08-23T16:48:26.746840+00:00,CSV_RESULT_ROW,False,,,,,,,docs/dream_system/components/DS-24_independent_five_minute_selector/stage_outputs/ds24_p8_r14_e3g_c2_20260824T000000Z/r7_r14_policy_workers/elastic_net/metrics_only_v3_r40_elastic_net/resolved_performance_summary_v3.json,REJECTED,Stronger R53A source precedence selected.
elastic_net,docs/dream_system/components/DS-24_independent_five_minute_selector/stage_outputs/ds24_p8_r14_e3_20260823T000000Z/17_fidelity1_results.csv,ceed978b8539797630028ebe29c8bf312071533d66725eb2e08dfb15f17269d8,2026-08-23T16:48:26.746840+00:00,CSV_RESULT_ROW,False,,,,,,,docs/dream_system/components/DS-24_independent_five_minute_selector/stage_outputs/ds24_p8_r14_e3g_c2_20260824T000000Z/r7_r14_policy_workers/elastic_net/metrics_only_v3_r40_elastic_net/resolved_performance_summary_v3.json,REJECTED,Stronger R53A source precedence selected.
elastic_net,docs/dream_system/components/DS-24_independent_five_minute_selector/stage_outputs/ds24_p8_r14_e3_20260823T000000Z/17_fidelity1_results.csv,ceed978b8539797630028ebe29c8bf312071533d66725eb2e08dfb15f17269d8,2026-08-23T16:48:26.746840+00:00,CSV_RESULT_ROW,False,,,,,,,docs/dream_system/components/DS-24_independent_five_minute_selector/stage_outputs/ds24_p8_r14_e3g_c2_20260824T000000Z/r7_r14_policy_workers/elastic_net/metrics_only_v3_r40_elastic_net/resolved_performance_summary_v3.json,REJECTED,Stronger R53A source precedence selected.
elastic_net,docs/dream_system/components/DS-24_independent_five_minute_selector/stage_outputs/ds24_p8_r14_e3_20260823T000000Z/17_fidelity1_results.csv,ceed978b8539797630028ebe29c8bf312071533d66725eb2e08dfb15f17269d8,2026-08-23T16:48:26.746840+00:00,CSV_RESULT_ROW,False,,,,,,,docs/dream_system/components/DS-24_independent_five_minute_selector/stage_outputs/ds24_p8_r14_e3g_c2_20260824T000000Z/r7_r14_policy_workers/elastic_net/metrics_only_v3_r40_elastic_net/resolved_performance_summary_v3.json,REJECTED,Stronger R53A source precedence selected.
elastic_net,docs/dream_system/components/DS-24_independent_five_minute_selector/stage_outputs/ds24_p8_r14_e3_20260823T000000Z/17_fidelity1_results.csv,ceed978b8539797630028ebe29c8bf312071533d66725eb2e08dfb15f17269d8,2026-08-23T16:48:26.746840+00:00,CSV_RESULT_ROW,False,,,,,,,docs/dream_system/components/DS-24_independent_five_minute_selector/stage_outputs/ds24_p8_r14_e3g_c2_20260824T000000Z/r7_r14_policy_workers/elastic_net/metrics_only_v3_r40_elastic_net/resolved_performance_summary_v3.json,REJECTED,Stronger R53A source precedence selected.
elastic_net,docs/dream_system/components/DS-24_independent_five_minute_selector/stage_outputs/ds24_p8_r14_e3_20260823T000000Z/17_fidelity1_results.csv,ceed978b8539797630028ebe29c8bf312071533d66725eb2e08dfb15f17269d8,2026-08-23T16:48:26.746840+00:00,CSV_RESULT_ROW,False,,,,,,,docs/dream_system/components/DS-24_independent_five_minute_selector/stage_outputs/ds24_p8_r14_e3g_c2_20260824T000000Z/r7_r14_policy_workers/elastic_net/metrics_only_v3_r40_elastic_net/resolved_performance_summary_v3.json,REJECTED,Stronger R53A source precedence selected.
elastic_net,docs/dream_system/components/DS-24_independent_five_minute_selector/stage_outputs/ds24_p8_r14_e2_20260823T000000Z/22_fidelity1_results.csv,ceed978b8539797630028ebe29c8bf312071533d66725eb2e08dfb15f17269d8,2026-08-23T12:00:47.317787+00:00,CSV_RESULT_ROW,False,,,,,,,docs/dream_system/components/DS-24_independent_five_minute_selector/stage_outputs/ds24_p8_r14_e3g_c2_20260824T000000Z/r7_r14_policy_workers/elastic_net/metrics_only_v3_r40_elastic_net/resolved_performance_summary_v3.json,REJECTED,Stronger R53A source precedence selected.
elastic_net,docs/dream_system/components/DS-24_independent_five_minute_selector/stage_outputs/ds24_p8_r14_e2_20260823T000000Z/22_fidelity1_results.csv,ceed978b8539797630028ebe29c8bf312071533d66725eb2e08dfb15f17269d8,2026-08-23T12:00:47.317787+00:00,CSV_RESULT_ROW,False,,,,,,,docs/dream_system/components/DS-24_independent_five_minute_selector/stage_outputs/ds24_p8_r14_e3g_c2_20260824T000000Z/r7_r14_policy_workers/elastic_net/metrics_only_v3_r40_elastic_net/resolved_performance_summary_v3.json,REJECTED,Stronger R53A source precedence selected.
elastic_net,docs/dream_system/components/DS-24_independent_five_minute_selector/stage_outputs/ds24_p8_r14_e2_20260823T000000Z/22_fidelity1_results.csv,ceed978b8539797630028ebe29c8bf312071533d66725eb2e08dfb15f17269d8,2026-08-23T12:00:47.317787+00:00,CSV_RESULT_ROW,False,,,,,,,docs/dream_system/components/DS-24_independent_five_minute_selector/stage_outputs/ds24_p8_r14_e3g_c2_20260824T000000Z/r7_r14_policy_workers/elastic_net/metrics_only_v3_r40_elastic_net/resolved_performance_summary_v3.json,REJECTED,Stronger R53A source precedence selected.
elastic_net,docs/dream_system/components/DS-24_independent_five_minute_selector/stage_outputs/ds24_p8_r14_e2_20260823T000000Z/22_fidelity1_results.csv,ceed978b8539797630028ebe29c8bf312071533d66725eb2e08dfb15f17269d8,2026-08-23T12:00:47.317787+00:00,CSV_RESULT_ROW,False,,,,,,,docs/dream_system/components/DS-24_independent_five_minute_selector/stage_outputs/ds24_p8_r14_e3g_c2_20260824T000000Z/r7_r14_policy_workers/elastic_net/metrics_only_v3_r40_elastic_net/resolved_performance_summary_v3.json,REJECTED,Stronger R53A source precedence selected.
elastic_net,docs/dream_system/components/DS-24_independent_five_minute_selector/stage_outputs/ds24_p8_r14_e2_20260823T000000Z/22_fidelity1_results.csv,ceed978b8539797630028ebe29c8bf312071533d66725eb2e08dfb15f17269d8,2026-08-23T12:00:47.317787+00:00,CSV_RESULT_ROW,False,,,,,,,docs/dream_system/components/DS-24_independent_five_minute_selector/stage_outputs/ds24_p8_r14_e3g_c2_20260824T000000Z/r7_r14_policy_workers/elastic_net/metrics_only_v3_r40_elastic_net/resolved_performance_summary_v3.json,REJECTED,Stronger R53A source precedence selected.
elastic_net,docs/dream_system/components/DS-24_independent_five_minute_selector/stage_outputs/ds24_p8_r14_e2_20260823T000000Z/22_fidelity1_results.csv,ceed978b8539797630028ebe29c8bf312071533d66725eb2e08dfb15f17269d8,2026-08-23T12:00:47.317787+00:00,CSV_RESULT_ROW,False,,,,,,,docs/dream_system/components/DS-24_independent_five_minute_selector/stage_outputs/ds24_p8_r14_e3g_c2_20260824T000000Z/r7_r14_policy_workers/elastic_net/metrics_only_v3_r40_elastic_net/resolved_performance_summary_v3.json,REJECTED,Stronger R53A source precedence selected.
elastic_net,docs/dream_system/components/DS-24_independent_five_minute_selector/stage_outputs/ds24_p8_r14_e2_20260823T000000Z/22_fidelity1_results.csv,ceed978b8539797630028ebe29c8bf312071533d66725eb2e08dfb15f17269d8,2026-08-23T12:00:47.317787+00:00,CSV_RESULT_ROW,False,,,,,,,docs/dream_system/components/DS-24_independent_five_minute_selector/stage_outputs/ds24_p8_r14_e3g_c2_20260824T000000Z/r7_r14_policy_workers/elastic_net/metrics_only_v3_r40_elastic_net/resolved_performance_summary_v3.json,REJECTED,Stronger R53A source precedence selected.
elastic_net,docs/dream_system/components/DS-24_independent_five_minute_selector/stage_outputs/ds24_p8_r14_e2_20260823T000000Z/22_fidelity1_results.csv,ceed978b8539797630028ebe29c8bf312071533d66725eb2e08dfb15f17269d8,2026-08-23T12:00:47.317787+00:00,CSV_RESULT_ROW,False,,,,,,,docs/dream_system/components/DS-24_independent_five_minute_selector/stage_outputs/ds24_p8_r14_e3g_c2_20260824T000000Z/r7_r14_policy_workers/elastic_net/metrics_only_v3_r40_elastic_net/resolved_performance_summary_v3.json,REJECTED,Stronger R53A source precedence selected.
elastic_net,docs/dream_system/components/DS-24_independent_five_minute_selector/stage_outputs/ds24_p8_r14_e2_20260823T000000Z/22_fidelity1_results.csv,ceed978b8539797630028ebe29c8bf312071533d66725eb2e08dfb15f17269d8,2026-08-23T12:00:47.317787+00:00,CSV_RESULT_ROW,False,,,,,,,docs/dream_system/components/DS-24_independent_five_minute_selector/stage_outputs/ds24_p8_r14_e3g_c2_20260824T000000Z/r7_r14_policy_workers/elastic_net/metrics_only_v3_r40_elastic_net/resolved_performance_summary_v3.json,REJECTED,Stronger R53A source precedence selected.
elastic_net,docs/dream_system/components/DS-24_independent_five_minute_selector/stage_outputs/ds24_p8_r3_20260822T000000Z/53_uncertainty_results.csv,c1eb136defadfd8d1ad3a91a88ba44f4478af669db8f715dec5f6ce2084a1f35,2026-08-22T09:09:20.987725+00:00,CSV_RESULT_ROW,False,,,,,,,docs/dream_system/components/DS-24_independent_five_minute_selector/stage_outputs/ds24_p8_r14_e3g_c2_20260824T000000Z/r7_r14_policy_workers/elastic_net/metrics_only_v3_r40_elastic_net/resolved_performance_summary_v3.json,REJECTED,Stronger R53A source precedence selected.
elastic_net,docs/dream_system/components/DS-24_independent_five_minute_selector/stage_outputs/ds24_p8_r14_e3g_c2_20260824T000000Z/r7_r14_policy_workers/elastic_net/progress.json,fcccc1f9ec75c18936531c7da61fed49d4017a90d2856f7271400dbbcfc39be1,2026-09-12T04:10:52.951306+00:00,progress.json,False,,,,,,,docs/dream_system/components/DS-24_independent_five_minute_selector/stage_outputs/ds24_p8_r14_e3g_c2_20260824T000000Z/r7_r14_policy_workers/elastic_net/metrics_only_v3_r40_elastic_net/resolved_performance_summary_v3.json,REJECTED,Stronger R53A source precedence selected.
elastic_net,docs/dream_system/components/DS-24_independent_five_minute_selector/stage_outputs/ds24_p8_r14_e3g_c2_20260824T000000Z/r7_r14_policy_workers/elastic_net/metrics_only_v3_r40_elastic_net/checkpoint.json,e87c9eb0ec2b5585a1a55a40882d76d023f30c08f58421c6a7db5d27a03eb014,2026-09-12T04:10:52.787098+00:00,checkpoint.json,False,,DS24_RESOLVED_PERFORMANCE_V3_STAGGERED_SLEEVE_RANK_IC_CONTRACT,24228,,,,docs/dream_system/components/DS-24_independent_five_minute_selector/stage_outputs/ds24_p8_r14_e3g_c2_20260824T000000Z/r7_r14_policy_workers/elastic_net/metrics_only_v3_r40_elastic_net/resolved_performance_summary_v3.json,REJECTED,Stronger R53A source precedence selected.
elastic_net,docs/dream_system/components/DS-24_independent_five_minute_selector/stage_outputs/ds24_p8_r14_e3g_c2_20260824T000000Z/r7_r14_policy_workers/elastic_net/metrics_only_v3_r40_elastic_net/resolved_performance_checkpoint_v3.json,d32d9965592cdb6bebeaca36ab854868ff6ac77a2dfdf78f4bb8a0e0cdcd3689,2026-09-12T04:10:46.568526+00:00,resolved_performance_checkpoint_v3.json,False,,DS24_RESOLVED_PERFORMANCE_V3_STAGGERED_SLEEVE_RANK_IC_CONTRACT,24216,,,,docs/dream_system/components/DS-24_independent_five_minute_selector/stage_outputs/ds24_p8_r14_e3g_c2_20260824T000000Z/r7_r14_policy_workers/elastic_net/metrics_only_v3_r40_elastic_net/resolved_performance_summary_v3.json,REJECTED,Stronger R53A source precedence selected.
elastic_net,docs/dream_system/components/DS-24_independent_five_minute_selector/stage_outputs/ds24_p8_r14_e3g_c2_20260824T000000Z/r7_r14_policy_workers/elastic_net/metrics_only_v3_r40_elastic_net/daily_portfolio_returns_v3_manifest.json,74ad7dbf7d9771ef2731f2fd86505ce68231050c73f1456f97f771273bbf8393,2026-09-12T04:10:38.735062+00:00,daily_portfolio_returns_v3_manifest.json,False,,,,,,,docs/dream_system/components/DS-24_independent_five_minute_selector/stage_outputs/ds24_p8_r14_e3g_c2_20260824T000000Z/r7_r14_policy_workers/elastic_net/metrics_only_v3_r40_elastic_net/resolved_performance_summary_v3.json,REJECTED,Stronger R53A source precedence selected.
elastic_net,docs/dream_system/components/DS-24_independent_five_minute_selector/stage_outputs/ds24_p8_r14_e3g_c2_20260824T000000Z/r7_r14_policy_workers/elastic_net/metrics_only_v3_r40_elastic_net/transaction_costs_v3_manifest.json,c50d1fdc502e59c2b9040f853556dee28842241fafdad1a1da28e35464b5eb64,2026-09-12T04:10:32.941272+00:00,transaction_costs_v3_manifest.json,False,,,,,,,docs/dream_system/components/DS-24_independent_five_minute_selector/stage_outputs/ds24_p8_r14_e3g_c2_20260824T000000Z/r7_r14_policy_workers/elastic_net/metrics_only_v3_r40_elastic_net/resolved_performance_summary_v3.json,REJECTED,Stronger R53A source precedence selected.
elastic_net,docs/dream_system/components/DS-24_independent_five_minute_selector/stage_outputs/ds24_p8_r14_e3g_c2_20260824T000000Z/r7_r14_policy_workers/elastic_net/metrics_only_v3_r40_elastic_net/rank_ic_v3_manifest.json,8596a2437138c616b50cfa48f8a028d379b6e88e6c50122db0e86e8a39b14f3d,2026-09-12T04:10:32.863937+00:00,rank_ic_v3_manifest.json,False,,,,,,,docs/dream_system/components/DS-24_independent_five_minute_selector/stage_outputs/ds24_p8_r14_e3g_c2_20260824T000000Z/r7_r14_policy_workers/elastic_net/metrics_only_v3_r40_elastic_net/resolved_performance_summary_v3.json,REJECTED,Stronger R53A source precedence selected.
elastic_net,docs/dream_system/components/DS-24_independent_five_minute_selector/stage_outputs/ds24_p8_r14_e3g_c2_20260824T000000Z/r7_r14_policy_workers/elastic_net/metrics_only/checkpoint.json,f4f13f46d6273d4cb88302b164a3603db517ef263b7c05bdb8b791c9e90c62cb,2026-08-27T02:27:25.972502+00:00,checkpoint.json,False,,,55086,,,,docs/dream_system/components/DS-24_independent_five_minute_selector/stage_outputs/ds24_p8_r14_e3g_c2_20260824T000000Z/r7_r14_policy_workers/elastic_net/metrics_only_v3_r40_elastic_net/resolved_performance_summary_v3.json,REJECTED,Stronger R53A source precedence selected.
rff_ridge,docs/dream_system/components/DS-24_independent_five_minute_selector/stage_outputs/ds24_p8_r14_e3g_c2_20260824T000000Z/r7_r14_policy_workers/rff_ridge/metrics_only_v3_r37_rff_retry/resolved_performance_summary_v3.json,87c7004430c8ebee24072f1b0dff3419c33c89eea154daf2db5ce7f33e31045b,2026-09-05T23:28:28.566417+00:00,resolved_performance_summary_v3.json,True,PROVISIONAL,DS24_RESOLVED_PERFORMANCE_V3_STAGGERED_SLEEVE_RANK_IC_CONTRACT,203271,2016-02-02T14:35:00+00:00,2026-06-30T19:00:00+00:00,COMPLETED_ZERO_COST_ONLY,,SELECTED,
rff_ridge,docs/dream_system/components/DS-24_independent_five_minute_selector/stage_outputs/ds24_p8_r14_e3g_c2_20260824T000000Z/r7_r14_policy_workers/rff_ridge/metrics_only_v3_r37_rff_replay/resolved_performance_summary_v3.json,bb6c9452ab72642ae34d47426c02e381241363f43045168459533f371edfa9ba,2026-08-28T16:15:38.775002+00:00,resolved_performance_summary_v3.json,False,NO_RESOLVED_PERFORMANCE_ROWS,DS24_RESOLVED_PERFORMANCE_V3_STAGGERED_SLEEVE_RANK_IC_CONTRACT,0,,,,docs/dream_system/components/DS-24_independent_five_minute_selector/stage_outputs/ds24_p8_r14_e3g_c2_20260824T000000Z/r7_r14_policy_workers/rff_ridge/metrics_only_v3_r37_rff_retry/resolved_performance_summary_v3.json,REJECTED,Stronger R53A source precedence selected.
rff_ridge,docs/dream_system/components/DS-24_independent_five_minute_selector/stage_outputs/ds24_p8_r14_e3g_c2_20260824T000000Z/r7_r14_policy_workers/rff_ridge/metrics_only_v3/resolved_performance_summary_v3.json,e649c28fb2f8b51c040c652850353d18bd4f22b7d58c761108c921c1e37bbc3f,2026-08-28T13:13:44.078609+00:00,resolved_performance_summary_v3.json,False,NO_RESOLVED_PERFORMANCE_ROWS,DS24_RESOLVED_PERFORMANCE_V3_STAGGERED_SLEEVE_RANK_IC_CONTRACT,0,,,,docs/dream_system/components/DS-24_independent_five_minute_selector/stage_outputs/ds24_p8_r14_e3g_c2_20260824T000000Z/r7_r14_policy_workers/rff_ridge/metrics_only_v3_r37_rff_retry/resolved_performance_summary_v3.json,REJECTED,Stronger R53A source precedence selected.
rff_ridge,docs/dream_system/components/DS-24_independent_five_minute_selector/stage_outputs/ds24_p8_r14_e3g_c2_20260824T000000Z/r7_r14_policy_workers/rff_ridge/r31_performance_summary.json,a0e562a1b98c8938835b9a00677d9986ad838346f531ad466abc1e8525cd2a9d,2026-09-07T10:26:39.411114+00:00,r31_performance_summary.json,False,,,203271,,,,docs/dream_system/components/DS-24_independent_five_minute_selector/stage_outputs/ds24_p8_r14_e3g_c2_20260824T000000Z/r7_r14_policy_workers/rff_ridge/metrics_only_v3_r37_rff_retry/resolved_performance_summary_v3.json,REJECTED,Stronger R53A source precedence selected.
rff_ridge,docs/dream_system/components/DS-24_independent_five_minute_selector/stage_outputs/ds24_p8_r14_e3f_20260823T000000Z/44_f3_results_v2.csv,87035330c8850d97a10091e430c2b35b44cb50d169a308ff55585e0f93c58f6a,2026-08-23T20:15:35.150126+00:00,CSV_RESULT_ROW,False,,,42000,,,,docs/dream_system/components/DS-24_independent_five_minute_selector/stage_outputs/ds24_p8_r14_e3g_c2_20260824T000000Z/r7_r14_policy_workers/rff_ridge/metrics_only_v3_r37_rff_retry/resolved_performance_summary_v3.json,REJECTED,Stronger R53A source precedence selected.
rff_ridge,docs/dream_system/components/DS-24_independent_five_minute_selector/stage_outputs/ds24_p8_r14_e3f_20260823T000000Z/42_f2_results_v2.csv,21750ed8b8eb01b9106ba22de19872d3459e5cd11c4d6a0cd4db73723dc406c1,2026-08-23T20:15:35.149120+00:00,CSV_RESULT_ROW,False,,,30800,,,,docs/dream_system/components/DS-24_independent_five_minute_selector/stage_outputs/ds24_p8_r14_e3g_c2_20260824T000000Z/r7_r14_policy_workers/rff_ridge/metrics_only_v3_r37_rff_retry/resolved_performance_summary_v3.json,REJECTED,Stronger R53A source precedence selected.
rff_ridge,docs/dream_system/components/DS-24_independent_five_minute_selector/stage_outputs/ds24_p8_r14_e3f_20260823T000000Z/40_f1_results_v2.csv,feb365eb49e3390b2983cd3449e8f1f06d6f12b94f5257740cf78508bf5fea3f,2026-08-23T20:15:35.148122+00:00,CSV_RESULT_ROW,False,,,19600,,,,docs/dream_system/components/DS-24_independent_five_minute_selector/stage_outputs/ds24_p8_r14_e3g_c2_20260824T000000Z/r7_r14_policy_workers/rff_ridge/metrics_only_v3_r37_rff_retry/resolved_performance_summary_v3.json,REJECTED,Stronger R53A source precedence selected.
rff_ridge,docs/dream_system/components/DS-24_independent_five_minute_selector/stage_outputs/ds24_p8_r14_e3e_20260823T000000Z/24_f3_results_v2.csv,c6e286496a3a2b452561610b54f52d5951085c5bf192c00439e739790f915e46,2026-08-23T19:25:48.244106+00:00,CSV_RESULT_ROW,False,,,21000,,,,docs/dream_system/components/DS-24_independent_five_minute_selector/stage_outputs/ds24_p8_r14_e3g_c2_20260824T000000Z/r7_r14_policy_workers/rff_ridge/metrics_only_v3_r37_rff_retry/resolved_performance_summary_v3.json,REJECTED,Stronger R53A source precedence selected.
rff_ridge,docs/dream_system/components/DS-24_independent_five_minute_selector/stage_outputs/ds24_p8_r14_e3e_20260823T000000Z/22_f2_results_v2.csv,fd92bdf3ddb92ef8a65dde84ed781fbf466f3decd5705bd5f78a06af0beb177c,2026-08-23T19:25:48.243066+00:00,CSV_RESULT_ROW,False,,,13501,,,,docs/dream_system/components/DS-24_independent_five_minute_selector/stage_outputs/ds24_p8_r14_e3g_c2_20260824T000000Z/r7_r14_policy_workers/rff_ridge/metrics_only_v3_r37_rff_retry/resolved_performance_summary_v3.json,REJECTED,Stronger R53A source precedence selected.
rff_ridge,docs/dream_system/components/DS-24_independent_five_minute_selector/stage_outputs/ds24_p8_r14_e3e_20260823T000000Z/20_f1_results_v2.csv,e53c180bbc1d1500efcf5cf382125ecda1ac3233dc36d25fa9c752a6bbc22d88,2026-08-23T19:25:48.240916+00:00,CSV_RESULT_ROW,False,,,6000,,,,docs/dream_system/components/DS-24_independent_five_minute_selector/stage_outputs/ds24_p8_r14_e3g_c2_20260824T000000Z/r7_r14_policy_workers/rff_ridge/metrics_only_v3_r37_rff_retry/resolved_performance_summary_v3.json,REJECTED,Stronger R53A source precedence selected.
rff_ridge,docs/dream_system/components/DS-24_independent_five_minute_selector/stage_outputs/ds24_p8_r14_e3g_c2_20260824T000000Z/r7_r14_policy_workers/rff_ridge/progress.json,3a35a7da26fcf463bdebcc05b6bf41ef325ab48e438a344393f886c42feb6935,2026-09-05T23:29:57.145120+00:00,progress.json,False,,,,,,,docs/dream_system/components/DS-24_independent_five_minute_selector/stage_outputs/ds24_p8_r14_e3g_c2_20260824T000000Z/r7_r14_policy_workers/rff_ridge/metrics_only_v3_r37_rff_retry/resolved_performance_summary_v3.json,REJECTED,Stronger R53A source precedence selected.
rff_ridge,docs/dream_system/components/DS-24_independent_five_minute_selector/stage_outputs/ds24_p8_r14_e3g_c2_20260824T000000Z/r7_r14_policy_workers/rff_ridge/metrics_only_v3_r37_rff_retry/checkpoint.json,a4900656bd82926f447c432905a2d6ea68d0e9220189450122ab9746a0e92393,2026-09-05T23:29:55.812377+00:00,checkpoint.json,False,,DS24_RESOLVED_PERFORMANCE_V3_STAGGERED_SLEEVE_RANK_IC_CONTRACT,203283,,,,docs/dream_system/components/DS-24_independent_five_minute_selector/stage_outputs/ds24_p8_r14_e3g_c2_20260824T000000Z/r7_r14_policy_workers/rff_ridge/metrics_only_v3_r37_rff_retry/resolved_performance_summary_v3.json,REJECTED,Stronger R53A source precedence selected.
rff_ridge,docs/dream_system/components/DS-24_independent_five_minute_selector/stage_outputs/ds24_p8_r14_e3g_c2_20260824T000000Z/r7_r14_policy_workers/rff_ridge/metrics_only_v3_r37_rff_retry/resolved_performance_checkpoint_v3.json,0b8d309f362ebf7b3ac84a0b22f9627fa21b8eb66c02e7ce0c8cb373949b1db2,2026-09-05T23:29:08.060573+00:00,resolved_performance_checkpoint_v3.json,False,,DS24_RESOLVED_PERFORMANCE_V3_STAGGERED_SLEEVE_RANK_IC_CONTRACT,203271,,,,docs/dream_system/components/DS-24_independent_five_minute_selector/stage_outputs/ds24_p8_r14_e3g_c2_20260824T000000Z/r7_r14_policy_workers/rff_ridge/metrics_only_v3_r37_rff_retry/resolved_performance_summary_v3.json,REJECTED,Stronger R53A source precedence selected.
rff_ridge,docs/dream_system/components/DS-24_independent_five_minute_selector/stage_outputs/ds24_p8_r14_e3g_c2_20260824T000000Z/r7_r14_policy_workers/rff_ridge/metrics_only_v3_r37_rff_retry/daily_portfolio_returns_v3_manifest.json,f9ada847bafefade99cda6cd6d53b5c913e5eb3587cf34fcce0ffb11b2833dfa,2026-09-05T23:27:59.277304+00:00,daily_portfolio_returns_v3_manifest.json,False,,,,,,,docs/dream_system/components/DS-24_independent_five_minute_selector/stage_outputs/ds24_p8_r14_e3g_c2_20260824T000000Z/r7_r14_policy_workers/rff_ridge/metrics_only_v3_r37_rff_retry/resolved_performance_summary_v3.json,REJECTED,Stronger R53A source precedence selected.
rff_ridge,docs/dream_system/components/DS-24_independent_five_minute_selector/stage_outputs/ds24_p8_r14_e3g_c2_20260824T000000Z/r7_r14_policy_workers/rff_ridge/metrics_only_v3_r37_rff_retry/transaction_costs_v3_manifest.json,469fec98b778ee4f4e63084ab3b9d5675af655d04029d2a0793c9047358e5004,2026-09-05T23:27:09.200006+00:00,transaction_costs_v3_manifest.json,False,,,,,,,docs/dream_system/components/DS-24_independent_five_minute_selector/stage_outputs/ds24_p8_r14_e3g_c2_20260824T000000Z/r7_r14_policy_workers/rff_ridge/metrics_only_v3_r37_rff_retry/resolved_performance_summary_v3.json,REJECTED,Stronger R53A source precedence selected.
rff_ridge,docs/dream_system/components/DS-24_independent_five_minute_selector/stage_outputs/ds24_p8_r14_e3g_c2_20260824T000000Z/r7_r14_policy_workers/rff_ridge/metrics_only_v3_r37_rff_retry/rank_ic_v3_manifest.json,78efccbbad84a94abbb0a5bb00a6d114b9468c2a9edd705ddd7e2c488de6dc17,2026-09-05T23:27:09.031107+00:00,rank_ic_v3_manifest.json,False,,,,,,,docs/dream_system/components/DS-24_independent_five_minute_selector/stage_outputs/ds24_p8_r14_e3g_c2_20260824T000000Z/r7_r14_policy_workers/rff_ridge/metrics_only_v3_r37_rff_retry/resolved_performance_summary_v3.json,REJECTED,Stronger R53A source precedence selected.
rff_ridge,docs/dream_system/components/DS-24_independent_five_minute_selector/stage_outputs/ds24_p8_r14_e3g_c2_20260824T000000Z/r7_r14_policy_workers/rff_ridge/metrics_only_v3_r37_rff_replay/checkpoint.json,15fa357a0fba8a3673ec68c3d9302ec694d7d62ce71b3ca79d551a43f3674d6e,2026-08-28T16:15:39.628332+00:00,checkpoint.json,False,,DS24_RESOLVED_PERFORMANCE_V3_STAGGERED_SLEEVE_RANK_IC_CONTRACT,78,,,,docs/dream_system/components/DS-24_independent_five_minute_selector/stage_outputs/ds24_p8_r14_e3g_c2_20260824T000000Z/r7_r14_policy_workers/rff_ridge/metrics_only_v3_r37_rff_retry/resolved_performance_summary_v3.json,REJECTED,Stronger R53A source precedence selected.
rff_ridge,docs/dream_system/components/DS-24_independent_five_minute_selector/stage_outputs/ds24_p8_r14_e3g_c2_20260824T000000Z/r7_r14_policy_workers/rff_ridge/metrics_only_v3_r37_rff_replay/resolved_performance_checkpoint_v3.json,2076cb27d85177aff47acc19efba689eac209a7c6b49b9766b322211a52a5cf7,2026-08-28T16:15:38.811194+00:00,resolved_performance_checkpoint_v3.json,False,,DS24_RESOLVED_PERFORMANCE_V3_STAGGERED_SLEEVE_RANK_IC_CONTRACT,0,,,,docs/dream_system/components/DS-24_independent_five_minute_selector/stage_outputs/ds24_p8_r14_e3g_c2_20260824T000000Z/r7_r14_policy_workers/rff_ridge/metrics_only_v3_r37_rff_retry/resolved_performance_summary_v3.json,REJECTED,Stronger R53A source precedence selected.
rff_ridge,docs/dream_system/components/DS-24_independent_five_minute_selector/stage_outputs/ds24_p8_r14_e3g_c2_20260824T000000Z/r7_r14_policy_workers/rff_ridge/metrics_only_v3_r37_rff_replay/transaction_costs_v3_manifest.json,36a0ae329d99d341ec67ef02102d8ef7fd5def75de40abc6613fa3f8752579c7,2026-08-28T16:15:38.516872+00:00,transaction_costs_v3_manifest.json,False,,,,,,,docs/dream_system/components/DS-24_independent_five_minute_selector/stage_outputs/ds24_p8_r14_e3g_c2_20260824T000000Z/r7_r14_policy_workers/rff_ridge/metrics_only_v3_r37_rff_retry/resolved_performance_summary_v3.json,REJECTED,Stronger R53A source precedence selected.
rff_ridge,docs/dream_system/components/DS-24_independent_five_minute_selector/stage_outputs/ds24_p8_r14_e3g_c2_20260824T000000Z/r7_r14_policy_workers/rff_ridge/metrics_only_v3_r37_rff_replay/rank_ic_v3_manifest.json,22c50646677b9ef8219ada26412ad2065935c8189a79b1cffd6aaf8d9bc3503b,2026-08-28T16:15:38.452260+00:00,rank_ic_v3_manifest.json,False,,,,,,,docs/dream_system/components/DS-24_independent_five_minute_selector/stage_outputs/ds24_p8_r14_e3g_c2_20260824T000000Z/r7_r14_policy_workers/rff_ridge/metrics_only_v3_r37_rff_retry/resolved_performance_summary_v3.json,REJECTED,Stronger R53A source precedence selected.
rff_ridge,docs/dream_system/components/DS-24_independent_five_minute_selector/stage_outputs/ds24_p8_r14_e3g_c2_20260824T000000Z/r7_r14_policy_workers/rff_ridge/metrics_only_v3/checkpoint.json,9093dae155a436681e02d9be586b6729bf446ce91426113a602a89735a1c7f68,2026-08-28T13:13:45.137559+00:00,checkpoint.json,False,,DS24_RESOLVED_PERFORMANCE_V3_STAGGERED_SLEEVE_RANK_IC_CONTRACT,78,,,,docs/dream_system/components/DS-24_independent_five_minute_selector/stage_outputs/ds24_p8_r14_e3g_c2_20260824T000000Z/r7_r14_policy_workers/rff_ridge/metrics_only_v3_r37_rff_retry/resolved_performance_summary_v3.json,REJECTED,Stronger R53A source precedence selected.
rff_ridge,docs/dream_system/components/DS-24_independent_five_minute_selector/stage_outputs/ds24_p8_r14_e3g_c2_20260824T000000Z/r7_r14_policy_workers/rff_ridge/metrics_only_v3/resolved_performance_checkpoint_v3.json,b546678b791cfbc15809719a26847a713b7480381dc04fc9091518cb04c305b7,2026-08-28T13:13:44.131305+00:00,resolved_performance_checkpoint_v3.json,False,,DS24_RESOLVED_PERFORMANCE_V3_STAGGERED_SLEEVE_RANK_IC_CONTRACT,0,,,,docs/dream_system/components/DS-24_independent_five_minute_selector/stage_outputs/ds24_p8_r14_e3g_c2_20260824T000000Z/r7_r14_policy_workers/rff_ridge/metrics_only_v3_r37_rff_retry/resolved_performance_summary_v3.json,REJECTED,Stronger R53A source precedence selected.
rff_ridge,docs/dream_system/components/DS-24_independent_five_minute_selector/stage_outputs/ds24_p8_r14_e3g_c2_20260824T000000Z/r7_r14_policy_workers/rff_ridge/metrics_only_v3/transaction_costs_v3_manifest.json,0046b8fa8abdd500d8ca301489e2b99784dabcd038e30d7c8f4423828175f4de,2026-08-28T13:13:43.839766+00:00,transaction_costs_v3_manifest.json,False,,,,,,,docs/dream_system/components/DS-24_independent_five_minute_selector/stage_outputs/ds24_p8_r14_e3g_c2_20260824T000000Z/r7_r14_policy_workers/rff_ridge/metrics_only_v3_r37_rff_retry/resolved_performance_summary_v3.json,REJECTED,Stronger R53A source precedence selected.
rff_ridge,docs/dream_system/components/DS-24_independent_five_minute_selector/stage_outputs/ds24_p8_r14_e3g_c2_20260824T000000Z/r7_r14_policy_workers/rff_ridge/metrics_only_v3/rank_ic_v3_manifest.json,27098e261b0ac397dd84359d141ed8712d052dae5e0ef762e8ae1be64167400b,2026-08-28T13:13:43.786487+00:00,rank_ic_v3_manifest.json,False,,,,,,,docs/dream_system/components/DS-24_independent_five_minute_selector/stage_outputs/ds24_p8_r14_e3g_c2_20260824T000000Z/r7_r14_policy_workers/rff_ridge/metrics_only_v3_r37_rff_retry/resolved_performance_summary_v3.json,REJECTED,Stronger R53A source precedence selected.
rff_ridge,docs/dream_system/components/DS-24_independent_five_minute_selector/stage_outputs/ds24_p8_r14_e3g_c2_20260824T000000Z/r7_r14_policy_workers/rff_ridge/metrics_only/checkpoint.json,b6f39ceead46d3b133c3bf47f44c5e6d4a9d4027dc1109a2b1796543a2eaf696,2026-08-28T09:57:59.733870+00:00,checkpoint.json,False,,DS24_RESOLVED_PERFORMANCE_METRICS_CONTRACT_V2,68465,,,,docs/dream_system/components/DS-24_independent_five_minute_selector/stage_outputs/ds24_p8_r14_e3g_c2_20260824T000000Z/r7_r14_policy_workers/rff_ridge/metrics_only_v3_r37_rff_retry/resolved_performance_summary_v3.json,REJECTED,Stronger R53A source precedence selected.
rff_ridge,docs/dream_system/components/DS-24_independent_five_minute_selector/stage_outputs/ds24_p8_r14_e3g_c2_20260824T000000Z/r7_r14_policy_workers/rff_ridge/SUPERSEDED_EVALUATION_CONTRACT_V1/progress.json,6766b82fd84f3dc26b08aa871047312638c589fe160fc3c9231c0b8728d66b9b,2026-08-27T20:20:43.689871+00:00,progress.json,False,,,,,,,docs/dream_system/components/DS-24_independent_five_minute_selector/stage_outputs/ds24_p8_r14_e3g_c2_20260824T000000Z/r7_r14_policy_workers/rff_ridge/metrics_only_v3_r37_rff_retry/resolved_performance_summary_v3.json,REJECTED,Stronger R53A source precedence selected.
rff_ridge,docs/dream_system/components/DS-24_independent_five_minute_selector/stage_outputs/ds24_p8_r14_e3g_c2_20260824T000000Z/r7_r14_policy_workers/rff_ridge/SUPERSEDED_EVALUATION_CONTRACT_V1/metrics_only/checkpoint.json,709a45cf7f4cac103a7798cddd45b186a16d6924835590bf87449a0647bf244b,2026-08-27T20:20:43.598558+00:00,checkpoint.json,False,,,18059,,,,docs/dream_system/components/DS-24_independent_five_minute_selector/stage_outputs/ds24_p8_r14_e3g_c2_20260824T000000Z/r7_r14_policy_workers/rff_ridge/metrics_only_v3_r37_rff_retry/resolved_performance_summary_v3.json,REJECTED,Stronger R53A source precedence selected.
huber,docs/dream_system/components/DS-24_independent_five_minute_selector/stage_outputs/ds24_p8_r14_e3g_c2_20260824T000000Z/r7_r14_policy_workers/huber/metrics_only_v3_r37_huber_replay/resolved_performance_summary_v3.json,6e2c3d8374453dede892b72a5d1b0d714db008b5961ab3a4f38ef79572f84604,2026-09-06T19:39:07.103761+00:00,resolved_performance_summary_v3.json,True,PROVISIONAL,DS24_RESOLVED_PERFORMANCE_V3_STAGGERED_SLEEVE_RANK_IC_CONTRACT,203271,2016-02-02T14:35:00+00:00,2026-06-30T19:00:00+00:00,COMPLETED_ZERO_COST_ONLY,,SELECTED,
huber,docs/dream_system/components/DS-24_independent_five_minute_selector/stage_outputs/ds24_p8_r14_e3g_c2_20260824T000000Z/r7_r14_policy_workers/huber/metrics_only_v3/resolved_performance_summary_v3.json,35b822aecba07e0396618890909640bcd10698c88599b692450457cfe83d629c,2026-08-28T14:15:55.672760+00:00,resolved_performance_summary_v3.json,False,NO_RESOLVED_PERFORMANCE_ROWS,DS24_RESOLVED_PERFORMANCE_V3_STAGGERED_SLEEVE_RANK_IC_CONTRACT,0,,,,docs/dream_system/components/DS-24_independent_five_minute_selector/stage_outputs/ds24_p8_r14_e3g_c2_20260824T000000Z/r7_r14_policy_workers/huber/metrics_only_v3_r37_huber_replay/resolved_performance_summary_v3.json,REJECTED,Stronger R53A source precedence selected.
huber,docs/dream_system/components/DS-24_independent_five_minute_selector/stage_outputs/ds24_p8_r14_e3g_c1_20260823T000000Z/19_tabular_scale_results.csv,5c1378aba59a29ffd71efb53581720ce871950c28bfe8f60d45f531d5f86dd0a,2026-08-23T21:44:36.481254+00:00,CSV_RESULT_ROW,False,FRONTIER_ACTIVE,,476000,,,,docs/dream_system/components/DS-24_independent_five_minute_selector/stage_outputs/ds24_p8_r14_e3g_c2_20260824T000000Z/r7_r14_policy_workers/huber/metrics_only_v3_r37_huber_replay/resolved_performance_summary_v3.json,REJECTED,Stronger R53A source precedence selected.
huber,docs/dream_system/components/DS-24_independent_five_minute_selector/stage_outputs/ds24_p8_r14_e3g_c2_20260824T000000Z/r7_r14_policy_workers/huber/r31_performance_summary.json,c43761112022afffafa9508399fd3dd696cdbe0293d11105db42317effc324fe,2026-09-07T10:59:49.114615+00:00,r31_performance_summary.json,False,,,203271,,,,docs/dream_system/components/DS-24_independent_five_minute_selector/stage_outputs/ds24_p8_r14_e3g_c2_20260824T000000Z/r7_r14_policy_workers/huber/metrics_only_v3_r37_huber_replay/resolved_performance_summary_v3.json,REJECTED,Stronger R53A source precedence selected.
huber,docs/dream_system/components/DS-24_independent_five_minute_selector/stage_outputs/ds24_p8_r14_e3g_c1_20260823T000000Z/31_scale_stability_results.csv,c27931c0584338c1ee8b1a0997735945023986bbd3e95bc21696d6b5c6ff8b3a,2026-08-23T21:44:36.489288+00:00,CSV_RESULT_ROW,False,,,,,,,docs/dream_system/components/DS-24_independent_five_minute_selector/stage_outputs/ds24_p8_r14_e3g_c2_20260824T000000Z/r7_r14_policy_workers/huber/metrics_only_v3_r37_huber_replay/resolved_performance_summary_v3.json,REJECTED,Stronger R53A source precedence selected.
huber,docs/dream_system/components/DS-24_independent_five_minute_selector/stage_outputs/ds24_p8_r14_e3f_20260823T000000Z/44_f3_results_v2.csv,87035330c8850d97a10091e430c2b35b44cb50d169a308ff55585e0f93c58f6a,2026-08-23T20:15:35.150126+00:00,CSV_RESULT_ROW,False,,,42000,,,,docs/dream_system/components/DS-24_independent_five_minute_selector/stage_outputs/ds24_p8_r14_e3g_c2_20260824T000000Z/r7_r14_policy_workers/huber/metrics_only_v3_r37_huber_replay/resolved_performance_summary_v3.json,REJECTED,Stronger R53A source precedence selected.
huber,docs/dream_system/components/DS-24_independent_five_minute_selector/stage_outputs/ds24_p8_r14_e3f_20260823T000000Z/42_f2_results_v2.csv,21750ed8b8eb01b9106ba22de19872d3459e5cd11c4d6a0cd4db73723dc406c1,2026-08-23T20:15:35.149120+00:00,CSV_RESULT_ROW,False,,,30800,,,,docs/dream_system/components/DS-24_independent_five_minute_selector/stage_outputs/ds24_p8_r14_e3g_c2_20260824T000000Z/r7_r14_policy_workers/huber/metrics_only_v3_r37_huber_replay/resolved_performance_summary_v3.json,REJECTED,Stronger R53A source precedence selected.
huber,docs/dream_system/components/DS-24_independent_five_minute_selector/stage_outputs/ds24_p8_r14_e3f_20260823T000000Z/40_f1_results_v2.csv,feb365eb49e3390b2983cd3449e8f1f06d6f12b94f5257740cf78508bf5fea3f,2026-08-23T20:15:35.148122+00:00,CSV_RESULT_ROW,False,,,19600,,,,docs/dream_system/components/DS-24_independent_five_minute_selector/stage_outputs/ds24_p8_r14_e3g_c2_20260824T000000Z/r7_r14_policy_workers/huber/metrics_only_v3_r37_huber_replay/resolved_performance_summary_v3.json,REJECTED,Stronger R53A source precedence selected.
huber,docs/dream_system/components/DS-24_independent_five_minute_selector/stage_outputs/ds24_p8_r14_e3e_20260823T000000Z/24_f3_results_v2.csv,c6e286496a3a2b452561610b54f52d5951085c5bf192c00439e739790f915e46,2026-08-23T19:25:48.244106+00:00,CSV_RESULT_ROW,False,,,21000,,,,docs/dream_system/components/DS-24_independent_five_minute_selector/stage_outputs/ds24_p8_r14_e3g_c2_20260824T000000Z/r7_r14_policy_workers/huber/metrics_only_v3_r37_huber_replay/resolved_performance_summary_v3.json,REJECTED,Stronger R53A source precedence selected.
huber,docs/dream_system/components/DS-24_independent_five_minute_selector/stage_outputs/ds24_p8_r14_e3e_20260823T000000Z/22_f2_results_v2.csv,fd92bdf3ddb92ef8a65dde84ed781fbf466f3decd5705bd5f78a06af0beb177c,2026-08-23T19:25:48.243066+00:00,CSV_RESULT_ROW,False,,,13501,,,,docs/dream_system/components/DS-24_independent_five_minute_selector/stage_outputs/ds24_p8_r14_e3g_c2_20260824T000000Z/r7_r14_policy_workers/huber/metrics_only_v3_r37_huber_replay/resolved_performance_summary_v3.json,REJECTED,Stronger R53A source precedence selected.
huber,docs/dream_system/components/DS-24_independent_five_minute_selector/stage_outputs/ds24_p8_r14_e3e_20260823T000000Z/20_f1_results_v2.csv,e53c180bbc1d1500efcf5cf382125ecda1ac3233dc36d25fa9c752a6bbc22d88,2026-08-23T19:25:48.240916+00:00,CSV_RESULT_ROW,False,,,6000,,,,docs/dream_system/components/DS-24_independent_five_minute_selector/stage_outputs/ds24_p8_r14_e3g_c2_20260824T000000Z/r7_r14_policy_workers/huber/metrics_only_v3_r37_huber_replay/resolved_performance_summary_v3.json,REJECTED,Stronger R53A source precedence selected.
huber,docs/dream_system/components/DS-24_independent_five_minute_selector/stage_outputs/ds24_p8_r14_e3_20260823T000000Z/21_fidelity3_results.csv,6887f617593ae8c74448f300bc7fbf6b943ef8e10d57e827a9734a6512576af2,2026-08-23T16:48:26.749840+00:00,CSV_RESULT_ROW,False,COMPLETED,,,,,,docs/dream_system/components/DS-24_independent_five_minute_selector/stage_outputs/ds24_p8_r14_e3g_c2_20260824T000000Z/r7_r14_policy_workers/huber/metrics_only_v3_r37_huber_replay/resolved_performance_summary_v3.json,REJECTED,Stronger R53A source precedence selected.
huber,docs/dream_system/components/DS-24_independent_five_minute_selector/stage_outputs/ds24_p8_r14_e3_20260823T000000Z/21_fidelity3_results.csv,6887f617593ae8c74448f300bc7fbf6b943ef8e10d57e827a9734a6512576af2,2026-08-23T16:48:26.749840+00:00,CSV_RESULT_ROW,False,COMPLETED,,,,,,docs/dream_system/components/DS-24_independent_five_minute_selector/stage_outputs/ds24_p8_r14_e3g_c2_20260824T000000Z/r7_r14_policy_workers/huber/metrics_only_v3_r37_huber_replay/resolved_performance_summary_v3.json,REJECTED,Stronger R53A source precedence selected.
huber,docs/dream_system/components/DS-24_independent_five_minute_selector/stage_outputs/ds24_p8_r14_e3_20260823T000000Z/19_fidelity2_results.csv,492349deb0302764868a023403ca08b8a1b80d03694b987417b3ee4394350345,2026-08-23T16:48:26.748840+00:00,CSV_RESULT_ROW,False,COMPLETED,,,,,,docs/dream_system/components/DS-24_independent_five_minute_selector/stage_outputs/ds24_p8_r14_e3g_c2_20260824T000000Z/r7_r14_policy_workers/huber/metrics_only_v3_r37_huber_replay/resolved_performance_summary_v3.json,REJECTED,Stronger R53A source precedence selected.
huber,docs/dream_system/components/DS-24_independent_five_minute_selector/stage_outputs/ds24_p8_r14_e3_20260823T000000Z/19_fidelity2_results.csv,492349deb0302764868a023403ca08b8a1b80d03694b987417b3ee4394350345,2026-08-23T16:48:26.748840+00:00,CSV_RESULT_ROW,False,COMPLETED,,,,,,docs/dream_system/components/DS-24_independent_five_minute_selector/stage_outputs/ds24_p8_r14_e3g_c2_20260824T000000Z/r7_r14_policy_workers/huber/metrics_only_v3_r37_huber_replay/resolved_performance_summary_v3.json,REJECTED,Stronger R53A source precedence selected.
huber,docs/dream_system/components/DS-24_independent_five_minute_selector/stage_outputs/ds24_p8_r14_e3_20260823T000000Z/19_fidelity2_results.csv,492349deb0302764868a023403ca08b8a1b80d03694b987417b3ee4394350345,2026-08-23T16:48:26.748840+00:00,CSV_RESULT_ROW,False,COMPLETED,,,,,,docs/dream_system/components/DS-24_independent_five_minute_selector/stage_outputs/ds24_p8_r14_e3g_c2_20260824T000000Z/r7_r14_policy_workers/huber/metrics_only_v3_r37_huber_replay/resolved_performance_summary_v3.json,REJECTED,Stronger R53A source precedence selected.
huber,docs/dream_system/components/DS-24_independent_five_minute_selector/stage_outputs/ds24_p8_r14_e3_20260823T000000Z/17_fidelity1_results.csv,ceed978b8539797630028ebe29c8bf312071533d66725eb2e08dfb15f17269d8,2026-08-23T16:48:26.746840+00:00,CSV_RESULT_ROW,False,,,,,,,docs/dream_system/components/DS-24_independent_five_minute_selector/stage_outputs/ds24_p8_r14_e3g_c2_20260824T000000Z/r7_r14_policy_workers/huber/metrics_only_v3_r37_huber_replay/resolved_performance_summary_v3.json,REJECTED,Stronger R53A source precedence selected.
huber,docs/dream_system/components/DS-24_independent_five_minute_selector/stage_outputs/ds24_p8_r14_e3_20260823T000000Z/17_fidelity1_results.csv,ceed978b8539797630028ebe29c8bf312071533d66725eb2e08dfb15f17269d8,2026-08-23T16:48:26.746840+00:00,CSV_RESULT_ROW,False,,,,,,,docs/dream_system/components/DS-24_independent_five_minute_selector/stage_outputs/ds24_p8_r14_e3g_c2_20260824T000000Z/r7_r14_policy_workers/huber/metrics_only_v3_r37_huber_replay/resolved_performance_summary_v3.json,REJECTED,Stronger R53A source precedence selected.
huber,docs/dream_system/components/DS-24_independent_five_minute_selector/stage_outputs/ds24_p8_r14_e3_20260823T000000Z/17_fidelity1_results.csv,ceed978b8539797630028ebe29c8bf312071533d66725eb2e08dfb15f17269d8,2026-08-23T16:48:26.746840+00:00,CSV_RESULT_ROW,False,,,,,,,docs/dream_system/components/DS-24_independent_five_minute_selector/stage_outputs/ds24_p8_r14_e3g_c2_20260824T000000Z/r7_r14_policy_workers/huber/metrics_only_v3_r37_huber_replay/resolved_performance_summary_v3.json,REJECTED,Stronger R53A source precedence selected.
huber,docs/dream_system/components/DS-24_independent_five_minute_selector/stage_outputs/ds24_p8_r14_e2_20260823T000000Z/22_fidelity1_results.csv,ceed978b8539797630028ebe29c8bf312071533d66725eb2e08dfb15f17269d8,2026-08-23T12:00:47.317787+00:00,CSV_RESULT_ROW,False,,,,,,,docs/dream_system/components/DS-24_independent_five_minute_selector/stage_outputs/ds24_p8_r14_e3g_c2_20260824T000000Z/r7_r14_policy_workers/huber/metrics_only_v3_r37_huber_replay/resolved_performance_summary_v3.json,REJECTED,Stronger R53A source precedence selected.
huber,docs/dream_system/components/DS-24_independent_five_minute_selector/stage_outputs/ds24_p8_r14_e2_20260823T000000Z/22_fidelity1_results.csv,ceed978b8539797630028ebe29c8bf312071533d66725eb2e08dfb15f17269d8,2026-08-23T12:00:47.317787+00:00,CSV_RESULT_ROW,False,,,,,,,docs/dream_system/components/DS-24_independent_five_minute_selector/stage_outputs/ds24_p8_r14_e3g_c2_20260824T000000Z/r7_r14_policy_workers/huber/metrics_only_v3_r37_huber_replay/resolved_performance_summary_v3.json,REJECTED,Stronger R53A source precedence selected.
huber,docs/dream_system/components/DS-24_independent_five_minute_selector/stage_outputs/ds24_p8_r14_e2_20260823T000000Z/22_fidelity1_results.csv,ceed978b8539797630028ebe29c8bf312071533d66725eb2e08dfb15f17269d8,2026-08-23T12:00:47.317787+00:00,CSV_RESULT_ROW,False,,,,,,,docs/dream_system/components/DS-24_independent_five_minute_selector/stage_outputs/ds24_p8_r14_e3g_c2_20260824T000000Z/r7_r14_policy_workers/huber/metrics_only_v3_r37_huber_replay/resolved_performance_summary_v3.json,REJECTED,Stronger R53A source precedence selected.
huber,docs/dream_system/components/DS-24_independent_five_minute_selector/stage_outputs/ds24_p8_r3_20260822T000000Z/53_uncertainty_results.csv,c1eb136defadfd8d1ad3a91a88ba44f4478af669db8f715dec5f6ce2084a1f35,2026-08-22T09:09:20.987725+00:00,CSV_RESULT_ROW,False,,,,,,,docs/dream_system/components/DS-24_independent_five_minute_selector/stage_outputs/ds24_p8_r14_e3g_c2_20260824T000000Z/r7_r14_policy_workers/huber/metrics_only_v3_r37_huber_replay/resolved_performance_summary_v3.json,REJECTED,Stronger R53A source precedence selected.
huber,docs/dream_system/components/DS-24_independent_five_minute_selector/stage_outputs/ds24_p8_r14_e3g_c2_20260824T000000Z/r7_r14_policy_workers/huber/progress.json,e6cac75549d41ba580161b2cca775be407aab57d426f77c02e027618cf3b65b1,2026-09-06T19:40:40.936969+00:00,progress.json,False,,,,,,,docs/dream_system/components/DS-24_independent_five_minute_selector/stage_outputs/ds24_p8_r14_e3g_c2_20260824T000000Z/r7_r14_policy_workers/huber/metrics_only_v3_r37_huber_replay/resolved_performance_summary_v3.json,REJECTED,Stronger R53A source precedence selected.
huber,docs/dream_system/components/DS-24_independent_five_minute_selector/stage_outputs/ds24_p8_r14_e3g_c2_20260824T000000Z/r7_r14_policy_workers/huber/metrics_only_v3_r37_huber_replay/checkpoint.json,ffa00aec0308899f1552903c4322c0f4b6b1211f182726b3785c6b3f0138c311,2026-09-06T19:40:39.488320+00:00,checkpoint.json,False,,DS24_RESOLVED_PERFORMANCE_V3_STAGGERED_SLEEVE_RANK_IC_CONTRACT,203283,,,,docs/dream_system/components/DS-24_independent_five_minute_selector/stage_outputs/ds24_p8_r14_e3g_c2_20260824T000000Z/r7_r14_policy_workers/huber/metrics_only_v3_r37_huber_replay/resolved_performance_summary_v3.json,REJECTED,Stronger R53A source precedence selected.
huber,docs/dream_system/components/DS-24_independent_five_minute_selector/stage_outputs/ds24_p8_r14_e3g_c2_20260824T000000Z/r7_r14_policy_workers/huber/metrics_only_v3_r37_huber_replay/resolved_performance_checkpoint_v3.json,4058bd7d651f65c07a883eab4133b559794d0276d5ab2098c9506934e1561e55,2026-09-06T19:39:49.188571+00:00,resolved_performance_checkpoint_v3.json,False,,DS24_RESOLVED_PERFORMANCE_V3_STAGGERED_SLEEVE_RANK_IC_CONTRACT,203271,,,,docs/dream_system/components/DS-24_independent_five_minute_selector/stage_outputs/ds24_p8_r14_e3g_c2_20260824T000000Z/r7_r14_policy_workers/huber/metrics_only_v3_r37_huber_replay/resolved_performance_summary_v3.json,REJECTED,Stronger R53A source precedence selected.
huber,docs/dream_system/components/DS-24_independent_five_minute_selector/stage_outputs/ds24_p8_r14_e3g_c2_20260824T000000Z/r7_r14_policy_workers/huber/metrics_only_v3_r37_huber_replay/daily_portfolio_returns_v3_manifest.json,873d322d109cc78747c433dc3ce5ea2ce6c3eb508effedd1de1ef4f2f3f37255,2026-09-06T19:38:41.735116+00:00,daily_portfolio_returns_v3_manifest.json,False,,,,,,,docs/dream_system/components/DS-24_independent_five_minute_selector/stage_outputs/ds24_p8_r14_e3g_c2_20260824T000000Z/r7_r14_policy_workers/huber/metrics_only_v3_r37_huber_replay/resolved_performance_summary_v3.json,REJECTED,Stronger R53A source precedence selected.
huber,docs/dream_system/components/DS-24_independent_five_minute_selector/stage_outputs/ds24_p8_r14_e3g_c2_20260824T000000Z/r7_r14_policy_workers/huber/metrics_only_v3_r37_huber_replay/transaction_costs_v3_manifest.json,85e2076e9ceb6feca39a99d91e8ea4fa6b613dbf22a279265fdb4c2f38e2b6c7,2026-09-06T19:37:53.085626+00:00,transaction_costs_v3_manifest.json,False,,,,,,,docs/dream_system/components/DS-24_independent_five_minute_selector/stage_outputs/ds24_p8_r14_e3g_c2_20260824T000000Z/r7_r14_policy_workers/huber/metrics_only_v3_r37_huber_replay/resolved_performance_summary_v3.json,REJECTED,Stronger R53A source precedence selected.
huber,docs/dream_system/components/DS-24_independent_five_minute_selector/stage_outputs/ds24_p8_r14_e3g_c2_20260824T000000Z/r7_r14_policy_workers/huber/metrics_only_v3_r37_huber_replay/rank_ic_v3_manifest.json,0ff6f3a84cc4feeea0ae02b950fd56f90d53fc02d8e1dd237db42fb8992fd036,2026-09-06T19:37:52.613747+00:00,rank_ic_v3_manifest.json,False,,,,,,,docs/dream_system/components/DS-24_independent_five_minute_selector/stage_outputs/ds24_p8_r14_e3g_c2_20260824T000000Z/r7_r14_policy_workers/huber/metrics_only_v3_r37_huber_replay/resolved_performance_summary_v3.json,REJECTED,Stronger R53A source precedence selected.
huber,docs/dream_system/components/DS-24_independent_five_minute_selector/stage_outputs/ds24_p8_r14_e3g_c2_20260824T000000Z/r7_r14_policy_workers/huber/metrics_only_v3/checkpoint.json,c6f3bb858b9178a141ee002fb2b33b377c86dd81b895a1ad433d1aa5ae186d52,2026-08-28T14:15:56.851960+00:00,checkpoint.json,False,,DS24_RESOLVED_PERFORMANCE_V3_STAGGERED_SLEEVE_RANK_IC_CONTRACT,78,,,,docs/dream_system/components/DS-24_independent_five_minute_selector/stage_outputs/ds24_p8_r14_e3g_c2_20260824T000000Z/r7_r14_policy_workers/huber/metrics_only_v3_r37_huber_replay/resolved_performance_summary_v3.json,REJECTED,Stronger R53A source precedence selected.
huber,docs/dream_system/components/DS-24_independent_five_minute_selector/stage_outputs/ds24_p8_r14_e3g_c2_20260824T000000Z/r7_r14_policy_workers/huber/metrics_only_v3/resolved_performance_checkpoint_v3.json,20a29374e5c6f987a2e4e7af69cec0b468223e481834ab812e5fd32d5f65aec6,2026-08-28T14:15:55.778888+00:00,resolved_performance_checkpoint_v3.json,False,,DS24_RESOLVED_PERFORMANCE_V3_STAGGERED_SLEEVE_RANK_IC_CONTRACT,0,,,,docs/dream_system/components/DS-24_independent_five_minute_selector/stage_outputs/ds24_p8_r14_e3g_c2_20260824T000000Z/r7_r14_policy_workers/huber/metrics_only_v3_r37_huber_replay/resolved_performance_summary_v3.json,REJECTED,Stronger R53A source precedence selected.
huber,docs/dream_system/components/DS-24_independent_five_minute_selector/stage_outputs/ds24_p8_r14_e3g_c2_20260824T000000Z/r7_r14_policy_workers/huber/metrics_only_v3/transaction_costs_v3_manifest.json,02d37edb037b7f88ee3f741379aa9f4256c7358ebab68d431434ef094723af51,2026-08-28T14:15:55.482086+00:00,transaction_costs_v3_manifest.json,False,,,,,,,docs/dream_system/components/DS-24_independent_five_minute_selector/stage_outputs/ds24_p8_r14_e3g_c2_20260824T000000Z/r7_r14_policy_workers/huber/metrics_only_v3_r37_huber_replay/resolved_performance_summary_v3.json,REJECTED,Stronger R53A source precedence selected.
huber,docs/dream_system/components/DS-24_independent_five_minute_selector/stage_outputs/ds24_p8_r14_e3g_c2_20260824T000000Z/r7_r14_policy_workers/huber/metrics_only_v3/rank_ic_v3_manifest.json,6683d26bfbb688843d0a406a2e7b591c5608d841bfec64db0f2287c3b93cafdd,2026-08-28T14:15:55.429452+00:00,rank_ic_v3_manifest.json,False,,,,,,,docs/dream_system/components/DS-24_independent_five_minute_selector/stage_outputs/ds24_p8_r14_e3g_c2_20260824T000000Z/r7_r14_policy_workers/huber/metrics_only_v3_r37_huber_replay/resolved_performance_summary_v3.json,REJECTED,Stronger R53A source precedence selected.
huber,docs/dream_system/components/DS-24_independent_five_minute_selector/stage_outputs/ds24_p8_r14_e3g_c2_20260824T000000Z/r7_r14_policy_workers/huber/metrics_only/checkpoint.json,ee56ee1cd587d028d738402bbc4f3230d4fcff1562d6c1bf42a0856602850ab8,2026-08-28T10:19:06.285148+00:00,checkpoint.json,False,,DS24_RESOLVED_PERFORMANCE_METRICS_CONTRACT_V2,63821,,,,docs/dream_system/components/DS-24_independent_five_minute_selector/stage_outputs/ds24_p8_r14_e3g_c2_20260824T000000Z/r7_r14_policy_workers/huber/metrics_only_v3_r37_huber_replay/resolved_performance_summary_v3.json,REJECTED,Stronger R53A source precedence selected.
mlp,docs/dream_system/components/DS-24_independent_five_minute_selector/stage_outputs/ds24_p8_r14_e3g_c2_20260824T000000Z/r7_r14_policy_workers/mlp/metrics_only_v3_r37_mlp_direct_gen7/resolved_performance_summary_v3.json,dde5d615d4d4d22fa45b8c306af0010a34cbfa93ec86231b10b6a404fca47b97,2026-09-10T00:28:35.564761+00:00,resolved_performance_summary_v3.json,False,PROVISIONAL,DS24_RESOLVED_PERFORMANCE_V3_STAGGERED_SLEEVE_RANK_IC_CONTRACT,162147,2016-02-02T14:35:00+00:00,2024-05-16T19:00:00+00:00,COMPLETED_DIFFERENT_WINDOW,,SELECTED,
mlp,docs/dream_system/components/DS-24_independent_five_minute_selector/stage_outputs/ds24_p8_r14_e3g_c2_20260824T000000Z/r7_r14_policy_workers/mlp/metrics_only_v3_r37_mlp_retry/resolved_performance_summary_v3.json,0be60c33a7b803072776e441522a46b87162bab59a7dac5b8f3aff72e14804fe,2026-08-28T19:25:08.538744+00:00,resolved_performance_summary_v3.json,False,NO_RESOLVED_PERFORMANCE_ROWS,DS24_RESOLVED_PERFORMANCE_V3_STAGGERED_SLEEVE_RANK_IC_CONTRACT,0,,,,docs/dream_system/components/DS-24_independent_five_minute_selector/stage_outputs/ds24_p8_r14_e3g_c2_20260824T000000Z/r7_r14_policy_workers/mlp/metrics_only_v3_r37_mlp_direct_gen7/resolved_performance_summary_v3.json,REJECTED,Stronger R53A source precedence selected.
mlp,docs/dream_system/components/DS-24_independent_five_minute_selector/stage_outputs/ds24_p8_r14_e3g_c1_20260823T000000Z/19_tabular_scale_results.csv,5c1378aba59a29ffd71efb53581720ce871950c28bfe8f60d45f531d5f86dd0a,2026-08-23T21:44:36.481254+00:00,CSV_RESULT_ROW,False,FRONTIER_ACTIVE,,196000,,,,docs/dream_system/components/DS-24_independent_five_minute_selector/stage_outputs/ds24_p8_r14_e3g_c2_20260824T000000Z/r7_r14_policy_workers/mlp/metrics_only_v3_r37_mlp_direct_gen7/resolved_performance_summary_v3.json,REJECTED,Stronger R53A source precedence selected.
mlp,docs/dream_system/components/DS-24_independent_five_minute_selector/stage_outputs/ds24_p8_r14_e3g_c1_20260823T000000Z/31_scale_stability_results.csv,c27931c0584338c1ee8b1a0997735945023986bbd3e95bc21696d6b5c6ff8b3a,2026-08-23T21:44:36.489288+00:00,CSV_RESULT_ROW,False,,,,,,,docs/dream_system/components/DS-24_independent_five_minute_selector/stage_outputs/ds24_p8_r14_e3g_c2_20260824T000000Z/r7_r14_policy_workers/mlp/metrics_only_v3_r37_mlp_direct_gen7/resolved_performance_summary_v3.json,REJECTED,Stronger R53A source precedence selected.
mlp,docs/dream_system/components/DS-24_independent_five_minute_selector/stage_outputs/ds24_p8_r14_e3f_20260823T000000Z/44_f3_results_v2.csv,87035330c8850d97a10091e430c2b35b44cb50d169a308ff55585e0f93c58f6a,2026-08-23T20:15:35.150126+00:00,CSV_RESULT_ROW,False,,,42000,,,,docs/dream_system/components/DS-24_independent_five_minute_selector/stage_outputs/ds24_p8_r14_e3g_c2_20260824T000000Z/r7_r14_policy_workers/mlp/metrics_only_v3_r37_mlp_direct_gen7/resolved_performance_summary_v3.json,REJECTED,Stronger R53A source precedence selected.
mlp,docs/dream_system/components/DS-24_independent_five_minute_selector/stage_outputs/ds24_p8_r14_e3f_20260823T000000Z/42_f2_results_v2.csv,21750ed8b8eb01b9106ba22de19872d3459e5cd11c4d6a0cd4db73723dc406c1,2026-08-23T20:15:35.149120+00:00,CSV_RESULT_ROW,False,,,30800,,,,docs/dream_system/components/DS-24_independent_five_minute_selector/stage_outputs/ds24_p8_r14_e3g_c2_20260824T000000Z/r7_r14_policy_workers/mlp/metrics_only_v3_r37_mlp_direct_gen7/resolved_performance_summary_v3.json,REJECTED,Stronger R53A source precedence selected.
mlp,docs/dream_system/components/DS-24_independent_five_minute_selector/stage_outputs/ds24_p8_r14_e3f_20260823T000000Z/40_f1_results_v2.csv,feb365eb49e3390b2983cd3449e8f1f06d6f12b94f5257740cf78508bf5fea3f,2026-08-23T20:15:35.148122+00:00,CSV_RESULT_ROW,False,,,19600,,,,docs/dream_system/components/DS-24_independent_five_minute_selector/stage_outputs/ds24_p8_r14_e3g_c2_20260824T000000Z/r7_r14_policy_workers/mlp/metrics_only_v3_r37_mlp_direct_gen7/resolved_performance_summary_v3.json,REJECTED,Stronger R53A source precedence selected.
mlp,docs/dream_system/components/DS-24_independent_five_minute_selector/stage_outputs/ds24_p8_r14_e3e_20260823T000000Z/24_f3_results_v2.csv,c6e286496a3a2b452561610b54f52d5951085c5bf192c00439e739790f915e46,2026-08-23T19:25:48.244106+00:00,CSV_RESULT_ROW,False,,,21000,,,,docs/dream_system/components/DS-24_independent_five_minute_selector/stage_outputs/ds24_p8_r14_e3g_c2_20260824T000000Z/r7_r14_policy_workers/mlp/metrics_only_v3_r37_mlp_direct_gen7/resolved_performance_summary_v3.json,REJECTED,Stronger R53A source precedence selected.
mlp,docs/dream_system/components/DS-24_independent_five_minute_selector/stage_outputs/ds24_p8_r14_e3e_20260823T000000Z/22_f2_results_v2.csv,fd92bdf3ddb92ef8a65dde84ed781fbf466f3decd5705bd5f78a06af0beb177c,2026-08-23T19:25:48.243066+00:00,CSV_RESULT_ROW,False,,,13501,,,,docs/dream_system/components/DS-24_independent_five_minute_selector/stage_outputs/ds24_p8_r14_e3g_c2_20260824T000000Z/r7_r14_policy_workers/mlp/metrics_only_v3_r37_mlp_direct_gen7/resolved_performance_summary_v3.json,REJECTED,Stronger R53A source precedence selected.
mlp,docs/dream_system/components/DS-24_independent_five_minute_selector/stage_outputs/ds24_p8_r14_e3e_20260823T000000Z/20_f1_results_v2.csv,e53c180bbc1d1500efcf5cf382125ecda1ac3233dc36d25fa9c752a6bbc22d88,2026-08-23T19:25:48.240916+00:00,CSV_RESULT_ROW,False,,,6000,,,,docs/dream_system/components/DS-24_independent_five_minute_selector/stage_outputs/ds24_p8_r14_e3g_c2_20260824T000000Z/r7_r14_policy_workers/mlp/metrics_only_v3_r37_mlp_direct_gen7/resolved_performance_summary_v3.json,REJECTED,Stronger R53A source precedence selected.
mlp,docs/dream_system/components/DS-24_independent_five_minute_selector/stage_outputs/ds24_p8_r14_e3g_c2_20260824T000000Z/r7_r14_policy_workers/mlp/metrics_only_v3_r37_mlp_direct_gen7/resolved_performance_checkpoint_v3.json,d2e5180f4a21fd9e515fd23275338bd40fbdeaf927457dc60d552152bd4c40b6,2026-09-10T00:29:05.264332+00:00,resolved_performance_checkpoint_v3.json,False,,DS24_RESOLVED_PERFORMANCE_V3_STAGGERED_SLEEVE_RANK_IC_CONTRACT,162147,,,,docs/dream_system/components/DS-24_independent_five_minute_selector/stage_outputs/ds24_p8_r14_e3g_c2_20260824T000000Z/r7_r14_policy_workers/mlp/metrics_only_v3_r37_mlp_direct_gen7/resolved_performance_summary_v3.json,REJECTED,Stronger R53A source precedence selected.
mlp,docs/dream_system/components/DS-24_independent_five_minute_selector/stage_outputs/ds24_p8_r14_e3g_c2_20260824T000000Z/r7_r14_policy_workers/mlp/metrics_only_v3_r37_mlp_direct_gen7/transaction_costs_v3_manifest.json,a636c368fc04db73e57e95a842351838b6e7d477fd69ce4a5f03789b0838c1b7,2026-09-10T00:27:43.106624+00:00,transaction_costs_v3_manifest.json,False,,,,,,,docs/dream_system/components/DS-24_independent_five_minute_selector/stage_outputs/ds24_p8_r14_e3g_c2_20260824T000000Z/r7_r14_policy_workers/mlp/metrics_only_v3_r37_mlp_direct_gen7/resolved_performance_summary_v3.json,REJECTED,Stronger R53A source precedence selected.
mlp,docs/dream_system/components/DS-24_independent_five_minute_selector/stage_outputs/ds24_p8_r14_e3g_c2_20260824T000000Z/r7_r14_policy_workers/mlp/metrics_only_v3_r37_mlp_direct_gen7/rank_ic_v3_manifest.json,2cc4d1b6cfdb495752fe011d500a8de66707d289cf23ce72e11d4ffb0325c2aa,2026-09-10T00:27:42.964825+00:00,rank_ic_v3_manifest.json,False,,,,,,,docs/dream_system/components/DS-24_independent_five_minute_selector/stage_outputs/ds24_p8_r14_e3g_c2_20260824T000000Z/r7_r14_policy_workers/mlp/metrics_only_v3_r37_mlp_direct_gen7/resolved_performance_summary_v3.json,REJECTED,Stronger R53A source precedence selected.
mlp,docs/dream_system/components/DS-24_independent_five_minute_selector/stage_outputs/ds24_p8_r14_e3g_c2_20260824T000000Z/r7_r14_policy_workers/mlp/progress.json,f8b39c6f627cfbeea8ec325fa4f5e0836a8f8b4c4b1a81eca60929b03c789f15,2026-09-10T00:24:56.775299+00:00,progress.json,False,,,,,,,docs/dream_system/components/DS-24_independent_five_minute_selector/stage_outputs/ds24_p8_r14_e3g_c2_20260824T000000Z/r7_r14_policy_workers/mlp/metrics_only_v3_r37_mlp_direct_gen7/resolved_performance_summary_v3.json,REJECTED,Stronger R53A source precedence selected.
mlp,docs/dream_system/components/DS-24_independent_five_minute_selector/stage_outputs/ds24_p8_r14_e3g_c2_20260824T000000Z/r7_r14_policy_workers/mlp/metrics_only_v3_r37_mlp_direct_gen7/checkpoint.json,0dc261ea3330e877f00c5dedbfb60948478253f7c249e098e050720053ed1b90,2026-09-10T00:24:55.723496+00:00,checkpoint.json,False,,DS24_RESOLVED_PERFORMANCE_V3_STAGGERED_SLEEVE_RANK_IC_CONTRACT,162081,,,,docs/dream_system/components/DS-24_independent_five_minute_selector/stage_outputs/ds24_p8_r14_e3g_c2_20260824T000000Z/r7_r14_policy_workers/mlp/metrics_only_v3_r37_mlp_direct_gen7/resolved_performance_summary_v3.json,REJECTED,Stronger R53A source precedence selected.
mlp,docs/dream_system/components/DS-24_independent_five_minute_selector/stage_outputs/ds24_p8_r14_e3g_c2_20260824T000000Z/r7_r14_policy_workers/mlp/metrics_only_v3_r37_mlp_direct_gen7/daily_portfolio_returns_v3_manifest.json,0c90984040ad16ebaa28d8bf5b4609be44f20268d910bd9127d1c03ff471f47e,2026-09-10T00:18:54.147117+00:00,daily_portfolio_returns_v3_manifest.json,False,,,,,,,docs/dream_system/components/DS-24_independent_five_minute_selector/stage_outputs/ds24_p8_r14_e3g_c2_20260824T000000Z/r7_r14_policy_workers/mlp/metrics_only_v3_r37_mlp_direct_gen7/resolved_performance_summary_v3.json,REJECTED,Stronger R53A source precedence selected.
mlp,docs/dream_system/components/DS-24_independent_five_minute_selector/stage_outputs/ds24_p8_r14_e3g_c2_20260824T000000Z/r7_r14_policy_workers/mlp/metrics_only_v3_r37_mlp_retry/checkpoint.json,ae9d1344e65813a3a2e6022b175ba0546af1ffe45157e7ce87d7eea589bc2bba,2026-08-28T19:25:09.715877+00:00,checkpoint.json,False,,DS24_RESOLVED_PERFORMANCE_V3_STAGGERED_SLEEVE_RANK_IC_CONTRACT,78,,,,docs/dream_system/components/DS-24_independent_five_minute_selector/stage_outputs/ds24_p8_r14_e3g_c2_20260824T000000Z/r7_r14_policy_workers/mlp/metrics_only_v3_r37_mlp_direct_gen7/resolved_performance_summary_v3.json,REJECTED,Stronger R53A source precedence selected.
mlp,docs/dream_system/components/DS-24_independent_five_minute_selector/stage_outputs/ds24_p8_r14_e3g_c2_20260824T000000Z/r7_r14_policy_workers/mlp/metrics_only_v3_r37_mlp_retry/resolved_performance_checkpoint_v3.json,b4b014a2e30ac9cd9f38488a78e6759147689bf7382e7adb201c2cbcac0f6dc9,2026-08-28T19:25:08.729149+00:00,resolved_performance_checkpoint_v3.json,False,,DS24_RESOLVED_PERFORMANCE_V3_STAGGERED_SLEEVE_RANK_IC_CONTRACT,0,,,,docs/dream_system/components/DS-24_independent_five_minute_selector/stage_outputs/ds24_p8_r14_e3g_c2_20260824T000000Z/r7_r14_policy_workers/mlp/metrics_only_v3_r37_mlp_direct_gen7/resolved_performance_summary_v3.json,REJECTED,Stronger R53A source precedence selected.
mlp,docs/dream_system/components/DS-24_independent_five_minute_selector/stage_outputs/ds24_p8_r14_e3g_c2_20260824T000000Z/r7_r14_policy_workers/mlp/metrics_only_v3_r37_mlp_retry/transaction_costs_v3_manifest.json,58b3248be2865a626dbfd3ddb2ff5dc5a1f4dcd2abad682affc000c9a27ad9bf,2026-08-28T19:25:08.253207+00:00,transaction_costs_v3_manifest.json,False,,,,,,,docs/dream_system/components/DS-24_independent_five_minute_selector/stage_outputs/ds24_p8_r14_e3g_c2_20260824T000000Z/r7_r14_policy_workers/mlp/metrics_only_v3_r37_mlp_direct_gen7/resolved_performance_summary_v3.json,REJECTED,Stronger R53A source precedence selected.
mlp,docs/dream_system/components/DS-24_independent_five_minute_selector/stage_outputs/ds24_p8_r14_e3g_c2_20260824T000000Z/r7_r14_policy_workers/mlp/metrics_only_v3_r37_mlp_retry/rank_ic_v3_manifest.json,a228ca99c5d77ac8dd020ecefe3a58092fbda8c48818117032d835174d17674f,2026-08-28T19:25:08.198496+00:00,rank_ic_v3_manifest.json,False,,,,,,,docs/dream_system/components/DS-24_independent_five_minute_selector/stage_outputs/ds24_p8_r14_e3g_c2_20260824T000000Z/r7_r14_policy_workers/mlp/metrics_only_v3_r37_mlp_direct_gen7/resolved_performance_summary_v3.json,REJECTED,Stronger R53A source precedence selected.
mlp,docs/dream_system/components/DS-24_independent_five_minute_selector/stage_outputs/ds24_p8_r14_e3g_c2_20260824T000000Z/r7_r14_policy_workers/mlp/metrics_only/checkpoint.json,73a2d9464b88c4673a02ad2221e32e20a3b3acfb11670581c1d286f34260ddca,2026-08-28T11:29:39.267205+00:00,checkpoint.json,False,,DS24_RESOLVED_PERFORMANCE_METRICS_CONTRACT_V2,60545,,,,docs/dream_system/components/DS-24_independent_five_minute_selector/stage_outputs/ds24_p8_r14_e3g_c2_20260824T000000Z/r7_r14_policy_workers/mlp/metrics_only_v3_r37_mlp_direct_gen7/resolved_performance_summary_v3.json,REJECTED,Stronger R53A source precedence selected.
random_forest,docs/dream_system/components/DS-24_independent_five_minute_selector/stage_outputs/ds24_p8_r14_e3g_c2_20260824T000000Z/r7_r14_policy_workers/random_forest/metrics_only_v3_r40_random_forest/resolved_performance_summary_v3.json,c9aaf84930286e69855245a0067b64822048340db49a51b42002812b7b655758,2026-09-15T18:48:16.029408+00:00,resolved_performance_summary_v3.json,False,PROVISIONAL,DS24_RESOLVED_PERFORMANCE_V3_STAGGERED_SLEEVE_RANK_IC_CONTRACT,17813,2016-02-02T14:35:00+00:00,2016-12-27T20:00:00+00:00,COMPLETED_DIFFERENT_WINDOW,,SELECTED,
random_forest,docs/dream_system/components/DS-24_independent_five_minute_selector/stage_outputs/ds24_p8_r14_e3g_c1_20260823T000000Z/19_tabular_scale_results.csv,5c1378aba59a29ffd71efb53581720ce871950c28bfe8f60d45f531d5f86dd0a,2026-08-23T21:44:36.481254+00:00,CSV_RESULT_ROW,False,FRONTIER_ACTIVE,,196000,,,,docs/dream_system/components/DS-24_independent_five_minute_selector/stage_outputs/ds24_p8_r14_e3g_c2_20260824T000000Z/r7_r14_policy_workers/random_forest/metrics_only_v3_r40_random_forest/resolved_performance_summary_v3.json,REJECTED,Stronger R53A source precedence selected.
random_forest,docs/dream_system/components/DS-24_independent_five_minute_selector/stage_outputs/ds24_p8_r14_e3g_c1_20260823T000000Z/31_scale_stability_results.csv,c27931c0584338c1ee8b1a0997735945023986bbd3e95bc21696d6b5c6ff8b3a,2026-08-23T21:44:36.489288+00:00,CSV_RESULT_ROW,False,,,,,,,docs/dream_system/components/DS-24_independent_five_minute_selector/stage_outputs/ds24_p8_r14_e3g_c2_20260824T000000Z/r7_r14_policy_workers/random_forest/metrics_only_v3_r40_random_forest/resolved_performance_summary_v3.json,REJECTED,Stronger R53A source precedence selected.
random_forest,docs/dream_system/components/DS-24_independent_five_minute_selector/stage_outputs/ds24_p8_r14_e3f_20260823T000000Z/44_f3_results_v2.csv,87035330c8850d97a10091e430c2b35b44cb50d169a308ff55585e0f93c58f6a,2026-08-23T20:15:35.150126+00:00,CSV_RESULT_ROW,False,,,42000,,,,docs/dream_system/components/DS-24_independent_five_minute_selector/stage_outputs/ds24_p8_r14_e3g_c2_20260824T000000Z/r7_r14_policy_workers/random_forest/metrics_only_v3_r40_random_forest/resolved_performance_summary_v3.json,REJECTED,Stronger R53A source precedence selected.
random_forest,docs/dream_system/components/DS-24_independent_five_minute_selector/stage_outputs/ds24_p8_r14_e3f_20260823T000000Z/42_f2_results_v2.csv,21750ed8b8eb01b9106ba22de19872d3459e5cd11c4d6a0cd4db73723dc406c1,2026-08-23T20:15:35.149120+00:00,CSV_RESULT_ROW,False,,,30800,,,,docs/dream_system/components/DS-24_independent_five_minute_selector/stage_outputs/ds24_p8_r14_e3g_c2_20260824T000000Z/r7_r14_policy_workers/random_forest/metrics_only_v3_r40_random_forest/resolved_performance_summary_v3.json,REJECTED,Stronger R53A source precedence selected.
random_forest,docs/dream_system/components/DS-24_independent_five_minute_selector/stage_outputs/ds24_p8_r14_e3f_20260823T000000Z/40_f1_results_v2.csv,feb365eb49e3390b2983cd3449e8f1f06d6f12b94f5257740cf78508bf5fea3f,2026-08-23T20:15:35.148122+00:00,CSV_RESULT_ROW,False,,,19600,,,,docs/dream_system/components/DS-24_independent_five_minute_selector/stage_outputs/ds24_p8_r14_e3g_c2_20260824T000000Z/r7_r14_policy_workers/random_forest/metrics_only_v3_r40_random_forest/resolved_performance_summary_v3.json,REJECTED,Stronger R53A source precedence selected.
random_forest,docs/dream_system/components/DS-24_independent_five_minute_selector/stage_outputs/ds24_p8_r14_e3e_20260823T000000Z/24_f3_results_v2.csv,c6e286496a3a2b452561610b54f52d5951085c5bf192c00439e739790f915e46,2026-08-23T19:25:48.244106+00:00,CSV_RESULT_ROW,False,,,21000,,,,docs/dream_system/components/DS-24_independent_five_minute_selector/stage_outputs/ds24_p8_r14_e3g_c2_20260824T000000Z/r7_r14_policy_workers/random_forest/metrics_only_v3_r40_random_forest/resolved_performance_summary_v3.json,REJECTED,Stronger R53A source precedence selected.
random_forest,docs/dream_system/components/DS-24_independent_five_minute_selector/stage_outputs/ds24_p8_r14_e3e_20260823T000000Z/22_f2_results_v2.csv,fd92bdf3ddb92ef8a65dde84ed781fbf466f3decd5705bd5f78a06af0beb177c,2026-08-23T19:25:48.243066+00:00,CSV_RESULT_ROW,False,,,13501,,,,docs/dream_system/components/DS-24_independent_five_minute_selector/stage_outputs/ds24_p8_r14_e3g_c2_20260824T000000Z/r7_r14_policy_workers/random_forest/metrics_only_v3_r40_random_forest/resolved_performance_summary_v3.json,REJECTED,Stronger R53A source precedence selected.
random_forest,docs/dream_system/components/DS-24_independent_five_minute_selector/stage_outputs/ds24_p8_r14_e3e_20260823T000000Z/20_f1_results_v2.csv,e53c180bbc1d1500efcf5cf382125ecda1ac3233dc36d25fa9c752a6bbc22d88,2026-08-23T19:25:48.240916+00:00,CSV_RESULT_ROW,False,,,6000,,,,docs/dream_system/components/DS-24_independent_five_minute_selector/stage_outputs/ds24_p8_r14_e3g_c2_20260824T000000Z/r7_r14_policy_workers/random_forest/metrics_only_v3_r40_random_forest/resolved_performance_summary_v3.json,REJECTED,Stronger R53A source precedence selected.
random_forest,docs/dream_system/components/DS-24_independent_five_minute_selector/stage_outputs/ds24_p8_r14_e3_20260823T000000Z/21_fidelity3_results.csv,6887f617593ae8c74448f300bc7fbf6b943ef8e10d57e827a9734a6512576af2,2026-08-23T16:48:26.749840+00:00,CSV_RESULT_ROW,False,COMPLETED,,,,,,docs/dream_system/components/DS-24_independent_five_minute_selector/stage_outputs/ds24_p8_r14_e3g_c2_20260824T000000Z/r7_r14_policy_workers/random_forest/metrics_only_v3_r40_random_forest/resolved_performance_summary_v3.json,REJECTED,Stronger R53A source precedence selected.
random_forest,docs/dream_system/components/DS-24_independent_five_minute_selector/stage_outputs/ds24_p8_r14_e3_20260823T000000Z/21_fidelity3_results.csv,6887f617593ae8c74448f300bc7fbf6b943ef8e10d57e827a9734a6512576af2,2026-08-23T16:48:26.749840+00:00,CSV_RESULT_ROW,False,COMPLETED,,,,,,docs/dream_system/components/DS-24_independent_five_minute_selector/stage_outputs/ds24_p8_r14_e3g_c2_20260824T000000Z/r7_r14_policy_workers/random_forest/metrics_only_v3_r40_random_forest/resolved_performance_summary_v3.json,REJECTED,Stronger R53A source precedence selected.
random_forest,docs/dream_system/components/DS-24_independent_five_minute_selector/stage_outputs/ds24_p8_r14_e3_20260823T000000Z/19_fidelity2_results.csv,492349deb0302764868a023403ca08b8a1b80d03694b987417b3ee4394350345,2026-08-23T16:48:26.748840+00:00,CSV_RESULT_ROW,False,COMPLETED,,,,,,docs/dream_system/components/DS-24_independent_five_minute_selector/stage_outputs/ds24_p8_r14_e3g_c2_20260824T000000Z/r7_r14_policy_workers/random_forest/metrics_only_v3_r40_random_forest/resolved_performance_summary_v3.json,REJECTED,Stronger R53A source precedence selected.
random_forest,docs/dream_system/components/DS-24_independent_five_minute_selector/stage_outputs/ds24_p8_r14_e3_20260823T000000Z/19_fidelity2_results.csv,492349deb0302764868a023403ca08b8a1b80d03694b987417b3ee4394350345,2026-08-23T16:48:26.748840+00:00,CSV_RESULT_ROW,False,COMPLETED,,,,,,docs/dream_system/components/DS-24_independent_five_minute_selector/stage_outputs/ds24_p8_r14_e3g_c2_20260824T000000Z/r7_r14_policy_workers/random_forest/metrics_only_v3_r40_random_forest/resolved_performance_summary_v3.json,REJECTED,Stronger R53A source precedence selected.
random_forest,docs/dream_system/components/DS-24_independent_five_minute_selector/stage_outputs/ds24_p8_r14_e3_20260823T000000Z/19_fidelity2_results.csv,492349deb0302764868a023403ca08b8a1b80d03694b987417b3ee4394350345,2026-08-23T16:48:26.748840+00:00,CSV_RESULT_ROW,False,COMPLETED,,,,,,docs/dream_system/components/DS-24_independent_five_minute_selector/stage_outputs/ds24_p8_r14_e3g_c2_20260824T000000Z/r7_r14_policy_workers/random_forest/metrics_only_v3_r40_random_forest/resolved_performance_summary_v3.json,REJECTED,Stronger R53A source precedence selected.
random_forest,docs/dream_system/components/DS-24_independent_five_minute_selector/stage_outputs/ds24_p8_r14_e3_20260823T000000Z/17_fidelity1_results.csv,ceed978b8539797630028ebe29c8bf312071533d66725eb2e08dfb15f17269d8,2026-08-23T16:48:26.746840+00:00,CSV_RESULT_ROW,False,,,,,,,docs/dream_system/components/DS-24_independent_five_minute_selector/stage_outputs/ds24_p8_r14_e3g_c2_20260824T000000Z/r7_r14_policy_workers/random_forest/metrics_only_v3_r40_random_forest/resolved_performance_summary_v3.json,REJECTED,Stronger R53A source precedence selected.
random_forest,docs/dream_system/components/DS-24_independent_five_minute_selector/stage_outputs/ds24_p8_r14_e3_20260823T000000Z/17_fidelity1_results.csv,ceed978b8539797630028ebe29c8bf312071533d66725eb2e08dfb15f17269d8,2026-08-23T16:48:26.746840+00:00,CSV_RESULT_ROW,False,,,,,,,docs/dream_system/components/DS-24_independent_five_minute_selector/stage_outputs/ds24_p8_r14_e3g_c2_20260824T000000Z/r7_r14_policy_workers/random_forest/metrics_only_v3_r40_random_forest/resolved_performance_summary_v3.json,REJECTED,Stronger R53A source precedence selected.
random_forest,docs/dream_system/components/DS-24_independent_five_minute_selector/stage_outputs/ds24_p8_r14_e3_20260823T000000Z/17_fidelity1_results.csv,ceed978b8539797630028ebe29c8bf312071533d66725eb2e08dfb15f17269d8,2026-08-23T16:48:26.746840+00:00,CSV_RESULT_ROW,False,,,,,,,docs/dream_system/components/DS-24_independent_five_minute_selector/stage_outputs/ds24_p8_r14_e3g_c2_20260824T000000Z/r7_r14_policy_workers/random_forest/metrics_only_v3_r40_random_forest/resolved_performance_summary_v3.json,REJECTED,Stronger R53A source precedence selected.
random_forest,docs/dream_system/components/DS-24_independent_five_minute_selector/stage_outputs/ds24_p8_r14_e2_20260823T000000Z/22_fidelity1_results.csv,ceed978b8539797630028ebe29c8bf312071533d66725eb2e08dfb15f17269d8,2026-08-23T12:00:47.317787+00:00,CSV_RESULT_ROW,False,,,,,,,docs/dream_system/components/DS-24_independent_five_minute_selector/stage_outputs/ds24_p8_r14_e3g_c2_20260824T000000Z/r7_r14_policy_workers/random_forest/metrics_only_v3_r40_random_forest/resolved_performance_summary_v3.json,REJECTED,Stronger R53A source precedence selected.
random_forest,docs/dream_system/components/DS-24_independent_five_minute_selector/stage_outputs/ds24_p8_r14_e2_20260823T000000Z/22_fidelity1_results.csv,ceed978b8539797630028ebe29c8bf312071533d66725eb2e08dfb15f17269d8,2026-08-23T12:00:47.317787+00:00,CSV_RESULT_ROW,False,,,,,,,docs/dream_system/components/DS-24_independent_five_minute_selector/stage_outputs/ds24_p8_r14_e3g_c2_20260824T000000Z/r7_r14_policy_workers/random_forest/metrics_only_v3_r40_random_forest/resolved_performance_summary_v3.json,REJECTED,Stronger R53A source precedence selected.
random_forest,docs/dream_system/components/DS-24_independent_five_minute_selector/stage_outputs/ds24_p8_r14_e2_20260823T000000Z/22_fidelity1_results.csv,ceed978b8539797630028ebe29c8bf312071533d66725eb2e08dfb15f17269d8,2026-08-23T12:00:47.317787+00:00,CSV_RESULT_ROW,False,,,,,,,docs/dream_system/components/DS-24_independent_five_minute_selector/stage_outputs/ds24_p8_r14_e3g_c2_20260824T000000Z/r7_r14_policy_workers/random_forest/metrics_only_v3_r40_random_forest/resolved_performance_summary_v3.json,REJECTED,Stronger R53A source precedence selected.
random_forest,docs/dream_system/components/DS-24_independent_five_minute_selector/stage_outputs/ds24_p8_r14_e3g_c2_20260824T000000Z/r7_r14_policy_workers/random_forest/progress.json,c9a38b5515a218e619a544f08fd27d8582ecb6304f093de8827ac43de96a9b6d,2026-09-15T18:48:25.954858+00:00,progress.json,False,,,,,,,docs/dream_system/components/DS-24_independent_five_minute_selector/stage_outputs/ds24_p8_r14_e3g_c2_20260824T000000Z/r7_r14_policy_workers/random_forest/metrics_only_v3_r40_random_forest/resolved_performance_summary_v3.json,REJECTED,Stronger R53A source precedence selected.
random_forest,docs/dream_system/components/DS-24_independent_five_minute_selector/stage_outputs/ds24_p8_r14_e3g_c2_20260824T000000Z/r7_r14_policy_workers/random_forest/metrics_only_v3_r40_random_forest/checkpoint.json,75991ccfd520f8fe2feb64884bddb3ad442e946e11b05242ceb9309280e3abb0,2026-09-15T18:48:25.814794+00:00,checkpoint.json,False,,DS24_RESOLVED_PERFORMANCE_V3_STAGGERED_SLEEVE_RANK_IC_CONTRACT,17825,,,,docs/dream_system/components/DS-24_independent_five_minute_selector/stage_outputs/ds24_p8_r14_e3g_c2_20260824T000000Z/r7_r14_policy_workers/random_forest/metrics_only_v3_r40_random_forest/resolved_performance_summary_v3.json,REJECTED,Stronger R53A source precedence selected.
random_forest,docs/dream_system/components/DS-24_independent_five_minute_selector/stage_outputs/ds24_p8_r14_e3g_c2_20260824T000000Z/r7_r14_policy_workers/random_forest/metrics_only_v3_r40_random_forest/resolved_performance_checkpoint_v3.json,c98dd542ce595fe3531a6e7148f13c69ba3bc6321fd6923b2cbe47f4ca56282e,2026-09-15T18:48:19.789244+00:00,resolved_performance_checkpoint_v3.json,False,,DS24_RESOLVED_PERFORMANCE_V3_STAGGERED_SLEEVE_RANK_IC_CONTRACT,17813,,,,docs/dream_system/components/DS-24_independent_five_minute_selector/stage_outputs/ds24_p8_r14_e3g_c2_20260824T000000Z/r7_r14_policy_workers/random_forest/metrics_only_v3_r40_random_forest/resolved_performance_summary_v3.json,REJECTED,Stronger R53A source precedence selected.
random_forest,docs/dream_system/components/DS-24_independent_five_minute_selector/stage_outputs/ds24_p8_r14_e3g_c2_20260824T000000Z/r7_r14_policy_workers/random_forest/metrics_only_v3_r40_random_forest/transaction_costs_v3_manifest.json,25c6a220039bd24572e390de74154e7ab89e59ab274407b847e13ea4c8013201,2026-09-15T18:48:08.831416+00:00,transaction_costs_v3_manifest.json,False,,,,,,,docs/dream_system/components/DS-24_independent_five_minute_selector/stage_outputs/ds24_p8_r14_e3g_c2_20260824T000000Z/r7_r14_policy_workers/random_forest/metrics_only_v3_r40_random_forest/resolved_performance_summary_v3.json,REJECTED,Stronger R53A source precedence selected.
random_forest,docs/dream_system/components/DS-24_independent_five_minute_selector/stage_outputs/ds24_p8_r14_e3g_c2_20260824T000000Z/r7_r14_policy_workers/random_forest/metrics_only_v3_r40_random_forest/rank_ic_v3_manifest.json,1c1e299b4164c1f9b28b0825cc251252fd6597bfa51edcb58e8866ba4a129d65,2026-09-15T18:48:08.755047+00:00,rank_ic_v3_manifest.json,False,,,,,,,docs/dream_system/components/DS-24_independent_five_minute_selector/stage_outputs/ds24_p8_r14_e3g_c2_20260824T000000Z/r7_r14_policy_workers/random_forest/metrics_only_v3_r40_random_forest/resolved_performance_summary_v3.json,REJECTED,Stronger R53A source precedence selected.
extra_trees,docs/dream_system/components/DS-24_independent_five_minute_selector/stage_outputs/ds24_p8_r14_e3g_c2_20260824T000000Z/r7_r14_policy_workers/extra_trees/metrics_only_v3_r40_extra_trees/resolved_performance_summary_v3.json,0fddc1354f6822ab3110b94552ee88adb5b61905890580994669b735da4a7ca6,2026-09-10T00:25:16.204553+00:00,resolved_performance_summary_v3.json,False,PROVISIONAL,DS24_RESOLVED_PERFORMANCE_V3_STAGGERED_SLEEVE_RANK_IC_CONTRACT,49763,2016-02-02T14:35:00+00:00,2018-08-15T19:00:00+00:00,COMPLETED_DIFFERENT_WINDOW,,SELECTED,
extra_trees,docs/dream_system/components/DS-24_independent_five_minute_selector/stage_outputs/ds24_p8_r14_e3g_c1_20260823T000000Z/19_tabular_scale_results.csv,5c1378aba59a29ffd71efb53581720ce871950c28bfe8f60d45f531d5f86dd0a,2026-08-23T21:44:36.481254+00:00,CSV_RESULT_ROW,False,FRONTIER_ACTIVE,,196000,,,,docs/dream_system/components/DS-24_independent_five_minute_selector/stage_outputs/ds24_p8_r14_e3g_c2_20260824T000000Z/r7_r14_policy_workers/extra_trees/metrics_only_v3_r40_extra_trees/resolved_performance_summary_v3.json,REJECTED,Stronger R53A source precedence selected.
extra_trees,docs/dream_system/components/DS-24_independent_five_minute_selector/stage_outputs/ds24_p8_r14_e3g_c1_20260823T000000Z/31_scale_stability_results.csv,c27931c0584338c1ee8b1a0997735945023986bbd3e95bc21696d6b5c6ff8b3a,2026-08-23T21:44:36.489288+00:00,CSV_RESULT_ROW,False,,,,,,,docs/dream_system/components/DS-24_independent_five_minute_selector/stage_outputs/ds24_p8_r14_e3g_c2_20260824T000000Z/r7_r14_policy_workers/extra_trees/metrics_only_v3_r40_extra_trees/resolved_performance_summary_v3.json,REJECTED,Stronger R53A source precedence selected.
extra_trees,docs/dream_system/components/DS-24_independent_five_minute_selector/stage_outputs/ds24_p8_r14_e3f_20260823T000000Z/44_f3_results_v2.csv,87035330c8850d97a10091e430c2b35b44cb50d169a308ff55585e0f93c58f6a,2026-08-23T20:15:35.150126+00:00,CSV_RESULT_ROW,False,,,42000,,,,docs/dream_system/components/DS-24_independent_five_minute_selector/stage_outputs/ds24_p8_r14_e3g_c2_20260824T000000Z/r7_r14_policy_workers/extra_trees/metrics_only_v3_r40_extra_trees/resolved_performance_summary_v3.json,REJECTED,Stronger R53A source precedence selected.
extra_trees,docs/dream_system/components/DS-24_independent_five_minute_selector/stage_outputs/ds24_p8_r14_e3f_20260823T000000Z/42_f2_results_v2.csv,21750ed8b8eb01b9106ba22de19872d3459e5cd11c4d6a0cd4db73723dc406c1,2026-08-23T20:15:35.149120+00:00,CSV_RESULT_ROW,False,,,30800,,,,docs/dream_system/components/DS-24_independent_five_minute_selector/stage_outputs/ds24_p8_r14_e3g_c2_20260824T000000Z/r7_r14_policy_workers/extra_trees/metrics_only_v3_r40_extra_trees/resolved_performance_summary_v3.json,REJECTED,Stronger R53A source precedence selected.
extra_trees,docs/dream_system/components/DS-24_independent_five_minute_selector/stage_outputs/ds24_p8_r14_e3f_20260823T000000Z/40_f1_results_v2.csv,feb365eb49e3390b2983cd3449e8f1f06d6f12b94f5257740cf78508bf5fea3f,2026-08-23T20:15:35.148122+00:00,CSV_RESULT_ROW,False,,,19600,,,,docs/dream_system/components/DS-24_independent_five_minute_selector/stage_outputs/ds24_p8_r14_e3g_c2_20260824T000000Z/r7_r14_policy_workers/extra_trees/metrics_only_v3_r40_extra_trees/resolved_performance_summary_v3.json,REJECTED,Stronger R53A source precedence selected.
extra_trees,docs/dream_system/components/DS-24_independent_five_minute_selector/stage_outputs/ds24_p8_r14_e3e_20260823T000000Z/24_f3_results_v2.csv,c6e286496a3a2b452561610b54f52d5951085c5bf192c00439e739790f915e46,2026-08-23T19:25:48.244106+00:00,CSV_RESULT_ROW,False,,,21000,,,,docs/dream_system/components/DS-24_independent_five_minute_selector/stage_outputs/ds24_p8_r14_e3g_c2_20260824T000000Z/r7_r14_policy_workers/extra_trees/metrics_only_v3_r40_extra_trees/resolved_performance_summary_v3.json,REJECTED,Stronger R53A source precedence selected.
extra_trees,docs/dream_system/components/DS-24_independent_five_minute_selector/stage_outputs/ds24_p8_r14_e3e_20260823T000000Z/22_f2_results_v2.csv,fd92bdf3ddb92ef8a65dde84ed781fbf466f3decd5705bd5f78a06af0beb177c,2026-08-23T19:25:48.243066+00:00,CSV_RESULT_ROW,False,,,13501,,,,docs/dream_system/components/DS-24_independent_five_minute_selector/stage_outputs/ds24_p8_r14_e3g_c2_20260824T000000Z/r7_r14_policy_workers/extra_trees/metrics_only_v3_r40_extra_trees/resolved_performance_summary_v3.json,REJECTED,Stronger R53A source precedence selected.
extra_trees,docs/dream_system/components/DS-24_independent_five_minute_selector/stage_outputs/ds24_p8_r14_e3e_20260823T000000Z/20_f1_results_v2.csv,e53c180bbc1d1500efcf5cf382125ecda1ac3233dc36d25fa9c752a6bbc22d88,2026-08-23T19:25:48.240916+00:00,CSV_RESULT_ROW,False,,,6000,,,,docs/dream_system/components/DS-24_independent_five_minute_selector/stage_outputs/ds24_p8_r14_e3g_c2_20260824T000000Z/r7_r14_policy_workers/extra_trees/metrics_only_v3_r40_extra_trees/resolved_performance_summary_v3.json,REJECTED,Stronger R53A source precedence selected.
extra_trees,docs/dream_system/components/DS-24_independent_five_minute_selector/stage_outputs/ds24_p8_r14_e3g_c2_20260824T000000Z/r7_r14_policy_workers/extra_trees/metrics_only_v3_r40_extra_trees/daily_portfolio_returns_v3_manifest.json,2aa7a7ad99c020cee0e69fa4d4b3c32ce1f6f76899920a475c9889f3261287ca,2026-09-10T00:29:10.939693+00:00,daily_portfolio_returns_v3_manifest.json,False,,,,,,,docs/dream_system/components/DS-24_independent_five_minute_selector/stage_outputs/ds24_p8_r14_e3g_c2_20260824T000000Z/r7_r14_policy_workers/extra_trees/metrics_only_v3_r40_extra_trees/resolved_performance_summary_v3.json,REJECTED,Stronger R53A source precedence selected.
extra_trees,docs/dream_system/components/DS-24_independent_five_minute_selector/stage_outputs/ds24_p8_r14_e3g_c2_20260824T000000Z/r7_r14_policy_workers/extra_trees/metrics_only_v3_r40_extra_trees/transaction_costs_v3_manifest.json,25d1cd5569afc0ce098676b9d009a800881c239b86deb79537a482a7941c3ccc,2026-09-10T00:29:01.303592+00:00,transaction_costs_v3_manifest.json,False,,,,,,,docs/dream_system/components/DS-24_independent_five_minute_selector/stage_outputs/ds24_p8_r14_e3g_c2_20260824T000000Z/r7_r14_policy_workers/extra_trees/metrics_only_v3_r40_extra_trees/resolved_performance_summary_v3.json,REJECTED,Stronger R53A source precedence selected.
extra_trees,docs/dream_system/components/DS-24_independent_five_minute_selector/stage_outputs/ds24_p8_r14_e3g_c2_20260824T000000Z/r7_r14_policy_workers/extra_trees/metrics_only_v3_r40_extra_trees/rank_ic_v3_manifest.json,1d0e9de6df6a6123ba5230294f2c4fa95723cc3ad6db1fa23da81091d29c5aa4,2026-09-10T00:29:01.225987+00:00,rank_ic_v3_manifest.json,False,,,,,,,docs/dream_system/components/DS-24_independent_five_minute_selector/stage_outputs/ds24_p8_r14_e3g_c2_20260824T000000Z/r7_r14_policy_workers/extra_trees/metrics_only_v3_r40_extra_trees/resolved_performance_summary_v3.json,REJECTED,Stronger R53A source precedence selected.
extra_trees,docs/dream_system/components/DS-24_independent_five_minute_selector/stage_outputs/ds24_p8_r14_e3g_c2_20260824T000000Z/r7_r14_policy_workers/extra_trees/progress.json,700929bd054918b627f17e83eb152f3f6942b063cf998328df70980976c4affc,2026-09-10T00:25:35.449098+00:00,progress.json,False,,,,,,,docs/dream_system/components/DS-24_independent_five_minute_selector/stage_outputs/ds24_p8_r14_e3g_c2_20260824T000000Z/r7_r14_policy_workers/extra_trees/metrics_only_v3_r40_extra_trees/resolved_performance_summary_v3.json,REJECTED,Stronger R53A source precedence selected.
extra_trees,docs/dream_system/components/DS-24_independent_five_minute_selector/stage_outputs/ds24_p8_r14_e3g_c2_20260824T000000Z/r7_r14_policy_workers/extra_trees/metrics_only_v3_r40_extra_trees/checkpoint.json,3ca763602d89f04f33360314c1882e2dd94be43d03f1e7e26139fe1efb55848d,2026-09-10T00:25:35.176619+00:00,checkpoint.json,False,,DS24_RESOLVED_PERFORMANCE_V3_STAGGERED_SLEEVE_RANK_IC_CONTRACT,49775,,,,docs/dream_system/components/DS-24_independent_five_minute_selector/stage_outputs/ds24_p8_r14_e3g_c2_20260824T000000Z/r7_r14_policy_workers/extra_trees/metrics_only_v3_r40_extra_trees/resolved_performance_summary_v3.json,REJECTED,Stronger R53A source precedence selected.
extra_trees,docs/dream_system/components/DS-24_independent_five_minute_selector/stage_outputs/ds24_p8_r14_e3g_c2_20260824T000000Z/r7_r14_policy_workers/extra_trees/metrics_only_v3_r40_extra_trees/resolved_performance_checkpoint_v3.json,85ba94ecc7d8d4842b1175003e2a8340a59f007d167f751bf884e617b4ca2b51,2026-09-10T00:25:25.429424+00:00,resolved_performance_checkpoint_v3.json,False,,DS24_RESOLVED_PERFORMANCE_V3_STAGGERED_SLEEVE_RANK_IC_CONTRACT,49763,,,,docs/dream_system/components/DS-24_independent_five_minute_selector/stage_outputs/ds24_p8_r14_e3g_c2_20260824T000000Z/r7_r14_policy_workers/extra_trees/metrics_only_v3_r40_extra_trees/resolved_performance_summary_v3.json,REJECTED,Stronger R53A source precedence selected.
gradient_boosting,docs/dream_system/components/DS-24_independent_five_minute_selector/stage_outputs/ds24_p8_r14_e3g_c1_20260823T000000Z/19_tabular_scale_results.csv,5c1378aba59a29ffd71efb53581720ce871950c28bfe8f60d45f531d5f86dd0a,2026-08-23T21:44:36.481254+00:00,CSV_RESULT_ROW,False,FRONTIER_ACTIVE,,126000,,,COMPLETED_DIFFERENT_WINDOW,,SELECTED,
gradient_boosting,docs/dream_system/components/DS-24_independent_five_minute_selector/stage_outputs/ds24_p8_r14_e3g_c1_20260823T000000Z/31_scale_stability_results.csv,c27931c0584338c1ee8b1a0997735945023986bbd3e95bc21696d6b5c6ff8b3a,2026-08-23T21:44:36.489288+00:00,CSV_RESULT_ROW,False,,,,,,,docs/dream_system/components/DS-24_independent_five_minute_selector/stage_outputs/ds24_p8_r14_e3g_c1_20260823T000000Z/19_tabular_scale_results.csv,REJECTED,Stronger R53A source precedence selected.
gradient_boosting,docs/dream_system/components/DS-24_independent_five_minute_selector/stage_outputs/ds24_p8_r14_e3f_20260823T000000Z/44_f3_results_v2.csv,87035330c8850d97a10091e430c2b35b44cb50d169a308ff55585e0f93c58f6a,2026-08-23T20:15:35.150126+00:00,CSV_RESULT_ROW,False,,,42000,,,,docs/dream_system/components/DS-24_independent_five_minute_selector/stage_outputs/ds24_p8_r14_e3g_c1_20260823T000000Z/19_tabular_scale_results.csv,REJECTED,Stronger R53A source precedence selected.
gradient_boosting,docs/dream_system/components/DS-24_independent_five_minute_selector/stage_outputs/ds24_p8_r14_e3f_20260823T000000Z/42_f2_results_v2.csv,21750ed8b8eb01b9106ba22de19872d3459e5cd11c4d6a0cd4db73723dc406c1,2026-08-23T20:15:35.149120+00:00,CSV_RESULT_ROW,False,,,30800,,,,docs/dream_system/components/DS-24_independent_five_minute_selector/stage_outputs/ds24_p8_r14_e3g_c1_20260823T000000Z/19_tabular_scale_results.csv,REJECTED,Stronger R53A source precedence selected.
gradient_boosting,docs/dream_system/components/DS-24_independent_five_minute_selector/stage_outputs/ds24_p8_r14_e3f_20260823T000000Z/40_f1_results_v2.csv,feb365eb49e3390b2983cd3449e8f1f06d6f12b94f5257740cf78508bf5fea3f,2026-08-23T20:15:35.148122+00:00,CSV_RESULT_ROW,False,,,19600,,,,docs/dream_system/components/DS-24_independent_five_minute_selector/stage_outputs/ds24_p8_r14_e3g_c1_20260823T000000Z/19_tabular_scale_results.csv,REJECTED,Stronger R53A source precedence selected.
gradient_boosting,docs/dream_system/components/DS-24_independent_five_minute_selector/stage_outputs/ds24_p8_r14_e3e_20260823T000000Z/24_f3_results_v2.csv,c6e286496a3a2b452561610b54f52d5951085c5bf192c00439e739790f915e46,2026-08-23T19:25:48.244106+00:00,CSV_RESULT_ROW,False,,,21000,,,,docs/dream_system/components/DS-24_independent_five_minute_selector/stage_outputs/ds24_p8_r14_e3g_c1_20260823T000000Z/19_tabular_scale_results.csv,REJECTED,Stronger R53A source precedence selected.
gradient_boosting,docs/dream_system/components/DS-24_independent_five_minute_selector/stage_outputs/ds24_p8_r14_e3e_20260823T000000Z/22_f2_results_v2.csv,fd92bdf3ddb92ef8a65dde84ed781fbf466f3decd5705bd5f78a06af0beb177c,2026-08-23T19:25:48.243066+00:00,CSV_RESULT_ROW,False,,,13501,,,,docs/dream_system/components/DS-24_independent_five_minute_selector/stage_outputs/ds24_p8_r14_e3g_c1_20260823T000000Z/19_tabular_scale_results.csv,REJECTED,Stronger R53A source precedence selected.
gradient_boosting,docs/dream_system/components/DS-24_independent_five_minute_selector/stage_outputs/ds24_p8_r14_e3e_20260823T000000Z/20_f1_results_v2.csv,e53c180bbc1d1500efcf5cf382125ecda1ac3233dc36d25fa9c752a6bbc22d88,2026-08-23T19:25:48.240916+00:00,CSV_RESULT_ROW,False,,,6000,,,,docs/dream_system/components/DS-24_independent_five_minute_selector/stage_outputs/ds24_p8_r14_e3g_c1_20260823T000000Z/19_tabular_scale_results.csv,REJECTED,Stronger R53A source precedence selected.
gradient_boosting,docs/dream_system/components/DS-24_independent_five_minute_selector/stage_outputs/ds24_p8_r14_e3_20260823T000000Z/21_fidelity3_results.csv,6887f617593ae8c74448f300bc7fbf6b943ef8e10d57e827a9734a6512576af2,2026-08-23T16:48:26.749840+00:00,CSV_RESULT_ROW,False,COMPLETED,,,,,,docs/dream_system/components/DS-24_independent_five_minute_selector/stage_outputs/ds24_p8_r14_e3g_c1_20260823T000000Z/19_tabular_scale_results.csv,REJECTED,Stronger R53A source precedence selected.
gradient_boosting,docs/dream_system/components/DS-24_independent_five_minute_selector/stage_outputs/ds24_p8_r14_e3_20260823T000000Z/21_fidelity3_results.csv,6887f617593ae8c74448f300bc7fbf6b943ef8e10d57e827a9734a6512576af2,2026-08-23T16:48:26.749840+00:00,CSV_RESULT_ROW,False,COMPLETED,,,,,,docs/dream_system/components/DS-24_independent_five_minute_selector/stage_outputs/ds24_p8_r14_e3g_c1_20260823T000000Z/19_tabular_scale_results.csv,REJECTED,Stronger R53A source precedence selected.
gradient_boosting,docs/dream_system/components/DS-24_independent_five_minute_selector/stage_outputs/ds24_p8_r14_e3_20260823T000000Z/19_fidelity2_results.csv,492349deb0302764868a023403ca08b8a1b80d03694b987417b3ee4394350345,2026-08-23T16:48:26.748840+00:00,CSV_RESULT_ROW,False,COMPLETED,,,,,,docs/dream_system/components/DS-24_independent_five_minute_selector/stage_outputs/ds24_p8_r14_e3g_c1_20260823T000000Z/19_tabular_scale_results.csv,REJECTED,Stronger R53A source precedence selected.
gradient_boosting,docs/dream_system/components/DS-24_independent_five_minute_selector/stage_outputs/ds24_p8_r14_e3_20260823T000000Z/19_fidelity2_results.csv,492349deb0302764868a023403ca08b8a1b80d03694b987417b3ee4394350345,2026-08-23T16:48:26.748840+00:00,CSV_RESULT_ROW,False,COMPLETED,,,,,,docs/dream_system/components/DS-24_independent_five_minute_selector/stage_outputs/ds24_p8_r14_e3g_c1_20260823T000000Z/19_tabular_scale_results.csv,REJECTED,Stronger R53A source precedence selected.
gradient_boosting,docs/dream_system/components/DS-24_independent_five_minute_selector/stage_outputs/ds24_p8_r14_e3_20260823T000000Z/19_fidelity2_results.csv,492349deb0302764868a023403ca08b8a1b80d03694b987417b3ee4394350345,2026-08-23T16:48:26.748840+00:00,CSV_RESULT_ROW,False,COMPLETED,,,,,,docs/dream_system/components/DS-24_independent_five_minute_selector/stage_outputs/ds24_p8_r14_e3g_c1_20260823T000000Z/19_tabular_scale_results.csv,REJECTED,Stronger R53A source precedence selected.
gradient_boosting,docs/dream_system/components/DS-24_independent_five_minute_selector/stage_outputs/ds24_p8_r14_e3_20260823T000000Z/17_fidelity1_results.csv,ceed978b8539797630028ebe29c8bf312071533d66725eb2e08dfb15f17269d8,2026-08-23T16:48:26.746840+00:00,CSV_RESULT_ROW,False,,,,,,,docs/dream_system/components/DS-24_independent_five_minute_selector/stage_outputs/ds24_p8_r14_e3g_c1_20260823T000000Z/19_tabular_scale_results.csv,REJECTED,Stronger R53A source precedence selected.
gradient_boosting,docs/dream_system/components/DS-24_independent_five_minute_selector/stage_outputs/ds24_p8_r14_e3_20260823T000000Z/17_fidelity1_results.csv,ceed978b8539797630028ebe29c8bf312071533d66725eb2e08dfb15f17269d8,2026-08-23T16:48:26.746840+00:00,CSV_RESULT_ROW,False,,,,,,,docs/dream_system/components/DS-24_independent_five_minute_selector/stage_outputs/ds24_p8_r14_e3g_c1_20260823T000000Z/19_tabular_scale_results.csv,REJECTED,Stronger R53A source precedence selected.
gradient_boosting,docs/dream_system/components/DS-24_independent_five_minute_selector/stage_outputs/ds24_p8_r14_e3_20260823T000000Z/17_fidelity1_results.csv,ceed978b8539797630028ebe29c8bf312071533d66725eb2e08dfb15f17269d8,2026-08-23T16:48:26.746840+00:00,CSV_RESULT_ROW,False,,,,,,,docs/dream_system/components/DS-24_independent_five_minute_selector/stage_outputs/ds24_p8_r14_e3g_c1_20260823T000000Z/19_tabular_scale_results.csv,REJECTED,Stronger R53A source precedence selected.
gradient_boosting,docs/dream_system/components/DS-24_independent_five_minute_selector/stage_outputs/ds24_p8_r14_e3_20260823T000000Z/17_fidelity1_results.csv,ceed978b8539797630028ebe29c8bf312071533d66725eb2e08dfb15f17269d8,2026-08-23T16:48:26.746840+00:00,CSV_RESULT_ROW,False,,,,,,,docs/dream_system/components/DS-24_independent_five_minute_selector/stage_outputs/ds24_p8_r14_e3g_c1_20260823T000000Z/19_tabular_scale_results.csv,REJECTED,Stronger R53A source precedence selected.
gradient_boosting,docs/dream_system/components/DS-24_independent_five_minute_selector/stage_outputs/ds24_p8_r14_e2_20260823T000000Z/22_fidelity1_results.csv,ceed978b8539797630028ebe29c8bf312071533d66725eb2e08dfb15f17269d8,2026-08-23T12:00:47.317787+00:00,CSV_RESULT_ROW,False,,,,,,,docs/dream_system/components/DS-24_independent_five_minute_selector/stage_outputs/ds24_p8_r14_e3g_c1_20260823T000000Z/19_tabular_scale_results.csv,REJECTED,Stronger R53A source precedence selected.
gradient_boosting,docs/dream_system/components/DS-24_independent_five_minute_selector/stage_outputs/ds24_p8_r14_e2_20260823T000000Z/22_fidelity1_results.csv,ceed978b8539797630028ebe29c8bf312071533d66725eb2e08dfb15f17269d8,2026-08-23T12:00:47.317787+00:00,CSV_RESULT_ROW,False,,,,,,,docs/dream_system/components/DS-24_independent_five_minute_selector/stage_outputs/ds24_p8_r14_e3g_c1_20260823T000000Z/19_tabular_scale_results.csv,REJECTED,Stronger R53A source precedence selected.
gradient_boosting,docs/dream_system/components/DS-24_independent_five_minute_selector/stage_outputs/ds24_p8_r14_e2_20260823T000000Z/22_fidelity1_results.csv,ceed978b8539797630028ebe29c8bf312071533d66725eb2e08dfb15f17269d8,2026-08-23T12:00:47.317787+00:00,CSV_RESULT_ROW,False,,,,,,,docs/dream_system/components/DS-24_independent_five_minute_selector/stage_outputs/ds24_p8_r14_e3g_c1_20260823T000000Z/19_tabular_scale_results.csv,REJECTED,Stronger R53A source precedence selected.
gradient_boosting,docs/dream_system/components/DS-24_independent_five_minute_selector/stage_outputs/ds24_p8_r14_e2_20260823T000000Z/22_fidelity1_results.csv,ceed978b8539797630028ebe29c8bf312071533d66725eb2e08dfb15f17269d8,2026-08-23T12:00:47.317787+00:00,CSV_RESULT_ROW,False,,,,,,,docs/dream_system/components/DS-24_independent_five_minute_selector/stage_outputs/ds24_p8_r14_e3g_c1_20260823T000000Z/19_tabular_scale_results.csv,REJECTED,Stronger R53A source precedence selected.
gradient_boosting,docs/dream_system/components/DS-24_independent_five_minute_selector/stage_outputs/ds24_p8_r3_20260822T000000Z/53_uncertainty_results.csv,c1eb136defadfd8d1ad3a91a88ba44f4478af669db8f715dec5f6ce2084a1f35,2026-08-22T09:09:20.987725+00:00,CSV_RESULT_ROW,False,,,,,,,docs/dream_system/components/DS-24_independent_five_minute_selector/stage_outputs/ds24_p8_r14_e3g_c1_20260823T000000Z/19_tabular_scale_results.csv,REJECTED,Stronger R53A source precedence selected.
gradient_boosting,docs/dream_system/components/DS-24_independent_five_minute_selector/stage_outputs/ds24_p8_r14_e3g_c2_20260824T000000Z/r7_r14_policy_workers/gradient_boosting/progress.json,13bc0f8a606daefb50922089ba9668100d19451367f0da09bf1506b543ca2bfe,2026-09-10T00:24:13.883806+00:00,progress.json,False,,,,,,,docs/dream_system/components/DS-24_independent_five_minute_selector/stage_outputs/ds24_p8_r14_e3g_c1_20260823T000000Z/19_tabular_scale_results.csv,REJECTED,Stronger R53A source precedence selected.
gradient_boosting,docs/dream_system/components/DS-24_independent_five_minute_selector/stage_outputs/ds24_p8_r14_e3g_c2_20260824T000000Z/r7_r14_policy_workers/gradient_boosting/metrics_only_v3_r40_gradient_boosting/checkpoint.json,064cf282f1f97ccd7638c35026acac4438faaf672e956536be6d7564323d16bb,2026-09-10T00:24:13.843956+00:00,checkpoint.json,False,,DS24_RESOLVED_PERFORMANCE_V3_STAGGERED_SLEEVE_RANK_IC_CONTRACT,5459,,,,docs/dream_system/components/DS-24_independent_five_minute_selector/stage_outputs/ds24_p8_r14_e3g_c1_20260823T000000Z/19_tabular_scale_results.csv,REJECTED,Stronger R53A source precedence selected.
gradient_boosting,docs/dream_system/components/DS-24_independent_five_minute_selector/stage_outputs/ds24_p8_r14_e3g_c2_20260824T000000Z/r7_r14_policy_workers/gradient_boosting/metrics_only_v3_r40_gradient_boosting/rank_ic_v3_manifest.json,25defaa1bccc52bd488d0936f5d9da73a918d171ea6be94490b19e9b9a91088b,2026-09-10T00:24:08.846358+00:00,rank_ic_v3_manifest.json,False,,,,,,,docs/dream_system/components/DS-24_independent_five_minute_selector/stage_outputs/ds24_p8_r14_e3g_c1_20260823T000000Z/19_tabular_scale_results.csv,REJECTED,Stronger R53A source precedence selected.
lightgbm_rank_xendcg,mac_aux_runs/queue=DS24_MAC_AUX_NINE_FAMILY_R1/family=lightgbm_rank_xendcg/metrics_only_v3/resolved_performance_summary_v3.json,95d86023e1c50fe8b2599668d7d8f3313eff8ce178e16e2c425601296c8c1a7c,2026-09-05T14:19:32.305130+00:00,resolved_performance_summary_v3.json,False,PASS,,2262,,,ACCEPTED_IMPORTED_FINAL,,SELECTED,
lightgbm_rank_xendcg,mac_aux_runs/queue=DS24_MAC_AUX_NINE_FAMILY_R1/family=lightgbm_rank_xendcg/family_execution_summary.json,bb68578b0a75d952def54ef3d6de800a1ff4fe99c0db7da0a38e691749006a06,2026-09-05T14:19:39+00:00,family_execution_summary.json,False,PASS,,,,,,mac_aux_runs/queue=DS24_MAC_AUX_NINE_FAMILY_R1/family=lightgbm_rank_xendcg/metrics_only_v3/resolved_performance_summary_v3.json,REJECTED,Stronger R53A source precedence selected.
lightgbm_rank_xendcg,docs/dream_system/components/DS-24_independent_five_minute_selector/stage_outputs/ds24_p8_r14_e3g_c1_20260823T000000Z/23_ranking_scale_results.csv,18f673fa61da2d578ee3e40c281353b9b8e8961aeaaa2401955c6138ffa11f9d,2026-08-23T21:44:36.484283+00:00,CSV_RESULT_ROW,False,FRONTIER_ACTIVE,,248079,,,,mac_aux_runs/queue=DS24_MAC_AUX_NINE_FAMILY_R1/family=lightgbm_rank_xendcg/metrics_only_v3/resolved_performance_summary_v3.json,REJECTED,Stronger R53A source precedence selected.
lightgbm_rank_xendcg,docs/dream_system/components/DS-24_independent_five_minute_selector/stage_outputs/ds24_p8_r14_e3g_c2_20260824T000000Z/R47A_xendcg_import_result.json,8b81abd0fdc7165be141cf7c1c438829e2e3f9b42454d7fd805c9266a798d981,2026-09-09T15:10:05.707448+00:00,R47A_xendcg_import_result.json,False,,,,,,,mac_aux_runs/queue=DS24_MAC_AUX_NINE_FAMILY_R1/family=lightgbm_rank_xendcg/metrics_only_v3/resolved_performance_summary_v3.json,REJECTED,Stronger R53A source precedence selected.
lightgbm_rank_xendcg,docs/dream_system/components/DS-24_independent_five_minute_selector/stage_outputs/ds24_p8_r14_e3g_c1_20260823T000000Z/31_scale_stability_results.csv,c27931c0584338c1ee8b1a0997735945023986bbd3e95bc21696d6b5c6ff8b3a,2026-08-23T21:44:36.489288+00:00,CSV_RESULT_ROW,False,,,,,,,mac_aux_runs/queue=DS24_MAC_AUX_NINE_FAMILY_R1/family=lightgbm_rank_xendcg/metrics_only_v3/resolved_performance_summary_v3.json,REJECTED,Stronger R53A source precedence selected.
lightgbm_rank_xendcg,docs/dream_system/components/DS-24_independent_five_minute_selector/stage_outputs/ds24_p8_r14_e3f_20260823T000000Z/40_f1_results_v2.csv,feb365eb49e3390b2983cd3449e8f1f06d6f12b94f5257740cf78508bf5fea3f,2026-08-23T20:15:35.148122+00:00,CSV_RESULT_ROW,False,,,7840,,,,mac_aux_runs/queue=DS24_MAC_AUX_NINE_FAMILY_R1/family=lightgbm_rank_xendcg/metrics_only_v3/resolved_performance_summary_v3.json,REJECTED,Stronger R53A source precedence selected.
lightgbm_rank_xendcg,docs/dream_system/components/DS-24_independent_five_minute_selector/stage_outputs/ds24_p8_r14_e3g_c2_20260824T000000Z/R47A_xendcg_source_discovery.json,a3d20a5251b1075b854d98a7dcab9bfc2fdfec14be9b6b3f048d5342b949c673,2026-09-09T15:10:05.336473+00:00,R47A_xendcg_source_discovery.json,False,,,,,,,mac_aux_runs/queue=DS24_MAC_AUX_NINE_FAMILY_R1/family=lightgbm_rank_xendcg/metrics_only_v3/resolved_performance_summary_v3.json,REJECTED,Stronger R53A source precedence selected.
lightgbm_rank_xendcg,mac_aux_runs/queue=DS24_MAC_AUX_NINE_FAMILY_R1/family=lightgbm_rank_xendcg/ensemble_oof_scores_manifest_v2.json,65a49db5d67c0e6b165a00c432e5f75c68a47f6fccfbbeb90d6bdfa1a82514f6,2026-09-05T14:19:04+00:00,ensemble_oof_scores_manifest_v2.json,False,,c5d24ca5ba4182d6e9080a7ca98b0c32a054bffe77a56fd09052de516cae84bc,,,,,mac_aux_runs/queue=DS24_MAC_AUX_NINE_FAMILY_R1/family=lightgbm_rank_xendcg/metrics_only_v3/resolved_performance_summary_v3.json,REJECTED,Stronger R53A source precedence selected.
lightgbm_rank_xendcg,mac_aux_runs/queue=DS24_MAC_AUX_NINE_FAMILY_R1/family=lightgbm_rank_xendcg/metrics_only_v3/checkpoint.json,e380f3354cb751566be5c5d97c0b2108a32e239da6a0eca7353306bcc5ca291f,2026-09-05T14:18:50+00:00,checkpoint.json,False,,,2262,,,,mac_aux_runs/queue=DS24_MAC_AUX_NINE_FAMILY_R1/family=lightgbm_rank_xendcg/metrics_only_v3/resolved_performance_summary_v3.json,REJECTED,Stronger R53A source precedence selected.
lightgbm_lambdarank,docs/dream_system/components/DS-24_independent_five_minute_selector/stage_outputs/ds24_p8_r14_e3g_c1_20260823T000000Z/23_ranking_scale_results.csv,18f673fa61da2d578ee3e40c281353b9b8e8961aeaaa2401955c6138ffa11f9d,2026-08-23T21:44:36.484283+00:00,CSV_RESULT_ROW,False,FRONTIER_ACTIVE,,248079,,,ACCEPTED_IMPORTED_FINAL,,SELECTED,
lightgbm_lambdarank,docs/dream_system/components/DS-24_independent_five_minute_selector/stage_outputs/ds24_p8_r14_e3g_c2_20260824T000000Z/R51_lambdarank_import_result.json,282fefe253ffe804965d5fef23e8a056bb9384a67af42123e42068661b011057,2026-09-10T14:26:49.920597+00:00,R51_lambdarank_import_result.json,False,,,,,,,docs/dream_system/components/DS-24_independent_five_minute_selector/stage_outputs/ds24_p8_r14_e3g_c1_20260823T000000Z/23_ranking_scale_results.csv,REJECTED,Stronger R53A source precedence selected.
lightgbm_lambdarank,docs/dream_system/components/DS-24_independent_five_minute_selector/stage_outputs/ds24_p8_r14_e3g_c1_20260823T000000Z/31_scale_stability_results.csv,c27931c0584338c1ee8b1a0997735945023986bbd3e95bc21696d6b5c6ff8b3a,2026-08-23T21:44:36.489288+00:00,CSV_RESULT_ROW,False,,,,,,,docs/dream_system/components/DS-24_independent_five_minute_selector/stage_outputs/ds24_p8_r14_e3g_c1_20260823T000000Z/23_ranking_scale_results.csv,REJECTED,Stronger R53A source precedence selected.
lightgbm_lambdarank,docs/dream_system/components/DS-24_independent_five_minute_selector/stage_outputs/ds24_p8_r14_e3f_20260823T000000Z/40_f1_results_v2.csv,feb365eb49e3390b2983cd3449e8f1f06d6f12b94f5257740cf78508bf5fea3f,2026-08-23T20:15:35.148122+00:00,CSV_RESULT_ROW,False,,,7840,,,,docs/dream_system/components/DS-24_independent_five_minute_selector/stage_outputs/ds24_p8_r14_e3g_c1_20260823T000000Z/23_ranking_scale_results.csv,REJECTED,Stronger R53A source precedence selected.
DLinear,docs/dream_system/components/DS-24_independent_five_minute_selector/stage_outputs/ds24_p8_r14_e3g_c1_20260823T000000Z/21_sequence_scale_results.csv,85943af6cf18e03c471ce1e9b8c2a9ef905c22b315ddb6ad7330721e89a51ba5,2026-08-23T21:44:36.483284+00:00,CSV_RESULT_ROW,False,FRONTIER_ACTIVE,,11760,,,COMPLETED_DIFFERENT_WINDOW,,SELECTED,
DLinear,docs/dream_system/components/DS-24_independent_five_minute_selector/stage_outputs/ds24_p8_r14_e3g_c1_20260823T000000Z/31_scale_stability_results.csv,c27931c0584338c1ee8b1a0997735945023986bbd3e95bc21696d6b5c6ff8b3a,2026-08-23T21:44:36.489288+00:00,CSV_RESULT_ROW,False,,,,,,,docs/dream_system/components/DS-24_independent_five_minute_selector/stage_outputs/ds24_p8_r14_e3g_c1_20260823T000000Z/21_sequence_scale_results.csv,REJECTED,Stronger R53A source precedence selected.
DLinear,docs/dream_system/components/DS-24_independent_five_minute_selector/stage_outputs/ds24_p8_r14_e3f_20260823T000000Z/40_f1_results_v2.csv,feb365eb49e3390b2983cd3449e8f1f06d6f12b94f5257740cf78508bf5fea3f,2026-08-23T20:15:35.148122+00:00,CSV_RESULT_ROW,False,,,1008,,,,docs/dream_system/components/DS-24_independent_five_minute_selector/stage_outputs/ds24_p8_r14_e3g_c1_20260823T000000Z/21_sequence_scale_results.csv,REJECTED,Stronger R53A source precedence selected.
PatchTST,docs/dream_system/components/DS-24_independent_five_minute_selector/stage_outputs/ds24_p8_r14_e3g_c1_20260823T000000Z/21_sequence_scale_results.csv,85943af6cf18e03c471ce1e9b8c2a9ef905c22b315ddb6ad7330721e89a51ba5,2026-08-23T21:44:36.483284+00:00,CSV_RESULT_ROW,False,FRONTIER_ACTIVE,,11760,,,UNFINISHED,,SELECTED,
PatchTST,docs/dream_system/components/DS-24_independent_five_minute_selector/stage_outputs/ds24_p8_r14_e3g_c2_20260824T000000Z/r7_r14_policy_workers/PatchTST/metrics_only_v3_r40_patchtst/resolved_performance_summary_v3.json,59046a62cfce637b32e1b36a80a41340953ec0bb4f7964da1ba3ccabbefec06f,2026-09-15T19:19:58.179461+00:00,resolved_performance_summary_v3.json,False,PROVISIONAL,DS24_RESOLVED_PERFORMANCE_V3_STAGGERED_SLEEVE_RANK_IC_CONTRACT,57551,2016-02-02T14:35:00+00:00,2019-07-25T18:00:00+00:00,,docs/dream_system/components/DS-24_independent_five_minute_selector/stage_outputs/ds24_p8_r14_e3g_c1_20260823T000000Z/21_sequence_scale_results.csv,REJECTED,Stronger R53A source precedence selected.
PatchTST,docs/dream_system/components/DS-24_independent_five_minute_selector/stage_outputs/ds24_p8_r14_e3g_c2_20260824T000000Z/R52_patchtst_real_path_smoke/PatchTST/metrics_only_v3_r52_smoke/resolved_performance_summary_v3.json,b2aa8ee29af7747095d12de7b693abd1ae751241392957cef94f42b9f1b8f307,2026-09-10T15:18:26.475149+00:00,resolved_performance_summary_v3.json,False,NO_RESOLVED_PERFORMANCE_ROWS,DS24_RESOLVED_PERFORMANCE_V3_STAGGERED_SLEEVE_RANK_IC_CONTRACT,0,,,,docs/dream_system/components/DS-24_independent_five_minute_selector/stage_outputs/ds24_p8_r14_e3g_c1_20260823T000000Z/21_sequence_scale_results.csv,REJECTED,Stronger R53A source precedence selected.
PatchTST,docs/dream_system/components/DS-24_independent_five_minute_selector/stage_outputs/ds24_p8_r14_e3g_c1_20260823T000000Z/31_scale_stability_results.csv,c27931c0584338c1ee8b1a0997735945023986bbd3e95bc21696d6b5c6ff8b3a,2026-08-23T21:44:36.489288+00:00,CSV_RESULT_ROW,False,,,,,,,docs/dream_system/components/DS-24_independent_five_minute_selector/stage_outputs/ds24_p8_r14_e3g_c1_20260823T000000Z/21_sequence_scale_results.csv,REJECTED,Stronger R53A source precedence selected.
PatchTST,docs/dream_system/components/DS-24_independent_five_minute_selector/stage_outputs/ds24_p8_r14_e3f_20260823T000000Z/40_f1_results_v2.csv,feb365eb49e3390b2983cd3449e8f1f06d6f12b94f5257740cf78508bf5fea3f,2026-08-23T20:15:35.148122+00:00,CSV_RESULT_ROW,False,,,1008,,,,docs/dream_system/components/DS-24_independent_five_minute_selector/stage_outputs/ds24_p8_r14_e3g_c1_20260823T000000Z/21_sequence_scale_results.csv,REJECTED,Stronger R53A source precedence selected.
PatchTST,docs/dream_system/components/DS-24_independent_five_minute_selector/stage_outputs/ds24_p8_r14_e3g_c2_20260824T000000Z/r7_r14_policy_workers/PatchTST/progress.json,4f1334364ad21925b958ab80bc4bc23d282fdf0c4cf0a4183e877744224c2953,2026-09-15T19:21:05.845102+00:00,progress.json,False,,,57551,,,,docs/dream_system/components/DS-24_independent_five_minute_selector/stage_outputs/ds24_p8_r14_e3g_c1_20260823T000000Z/21_sequence_scale_results.csv,REJECTED,Stronger R53A source precedence selected.
PatchTST,docs/dream_system/components/DS-24_independent_five_minute_selector/stage_outputs/ds24_p8_r14_e3g_c2_20260824T000000Z/r7_r14_policy_workers/PatchTST/metrics_only_v3_r40_patchtst/checkpoint.json,0a5615d1bc35163a8ff44e6ed419dca3d4993f7d9802c397da608783c59d2ef5,2026-09-15T19:20:33.793083+00:00,checkpoint.json,False,,DS24_RESOLVED_PERFORMANCE_V3_STAGGERED_SLEEVE_RANK_IC_CONTRACT,57565,,,,docs/dream_system/components/DS-24_independent_five_minute_selector/stage_outputs/ds24_p8_r14_e3g_c1_20260823T000000Z/21_sequence_scale_results.csv,REJECTED,Stronger R53A source precedence selected.
PatchTST,docs/dream_system/components/DS-24_independent_five_minute_selector/stage_outputs/ds24_p8_r14_e3g_c2_20260824T000000Z/r7_r14_policy_workers/PatchTST/metrics_only_v3_r40_patchtst/resolved_performance_checkpoint_v3.json,fb822eb74f0a0678ec4282d2c74fbd4787b2d876b372e93f0f8e7c6fae4f35de,2026-09-15T19:20:11.311827+00:00,resolved_performance_checkpoint_v3.json,False,,DS24_RESOLVED_PERFORMANCE_V3_STAGGERED_SLEEVE_RANK_IC_CONTRACT,57551,,,,docs/dream_system/components/DS-24_independent_five_minute_selector/stage_outputs/ds24_p8_r14_e3g_c1_20260823T000000Z/21_sequence_scale_results.csv,REJECTED,Stronger R53A source precedence selected.
PatchTST,docs/dream_system/components/DS-24_independent_five_minute_selector/stage_outputs/ds24_p8_r14_e3g_c2_20260824T000000Z/r7_r14_policy_workers/PatchTST/metrics_only_v3_r40_patchtst/transaction_costs_v3_manifest.json,75d3d3ad941b39380f46c97e3b71b012074830e58feeb217df6e6aef4af57128,2026-09-15T19:19:26.808520+00:00,transaction_costs_v3_manifest.json,False,,,,,,,docs/dream_system/components/DS-24_independent_five_minute_selector/stage_outputs/ds24_p8_r14_e3g_c1_20260823T000000Z/21_sequence_scale_results.csv,REJECTED,Stronger R53A source precedence selected.
PatchTST,docs/dream_system/components/DS-24_independent_five_minute_selector/stage_outputs/ds24_p8_r14_e3g_c2_20260824T000000Z/r7_r14_policy_workers/PatchTST/metrics_only_v3_r40_patchtst/rank_ic_v3_manifest.json,f7e4eb269a44697ff2f2007a91977d4af4b766ebea9eb5d00c9641771f0ed206,2026-09-15T19:19:26.678894+00:00,rank_ic_v3_manifest.json,False,,,,,,,docs/dream_system/components/DS-24_independent_five_minute_selector/stage_outputs/ds24_p8_r14_e3g_c1_20260823T000000Z/21_sequence_scale_results.csv,REJECTED,Stronger R53A source precedence selected.
PatchTST,docs/dream_system/components/DS-24_independent_five_minute_selector/stage_outputs/ds24_p8_r14_e3g_c2_20260824T000000Z/r7_r14_policy_workers/PatchTST/metrics_only_v3_r40_patchtst/daily_portfolio_returns_v3_manifest.json,e7e137c3d43f7bfc589a58039676b5a9321d913d303d984b1c2eb30769a72ccf,2026-09-15T19:11:09.757200+00:00,daily_portfolio_returns_v3_manifest.json,False,,,,,,,docs/dream_system/components/DS-24_independent_five_minute_selector/stage_outputs/ds24_p8_r14_e3g_c1_20260823T000000Z/21_sequence_scale_results.csv,REJECTED,Stronger R53A source precedence selected.
PatchTST,docs/dream_system/components/DS-24_independent_five_minute_selector/stage_outputs/ds24_p8_r14_e3g_c2_20260824T000000Z/R52_patchtst_real_path_smoke/PatchTST/progress.json,a63b921a6b7baa1ac4055349365c54089f1c033c230129d25c7708092df84e3f,2026-09-10T15:18:26.616911+00:00,progress.json,False,,,0,,,,docs/dream_system/components/DS-24_independent_five_minute_selector/stage_outputs/ds24_p8_r14_e3g_c1_20260823T000000Z/21_sequence_scale_results.csv,REJECTED,Stronger R53A source precedence selected.
PatchTST,docs/dream_system/components/DS-24_independent_five_minute_selector/stage_outputs/ds24_p8_r14_e3g_c2_20260824T000000Z/R52_patchtst_real_path_smoke/PatchTST/metrics_only_v3_r52_smoke/checkpoint.json,45945427b222b221a7ba576a47d57f10e57d202d3b0dce165cf2da1fce480ed3,2026-09-10T15:18:26.584277+00:00,checkpoint.json,False,,DS24_RESOLVED_PERFORMANCE_V3_STAGGERED_SLEEVE_RANK_IC_CONTRACT,1,,,,docs/dream_system/components/DS-24_independent_five_minute_selector/stage_outputs/ds24_p8_r14_e3g_c1_20260823T000000Z/21_sequence_scale_results.csv,REJECTED,Stronger R53A source precedence selected.
PatchTST,docs/dream_system/components/DS-24_independent_five_minute_selector/stage_outputs/ds24_p8_r14_e3g_c2_20260824T000000Z/R52_patchtst_real_path_smoke/PatchTST/metrics_only_v3_r52_smoke/resolved_performance_checkpoint_v3.json,002f29b2586c6e00d4807fb69ff87071f2f3c37bfce99aeb1c556ed33602c045,2026-09-10T15:18:26.496637+00:00,resolved_performance_checkpoint_v3.json,False,,DS24_RESOLVED_PERFORMANCE_V3_STAGGERED_SLEEVE_RANK_IC_CONTRACT,0,,,,docs/dream_system/components/DS-24_independent_five_minute_selector/stage_outputs/ds24_p8_r14_e3g_c1_20260823T000000Z/21_sequence_scale_results.csv,REJECTED,Stronger R53A source precedence selected.
Transformer,docs/dream_system/components/DS-24_independent_five_minute_selector/stage_outputs/ds24_p8_r14_e3g_c1_20260823T000000Z/21_sequence_scale_results.csv,85943af6cf18e03c471ce1e9b8c2a9ef905c22b315ddb6ad7330721e89a51ba5,2026-08-23T21:44:36.483284+00:00,CSV_RESULT_ROW,False,FRONTIER_ACTIVE,,11760,,,UNFINISHED,,SELECTED,
Transformer,docs/dream_system/components/DS-24_independent_five_minute_selector/stage_outputs/ds24_p8_r14_e3g_c2_20260824T000000Z/r7_r14_policy_workers/Transformer/metrics_only_v3_r40_transformer/resolved_performance_summary_v3.json,c5a0f529585e61e531e6abe550ab6314c00748e5163ecf389820725a281f83a2,2026-09-15T19:15:26.866222+00:00,resolved_performance_summary_v3.json,False,PROVISIONAL,DS24_RESOLVED_PERFORMANCE_V3_STAGGERED_SLEEVE_RANK_IC_CONTRACT,48215,2016-02-02T14:35:00+00:00,2018-12-31T19:00:00+00:00,,docs/dream_system/components/DS-24_independent_five_minute_selector/stage_outputs/ds24_p8_r14_e3g_c1_20260823T000000Z/21_sequence_scale_results.csv,REJECTED,Stronger R53A source precedence selected.
Transformer,docs/dream_system/components/DS-24_independent_five_minute_selector/stage_outputs/ds24_p8_r14_e3g_c1_20260823T000000Z/31_scale_stability_results.csv,c27931c0584338c1ee8b1a0997735945023986bbd3e95bc21696d6b5c6ff8b3a,2026-08-23T21:44:36.489288+00:00,CSV_RESULT_ROW,False,,,,,,,docs/dream_system/components/DS-24_independent_five_minute_selector/stage_outputs/ds24_p8_r14_e3g_c1_20260823T000000Z/21_sequence_scale_results.csv,REJECTED,Stronger R53A source precedence selected.
Transformer,docs/dream_system/components/DS-24_independent_five_minute_selector/stage_outputs/ds24_p8_r14_e3f_20260823T000000Z/40_f1_results_v2.csv,feb365eb49e3390b2983cd3449e8f1f06d6f12b94f5257740cf78508bf5fea3f,2026-08-23T20:15:35.148122+00:00,CSV_RESULT_ROW,False,,,1008,,,,docs/dream_system/components/DS-24_independent_five_minute_selector/stage_outputs/ds24_p8_r14_e3g_c1_20260823T000000Z/21_sequence_scale_results.csv,REJECTED,Stronger R53A source precedence selected.
Transformer,docs/dream_system/components/DS-24_independent_five_minute_selector/stage_outputs/ds24_p8_r14_e3g_c2_20260824T000000Z/r7_r14_policy_workers/Transformer/progress.json,4c55f81cace608c4996b76f6e6f781062294e8df5901ff00267da139abb60a5d,2026-09-15T19:16:13.986074+00:00,progress.json,False,,,48215,,,,docs/dream_system/components/DS-24_independent_five_minute_selector/stage_outputs/ds24_p8_r14_e3g_c1_20260823T000000Z/21_sequence_scale_results.csv,REJECTED,Stronger R53A source precedence selected.
Transformer,docs/dream_system/components/DS-24_independent_five_minute_selector/stage_outputs/ds24_p8_r14_e3g_c2_20260824T000000Z/r7_r14_policy_workers/Transformer/metrics_only_v3_r40_transformer/checkpoint.json,c8f896022be9e6a7d864ee4cb56820be38c9b128dcb9ad28634a390c7a03cf49,2026-09-15T19:15:51.253714+00:00,checkpoint.json,False,,DS24_RESOLVED_PERFORMANCE_V3_STAGGERED_SLEEVE_RANK_IC_CONTRACT,48229,,,,docs/dream_system/components/DS-24_independent_five_minute_selector/stage_outputs/ds24_p8_r14_e3g_c1_20260823T000000Z/21_sequence_scale_results.csv,REJECTED,Stronger R53A source precedence selected.
Transformer,docs/dream_system/components/DS-24_independent_five_minute_selector/stage_outputs/ds24_p8_r14_e3g_c2_20260824T000000Z/r7_r14_policy_workers/Transformer/metrics_only_v3_r40_transformer/resolved_performance_checkpoint_v3.json,bec79668b7564289bf610a63c2e79d76dccd623ca2740c093d76175c58b48d56,2026-09-15T19:15:36.482728+00:00,resolved_performance_checkpoint_v3.json,False,,DS24_RESOLVED_PERFORMANCE_V3_STAGGERED_SLEEVE_RANK_IC_CONTRACT,48215,,,,docs/dream_system/components/DS-24_independent_five_minute_selector/stage_outputs/ds24_p8_r14_e3g_c1_20260823T000000Z/21_sequence_scale_results.csv,REJECTED,Stronger R53A source precedence selected.
Transformer,docs/dream_system/components/DS-24_independent_five_minute_selector/stage_outputs/ds24_p8_r14_e3g_c2_20260824T000000Z/r7_r14_policy_workers/Transformer/metrics_only_v3_r40_transformer/daily_portfolio_returns_v3_manifest.json,b412cee219d27475efc6975bd2c083b9982520afa7b1ba789773898826992060,2026-09-15T19:15:19.044321+00:00,daily_portfolio_returns_v3_manifest.json,False,,,,,,,docs/dream_system/components/DS-24_independent_five_minute_selector/stage_outputs/ds24_p8_r14_e3g_c1_20260823T000000Z/21_sequence_scale_results.csv,REJECTED,Stronger R53A source precedence selected.
Transformer,docs/dream_system/components/DS-24_independent_five_minute_selector/stage_outputs/ds24_p8_r14_e3g_c2_20260824T000000Z/r7_r14_policy_workers/Transformer/metrics_only_v3_r40_transformer/transaction_costs_v3_manifest.json,c9c963ef0450f97e57086d425eb635228a9a2f661d29b8f82a31160fc143a243,2026-09-15T19:15:04.735559+00:00,transaction_costs_v3_manifest.json,False,,,,,,,docs/dream_system/components/DS-24_independent_five_minute_selector/stage_outputs/ds24_p8_r14_e3g_c1_20260823T000000Z/21_sequence_scale_results.csv,REJECTED,Stronger R53A source precedence selected.
Transformer,docs/dream_system/components/DS-24_independent_five_minute_selector/stage_outputs/ds24_p8_r14_e3g_c2_20260824T000000Z/r7_r14_policy_workers/Transformer/metrics_only_v3_r40_transformer/rank_ic_v3_manifest.json,ef3b7489dc05158ebf50ba502215513a037b31cfcadaf68b54880238fe540869,2026-09-15T19:15:04.615221+00:00,rank_ic_v3_manifest.json,False,,,,,,,docs/dream_system/components/DS-24_independent_five_minute_selector/stage_outputs/ds24_p8_r14_e3g_c1_20260823T000000Z/21_sequence_scale_results.csv,REJECTED,Stronger R53A source precedence selected.
iTransformer,docs/dream_system/components/DS-24_independent_five_minute_selector/stage_outputs/ds24_p8_r14_e3g_c1_20260823T000000Z/21_sequence_scale_results.csv,85943af6cf18e03c471ce1e9b8c2a9ef905c22b315ddb6ad7330721e89a51ba5,2026-08-23T21:44:36.483284+00:00,CSV_RESULT_ROW,False,FRONTIER_ACTIVE,,11760,,,UNFINISHED,,SELECTED,
iTransformer,docs/dream_system/components/DS-24_independent_five_minute_selector/stage_outputs/ds24_p8_r14_e3g_c1_20260823T000000Z/31_scale_stability_results.csv,c27931c0584338c1ee8b1a0997735945023986bbd3e95bc21696d6b5c6ff8b3a,2026-08-23T21:44:36.489288+00:00,CSV_RESULT_ROW,False,,,,,,,docs/dream_system/components/DS-24_independent_five_minute_selector/stage_outputs/ds24_p8_r14_e3g_c1_20260823T000000Z/21_sequence_scale_results.csv,REJECTED,Stronger R53A source precedence selected.
iTransformer,docs/dream_system/components/DS-24_independent_five_minute_selector/stage_outputs/ds24_p8_r14_e3f_20260823T000000Z/40_f1_results_v2.csv,feb365eb49e3390b2983cd3449e8f1f06d6f12b94f5257740cf78508bf5fea3f,2026-08-23T20:15:35.148122+00:00,CSV_RESULT_ROW,False,,,1008,,,,docs/dream_system/components/DS-24_independent_five_minute_selector/stage_outputs/ds24_p8_r14_e3g_c1_20260823T000000Z/21_sequence_scale_results.csv,REJECTED,Stronger R53A source precedence selected.
Momentum Transformer,docs/dream_system/components/DS-24_independent_five_minute_selector/stage_outputs/ds24_p8_r14_e3g_c1_20260823T000000Z/21_sequence_scale_results.csv,85943af6cf18e03c471ce1e9b8c2a9ef905c22b315ddb6ad7330721e89a51ba5,2026-08-23T21:44:36.483284+00:00,CSV_RESULT_ROW,False,FRONTIER_ACTIVE,,11760,,,UNFINISHED,,SELECTED,
Momentum Transformer,docs/dream_system/components/DS-24_independent_five_minute_selector/stage_outputs/ds24_p8_r14_e3g_c1_20260823T000000Z/31_scale_stability_results.csv,c27931c0584338c1ee8b1a0997735945023986bbd3e95bc21696d6b5c6ff8b3a,2026-08-23T21:44:36.489288+00:00,CSV_RESULT_ROW,False,,,,,,,docs/dream_system/components/DS-24_independent_five_minute_selector/stage_outputs/ds24_p8_r14_e3g_c1_20260823T000000Z/21_sequence_scale_results.csv,REJECTED,Stronger R53A source precedence selected.
Momentum Transformer,docs/dream_system/components/DS-24_independent_five_minute_selector/stage_outputs/ds24_p8_r14_e3f_20260823T000000Z/40_f1_results_v2.csv,feb365eb49e3390b2983cd3449e8f1f06d6f12b94f5257740cf78508bf5fea3f,2026-08-23T20:15:35.148122+00:00,CSV_RESULT_ROW,False,,,1008,,,,docs/dream_system/components/DS-24_independent_five_minute_selector/stage_outputs/ds24_p8_r14_e3g_c1_20260823T000000Z/21_sequence_scale_results.csv,REJECTED,Stronger R53A source precedence selected.
Market Context Encoder,docs/dream_system/components/DS-24_independent_five_minute_selector/stage_outputs/ds24_p8_r14_e3g_c1_20260823T000000Z/21_sequence_scale_results.csv,85943af6cf18e03c471ce1e9b8c2a9ef905c22b315ddb6ad7330721e89a51ba5,2026-08-23T21:44:36.483284+00:00,CSV_RESULT_ROW,False,FRONTIER_ACTIVE,,11760,,,UNFINISHED,,SELECTED,
Market Context Encoder,docs/dream_system/components/DS-24_independent_five_minute_selector/stage_outputs/ds24_p8_r14_e3g_c1_20260823T000000Z/31_scale_stability_results.csv,c27931c0584338c1ee8b1a0997735945023986bbd3e95bc21696d6b5c6ff8b3a,2026-08-23T21:44:36.489288+00:00,CSV_RESULT_ROW,False,,,,,,,docs/dream_system/components/DS-24_independent_five_minute_selector/stage_outputs/ds24_p8_r14_e3g_c1_20260823T000000Z/21_sequence_scale_results.csv,REJECTED,Stronger R53A source precedence selected.
Market Context Encoder,docs/dream_system/components/DS-24_independent_five_minute_selector/stage_outputs/ds24_p8_r14_e3f_20260823T000000Z/40_f1_results_v2.csv,feb365eb49e3390b2983cd3449e8f1f06d6f12b94f5257740cf78508bf5fea3f,2026-08-23T20:15:35.148122+00:00,CSV_RESULT_ROW,False,,,1008,,,,docs/dream_system/components/DS-24_independent_five_minute_selector/stage_outputs/ds24_p8_r14_e3g_c1_20260823T000000Z/21_sequence_scale_results.csv,REJECTED,Stronger R53A source precedence selected.
Temporal Fusion Transformer,docs/dream_system/components/DS-24_independent_five_minute_selector/stage_outputs/ds24_p8_r14_e3g_c1_20260823T000000Z/21_sequence_scale_results.csv,85943af6cf18e03c471ce1e9b8c2a9ef905c22b315ddb6ad7330721e89a51ba5,2026-08-23T21:44:36.483284+00:00,CSV_RESULT_ROW,False,FRONTIER_ACTIVE,,11760,,,COMPLETED_DIFFERENT_WINDOW,,SELECTED,
Temporal Fusion Transformer,docs/dream_system/components/DS-24_independent_five_minute_selector/stage_outputs/ds24_p8_r14_e3g_c1_20260823T000000Z/31_scale_stability_results.csv,c27931c0584338c1ee8b1a0997735945023986bbd3e95bc21696d6b5c6ff8b3a,2026-08-23T21:44:36.489288+00:00,CSV_RESULT_ROW,False,,,,,,,docs/dream_system/components/DS-24_independent_five_minute_selector/stage_outputs/ds24_p8_r14_e3g_c1_20260823T000000Z/21_sequence_scale_results.csv,REJECTED,Stronger R53A source precedence selected.
Temporal Fusion Transformer,docs/dream_system/components/DS-24_independent_five_minute_selector/stage_outputs/ds24_p8_r14_e3f_20260823T000000Z/40_f1_results_v2.csv,feb365eb49e3390b2983cd3449e8f1f06d6f12b94f5257740cf78508bf5fea3f,2026-08-23T20:15:35.148122+00:00,CSV_RESULT_ROW,False,,,1008,,,,docs/dream_system/components/DS-24_independent_five_minute_selector/stage_outputs/ds24_p8_r14_e3g_c1_20260823T000000Z/21_sequence_scale_results.csv,REJECTED,Stronger R53A source precedence selected.
